DATE	BAMLEMCBPIOAS	DCOILBRENTEU	DCOILWTICO	DFII10	DFII5	DFII7	DGS1	DGS10	DGS1MO	DGS2	DGS3	DGS3MO	DGS5	DGS6MO	DGS7	DTWEXEMEGS	T5YIE
1980-07-01							8.60	10.13		9.01	9.26		9.55		9.80		
1980-07-02							8.56	10.19		9.01	9.18		9.49		9.78		
1980-07-03							8.37	10.01		8.77	8.98		9.36		9.66		
1980-07-04							.	.		.	.		.		.		
1980-07-07							8.62	10.20		8.94	9.15		9.49		9.82		
1980-07-08							8.39	10.09		8.80	9.05		9.37		9.68		
1980-07-09							8.42	10.14		8.83	9.11		9.41		9.72		
1980-07-10							8.58	10.21		8.90	9.21		9.47		9.80		
1980-07-11							8.71	10.28		8.97	9.30		9.56		9.89		
1980-07-14							8.77	10.33		9.16	9.37		9.56		9.89		
1980-07-15							8.66	10.17		8.98	9.22		9.45		9.77		
1980-07-16							8.37	10.07		8.79	9.05		9.34		9.65		
1980-07-17							8.56	10.21		8.89	9.16		9.43		9.76		
1980-07-18							8.51	10.20		8.93	9.16		9.42		9.74		
1980-07-21							8.45	10.13		8.93	9.14		9.38		9.68		
1980-07-22							8.59	10.18		9.02	9.19		9.41		9.73		
1980-07-23							8.50	10.12		8.95	9.17		9.40		9.69		
1980-07-24							8.64	10.24		9.05	9.29		9.51		9.81		
1980-07-25							8.71	10.35		9.15	9.37		9.59		9.91		
1980-07-28							8.93	10.46		9.24	9.52		9.77		10.06		
1980-07-29							8.93	10.45		9.28	9.57		9.77		10.05		
1980-07-30							9.00	10.53		9.33	9.56		9.81		10.13		
1980-07-31							9.36	10.76		9.72	9.95		10.09		10.38		
1980-08-01							9.41	10.76		9.78	9.98		10.16		10.40		
1980-08-04							9.31	10.69		9.66	9.87		10.04		10.31		
1980-08-05							9.32	10.70		9.67	9.89		10.06		10.33		
1980-08-06							9.34	10.80		9.69	9.89		10.19		10.45		
1980-08-07							9.32	10.71		9.67	9.86		10.10		10.37		
1980-08-08							9.45	10.87		9.81	9.99		10.22		10.47		
1980-08-11							9.73	11.03		10.07	10.21		10.47		10.71		
1980-08-12							9.68	10.98		10.03	10.16		10.48		10.69		
1980-08-13							9.68	10.89		10.03	10.13		10.46		10.64		
1980-08-14							9.70	10.90		10.07	10.17		10.48		10.65		
1980-08-15							9.77	10.86		10.12	10.21		10.48		10.63		
1980-08-18							10.52	11.13		10.77	10.83		10.99		11.05		
1980-08-19							10.64	11.24		10.91	10.97		11.11		11.16		
1980-08-20							10.77	11.22		11.11	11.16		11.29		11.24		
1980-08-21							11.15	11.30		11.27	11.24		11.39		11.32		
1980-08-22							10.89	11.13		11.09	11.11		11.26		11.21		
1980-08-25							11.22	11.40		11.34	11.40		11.55		11.49		
1980-08-26							11.18	11.42		11.34	11.38		11.55		11.50		
1980-08-27							11.32	11.67		11.52	11.58		11.76		11.72		
1980-08-28							11.54	11.89		11.77	11.74		11.92		11.91		
1980-08-29							11.15	11.55		11.36	11.48		11.66		11.63		
1980-09-01							.	.		.	.		.		.		
1980-09-02							10.87	11.32		11.05	11.13		11.45		11.41		
1980-09-03							10.60	11.08		10.73	10.77		11.13		11.12		
1980-09-04							10.66	11.16		10.77	10.86		11.15		11.16		
1980-09-05							10.82	11.21		10.89	10.92		11.19		11.22		
1980-09-08							11.03	11.29		11.11	11.08		11.30		11.31		
1980-09-09							10.99	11.19		11.13	11.08		11.27		11.25		
1980-09-10							10.94	11.14		11.03	11.06		11.19		11.18		
1980-09-11							11.25	11.32		11.27	11.27		11.37		11.36		
1980-09-12							11.37	11.37		11.40	11.41		11.41		11.39		
1980-09-15							11.77	11.62		11.79	11.83		11.75		11.69		
1980-09-16							11.67	11.52		11.68	11.69		11.63		11.58		
1980-09-17							11.77	11.57		11.79	11.83		11.73		11.63		
1980-09-18							11.67	11.53		11.84	11.82		11.75		11.64		
1980-09-19							11.36	11.33		11.59	11.53		11.53		11.44		
1980-09-22							12.00	11.69		12.00	11.95		11.92		11.81		
1980-09-23							11.87	11.76		12.00	11.98		11.97		11.86		
1980-09-24							11.82	11.75		11.98	11.98		11.96		11.85		
1980-09-25							12.12	11.91		12.11	12.12		12.04		11.96		
1980-09-26							12.56	11.99		12.40	12.29		12.17		12.06		
1980-09-29							12.52	12.07		12.38	12.32		12.19		12.11		
1980-09-30							12.29	11.86		12.13	12.06		11.88		11.86		
1980-10-01							12.24	11.78		12.02	11.99		11.77		11.77		
1980-10-02							12.40	11.83		12.06	12.00		11.83		11.83		
1980-10-03							11.93	11.40		11.51	11.46		11.35		11.37		
1980-10-06							11.73	11.35		11.41	11.40		11.35		11.35		
1980-10-07							11.79	11.43		11.44	11.45		11.40		11.41		
1980-10-08							12.33	11.51		11.69	11.67		11.55		11.53		
1980-10-09							12.02	11.39		11.60	11.57		11.45		11.42		
1980-10-10							12.09	11.44		11.64	11.62		11.55		11.50		
1980-10-13							.	.		.	.		.		.		
1980-10-14							11.97	11.37		11.67	11.60		11.50		11.43		
1980-10-15							11.76	11.29		11.58	11.51		11.44		11.38		
1980-10-16							11.99	11.47		11.69	11.65		11.55		11.49		
1980-10-17							12.18	11.62		11.91	11.84		11.69		11.65		
1980-10-20							12.31	11.64		12.00	11.87		11.72		11.67		
1980-10-21							12.41	11.70		12.11	11.96		11.81		11.74		
1980-10-22							12.76	11.88		12.31	12.24		12.07		11.92		
1980-10-23							12.66	11.82		12.31	12.20		11.95		11.87		
1980-10-24							12.65	11.74		12.25	12.12		11.89		11.80		
1980-10-27							13.19	12.13		12.73	12.56		12.32		12.21		
1980-10-28							13.44	12.32		12.91	12.77		12.56		12.38		
1980-10-29							13.55	12.48		12.98	12.89		12.75		12.56		
1980-10-30							13.61	12.48		13.04	12.93		12.71		12.53		
1980-10-31							13.78	12.46		13.08	12.97		12.74		12.56		
1980-11-03							14.04	12.46		13.23	13.03		12.74		12.54		
1980-11-04							.	.		.	.		.		.		
1980-11-05							14.09	12.61		13.38	13.34		12.95		12.72		
1980-11-06							14.15	13.04		13.57	13.49		13.19		13.07		
1980-11-07							13.61	12.66		13.36	13.22		12.87		12.72		
1980-11-10							13.83	12.78		13.29	13.23		12.88		12.75		
1980-11-11							.	.		.	.		.		.		
1980-11-12							13.43	12.47		12.86	12.79		12.39		12.30		
1980-11-13							13.41	12.49		12.89	12.80		12.38		12.30		
1980-11-14							13.75	12.79		13.25	13.15		12.70		12.66		
1980-11-17							14.50	12.95		13.71	13.52		12.95		12.95		
1980-11-18							14.05	12.62		13.47	13.25		12.67		12.65		
1980-11-19							13.90	12.51		13.37	13.08		12.60		12.56		
1980-11-20							14.06	12.59		13.53	13.27		12.68		12.64		
1980-11-21							14.51	12.80		13.83	13.54		12.97		12.88		
1980-11-24							14.54	12.76		13.88	13.57		13.00		12.82		
1980-11-25							14.62	12.74		13.99	13.63		13.07		12.85		
1980-11-26							14.94	12.65		14.00	13.59		13.01		12.76		
1980-11-27							.	.		.	.		.		.		
1980-11-28							15.13	12.72		14.13	13.69		13.14		12.86		
1980-12-01							15.36	12.92		14.25	13.81		13.35		13.07		
1980-12-02							15.27	12.95		14.25	13.77		13.37		13.09		
1980-12-03							14.95	12.92		14.04	13.67		13.42		13.10		
1980-12-04							15.04	12.91		14.15	13.73		13.43		13.10		
1980-12-05							15.29	12.85		14.34	13.89		13.45		13.10		
1980-12-08							15.37	12.91		14.45	13.95		13.51		13.16		
1980-12-09							15.45	13.10		14.54	14.04		13.61		13.30		
1980-12-10							15.60	13.15		14.59	14.03		13.63		13.33		
1980-12-11							15.85	13.57		14.97	14.37		14.04		13.74		
1980-12-12							15.35	13.21		14.74	14.09		13.63		13.37		
1980-12-15							15.61	13.25		14.83	14.19		13.75		13.45		
1980-12-16							15.88	13.51		15.12	14.41		14.04		13.75		
1980-12-17							15.70	13.28		14.98	14.31		13.87		13.55		
1980-12-18							15.55	13.22		14.89	14.28		13.79		13.48		
1980-12-19							14.47	12.64		14.05	13.66		13.02		12.77		
1980-12-22							13.83	12.14		13.24	12.89		12.34		12.21		
1980-12-23							13.61	12.35		13.04	12.86		12.50		12.41		
1980-12-24							14.05	12.42		13.37	13.07		12.61		12.48		
1980-12-25							.	.		.	.		.		.		
1980-12-26							13.78	12.25		12.95	12.81		12.53		12.38		
1980-12-29							13.70	12.20		12.87	12.71		12.41		12.31		
1980-12-30							13.81	12.39		12.97	12.83		12.55		12.43		
1980-12-31							13.86	12.43		13.06	12.85		12.59		12.49		
1981-01-01							.	.		.	.		.		.		
1981-01-02							14.06	12.42		13.10	12.83		12.61		12.50		
1981-01-05							13.09	12.15		12.28	12.28		12.29		12.21		
1981-01-06							13.23	12.11		12.42	12.31		12.21		12.14		
1981-01-07							13.88	12.38		12.92	12.78		12.61		12.47		
1981-01-08							13.96	12.35		13.09	12.95		12.68		12.50		
1981-01-09							14.24	12.57		13.53	13.28		12.88		12.69		
1981-01-12							14.06	12.45		13.17	12.94		12.71		12.60		
1981-01-13							14.04	12.53		13.30	12.97		12.68		12.62		
1981-01-14							13.75	12.53		12.95	12.75		12.61		12.58		
1981-01-15							13.86	12.62		13.25	13.02		12.77		12.70		
1981-01-16							13.84	12.53		13.08	12.85		12.66		12.61		
1981-01-19							14.43	12.64		13.62	13.25		12.92		12.79		
1981-01-20							14.20	12.50		13.48	13.10		12.77		12.66		
1981-01-21							14.57	12.77		13.79	13.38		13.08		12.90		
1981-01-22							14.69	12.87		13.83	13.47		13.16		12.96		
1981-01-23							14.69	12.84		13.74	13.42		13.10		12.93		
1981-01-26							14.29	12.70		13.40	13.09		12.89		12.75		
1981-01-27							14.34	12.73		13.40	13.14		12.92		12.82		
1981-01-28							14.34	12.77		13.48	13.19		12.94		12.82		
1981-01-29							14.22	12.80		13.42	13.16		12.89		12.80		
1981-01-30							14.00	12.68		13.26	13.05		12.80		12.73		
1981-02-02							14.28	12.86		13.51	13.29		13.02		12.89		
1981-02-03							14.51	12.98		13.70	13.48		13.20		13.03		
1981-02-04							14.29	12.86		13.63	13.38		13.09		12.93		
1981-02-05							14.35	12.95		13.63	13.35		13.10		13.00		
1981-02-06							14.61	13.09		13.89	13.55		13.23		13.15		
1981-02-09							14.68	13.21		13.97	13.61		13.35		13.23		
1981-02-10							14.81	13.27		14.10	13.78		13.50		13.35		
1981-02-11							15.03	13.42		14.34	13.97		13.66		13.47		
1981-02-12							.	.		.	.		.		.		
1981-02-13							15.17	13.65		14.45	14.09		13.84		13.76		
1981-02-16							.	.		.	.		.		.		
1981-02-17							14.82	13.33		13.97	13.69		13.46		13.40		
1981-02-18							14.70	13.30		13.98	13.66		13.45		13.38		
1981-02-19							14.33	13.09		13.72	13.45		13.25		13.17		
1981-02-20							14.15	12.90		13.55	13.33		13.10		12.99		
1981-02-23							14.47	13.19		13.92	13.64		13.49		13.29		
1981-02-24							14.45	13.21		14.00	13.70		13.51		13.30		
1981-02-25							14.47	13.29		14.00	13.76		13.61		13.41		
1981-02-26							14.52	13.47		14.10	13.97		13.80		13.65		
1981-02-27							14.59	13.43		14.08	13.95		13.76		13.58		
1981-03-02							14.91	13.62		14.40	14.17		13.92		13.76		
1981-03-03							14.69	13.43		14.13	13.96		13.78		13.58		
1981-03-04							14.77	13.45		14.21	13.99		13.82		13.59		
1981-03-05							14.73	13.43		14.17	13.95		13.78		13.56		
1981-03-06							14.33	13.20		13.91	13.68		13.49		13.32		
1981-03-09							14.19	13.09		13.84	13.65		13.39		13.20		
1981-03-10							14.05	13.08		13.74	13.58		13.37		13.17		
1981-03-11							14.07	13.12		13.79	13.62		13.40		13.21		
1981-03-12							13.82	13.03		13.70	13.53		13.33		13.15		
1981-03-13							13.47	12.86		13.45	13.36		13.18		12.96		
1981-03-16							13.28	12.85		13.30	13.27		13.15		12.92		
1981-03-17							13.21	12.68		13.20	13.20		12.97		12.80		
1981-03-18							12.72	12.58		12.75	12.85		12.80		12.69		
1981-03-19							12.79	12.67		12.84	12.98		12.95		12.81		
1981-03-20							12.82	12.77		12.88	12.99		13.01		12.91		
1981-03-23							13.40	13.13		13.36	13.44		13.38		13.24		
1981-03-24							13.45	13.30		13.55	13.57		13.57		13.50		
1981-03-25							13.42	13.21		13.51	13.51		13.51		13.34		
1981-03-26							13.65	13.34		13.62	13.64		13.63		13.50		
1981-03-27							13.61	13.36		13.67	13.67		13.68		13.51		
1981-03-30							13.21	13.22		13.32	13.40		13.48		13.33		
1981-03-31							13.05	13.13		13.17	13.27		13.39		13.30		
1981-04-01							12.99	13.14		13.19	13.29		13.36		13.28		
1981-04-02							13.23	13.25		13.40	13.44		13.46		13.38		
1981-04-03							13.53	13.40		13.57	13.62		13.62		13.50		
1981-04-06							14.19	13.74		14.13	14.10		14.01		13.93		
1981-04-07							13.83	13.41		13.70	13.73		13.74		13.60		
1981-04-08							13.91	13.61		13.89	13.88		13.85		13.74		
1981-04-09							13.98	13.45		13.87	13.84		13.77		13.63		
1981-04-10							13.99	13.59		13.90	13.89		13.84		13.73		
1981-04-13							14.28	13.68		14.05	14.05		14.01		13.88		
1981-04-14							13.99	13.58		13.92	13.92		13.89		13.78		
1981-04-15							14.36	13.74		14.19	14.13		14.05		13.92		
1981-04-16							14.45	13.79		14.23	14.16		14.08		13.98		
1981-04-17							.	.		.	.		.		.		
1981-04-20							14.59	13.69		14.33	14.20		14.10		13.90		
1981-04-21							14.62	13.73		14.34	14.25		14.07		13.90		
1981-04-22							14.63	13.78		14.41	14.31		14.13		13.95		
1981-04-23							14.71	13.80		14.51	14.38		14.18		13.99		
1981-04-24							14.97	13.88		14.66	14.49		14.24		14.08		
1981-04-27							15.09	13.92		14.73	14.55		14.31		14.13		
1981-04-28							15.04	13.93		14.65	14.49		14.28		14.09		
1981-04-29							15.05	14.05		14.67	14.55		14.37		14.19		
1981-04-30							15.33	14.11		14.84	14.68		14.45		14.26		
1981-05-01							15.04	14.05		14.72	14.57		14.37		14.20		
1981-05-04							15.96	14.47		15.37	15.14		14.83		14.59		
1981-05-05							16.55	14.69		15.94	15.69		15.35		14.99		
1981-05-06							16.49	14.56		15.83	15.43		15.02		14.72		
1981-05-07							16.39	14.33		15.69	15.29		14.83		14.51		
1981-05-08							16.39	14.23		15.69	15.21		14.66		14.40		
1981-05-11							16.51	14.34		15.74	15.30		14.87		14.54		
1981-05-12							16.82	14.46		15.93	15.48		15.06		14.67		
1981-05-13							16.76	14.49		15.94	15.52		15.05		14.69		
1981-05-14							16.55	14.24		15.80	15.38		14.84		14.48		
1981-05-15							16.53	14.07		15.55	15.13		14.59		14.21		
1981-05-18							16.01	13.80		15.19	14.71		14.22		13.93		
1981-05-19							16.43	13.95		15.47	15.03		14.59		14.16		
1981-05-20							16.51	14.00		15.63	15.19		14.71		14.25		
1981-05-21							16.86	14.05		15.75	15.33		14.77		14.29		
1981-05-22							16.38	13.82		15.48	14.99		14.39		14.09		
1981-05-25							.	.		.	.		.		.		
1981-05-26							15.81	13.67		15.09	14.63		14.13		13.87		
1981-05-27							15.81	13.71		15.14	14.78		14.24		13.95		
1981-05-28							15.32	13.56		14.79	14.47		13.99		13.77		
1981-05-29							14.81	13.50		14.40	14.31		13.99		13.65		
1981-06-01							15.13	13.46		14.47	14.35		13.99		13.61		
1981-06-02							15.21	13.58		14.66	14.45		14.07		13.75		
1981-06-03							15.17	13.55		14.65	14.38		14.05		13.71		
1981-06-04							15.33	13.51		14.76	14.45		14.10		13.76		
1981-06-05							15.27	13.56		14.73	14.45		14.10		13.78		
1981-06-08							14.68	13.36		14.31	14.11		13.78		13.53		
1981-06-09							14.71	13.37		14.41	14.20		13.87		13.59		
1981-06-10							14.65	13.31		14.31	14.11		13.78		13.51		
1981-06-11							14.85	13.32		14.40	14.16		13.84		13.57		
1981-06-12							14.78	13.35		14.44	14.21		13.87		13.61		
1981-06-15							14.20	13.09		14.03	13.86		13.57		13.33		
1981-06-16							14.34	13.08		14.11	13.88		13.58		13.27		
1981-06-17							14.67	13.23		14.37	14.11		13.71		13.40		
1981-06-18							15.19	13.57		14.66	14.46		14.10		13.75		
1981-06-19							14.97	13.46		14.65	14.44		14.07		13.71		
1981-06-22							14.67	13.44		14.49	14.31		13.96		13.63		
1981-06-23							14.88	13.56		14.59	14.35		14.00		13.62		
1981-06-24							15.04	13.66		14.71	14.46		14.10		13.83		
1981-06-25							14.95	13.70		14.65	14.42		14.08		13.87		
1981-06-26							14.74	13.69		14.59	14.39		14.09		13.84		
1981-06-29							14.60	13.68		14.48	14.33		14.01		13.84		
1981-06-30							14.87	13.86		14.66	14.57		14.25		14.15		
1981-07-01							15.20	14.04		14.94	14.70		14.47		14.24		
1981-07-02							15.10	13.95		14.87	14.70		14.38		14.17		
1981-07-03							.	.		.	.		.		.		
1981-07-06							14.93	13.81		14.68	14.57		14.27		14.05		
1981-07-07							15.31	14.04		14.92	14.73		14.49		14.25		
1981-07-08							15.32	14.11		15.02	14.83		14.57		14.31		
1981-07-09							15.62	14.12		15.14	14.90		14.60		14.35		
1981-07-10							15.18	13.94		14.88	14.75		14.45		14.16		
1981-07-13							15.12	13.99		14.83	14.71		14.41		14.19		
1981-07-14							15.42	14.15		15.07	14.90		14.55		14.30		
1981-07-15							15.35	14.07		15.03	14.85		14.55		14.27		
1981-07-16							15.44	14.11		15.11	14.92		14.59		14.31		
1981-07-17							15.37	14.09		15.07	14.92		14.53		14.29		
1981-07-20							16.47	14.59		15.96	15.75		15.25		14.87		
1981-07-21							16.52	14.61		16.00	15.66		15.23		14.85		
1981-07-22							16.49	14.63		15.95	15.69		15.24		14.81		
1981-07-23							16.27	14.57		15.85	15.59		15.17		14.79		
1981-07-24							16.03	14.41		15.64	15.37		14.96		14.61		
1981-07-27							15.92	14.43		15.57	15.28		14.87		14.61		
1981-07-28							16.23	14.53		15.78	15.57		15.04		14.75		
1981-07-29							16.21	14.61		15.76	15.60		15.21		14.86		
1981-07-30							16.19	14.71		15.88	15.69		15.31		14.93		
1981-07-31							16.12	14.67		15.84	15.63		15.24		14.87		
1981-08-03							16.58	14.95		16.16	16.04		15.62		15.23		
1981-08-04							16.52	14.95		16.16	15.97		15.60		15.25		
1981-08-05							16.51	14.91		16.07	15.83		15.40		15.16		
1981-08-06							16.53	14.86		16.03	15.77		15.31		15.07		
1981-08-07							16.65	14.83		16.05	15.79		15.34		15.05		
1981-08-10							16.34	14.65		15.83	15.55		15.08		14.81		
1981-08-11							16.10	14.40		15.67	15.37		14.87		14.57		
1981-08-12							16.52	14.61		16.02	15.70		15.12		14.82		
1981-08-13							16.59	14.65		16.13	15.83		15.26		14.92		
1981-08-14							16.72	14.74		16.19	15.88		15.34		15.04		
1981-08-17							16.82	14.71		16.22	15.91		15.39		15.00		
1981-08-18							16.80	14.79		16.30	15.99		15.45		15.08		
1981-08-19							16.69	14.77		16.32	15.97		15.48		15.05		
1981-08-20							16.74	14.89		16.25	16.02		15.63		15.20		
1981-08-21							16.67	14.97		16.31	15.99		15.62		15.30		
1981-08-24							17.19	15.32		16.86	16.46		16.00		15.71		
1981-08-25							17.09	15.35		16.67	16.39		16.07		15.69		
1981-08-26							17.10	15.31		16.69	16.39		15.99		15.67		
1981-08-27							17.09	15.36		16.75	16.47		16.15		15.73		
1981-08-28							16.87	15.25		16.57	16.25		16.01		15.65		
1981-08-31							16.97	15.41		16.73	16.33		16.11		15.71		
1981-09-01							17.06	15.41		16.78	16.57	17.01	16.12	17.17	15.71		
1981-09-02							17.16	15.40		16.78	16.43	16.65	16.09	17.32	15.75		
1981-09-03							17.31	15.48		16.90	16.48	16.96	16.14	17.42	15.78		
1981-09-04							17.24	15.51		16.89	16.52	16.64	16.17	17.37	15.86		
1981-09-07							.	.		.	.	.	.	.	.		
1981-09-08							17.29	15.59		16.95	16.56	16.54	16.23	17.43	15.92		
1981-09-09							17.04	15.53		16.95	16.59	16.39	16.22	17.08	15.89		
1981-09-10							16.93	15.30		16.72	16.39	15.90	16.01	16.87	15.67		
1981-09-11							16.46	15.05		16.47	16.15	15.76	15.81	16.33	15.41		
1981-09-14							16.38	15.20		16.43	16.23	15.27	15.93	16.17	15.60		
1981-09-15							16.14	15.08		16.13	15.97	15.16	15.71	15.92	15.41		
1981-09-16							16.13	15.11		16.09	15.99	15.10	15.75	15.90	15.44		
1981-09-17							16.00	14.95		16.01	15.83	15.18	15.55	15.69	15.27		
1981-09-18							16.02	14.91		16.02	15.83	15.07	15.55	15.74	15.24		
1981-09-21							15.73	14.78		15.79	15.57	14.98	15.31	15.54	15.11		
1981-09-22							15.95	15.03		16.04	15.87	15.51	15.61	15.82	15.36		
1981-09-23							16.01	15.23		16.11	16.01	14.94	15.79	15.71	15.57		
1981-09-24							16.10	15.31		16.17	16.08	14.94	15.83	15.80	15.57		
1981-09-25							16.44	15.68		16.53	16.37	15.02	16.13	16.05	15.98		
1981-09-28							16.44	15.65		16.57	16.36	14.82	16.13	15.91	15.97		
1981-09-29							16.51	15.76		16.59	16.46	14.86	16.18	16.05	16.05		
1981-09-30							16.64	15.84		16.69	16.45	15.05	16.27	16.19	16.05		
1981-10-01							16.59	15.75		16.57	16.40	15.33	16.13	16.16	15.97		
1981-10-02							16.40	15.41		16.34	16.11	15.40	15.83	16.14	15.69		
1981-10-05							15.83	15.19		15.87	15.77	14.98	15.55	15.57	15.41		
1981-10-06							15.69	15.14		15.85	15.78	14.61	15.53	15.45	15.40		
1981-10-07							15.62	15.04		15.73	15.62	14.54	15.43	15.33	15.35		
1981-10-08							15.47	15.00		15.79	15.65	14.38	15.41	15.22	15.35		
1981-10-09							15.06	14.73		15.20	15.15	13.96	15.03	14.66	15.02		
1981-10-12							.	.		.	.	.	.	.	.		
1981-10-13							15.08	14.83		15.25	15.14	14.17	15.12	14.77	15.05		
1981-10-14							15.11	14.87		15.35	15.21	13.97	15.13	14.82	15.07		
1981-10-15							15.12	14.88		15.31	15.17	14.00	15.12	14.78	15.05		
1981-10-16							15.26	14.94		15.46	15.30	14.18	15.20	15.00	15.14		
1981-10-19							15.28	14.95		15.48	15.36	14.20	15.29	15.04	15.16		
1981-10-20							15.36	15.09		15.48	15.44	14.13	15.37	15.06	15.27		
1981-10-21							15.44	15.34		15.55	15.57	14.17	15.55	15.20	15.47		
1981-10-22							15.41	15.38		15.56	15.60	13.98	15.57	15.08	15.51		
1981-10-23							15.19	15.30		15.41	15.54	13.87	15.46	14.87	15.42		
1981-10-26							15.38	15.60		15.56	15.68	13.96	15.68	14.96	15.66		
1981-10-27							15.35	15.54		15.56	15.68	14.02	15.62	14.85	15.62		
1981-10-28							15.23	15.44		15.42	15.57	13.93	15.54	14.84	15.54		
1981-10-29							14.83	15.06		15.07	15.11	13.74	15.20	14.49	15.12		
1981-10-30							14.31	14.63		14.59	14.65	13.33	14.78	13.96	14.73		
1981-11-02							14.20	14.57		14.44	14.44	13.34	14.61	13.92	14.66		
1981-11-03							.	.		.	.	.	.	.	.		
1981-11-04							13.84	14.18		14.11	14.13	12.87	14.32	13.50	14.26		
1981-11-05							13.88	14.19		14.20	14.23	12.73	14.43	13.64	14.35		
1981-11-06							13.38	13.94		13.86	13.88	12.21	14.07	13.15	14.10		
1981-11-09							12.75	13.39		13.17	13.25	11.72	13.54	12.53	13.52		
1981-11-10							12.72	13.40		13.22	13.23	11.74	13.63	12.45	13.56		
1981-11-11							.	.		.	.	.	.	.	.		
1981-11-12							12.29	13.19		12.77	12.85	11.07	13.23	12.04	13.22		
1981-11-13							12.26	13.18		12.83	12.93	11.32	13.31	12.13	13.35		
1981-11-16							12.15	13.07		12.69	12.79	11.11	13.21	11.91	13.25		
1981-11-17							12.16	13.18		12.71	12.85	11.08	13.21	11.88	13.25		
1981-11-18							11.73	13.00		12.19	12.65	10.46	13.11	11.42	13.17		
1981-11-19							11.69	13.04		12.22	12.67	10.63	13.04	11.41	13.07		
1981-11-20							11.69	13.14		12.21	12.63	10.51	13.01	11.38	13.11		
1981-11-23							12.01	13.44		12.50	12.97	10.91	13.31	11.74	13.41		
1981-11-24							11.68	13.13		12.15	12.63	10.60	12.75	11.20	13.05		
1981-11-25							11.49	12.98		12.13	12.54	10.56	12.61	11.20	12.73		
1981-11-26							.	.		.	.	.	.	.	.		
1981-11-27							11.61	12.92		12.11	12.55	10.58	12.58	11.26	12.68		
1981-11-30							11.82	13.13		12.36	12.81	10.78	12.79	11.45	12.86		
1981-12-01							12.13	13.37		12.71	13.22	10.81	13.11	11.81	13.17		
1981-12-02							12.36	13.49		12.89	13.25	10.82	13.25	11.88	13.31		
1981-12-03							12.22	13.45		12.88	13.26	10.95	13.21	11.82	13.27		
1981-12-04							11.47	13.15		12.23	12.75	10.29	12.80	11.03	12.89		
1981-12-07							11.89	13.50		12.58	13.19	10.66	13.22	11.46	13.29		
1981-12-08							11.93	13.50		12.65	13.25	10.68	13.23	11.48	13.29		
1981-12-09							12.23	13.64		12.87	13.39	.	13.40	.	13.45		
1981-12-10							12.61	13.80		13.16	13.75	11.13	13.77	12.21	13.78		
1981-12-11							12.94	13.84		13.35	13.70	11.33	13.73	12.43	13.75		
1981-12-14							12.91	13.62		13.39	13.67	11.40	13.55	12.51	13.56		
1981-12-15							12.67	13.55		13.10	13.45	11.35	13.35	12.28	13.39		
1981-12-16							12.67	13.53		13.04	13.44	11.38	13.36	12.24	13.43		
1981-12-17							12.97	13.71		13.37	13.68	11.62	13.55	12.60	13.58		
1981-12-18							12.75	13.51		13.19	13.57	11.33	13.40	12.32	13.41		
1981-12-21							13.25	13.83		13.61	13.95	11.56	13.87	12.75	13.83		
1981-12-22							13.43	14.02		13.77	14.11	11.51	14.03	12.88	14.02		
1981-12-23							13.85	14.14		14.12	14.37	11.94	14.20	13.48	14.14		
1981-12-24							13.69	14.01		13.95	14.17	11.57	14.03	13.01	13.98		
1981-12-25							.	.		.	.	.	.	.	.		
1981-12-28							13.91	14.01		14.02	14.14	11.75	14.01	13.35	14.01		
1981-12-29							13.82	14.12		13.98	14.15	12.22	14.11	13.46	14.09		
1981-12-30							13.65	14.17		13.90	14.07	11.86	14.06	13.29	14.07		
1981-12-31							13.35	13.98		13.63	13.99	11.54	13.97	12.94	13.97		
1982-01-01							.	.		.	.	.	.	.	.		
1982-01-04							13.56	14.19		13.87	14.06	11.87	14.15	13.16	14.16		
1982-01-05							13.83	14.44		14.09	14.34	12.20	14.41	13.41	14.42		
1982-01-06							13.91	14.59		14.19	14.41	12.16	14.60	13.46	14.73		
1982-01-07							13.93	14.63		14.33	14.48	12.17	14.66	13.43	14.81		
1982-01-08							13.75	14.48		14.11	14.33	11.98	14.47	13.35	14.60		
1982-01-11							14.31	14.81		14.55	14.69	12.49	14.83	13.84	14.92		
1982-01-12							14.18	14.62		14.49	14.59	12.52	14.70	13.74	14.75		
1982-01-13							14.51	14.83		14.78	14.77	12.70	14.86	13.97	14.90		
1982-01-14							14.41	14.70		14.71	14.74	13.17	14.69	13.91	14.77		
1982-01-15							14.53	14.82		14.81	14.85	12.74	14.86	14.01	14.87		
1982-01-18							14.53	14.75		14.83	14.89	13.41	14.77	14.09	14.82		
1982-01-19							14.59	14.80		14.79	14.82	13.13	14.79	14.20	14.83		
1982-01-20							14.75	14.81		15.02	15.01	13.51	14.90	14.31	14.86		
1982-01-21							14.80	14.62		14.96	14.86	13.65	14.75	14.42	14.73		
1982-01-22							14.94	14.69		15.06	15.00	13.63	14.85	14.46	14.78		
1982-01-25							14.89	14.62		14.93	14.90	14.06	14.80	14.61	14.73		
1982-01-26							14.53	14.54		14.70	14.71	13.65	14.63	14.24	14.57		
1982-01-27							14.39	14.51		14.57	14.66	13.40	14.62	14.02	14.55		
1982-01-28							13.98	14.29		14.33	14.33	12.84	14.33	13.64	14.32		
1982-01-29							14.04	14.14		14.24	14.26	13.08	14.24	13.76	14.23		
1982-02-01							15.08	14.58		15.04	14.89	14.77	14.79	15.09	14.67		
1982-02-02							14.74	14.47		14.85	14.69	14.49	14.61	14.80	14.52		
1982-02-03							14.83	14.69		14.93	14.85	14.64	14.73	14.99	14.70		
1982-02-04							14.83	14.76		14.96	14.89	14.38	14.82	14.97	14.77		
1982-02-05							14.75	14.65		14.89	14.86	14.63	14.72	14.84	14.65		
1982-02-08							15.09	14.88		15.09	15.11	15.04	14.94	15.20	14.89		
1982-02-09							15.19	14.95		15.15	15.16	14.91	15.02	15.36	14.98		
1982-02-10							15.05	14.81		15.08	15.05	14.88	14.89	15.23	14.85		
1982-02-11							15.12	14.71		15.07	14.89	15.06	14.80	15.28	14.74		
1982-02-12							.	.		.	.	.	.	.	.		
1982-02-15							.	.		.	.	.	.	.	.		
1982-02-16							15.23	14.53		15.04	14.98	15.49	14.68	15.67	14.54		
1982-02-17							15.22	14.50		15.18	15.01	15.31	14.73	15.63	14.52		
1982-02-18							14.79	14.28		14.99	14.81	14.58	14.45	14.95	14.32		
1982-02-19							14.87	14.24		14.94	14.72	14.17	14.44	14.96	14.30		
1982-02-22							14.10	13.87		14.35	14.27	13.13	13.97	14.02	13.89		
1982-02-23							14.04	13.93		14.33	14.25	12.93	14.03	13.84	13.99		
1982-02-24							13.94	13.87		14.24	14.17	12.83	13.98	13.74	13.93		
1982-02-25							14.07	13.91		14.25	14.17	12.79	14.01	13.83	13.95		
1982-02-26							14.27	14.03		14.44	14.44	13.00	14.12	14.11	14.08		
1982-03-01							13.93	13.85		14.25	14.15	12.81	13.97	13.85	13.96		
1982-03-02							13.88	13.74		14.14	14.06	13.22	13.87	13.78	13.88		
1982-03-03							13.75	13.69		14.09	14.01	12.85	13.77	13.67	13.78		
1982-03-04							13.49	13.61		13.90	13.84	12.85	13.61	13.37	13.61		
1982-03-05							13.49	13.59		13.79	13.74	12.86	13.57	13.36	13.60		
1982-03-08							13.36	13.67		13.71	13.70	12.68	13.57	13.18	13.61		
1982-03-09							13.57	13.69		13.93	13.80	12.93	13.72	13.38	13.69		
1982-03-10							13.64	13.73		13.97	13.83	13.00	13.75	13.50	13.74		
1982-03-11							13.99	13.95		14.25	14.17	13.24	14.03	13.86	13.98		
1982-03-12							14.08	13.97		14.35	14.21	13.40	14.04	13.95	14.00		
1982-03-15							14.17	13.96		14.43	14.27	13.47	14.11	14.01	14.05		
1982-03-16							14.01	13.91		14.35	14.18	13.33	14.04	13.88	13.95		
1982-03-17							13.93	13.88		14.15	14.11	13.36	14.00	13.83	13.94		
1982-03-18							14.07	13.87		14.24	14.17	13.45	14.01	13.95	13.92		
1982-03-19							14.20	13.89		14.35	14.24	13.69	14.06	14.10	13.96		
1982-03-22							13.92	13.74		14.09	14.08	13.26	13.91	13.73	13.82		
1982-03-23							13.89	13.72		14.07	14.09	13.11	13.89	13.68	13.81		
1982-03-24							14.02	13.91		14.14	14.18	13.39	14.10	13.83	14.03		
1982-03-25							14.01	13.90		14.24	14.22	13.35	14.09	13.86	14.01		
1982-03-26							14.21	14.01		14.35	14.32	13.69	14.18	14.11	14.11		
1982-03-29							14.47	14.16		14.53	14.57	14.16	14.39	14.42	14.30		
1982-03-30							14.45	14.19		14.63	14.51	14.15	14.41	14.46	14.34		
1982-03-31							14.30	14.18		14.52	14.52	13.99	14.39	14.27	14.37		
1982-04-01							14.21	14.10		14.42	14.37	13.87	14.26	14.17	14.25		
1982-04-02							14.17	14.10		14.44	14.39	13.95	14.26	14.16	14.23		
1982-04-05							14.06	14.16		14.37	14.37	13.76	14.28	13.99	14.27		
1982-04-06							14.25	14.18		14.42	14.38	13.77	14.30	14.19	14.27		
1982-04-07							14.33	14.18		14.54	14.41	13.80	14.30	14.32	14.26		
1982-04-08							14.15	13.98		14.28	14.29	13.74	14.11	14.12	14.05		
1982-04-09							.	.		.	.	.	.	.	.		
1982-04-12							13.94	13.83		14.22	14.16	13.43	14.01	13.90	13.92		
1982-04-13							14.01	13.83		14.17	14.20	13.33	13.99	13.96	13.93		
1982-04-14							14.13	13.95		14.35	14.29	13.44	14.12	14.06	14.05		
1982-04-15							14.21	13.91		14.39	14.29	13.47	14.05	14.14	13.91		
1982-04-16							14.04	13.71		14.24	14.11	13.21	13.83	13.94	13.69		
1982-04-19							13.97	13.66		14.18	14.13	13.04	13.83	13.84	13.73		
1982-04-20							13.92	13.72		14.14	14.13	13.07	13.89	13.77	13.81		
1982-04-21							13.82	13.69		14.04	14.00	12.73	13.81	13.49	13.72		
1982-04-22							13.84	13.71		14.06	14.08	12.99	13.87	13.60	13.80		
1982-04-23							13.77	13.69		14.02	14.09	12.99	13.84	13.50	13.75		
1982-04-26							13.80	13.70		14.02	14.03	13.17	13.81	13.67	13.75		
1982-04-27							13.73	13.70		13.95	14.01	13.04	13.80	13.56	13.74		
1982-04-28							13.78	13.77		13.99	14.02	13.09	13.87	13.64	13.80		
1982-04-29							13.77	13.87		14.02	14.03	13.20	13.95	13.64	13.92		
1982-04-30							13.67	13.87		13.99	14.00	13.15	13.90	13.51	13.88		
1982-05-03							14.03	13.95		14.13	14.15	13.46	14.02	13.93	14.02		
1982-05-04							13.94	13.87		14.17	14.12	13.60	14.02	13.88	13.97		
1982-05-05							13.82	13.80		14.04	14.02	13.39	13.95	13.72	13.90		
1982-05-06							13.48	13.54		13.78	13.76	13.08	13.71	13.41	13.64		
1982-05-07							13.27	13.48		13.67	13.68	13.02	13.64	13.20	13.61		
1982-05-10							13.42	13.49		13.71	13.62	13.21	13.59	13.39	13.59		
1982-05-11							13.38	13.46		13.73	13.65	12.97	13.64	13.23	13.62		
1982-05-12							13.49	13.59		13.80	13.78	13.05	13.75	13.38	13.73		
1982-05-13							13.70	13.62		13.95	13.82	13.09	13.84	13.57	13.79		
1982-05-14							13.46	13.48		13.86	13.76	12.92	13.64	13.30	13.61		
1982-05-17							13.43	13.57		13.85	13.72	13.02	13.71	13.29	13.66		
1982-05-18							13.45	13.60		13.85	13.79	12.88	13.76	13.25	13.73		
1982-05-19							13.33	13.64		13.78	13.82	12.47	13.81	13.11	13.79		
1982-05-20							12.82	13.53		13.48	13.60	12.00	13.64	12.39	13.63		
1982-05-21							12.86	13.52		13.57	13.61	11.99	13.66	12.50	13.63		
1982-05-24							12.99	13.58		13.62	13.68	11.99	13.68	12.61	13.67		
1982-05-25							13.07	13.62		13.68	13.70	12.07	13.73	12.67	13.74		
1982-05-26							13.00	13.68		13.62	13.69	12.04	13.74	12.61	13.80		
1982-05-27							13.00	13.72		13.63	13.73	12.06	13.79	12.63	13.83		
1982-05-28							12.93	13.71		13.62	13.73	11.97	13.76	12.56	13.86		
1982-05-31							.	.		.	.	.	.	.	.		
1982-06-01							13.37	13.93		13.92	14.00	12.55	13.98	12.96	14.07		
1982-06-02							13.43	13.86		13.95	13.99	12.69	13.96	13.05	14.03		
1982-06-03							13.42	13.90		13.90	13.94	12.63	13.94	13.03	14.04		
1982-06-04							13.63	13.98		14.03	14.03	12.78	14.03	13.27	14.12		
1982-06-07							13.51	13.94		13.97	13.99	12.71	14.00	13.13	14.07		
1982-06-08							13.59	13.98		14.04	14.05	12.79	14.04	13.22	14.12		
1982-06-09							13.60	13.99		14.11	14.14	12.62	14.06	13.13	14.14		
1982-06-10							13.63	14.02		14.12	14.15	12.52	14.08	13.21	14.16		
1982-06-11							13.60	13.93		14.08	14.09	12.55	14.00	13.22	14.07		
1982-06-14							13.97	14.21		14.37	14.37	12.88	14.31	13.62	14.36		
1982-06-15							14.03	14.21		14.41	14.40	12.93	14.31	13.69	14.36		
1982-06-16							14.06	14.26		14.45	14.46	13.03	14.39	13.73	14.40		
1982-06-17							14.43	14.48		14.79	14.73	13.15	14.61	14.14	14.62		
1982-06-18							14.62	14.62		14.96	14.87	13.31	14.80	14.37	14.81		
1982-06-21							14.48	14.63		14.92	14.92	13.11	14.85	14.23	14.85		
1982-06-22							14.57	14.66		14.90	14.94	13.37	14.84	14.35	14.87		
1982-06-23							14.64	14.74		14.97	14.97	13.67	14.95	14.42	14.95		
1982-06-24							14.65	14.71		14.95	14.98	13.60	14.94	14.44	14.92		
1982-06-25							14.74	14.76		14.98	14.95	13.87	14.93	14.57	14.93		
1982-06-28							14.62	14.73		14.93	14.95	13.81	14.91	14.46	14.91		
1982-06-29							14.50	14.61		14.83	14.87	13.80	14.80	14.32	14.78		
1982-06-30							14.34	14.44		14.66	14.78	13.36	14.65	14.14	14.66		
1982-07-01							14.24	14.40		14.60	14.68	13.14	14.62	14.00	14.62		
1982-07-02							14.35	14.50		14.71	14.77	13.36	14.69	14.09	14.70		
1982-07-05							.	.		.	.	.	.	.	.		
1982-07-06							14.36	14.48		14.72	14.78	13.18	14.69	14.11	14.69		
1982-07-07							14.31	14.49		14.68	14.74	13.31	14.69	13.96	14.67		
1982-07-08							13.68	14.19		14.26	14.30	12.48	14.33	13.31	14.33		
1982-07-09							13.57	14.03		14.05	14.12	12.29	14.19	13.07	14.17		
1982-07-12							13.39	13.87		13.86	14.00	12.22	14.01	13.01	13.97		
1982-07-13							13.72	14.02		14.13	14.19	12.48	14.19	13.25	14.16		
1982-07-14							13.76	14.10		14.23	14.26	12.53	14.27	13.27	14.24		
1982-07-15							13.48	13.96		14.07	14.14	12.14	14.16	13.02	14.13		
1982-07-16							12.95	13.70		13.71	13.82	11.68	13.86	12.55	13.82		
1982-07-19							12.84	13.68		13.52	13.73	11.52	13.80	12.34	13.80		
1982-07-20							12.42	13.53		13.27	13.50	11.11	13.65	11.98	13.64		
1982-07-21							12.57	13.60		13.13	13.54	11.19	13.70	12.18	13.70		
1982-07-22							12.37	13.51		13.04	13.46	10.83	13.55	11.87	13.59		
1982-07-23							12.32	13.56		13.04	13.44	10.73	13.58	11.79	13.61		
1982-07-26							12.71	13.91		13.33	13.78	10.87	13.92	12.21	13.95		
1982-07-27							12.73	13.86		13.35	13.73	11.12	13.89	12.30	13.95		
1982-07-28							12.88	13.97		13.45	13.86	11.41	14.00	12.36	14.07		
1982-07-29							12.76	13.83		13.42	13.70	10.97	13.89	12.15	13.94		
1982-07-30							12.56	13.68		13.17	13.53	10.57	13.73	11.90	13.75		
1982-08-02							12.04	13.41		12.82	13.22	9.72	13.46	11.40	13.50		
1982-08-03							12.22	13.51		12.90	13.16	10.18	13.52	11.62	13.56		
1982-08-04							12.29	13.68		12.93	13.18	10.12	13.60	11.40	13.68		
1982-08-05							12.40	13.70		13.08	13.23	10.19	13.68	11.58	13.75		
1982-08-06							12.66	13.85		13.24	13.50	10.71	13.86	11.94	13.94		
1982-08-09							12.39	13.70		13.08	13.34	10.25	13.72	11.58	13.79		
1982-08-10							12.46	13.69		13.15	13.36	10.42	13.74	11.65	13.77		
1982-08-11							12.45	13.71		13.15	13.39	10.37	13.74	11.73	13.77		
1982-08-12							12.06	13.55		12.93	13.15	9.74	13.50	11.13	13.63		
1982-08-13							11.78	13.20		12.75	12.95	9.60	13.24	10.82	13.32		
1982-08-16							11.38	13.09		12.36	12.61	8.98	13.00	10.40	13.15		
1982-08-17							10.83	12.65		11.83	12.21	8.33	12.61	9.95	12.72		
1982-08-18							10.73	12.57		11.76	12.02	8.35	12.45	9.86	12.67		
1982-08-19							10.27	12.47		11.61	11.91	7.76	12.42	9.23	12.61		
1982-08-20							9.94	12.24		11.20	11.61	7.31	12.15	8.77	12.23		
1982-08-23							10.40	12.47		11.57	11.90	7.75	12.39	9.23	12.59		
1982-08-24							10.47	12.35		11.50	11.81	7.86	12.29	9.41	12.49		
1982-08-25							10.54	12.43		11.66	11.91	7.67	12.26	9.43	12.55		
1982-08-26							10.56	12.55		11.67	11.96	7.37	12.32	9.45	12.62		
1982-08-27							11.19	12.77		11.93	12.44	8.10	12.65	10.17	12.85		
1982-08-30							11.23	12.81		12.01	12.44	8.44	12.71	10.24	12.96		
1982-08-31							11.13	12.81		11.99	12.36	8.72	12.65	10.21	12.89		
1982-09-01							11.21	12.76		12.00	12.32	8.73	12.58	10.40	12.83		
1982-09-02							11.13	12.60		11.95	12.24	8.66	12.52	10.18	12.69		
1982-09-03							10.88	12.47		11.69	11.91	8.46	12.26	9.98	12.49		
1982-09-06							.	.		.	.	.	.	.	.		
1982-09-07							10.96	12.53		11.80	12.03	8.68	12.36	10.09	12.59		
1982-09-08							11.03	12.51		11.87	12.12	8.60	12.40	10.25	12.58		
1982-09-09							10.96	12.53		11.87	12.15	8.57	12.41	10.02	12.58		
1982-09-10							11.25	12.73		12.06	12.32	8.66	12.56	10.38	12.76		
1982-09-13							11.06	12.63		11.93	12.21	8.41	12.52	10.13	12.68		
1982-09-14							10.93	12.56		11.88	12.12	8.16	12.38	9.98	12.61		
1982-09-15							11.27	12.60		12.16	12.35	8.44	12.56	10.40	12.62		
1982-09-16							11.19	12.60		12.14	12.28	8.31	12.52	10.21	12.61		
1982-09-17							11.03	12.51		11.96	12.19	8.23	12.39	9.88	12.49		
1982-09-20							10.98	12.47		11.98	12.19	8.04	12.43	10.07	12.45		
1982-09-21							10.73	12.18		11.68	11.92	7.88	12.13	9.75	12.14		
1982-09-22							10.52	12.04		11.61	11.90	7.58	12.04	9.50	12.04		
1982-09-23							10.51	11.94		11.50	11.83	7.52	11.92	9.53	11.94		
1982-09-24							10.62	12.09		11.65	11.96	7.85	12.05	9.42	12.09		
1982-09-27							10.64	11.99		11.69	11.87	7.83	11.95	9.36	11.99		
1982-09-28							10.45	11.85		11.42	11.66	7.72	11.78	9.15	11.83		
1982-09-29							10.32	11.80		11.38	11.59	7.84	11.76	9.04	11.79		
1982-09-30							10.26	11.73		11.23	11.52	7.88	11.69	8.68	11.72		
1982-10-01							10.05	11.51		11.13	11.38	7.60	11.50	8.52	11.51		
1982-10-04							10.60	11.72		11.51	11.66	8.21	11.73	9.71	11.73		
1982-10-05							10.53	11.69		11.42	11.62	8.44	11.70	9.45	11.71		
1982-10-06							10.36	11.50		11.21	11.42	8.33	11.52	9.50	11.50		
1982-10-07							9.55	10.91		10.46	10.71	8.04	10.81	8.99	10.87		
1982-10-08							9.20	10.83		10.15	10.54	8.00	10.71	8.77	10.77		
1982-10-11							.	.		.	.	.	.	.	.		
1982-10-12							8.67	10.53		9.69	10.11	7.61	10.40	8.23	10.50		
1982-10-13							8.73	10.39		9.68	10.17	7.67	10.28	8.04	10.36		
1982-10-14							8.87	10.61		9.84	10.30	7.79	10.52	8.14	10.59		
1982-10-15							8.99	10.75		10.00	10.51	7.80	10.64	8.27	10.73		
1982-10-18							8.73	10.58		9.80	10.23	7.66	10.42	8.03	10.54		
1982-10-19							8.80	10.56		9.82	10.18	7.73	10.38	8.12	10.52		
1982-10-20							8.90	10.69		9.72	10.30	7.80	10.52	8.21	10.64		
1982-10-21							8.96	10.69		9.79	10.27	7.81	10.54	8.31	10.66		
1982-10-22							9.08	10.81		9.87	10.44	7.88	10.66	8.52	10.79		
1982-10-25							9.39	11.11		10.09	10.78	8.12	10.97	8.86	11.09		
1982-10-26							9.24	10.87		9.89	10.51	8.24	10.74	8.70	10.82		
1982-10-27							9.29	10.90		9.94	10.54	8.28	10.76	8.84	10.87		
1982-10-28							9.19	10.77		9.89	10.43	8.17	10.61	8.74	10.73		
1982-10-29							9.21	10.71		9.85	10.35	8.17	10.58	8.73	10.68		
1982-11-01							9.03	10.56		9.68	10.20	8.06	10.41	8.69	10.54		
1982-11-02							.	.		.	.	.	.	.	.		
1982-11-03							9.06	10.46		9.65	9.87	8.06	10.30	8.65	10.42		
1982-11-04							8.98	10.42		9.64	9.86	7.99	10.28	8.61	10.42		
1982-11-05							9.03	10.48		9.73	9.91	8.04	10.36	8.63	10.52		
1982-11-08							9.23	10.55		9.81	9.97	8.18	10.46	8.91	10.59		
1982-11-09							9.13	10.51		9.74	9.92	8.28	10.41	8.80	10.50		
1982-11-10							9.12	10.48		9.77	9.93	8.36	10.38	8.81	10.48		
1982-11-11							.	.		.	.	.	.	.	.		
1982-11-12							9.28	10.58		9.87	10.03	8.56	10.50	8.93	10.58		
1982-11-15							9.37	10.65		9.91	10.06	8.80	10.60	9.05	10.66		
1982-11-16							9.28	10.67		9.90	10.10	8.70	10.63	8.96	10.67		
1982-11-17							9.26	10.59		9.90	10.03	8.65	10.55	8.96	10.59		
1982-11-18							9.18	10.46		9.81	9.97	8.55	10.42	8.86	10.45		
1982-11-19							9.05	10.42		9.79	9.88	8.38	10.36	8.65	10.42		
1982-11-22							9.01	10.43		9.73	9.87	8.26	10.25	8.60	10.44		
1982-11-23							9.06	10.53		9.73	9.91	8.22	10.19	8.62	10.47		
1982-11-24							9.12	10.59		9.80	9.94	8.20	10.20	8.71	10.48		
1982-11-25							.	.		.	.	.	.	.	.		
1982-11-26							9.08	10.51		9.76	9.95	8.19	10.19	8.66	10.45		
1982-11-29							9.38	10.78		9.94	10.15	8.54	10.39	9.05	10.66		
1982-11-30							9.38	10.79		9.96	10.08	8.56	10.37	9.04	10.67		
1982-12-01							9.38	10.74		9.96	10.08	8.55	10.34	9.06	10.62		
1982-12-02							9.22	10.68		9.89	10.03	8.32	10.29	8.97	10.57		
1982-12-03							8.93	10.47		9.72	9.84	8.10	10.16	8.62	10.40		
1982-12-06							9.02	10.46		9.73	9.87	8.13	10.17	8.74	10.38		
1982-12-07							8.98	10.48		9.72	9.86	8.19	10.21	8.71	10.43		
1982-12-08							9.12	10.62		9.85	9.99	8.24	10.25	8.80	10.51		
1982-12-09							9.07	10.58		9.83	10.00	8.23	10.30	8.76	10.52		
1982-12-10							9.13	10.66		9.87	10.05	8.31	10.37	8.81	10.58		
1982-12-13							9.03	10.61		9.84	10.00	8.27	10.34	8.71	10.57		
1982-12-14							8.71	10.46		9.54	9.73	7.93	10.13	8.31	10.41		
1982-12-15							8.72	10.50		9.49	9.74	7.88	10.15	8.32	10.45		
1982-12-16							8.79	10.59		9.59	9.83	8.10	10.24	8.43	10.53		
1982-12-17							8.91	10.64		9.66	9.90	8.13	10.28	8.51	10.53		
1982-12-20							8.89	10.70		9.67	9.99	8.14	10.31	8.51	10.69		
1982-12-21							8.75	10.54		9.54	9.87	8.17	10.21	8.42	10.53		
1982-12-22							8.79	10.53		9.55	9.86	8.18	10.22	8.45	10.53		
1982-12-23							8.78	10.47		9.52	9.81	8.18	10.15	8.45	10.45		
1982-12-24							.	.		.	.	.	.	.	.		
1982-12-27							8.70	10.44		9.54	9.79	8.16	10.15	8.45	10.39		
1982-12-28							8.76	10.44		9.52	9.79	8.33	10.15	8.52	10.40		
1982-12-29							8.80	10.47		9.54	9.83	8.43	10.19	8.58	10.45		
1982-12-30							8.79	10.44		9.52	9.81	8.29	10.19	8.53	10.42		
1982-12-31							8.68	10.36		9.48	9.74	8.20	10.09	8.42	10.32		
1983-01-03							8.62	10.32		9.29	9.64	8.17	10.02	8.38	10.25		
1983-01-04							8.70	10.37		9.43	9.68	8.28	10.07	8.48	10.30		
1983-01-05							8.66	10.35		9.39	9.68	8.25	10.06	8.40	10.30		
1983-01-06							8.62	10.39		9.39	9.67	8.20	10.05	8.36	10.34		
1983-01-07							8.51	10.36		9.26	9.58	8.02	9.98	8.19	10.27		
1983-01-10							8.46	10.38		9.24	9.56	7.96	9.96	8.18	10.31		
1983-01-11							8.46	10.34		9.19	9.49	7.94	9.92	8.17	10.26		
1983-01-12							8.46	10.32		9.22	9.48	7.94	9.92	8.15	10.24		
1983-01-13							8.37	10.27		9.11	9.37	7.92	9.81	8.10	10.18		
1983-01-14							8.30	10.28		9.09	9.33	7.79	9.78	7.97	10.13		
1983-01-17							8.42	10.28		9.17	9.37	7.85	9.78	8.11	10.14		
1983-01-18							8.43	10.30		9.14	9.40	7.90	9.79	8.11	10.15		
1983-01-19							8.54	10.41		9.20	9.54	7.94	9.89	8.23	10.29		
1983-01-20							8.63	10.43		9.26	9.57	8.04	9.94	8.27	10.31		
1983-01-21							8.80	10.61		9.46	9.86	8.29	10.18	8.53	10.51		
1983-01-24							8.90	10.70		9.54	9.89	8.37	10.26	8.62	10.61		
1983-01-25							8.80	10.62		9.44	9.87	8.32	10.18	8.47	10.54		
1983-01-26							8.85	10.69		9.52	9.88	8.36	10.23	8.56	10.60		
1983-01-27							8.79	10.67		9.49	9.85	8.30	10.20	8.50	10.57		
1983-01-28							8.83	10.71		9.47	9.86	8.26	10.21	8.54	10.60		
1983-01-31							8.91	10.80		9.58	9.93	8.36	10.31	8.65	10.69		
1983-02-01							8.93	10.78		9.60	9.94	8.45	10.34	8.66	10.69		
1983-02-02							8.98	10.88		9.71	9.97	8.45	10.37	8.70	10.71		
1983-02-03							8.98	10.93		9.71	10.02	8.43	10.39	8.76	10.76		
1983-02-04							9.11	10.99		9.82	10.13	8.52	10.51	8.84	10.86		
1983-02-07							9.10	10.96		9.80	10.09	8.50	10.49	8.83	10.83		
1983-02-08							9.14	10.99		9.83	10.09	8.57	10.50	8.84	10.84		
1983-02-09							9.13	11.00		9.89	10.14	8.55	10.58	8.83	10.89		
1983-02-10							8.98	10.83		9.74	10.00	8.45	10.38	8.69	10.69		
1983-02-11							8.97	10.80		9.70	9.97	8.42	10.31	8.67	10.64		
1983-02-14							9.07	10.80		9.78	10.03	8.53	10.37	8.82	10.63		
1983-02-15							9.08	10.84		9.77	10.03	8.60	10.37	8.81	10.69		
1983-02-16							8.96	10.81		9.69	9.97	8.48	10.29	8.69	10.64		
1983-02-17							8.97	10.71		9.65	9.90	8.38	10.24	8.69	10.54		
1983-02-18							8.83	10.60		9.56	9.83	8.26	10.13	8.57	10.45		
1983-02-21							.	.		.	.	.	.	.	.		
1983-02-22							8.75	10.46		9.41	9.70	8.17	10.01	8.51	10.30		
1983-02-23							8.73	10.44		9.44	9.73	8.24	10.00	8.46	10.21		
1983-02-24							8.66	10.42		9.40	9.67	8.20	9.96	8.40	10.16		
1983-02-25							8.55	10.26		9.28	9.53	8.08	9.82	8.29	10.01		
1983-02-28							8.61	10.27		9.31	9.55	8.21	9.83	8.38	10.01		
1983-03-01							8.58	10.22		9.26	9.42	8.26	9.74	8.40	9.93		
1983-03-02							8.59	10.26		9.30	9.49	8.30	9.76	8.45	9.99		
1983-03-03							8.56	10.23		9.24	9.47	8.25	9.72	8.40	9.93		
1983-03-04							8.63	10.27		9.25	9.49	8.29	9.75	8.45	9.99		
1983-03-07							8.81	10.43		9.46	9.67	8.48	9.92	8.64	10.14		
1983-03-08							8.94	10.52		9.62	9.77	8.61	10.01	8.75	10.23		
1983-03-09							8.93	10.48		9.62	9.76	8.57	10.02	8.73	10.21		
1983-03-10							9.00	10.55		9.67	9.84	8.55	10.08	8.76	10.30		
1983-03-11							8.98	10.59		9.66	9.85	8.56	10.12	8.75	10.34		
1983-03-14							8.93	10.48		9.58	9.75	8.51	10.02	8.72	10.23		
1983-03-15							8.93	10.46		9.57	9.75	8.55	9.99	8.74	10.19		
1983-03-16							9.01	10.53		9.65	9.83	8.61	10.09	8.81	10.31		
1983-03-17							9.13	10.56		9.71	9.85	8.63	10.14	8.93	10.37		
1983-03-18							9.24	10.58		9.78	9.95	8.74	10.15	9.01	10.39		
1983-03-21							9.27	10.60		9.79	9.99	8.80	10.20	9.05	10.46		
1983-03-22							9.31	10.62		9.84	10.08	8.93	10.29	9.12	10.53		
1983-03-23							9.20	10.58		9.81	10.01	8.78	10.23	9.00	10.52		
1983-03-24							9.23	10.58		9.82	10.00	8.83	10.24	9.05	10.49		
1983-03-25							9.39	10.64		9.91	10.09	9.00	10.32	9.21	10.57		
1983-03-28							9.39	10.66		9.92	10.10	9.01	10.33	9.22	10.58		
1983-03-29							9.29	10.60		9.88	10.05	8.97	10.28	9.16	10.53		
1983-03-30							9.32	10.59		9.88	10.04	8.98	10.25	9.20	10.48		
1983-03-31							9.34	10.62		9.87	10.04	8.96	10.27	9.20	10.52		
1983-04-01							.	.		.	.	.	.	.	.		
1983-04-04							9.35	10.60		9.87	10.04	8.97	10.25	9.23	10.49		
1983-04-05							9.18	10.49		9.72	9.87	8.80	10.11	9.04	10.38		
1983-04-06							9.12	10.49		9.69	9.87	8.72	10.11	8.94	10.37		
1983-04-07							9.12	10.51		9.67	9.83	8.68	10.09	8.93	10.38		
1983-04-08							9.10	10.51		9.67	9.87	8.63	10.11	8.89	10.38		
1983-04-11							8.92	10.41		9.53	9.70	8.45	9.99	8.73	10.29		
1983-04-12							8.96	10.42		9.58	9.76	8.49	10.01	8.77	10.31		
1983-04-13							8.95	10.39		9.57	9.74	8.48	10.01	8.71	10.29		
1983-04-14							8.92	10.29		9.49	9.64	8.42	9.93	8.67	10.17		
1983-04-15							8.94	10.33		9.53	9.71	8.43	9.98	8.71	10.22		
1983-04-18							8.89	10.29		9.49	9.67	8.36	9.95	8.68	10.18		
1983-04-19							8.99	10.39		9.58	9.80	8.47	10.04	8.77	10.30		
1983-04-20							8.98	10.39		9.58	9.78	8.40	10.01	8.78	10.31		
1983-04-21							9.05	10.43		9.61	9.80	8.44	10.07	8.81	10.32		
1983-04-22							8.97	10.42		9.58	9.80	8.44	10.03	8.75	10.30		
1983-04-25							8.92	10.40		9.52	9.77	8.44	10.01	8.70	10.29		
1983-04-26							8.89	10.37		9.49	9.74	8.45	10.02	8.70	10.24		
1983-04-27							8.79	10.29		9.42	9.67	8.41	9.92	8.60	10.17		
1983-04-28							8.79	10.31		9.42	9.63	8.41	9.91	8.61	10.17		
1983-04-29							8.75	10.27		9.35	9.58	8.38	9.88	8.55	10.15		
1983-05-02							8.69	10.26		9.29	9.54	8.33	9.82	8.53	10.10		
1983-05-03							8.67	10.26		9.27	9.46	8.33	9.81	8.50	10.11		
1983-05-04							8.62	10.12		9.19	9.38	8.30	9.73	8.44	10.02		
1983-05-05							8.65	10.16		9.25	9.39	8.34	9.76	8.50	10.09		
1983-05-06							8.58	10.13		9.17	9.36	8.26	9.74	8.40	10.04		
1983-05-09							8.75	10.25		9.33	9.49	8.43	9.86	8.61	10.17		
1983-05-10							8.64	10.16		9.24	9.40	8.30	9.81	8.46	10.09		
1983-05-11							8.62	10.18		9.22	9.40	8.25	9.82	8.44	10.10		
1983-05-12							8.79	10.23		9.29	9.49	8.35	9.87	8.57	10.13		
1983-05-13							8.68	10.22		9.27	9.45	8.30	9.86	8.49	10.13		
1983-05-16							8.86	10.37		9.47	9.62	8.45	10.02	8.65	10.33		
1983-05-17							8.90	10.41		9.48	9.64	8.44	10.03	8.66	10.33		
1983-05-18							8.88	10.43		9.49	9.66	8.42	10.06	8.63	10.34		
1983-05-19							8.98	10.49		9.61	9.74	8.46	10.17	8.74	10.42		
1983-05-20							9.04	10.54		9.64	9.80	8.48	10.20	8.77	10.46		
1983-05-23							9.16	10.57		9.74	9.91	8.73	10.27	8.92	10.52		
1983-05-24							9.19	10.56		9.75	9.91	8.80	10.30	8.99	10.51		
1983-05-25							9.21	10.58		9.76	9.91	8.82	10.29	9.00	10.53		
1983-05-26							9.31	10.63		9.89	10.03	8.85	10.38	9.10	10.61		
1983-05-27							9.29	10.62		9.90	10.01	8.80	10.37	9.05	10.58		
1983-05-30							.	.		.	.	.	.	.	.		
1983-05-31							9.48	10.81		10.02	10.21	8.97	10.55	9.26	10.77		
1983-06-01							9.39	10.77		9.97	10.14	8.92	10.48	9.17	10.74		
1983-06-02							9.36	10.78		9.96	10.12	8.84	10.46	9.14	10.74		
1983-06-03							9.48	10.79		10.01	10.20	8.87	10.53	9.26	10.78		
1983-06-06							9.53	10.79		10.09	10.21	8.96	10.54	9.33	10.78		
1983-06-07							9.66	10.85		10.18	10.31	9.17	10.61	9.48	10.85		
1983-06-08							9.73	10.92		10.20	10.35	9.18	10.64	9.52	10.91		
1983-06-09							9.58	10.88		10.12	10.26	9.08	10.63	9.40	10.84		
1983-06-10							9.68	10.89		10.20	10.31	9.11	10.64	9.47	10.87		
1983-06-13							9.52	10.75		10.11	10.21	9.03	10.50	9.36	10.77		
1983-06-14							9.58	10.77		10.09	10.23	9.06	10.53	9.38	10.75		
1983-06-15							9.55	10.72		10.06	10.19	9.06	10.48	9.36	10.71		
1983-06-16							9.51	10.64		10.05	10.17	8.99	10.46	9.31	10.63		
1983-06-17							9.56	10.68		10.07	10.21	9.01	10.47	9.34	10.66		
1983-06-20							9.83	10.80		10.26	10.39	9.32	10.62	9.62	10.77		
1983-06-21							9.78	10.79		10.27	10.41	9.32	10.64	9.56	10.75		
1983-06-22							9.79	10.83		10.31	10.42	9.35	10.71	9.58	10.81		
1983-06-23							9.80	10.90		10.33	10.46	9.31	10.76	9.55	10.87		
1983-06-24							9.92	11.02		10.43	10.57	9.42	10.83	9.68	11.00		
1983-06-27							9.91	11.11		10.44	10.57	9.38	10.92	9.69	11.07		
1983-06-28							9.84	11.04		10.35	10.48	9.34	10.85	9.61	10.99		
1983-06-29							9.76	10.99		10.27	10.46	9.20	10.76	9.54	10.94		
1983-06-30							9.70	10.96		10.23	10.41	9.15	10.76	9.43	10.92		
1983-07-01							9.67	10.93		10.17	10.41	9.05	10.72	9.41	10.89		
1983-07-04							.	.		.	.	.	.	.	.		
1983-07-05							10.01	11.21		10.52	10.74	9.36	11.03	9.79	11.21		
1983-07-06							9.98	11.16		10.49	10.72	9.38	10.98	9.72	11.16		
1983-07-07							10.20	11.29		10.59	10.74	9.49	11.12	9.89	11.29		
1983-07-08							10.29	11.33		10.69	10.86	9.48	11.16	9.98	11.31		
1983-07-11							10.16	11.28		10.56	10.80	9.42	11.09	9.83	11.25		
1983-07-12							10.29	11.42		10.74	10.93	9.52	11.24	9.98	11.41		
1983-07-13							10.28	11.40		10.71	10.91	9.47	11.21	9.91	11.37		
1983-07-14							10.26	11.38		10.72	10.89	9.46	11.21	9.86	11.34		
1983-07-15							10.37	11.51		10.82	11.06	9.59	11.36	9.99	11.47		
1983-07-18							10.27	11.41		10.76	11.00	9.47	11.30	9.91	11.38		
1983-07-19							10.22	11.36		10.69	10.93	9.51	11.23	9.88	11.34		
1983-07-20							10.12	11.28		10.64	10.87	9.44	11.14	9.80	11.25		
1983-07-21							10.10	11.32		10.66	10.89	9.44	11.16	9.76	11.29		
1983-07-22							10.19	11.43		10.77	10.96	9.45	11.26	9.77	11.36		
1983-07-25							10.20	11.41		10.74	10.95	9.43	11.26	9.80	11.39		
1983-07-26							10.24	11.49		10.77	10.98	9.47	11.33	9.92	11.46		
1983-07-27							10.22	11.51		10.77	11.02	9.43	11.32	9.86	11.46		
1983-07-28							10.39	11.66		10.86	11.11	9.54	11.47	9.97	11.60		
1983-07-29							10.48	11.76		11.03	11.22	9.59	11.59	9.99	11.74		
1983-08-01							10.53	11.80		11.09	11.24	9.63	11.63	10.17	11.80		
1983-08-02							10.65	11.82		11.14	11.35	9.89	11.68	10.30	11.78		
1983-08-03							10.57	11.92		11.13	11.34	9.78	11.68	10.12	11.83		
1983-08-04							10.70	12.12		11.27	11.48	9.86	11.84	10.29	12.00		
1983-08-05							10.68	12.10		11.27	11.51	9.83	11.85	10.25	12.00		
1983-08-08							10.78	12.20		11.37	11.63	9.89	11.95	10.29	12.14		
1983-08-09							10.72	12.13		11.33	11.57	9.94	11.88	10.34	12.09		
1983-08-10							10.81	12.17		11.41	11.66	9.97	11.94	10.40	12.13		
1983-08-11							10.78	12.04		11.32	11.54	9.98	11.87	10.35	12.01		
1983-08-12							10.77	11.96		11.27	11.49	9.90	11.82	10.34	11.93		
1983-08-15							10.58	11.76		11.08	11.29	9.83	11.58	10.21	11.69		
1983-08-16							10.44	11.71		10.97	11.21	9.83	11.52	10.12	11.62		
1983-08-17							10.37	11.65		10.86	11.08	9.73	11.41	10.02	11.55		
1983-08-18							10.36	11.70		10.85	11.10	9.68	11.44	10.04	11.58		
1983-08-19							10.40	11.72		10.90	11.17	9.70	11.50	10.09	11.62		
1983-08-22							10.21	11.54		10.75	10.96	9.54	11.30	9.93	11.41		
1983-08-23							10.28	11.57		10.79	11.02	9.56	11.37	9.96	11.46		
1983-08-24							10.19	11.54		10.76	10.98	9.49	11.30	9.82	11.44		
1983-08-25							10.29	11.62		10.83	11.06	9.48	11.35	9.97	11.49		
1983-08-26							10.37	11.65		10.88	11.14	9.54	11.40	10.00	11.57		
1983-08-29							10.54	11.86		11.09	11.33	9.62	11.63	10.16	11.77		
1983-08-30							10.55	11.90		11.08	11.35	9.69	11.67	10.21	11.83		
1983-08-31							10.59	11.98		11.18	11.45	9.64	11.79	10.19	11.94		
1983-09-01							10.57	11.97		11.16	11.43	9.58	11.76	10.02	11.91		
1983-09-02							10.62	12.01		11.18	11.48	9.63	11.81	10.14	11.97		
1983-09-05							.	.		.	.	.	.	.	.		
1983-09-06							10.46	11.85		11.03	11.31	9.59	11.63	10.09	11.79		
1983-09-07							10.33	11.70		10.88	11.19	9.49	11.52	9.91	11.68		
1983-09-08							10.37	11.77		10.95	11.21	9.48	11.57	9.95	11.73		
1983-09-09							10.36	11.73		10.93	11.21	9.54	11.53	9.97	11.71		
1983-09-12							10.12	11.56		10.71	11.01	9.39	11.35	9.73	11.49		
1983-09-13							10.16	11.63		10.77	11.08	9.46	11.38	9.79	11.57		
1983-09-14							10.28	11.76		10.88	11.21	9.47	11.51	9.87	11.70		
1983-09-15							10.31	11.82		10.95	11.27	9.46	11.61	9.88	11.78		
1983-09-16							10.19	11.68		10.83	11.11	9.43	11.43	9.75	11.64		
1983-09-19							10.06	11.66		10.72	11.07	9.34	11.42	9.69	11.57		
1983-09-20							9.99	11.57		10.70	10.98	9.32	11.33	9.60	11.51		
1983-09-21							10.05	11.64		10.73	11.04	9.33	11.40	9.64	11.61		
1983-09-22							10.05	11.60		10.74	10.98	9.33	11.40	9.58	11.56		
1983-09-23							9.92	11.49		10.61	10.89	9.22	11.29	9.48	11.46		
1983-09-26							9.78	11.41		10.49	10.77	9.05	11.18	9.35	11.39		
1983-09-27							9.85	11.45		10.57	10.83	9.08	11.21	9.44	11.42		
1983-09-28							9.93	11.49		10.59	10.84	9.12	11.24	9.51	11.46		
1983-09-29							9.99	11.50		10.64	10.87	9.24	11.26	9.59	11.46		
1983-09-30							9.89	11.44		10.53	10.79	9.04	11.20	9.41	11.39		
1983-10-03							9.90	11.47		10.55	10.84	9.13	11.22	9.47	11.42		
1983-10-04							9.83	11.46		10.56	10.82	9.00	11.22	9.42	11.42		
1983-10-05							9.71	11.35		10.45	10.69	9.01	11.11	9.37	11.27		
1983-10-06							9.71	11.31		10.42	10.67	8.97	11.10	9.35	11.27		
1983-10-07							9.72	11.33		10.45	10.67	8.94	11.12	9.37	11.30		
1983-10-10							.	.		.	.	.	.	.	.		
1983-10-11							9.93	11.57		10.68	10.94	9.16	11.36	9.51	11.52		
1983-10-12							9.92	11.59		10.65	10.94	9.14	11.35	9.54	11.54		
1983-10-13							9.94	11.65		10.71	11.01	9.16	11.40	9.54	11.60		
1983-10-14							9.89	11.58		10.65	10.91	9.12	11.31	9.49	11.52		
1983-10-17							9.69	11.47		10.49	10.78	8.88	11.21	9.29	11.39		
1983-10-18							9.71	11.49		10.48	10.77	8.85	11.20	9.26	11.42		
1983-10-19							9.68	11.49		10.55	10.81	8.84	11.20	9.23	11.42		
1983-10-20							9.71	11.47		10.54	10.82	8.88	11.22	9.25	11.42		
1983-10-21							9.66	11.43		10.48	10.78	8.87	11.18	9.22	11.37		
1983-10-24							9.89	11.66		10.68	11.02	9.03	11.39	9.48	11.58		
1983-10-25							9.87	11.70		10.63	11.00	9.00	11.40	9.47	11.59		
1983-10-26							9.86	11.72		10.63	10.99	9.00	11.40	9.45	11.60		
1983-10-27							9.81	11.66		10.60	10.96	8.99	11.39	9.39	11.55		
1983-10-28							9.85	11.68		10.61	10.94	8.96	11.39	9.38	11.57		
1983-10-31							9.82	11.74		10.61	10.98	8.83	11.39	9.30	11.62		
1983-11-01							9.90	11.69		10.64	10.97	8.80	11.38	9.29	11.56		
1983-11-02							9.87	11.70		10.62	10.96	8.82	11.39	9.22	11.60		
1983-11-03							9.94	11.75		10.63	11.02	8.97	11.41	9.34	11.66		
1983-11-04							10.07	11.85		10.76	11.12	9.14	11.53	9.53	11.75		
1983-11-07							10.03	11.85		10.79	11.11	9.14	11.56	9.47	11.75		
1983-11-08							.	.		.	.	.	.	.	.		
1983-11-09							9.96	11.84		10.74	11.06	9.13	11.54	9.54	11.74		
1983-11-10							9.87	11.71		10.63	10.94	9.09	11.40	9.46	11.61		
1983-11-11							.	.		.	.	.	.	.	.		
1983-11-14							9.85	11.68		10.60	10.90	9.12	11.38	9.44	11.59		
1983-11-15							9.90	11.70		10.66	10.96	9.13	11.40	9.48	11.60		
1983-11-16							9.92	11.70		10.66	10.96	9.14	11.40	9.50	11.61		
1983-11-17							9.97	11.72		10.68	10.99	9.20	11.44	9.56	11.64		
1983-11-18							9.97	11.72		10.68	10.97	9.20	11.46	9.61	11.65		
1983-11-21							9.90	11.65		10.65	10.91	9.12	11.38	9.48	11.59		
1983-11-22							9.85	11.57		10.60	10.85	9.12	11.34	9.47	11.49		
1983-11-23							9.93	11.59		10.64	10.90	9.16	11.37	9.46	11.53		
1983-11-24							.	.		.	.	.	.	.	.		
1983-11-25							9.91	11.55		10.63	10.87	9.12	11.31	9.49	11.48		
1983-11-28							10.02	11.63		10.69	10.96	9.25	11.41	9.62	11.56		
1983-11-29							9.97	11.58		10.65	10.92	9.22	11.31	9.58	11.52		
1983-11-30							9.98	11.63		10.67	10.96	9.24	11.36	9.61	11.57		
1983-12-01							9.99	11.63		10.66	10.97	9.27	11.37	9.65	11.58		
1983-12-02							10.08	11.75		10.77	11.07	9.28	11.47	9.66	11.71		
1983-12-05							10.08	11.78		10.80	11.09	9.29	11.50	9.76	11.72		
1983-12-06							10.04	11.76		10.74	11.05	9.30	11.46	9.69	11.71		
1983-12-07							10.08	11.79		10.75	11.07	9.31	11.49	9.71	11.73		
1983-12-08							10.16	11.89		10.83	11.14	9.38	11.57	9.79	11.81		
1983-12-09							10.13	11.90		10.85	11.14	9.34	11.58	9.77	11.83		
1983-12-12							10.06	11.87		10.82	11.13	9.31	11.54	9.71	11.81		
1983-12-13							10.18	11.95		10.93	11.23	9.46	11.65	9.89	11.90		
1983-12-14							10.17	11.97		10.92	11.24	9.48	11.68	9.87	11.91		
1983-12-15							10.18	11.96		10.93	11.27	9.53	11.66	9.88	11.91		
1983-12-16							10.14	11.88		10.87	11.16	9.47	11.59	9.81	11.85		
1983-12-19							10.13	11.87		10.87	11.18	9.45	11.59	9.82	11.84		
1983-12-20							10.16	11.86		10.87	11.14	9.41	11.56	9.81	11.80		
1983-12-21							10.11	11.83		10.88	11.14	9.36	11.54	9.79	11.79		
1983-12-22							10.10	11.77		10.83	11.09	9.25	11.51	9.73	11.71		
1983-12-23							10.14	11.79		10.86	11.12	9.32	11.53	9.76	11.73		
1983-12-26							.	.		.	.	.	.	.	.		
1983-12-27							10.08	11.75		10.85	11.07	9.29	11.50	9.72	11.70		
1983-12-28							10.11	11.81		10.85	11.12	9.34	11.56	9.75	11.76		
1983-12-29							10.09	11.79		10.84	11.09	9.34	11.52	9.72	11.74		
1983-12-30							10.08	11.82		10.85	11.13	9.33	11.57	9.73	11.77		
1984-01-02							.	.		.	.	.	.	.	.		
1984-01-03							10.11	11.86		10.87	11.10	9.35	11.59	9.75	11.79		
1984-01-04							10.03	11.78		10.77	11.05	9.34	11.50	9.72	11.70		
1984-01-05							9.99	11.77		10.75	11.00	9.29	11.47	9.69	11.69		
1984-01-06							9.93	11.73		10.68	10.99	9.22	11.43	9.60	11.64		
1984-01-09							9.98	11.75		10.73	11.02	9.25	11.47	9.66	11.69		
1984-01-10							9.92	11.71		10.66	10.98	9.27	11.44	9.57	11.63		
1984-01-11							9.99	11.76		10.72	11.03	9.30	11.46	9.66	11.68		
1984-01-12							9.98	11.76		10.71	11.03	9.29	11.48	9.63	11.69		
1984-01-13							9.66	11.59		10.50	10.82	9.08	11.26	9.32	11.48		
1984-01-16							9.76	11.54		10.52	10.79	9.11	11.25	9.46	11.44		
1984-01-17							9.85	11.57		10.55	10.85	9.24	11.28	9.53	11.49		
1984-01-18							9.97	11.61		10.58	10.86	9.27	11.30	9.55	11.52		
1984-01-19							9.88	11.60		10.57	10.87	9.25	11.29	9.48	11.50		
1984-01-20							9.86	11.64		10.60	10.91	9.32	11.32	9.53	11.53		
1984-01-23							9.87	11.63		10.61	10.88	9.30	11.31	9.54	11.52		
1984-01-24							9.88	11.63		10.63	10.90	9.29	11.31	9.53	11.53		
1984-01-25							9.87	11.64		10.65	10.91	9.30	11.31	9.57	11.53		
1984-01-26							9.87	11.63		10.62	10.90	9.29	11.31	9.47	11.52		
1984-01-27							9.85	11.63		10.62	10.88	9.28	11.31	9.56	11.52		
1984-01-30							9.83	11.66		10.57	10.88	9.24	11.31	9.50	11.53		
1984-01-31							9.85	11.67		10.58	10.89	9.26	11.34	9.53	11.56		
1984-02-01							9.80	11.64		10.56	10.87	9.25	11.31	9.53	11.53		
1984-02-02							9.78	11.60		10.54	10.84	9.27	11.28	9.53	11.49		
1984-02-03							9.80	11.60		10.53	10.85	9.32	11.31	9.54	11.52		
1984-02-06							9.97	11.70		10.67	10.96	9.50	11.40	9.74	11.60		
1984-02-07							9.95	11.71		10.66	10.93	9.43	11.40	9.71	11.61		
1984-02-08							9.94	11.72		10.65	10.95	9.47	11.41	9.68	11.63		
1984-02-09							9.90	11.73		10.66	10.96	9.40	11.43	9.68	11.64		
1984-02-10							9.95	11.83		10.73	10.99	9.43	11.52	9.70	11.75		
1984-02-13							.	.		.	.	.	.	.	.		
1984-02-14							10.02	11.85		10.78	11.03	9.43	11.54	9.79	11.77		
1984-02-15							9.96	11.81		10.73	10.98	9.44	11.50	9.76	11.72		
1984-02-16							10.01	11.83		10.75	11.02	9.44	11.51	9.76	11.71		
1984-02-17							10.20	11.92		10.87	11.11	9.53	11.63	9.90	11.81		
1984-02-20							.	.		.	.	.	.	.	.		
1984-02-21							10.18	11.91		10.85	11.12	9.50	11.62	9.87	11.81		
1984-02-22							10.17	11.93		10.92	11.13	9.51	11.61	9.88	11.81		
1984-02-23							10.29	12.05		11.03	11.26	9.64	11.76	10.02	11.94		
1984-02-24							10.18	11.99		10.94	11.17	9.54	11.69	9.87	11.90		
1984-02-27							10.26	12.05		11.02	11.27	9.55	11.77	9.93	11.97		
1984-02-28							10.25	12.09		11.04	11.28	9.59	11.80	9.94	12.00		
1984-02-29							10.21	12.04		10.99	11.22	9.49	11.74	9.89	11.97		
1984-03-01							10.28	12.07		11.05	11.27	9.54	11.77	9.92	11.99		
1984-03-02							10.18	11.99		10.92	11.18	9.50	11.68	9.84	11.91		
1984-03-05							10.24	12.07		11.01	11.27	9.54	11.76	9.95	11.98		
1984-03-06							10.26	12.09		11.01	11.29	9.59	11.77	9.95	12.02		
1984-03-07							10.32	12.22		11.08	11.39	9.67	11.87	10.00	12.12		
1984-03-08							10.38	12.24		11.15	11.45	9.70	11.90	10.03	12.15		
1984-03-09							10.46	12.28		11.19	11.52	9.77	11.95	10.16	12.20		
1984-03-12							10.43	12.24		11.18	11.47	9.69	11.94	10.11	12.15		
1984-03-13							10.47	12.27		11.22	11.49	9.74	11.97	10.18	12.21		
1984-03-14							10.56	12.31		11.26	11.57	9.83	12.00	10.23	12.26		
1984-03-15							10.53	12.31		11.28	11.55	9.86	11.99	10.21	12.23		
1984-03-16							10.65	12.34		11.27	11.58	9.87	12.01	10.30	12.25		
1984-03-19							10.73	12.45		11.39	11.69	10.00	12.11	10.40	12.37		
1984-03-20							10.81	12.44		11.45	11.73	10.20	12.13	10.52	12.38		
1984-03-21							10.85	12.45		11.57	11.77	10.20	12.17	10.54	12.38		
1984-03-22							10.93	12.49		11.59	11.83	10.18	12.22	10.61	12.43		
1984-03-23							10.91	12.48		11.59	11.83	10.15	12.23	10.58	12.43		
1984-03-26							10.87	12.46		11.56	11.84	10.11	12.20	10.54	12.38		
1984-03-27							10.83	12.46		11.58	11.83	10.17	12.21	10.55	12.40		
1984-03-28							10.75	12.42		11.48	11.75	10.10	12.15	10.43	12.38		
1984-03-29							10.72	12.41		11.49	11.74	10.07	12.16	10.42	12.36		
1984-03-30							10.80	12.53		11.60	11.86	10.09	12.28	10.49	12.45		
1984-04-02							10.84	12.56		11.61	11.87	10.05	12.29	10.48	12.50		
1984-04-03							10.98	12.65		11.73	12.02	10.18	12.40	10.63	12.58		
1984-04-04							10.99	12.67		11.76	12.05	10.18	12.44	10.61	12.60		
1984-04-05							10.97	12.65		11.70	12.02	10.18	12.42	10.61	12.58		
1984-04-06							10.79	12.51		11.55	11.85	10.05	12.24	10.42	12.42		
1984-04-09							10.71	12.47		11.55	11.87	9.95	12.22	10.41	12.39		
1984-04-10							10.71	12.52		11.54	11.85	10.01	12.26	10.40	12.42		
1984-04-11							10.71	12.50		11.53	11.82	10.01	12.24	10.42	12.41		
1984-04-12							10.74	12.40		11.49	11.77	10.02	12.16	10.38	12.32		
1984-04-13							10.91	12.57		11.66	11.91	10.11	12.30	10.50	12.50		
1984-04-16							10.95	12.61		11.70	11.99	10.17	12.35	10.53	12.53		
1984-04-17							10.87	12.57		11.59	11.90	10.15	12.30	10.45	12.49		
1984-04-18							10.95	12.70		11.69	11.99	10.14	12.40	10.47	12.62		
1984-04-19							10.98	12.77		11.77	12.08	10.10	12.47	10.46	12.68		
1984-04-20							.	.		.	.	.	.	.	.		
1984-04-23							10.97	12.80		11.78	12.10	10.01	12.49	10.40	12.69		
1984-04-24							10.95	12.75		11.73	12.06	10.04	12.46	10.37	12.66		
1984-04-25							10.97	12.69		11.79	12.04	10.02	12.45	10.41	12.64		
1984-04-26							10.93	12.67		11.77	12.02	9.91	12.42	10.33	12.60		
1984-04-27							11.06	12.79		11.89	12.17	10.08	12.55	10.55	12.72		
1984-04-30							11.11	12.82		11.89	12.20	10.10	12.57	10.48	12.75		
1984-05-01							11.08	12.82		11.88	12.19	10.08	12.57	10.53	12.76		
1984-05-02							11.16	12.86		11.92	12.23	10.06	12.62	10.63	12.80		
1984-05-03							11.17	12.89		11.96	12.25	10.05	12.64	10.65	12.81		
1984-05-04							11.41	13.07		12.15	12.44	10.25	12.83	10.88	12.97		
1984-05-07							11.49	13.13		12.24	12.51	10.35	12.90	11.03	13.08		
1984-05-08							11.47	13.09		12.23	12.50	10.44	12.88	11.03	13.05		
1984-05-09							11.50	13.21		12.32	12.57	10.40	12.97	11.03	13.14		
1984-05-10							11.50	13.25		12.32	12.56	10.25	12.98	10.88	13.17		
1984-05-11							11.65	13.46		12.55	12.79	10.40	13.20	11.02	13.40		
1984-05-14							11.69	13.58		12.57	12.83	10.37	13.30	10.99	13.49		
1984-05-15							11.69	13.48		12.51	12.77	10.52	13.23	11.15	13.41		
1984-05-16							11.62	13.41		12.42	12.71	10.14	13.17	10.87	13.34		
1984-05-17							11.72	13.54		12.51	12.83	10.16	13.27	11.01	13.45		
1984-05-18							11.68	13.45		12.47	12.77	10.19	13.21	10.93	13.35		
1984-05-21							11.66	13.43		12.48	12.77	10.07	13.18	10.93	13.35		
1984-05-22							11.80	13.52		12.58	12.86	10.45	13.27	11.24	13.43		
1984-05-23							11.85	13.54		12.67	12.91	10.33	13.30	11.22	13.43		
1984-05-24							12.00	13.72		12.77	13.04	10.09	13.46	11.24	13.62		
1984-05-25							11.90	13.75		12.77	13.07	9.94	13.52	11.12	13.67		
1984-05-28							.	.		.	.	.	.	.	.		
1984-05-29							12.07	13.89		12.98	13.24	10.09	13.70	11.33	13.83		
1984-05-30							12.20	13.99		13.04	13.40	10.15	13.84	11.39	13.95		
1984-05-31							12.15	13.91		13.00	13.33	10.13	13.76	11.33	13.87		
1984-06-01							11.96	13.63		12.72	13.01	10.18	13.46	11.20	13.61		
1984-06-04							11.85	13.42		12.63	12.90	10.23	13.29	11.17	13.39		
1984-06-05							11.82	13.37		12.60	12.90	10.14	13.24	11.17	13.34		
1984-06-06							11.89	13.54		12.75	13.04	10.15	13.38	11.12	13.51		
1984-06-07							12.00	13.54		12.81	13.07	10.23	13.43	11.31	13.56		
1984-06-08							12.03	13.46		12.74	13.03	10.25	13.35	11.25	13.46		
1984-06-11							12.20	13.58		13.00	13.23	10.43	13.57	11.39	13.61		
1984-06-12							12.13	13.54		12.92	13.15	10.48	13.45	11.40	13.59		
1984-06-13							11.97	13.44		12.83	13.07	10.28	13.37	11.19	13.48		
1984-06-14							11.93	13.39		12.75	13.04	10.28	13.31	11.10	13.40		
1984-06-15							11.85	13.21		12.63	12.90	10.27	13.12	11.09	13.20		
1984-06-18							11.91	13.27		12.75	12.96	10.35	13.19	11.20	13.26		
1984-06-19							11.91	13.38		12.79	13.02	10.31	13.30	11.19	13.37		
1984-06-20							12.26	13.65		13.08	13.36	10.31	13.57	11.36	13.66		
1984-06-21							12.34	13.72		13.14	13.43	10.33	13.67	11.43	13.72		
1984-06-22							12.31	13.74		13.15	13.42	10.23	13.72	11.38	13.73		
1984-06-25							12.24	13.75		13.12	13.39	10.14	13.70	11.29	13.72		
1984-06-26							12.29	13.79		13.17	13.49	10.19	13.77	11.26	13.79		
1984-06-27							12.25	13.76		13.12	13.45	10.14	13.70	11.17	13.75		
1984-06-28							12.32	13.80		13.17	13.48	10.24	13.70	11.26	13.78		
1984-06-29							12.30	13.84		13.17	13.48	10.31	13.72	11.19	13.82		
1984-07-02							12.23	13.87		13.17	13.43	10.12	13.73	11.13	13.83		
1984-07-03							12.19	13.80		13.12	13.37	10.38	13.67	11.20	13.79		
1984-07-04							.	.		.	.	.	.	.	.		
1984-07-05							12.10	13.77		13.07	13.33	10.37	13.64	11.15	13.73		
1984-07-06							12.15	13.75		13.13	13.38	10.40	13.65	11.17	13.74		
1984-07-09							12.05	13.48		12.96	13.23	10.41	13.40	11.17	13.48		
1984-07-10							12.10	13.53		13.00	13.24	10.54	13.46	11.31	13.52		
1984-07-11							12.23	13.55		13.06	13.26	10.51	13.45	11.32	13.55		
1984-07-12							12.13	13.42		12.96	13.19	10.44	13.39	11.24	13.43		
1984-07-13							11.99	13.30		12.85	13.04	10.36	13.24	11.18	13.30		
1984-07-16							12.07	13.32		12.89	13.07	10.40	13.24	11.28	13.32		
1984-07-17							12.11	13.37		12.93	13.12	10.61	13.29	11.39	13.37		
1984-07-18							12.01	13.32		12.89	13.06	10.52	13.22	11.27	13.31		
1984-07-19							11.95	13.25		12.82	12.99	10.54	13.17	11.25	13.23		
1984-07-20							12.00	13.36		12.85	13.06	10.59	13.24	11.31	13.32		
1984-07-23							12.06	13.35		12.87	13.06	10.63	13.25	11.36	13.34		
1984-07-24							12.00	13.31		12.85	13.02	10.69	13.24	11.37	13.30		
1984-07-25							11.86	13.06		12.64	12.81	10.68	12.95	11.30	13.04		
1984-07-26							11.76	12.89		12.55	12.67	10.67	12.80	11.24	12.89		
1984-07-27							11.80	12.95		12.59	12.76	10.70	12.89	11.32	12.95		
1984-07-30							11.90	13.05		12.66	12.84	10.76	13.00	11.39	13.05		
1984-07-31							11.86	12.91		12.57	12.70	10.83	12.85	11.40	12.91		
1984-08-01							11.82	12.81		12.48	12.63	10.86	12.74	11.41	12.82		
1984-08-02							11.85	12.74		12.48	12.61	10.90	12.71	11.41	12.75		
1984-08-03							11.75	12.61		12.30	12.39	10.90	12.55	11.35	12.61		
1984-08-06							11.88	12.73		12.42	12.53	10.98	12.66	11.46	12.74		
1984-08-07							11.85	12.69		12.41	12.45	10.97	12.64	11.40	12.71		
1984-08-08							11.80	12.66		12.37	12.43	10.90	12.62	11.35	12.69		
1984-08-09							11.74	12.61		12.33	12.40	10.85	12.59	11.26	12.65		
1984-08-10							11.73	12.68		12.35	12.41	10.86	12.63	11.28	12.68		
1984-08-13							11.81	12.74		12.45	12.52	10.88	12.71	11.37	12.79		
1984-08-14							11.71	12.67		12.34	12.40	10.72	12.62	11.25	12.68		
1984-08-15							11.70	12.74		12.39	12.45	10.62	12.68	11.24	12.76		
1984-08-16							11.70	12.70		12.40	12.46	10.68	12.66	11.24	12.73		
1984-08-17							11.73	12.70		12.40	12.44	10.75	12.67	11.25	12.73		
1984-08-20							11.80	12.69		12.42	12.45	10.88	12.66	11.32	12.74		
1984-08-21							11.80	12.62		12.41	12.44	10.85	12.64	11.34	12.67		
1984-08-22							11.78	12.65		12.45	12.48	10.84	12.66	11.31	12.69		
1984-08-23							11.81	12.69		12.44	12.49	10.88	12.68	11.33	12.72		
1984-08-24							11.81	12.66		12.41	12.45	10.91	12.67	11.34	12.69		
1984-08-27							11.95	12.81		12.54	12.57	11.12	12.80	11.53	12.84		
1984-08-28							11.97	12.81		12.54	12.59	11.10	12.82	11.54	12.84		
1984-08-29							11.97	12.83		12.56	12.61	11.11	12.78	11.53	12.88		
1984-08-30							11.99	12.84		12.56	12.62	11.09	12.79	11.52	12.89		
1984-08-31							11.96	12.79		12.54	12.61	11.06	12.77	11.48	12.85		
1984-09-03							.	.		.	.	.	.	.	.		
1984-09-04							12.01	12.88		12.59	12.65	11.14	12.85	11.55	12.94		
1984-09-05							12.02	12.92		12.63	12.71	11.08	12.92	11.53	13.01		
1984-09-06							11.95	12.81		12.54	12.63	11.04	12.82	11.47	12.88		
1984-09-07							11.83	12.70		12.45	12.52	10.99	12.75	11.42	12.80		
1984-09-10							11.65	12.62		12.27	12.39	10.84	12.65	11.28	12.72		
1984-09-11							11.68	12.54		12.26	12.39	10.82	12.59	11.23	12.64		
1984-09-12							11.69	12.55		12.30	12.39	10.83	12.62	11.28	12.65		
1984-09-13							11.56	12.44		12.21	12.28	10.75	12.47	11.17	12.52		
1984-09-14							11.48	12.42		12.15	12.23	10.79	12.42	11.17	12.49		
1984-09-17							11.53	12.40		12.16	12.23	10.81	12.42	11.18	12.49		
1984-09-18							11.45	12.35		12.10	12.19	10.74	12.33	11.08	12.43		
1984-09-19							11.34	12.25		11.94	12.12	10.69	12.26	11.00	12.33		
1984-09-20							11.30	12.28		11.94	12.12	10.66	12.27	10.97	12.35		
1984-09-21							11.43	12.45		12.06	12.27	10.67	12.44	11.05	12.51		
1984-09-24							11.49	12.52		12.10	12.31	10.72	12.51	11.10	12.58		
1984-09-25							11.43	12.56		12.12	12.34	10.71	12.53	11.08	12.61		
1984-09-26							11.42	12.46		12.05	12.28	10.64	12.47	11.03	12.54		
1984-09-27							11.32	12.31		11.95	12.13	10.57	12.31	10.95	12.38		
1984-09-28							11.43	12.47		12.07	12.28	10.63	12.48	11.05	12.54		
1984-10-01							11.44	12.54		12.09	12.31	10.65	12.51	11.08	12.60		
1984-10-02							11.44	12.54		12.07	12.29	10.67	12.52	11.06	12.61		
1984-10-03							11.40	12.54		12.06	12.29	10.59	12.49	11.01	12.59		
1984-10-04							11.37	12.52		12.02	12.25	10.57	12.45	10.98	12.57		
1984-10-05							11.31	12.39		11.93	12.15	10.55	12.35	10.94	12.44		
1984-10-08							.	.		.	.	.	.	.	.		
1984-10-09							11.25	12.36		11.87	12.12	10.51	12.32	10.90	12.43		
1984-10-10							11.23	12.36		11.89	12.13	10.48	12.32	10.86	12.44		
1984-10-11							11.12	12.31		11.78	12.02	10.36	12.23	10.78	12.37		
1984-10-12							11.03	12.28		11.72	11.98	10.30	12.17	10.69	12.32		
1984-10-15							11.11	12.34		11.78	12.04	10.39	12.24	10.76	12.38		
1984-10-16							11.10	12.32		11.77	12.01	10.35	12.25	10.74	12.33		
1984-10-17							10.99	12.28		11.70	11.95	10.26	12.21	10.66	12.27		
1984-10-18							10.82	12.09		11.53	11.75	10.10	11.98	10.47	12.07		
1984-10-19							10.61	11.93		11.39	11.63	9.93	11.82	10.21	11.91		
1984-10-22							10.62	11.90		11.35	11.63	9.92	11.82	10.22	11.87		
1984-10-23							10.45	11.78		11.17	11.44	9.82	11.62	10.09	11.72		
1984-10-24							10.29	11.74		11.10	11.34	9.51	11.55	9.90	11.68		
1984-10-25							10.35	11.83		11.13	11.41	9.53	11.65	9.95	11.77		
1984-10-26							10.59	11.99		11.33	11.59	9.71	11.83	10.21	11.95		
1984-10-29							10.55	11.95		11.30	11.56	9.65	11.79	10.18	11.89		
1984-10-30							10.37	11.75		11.13	11.37	9.54	11.63	9.97	11.69		
1984-10-31							10.26	11.79		11.09	11.36	9.35	11.59	9.84	11.70		
1984-11-01							10.18	11.66		10.93	11.18	9.36	11.45	9.77	11.57		
1984-11-02							10.17	11.66		10.96	11.20	9.34	11.46	9.81	11.58		
1984-11-05							10.01	11.60		10.79	10.99	8.99	11.40	9.58	11.52		
1984-11-06							.	.		.	.	.	.	.	.		
1984-11-07							9.93	11.72		10.80	11.05	8.86	11.45	9.39	11.63		
1984-11-08							10.06	11.81		10.95	11.15	9.08	11.55	9.56	11.74		
1984-11-09							9.91	11.71		10.81	11.05	8.94	11.47	9.45	11.63		
1984-11-12							.	.		.	.	.	.	.	.		
1984-11-13							10.06	11.78		10.89	11.10	9.04	11.55	9.59	11.69		
1984-11-14							10.08	11.81		10.91	11.11	9.08	11.59	9.56	11.72		
1984-11-15							9.95	11.73		10.78	11.01	8.98	11.52	9.44	11.65		
1984-11-16							9.85	11.69		10.71	10.97	8.90	11.46	9.38	11.59		
1984-11-19							9.85	11.61		10.67	10.92	8.93	11.41	9.36	11.54		
1984-11-20							9.76	11.53		10.59	10.83	8.93	11.29	9.28	11.46		
1984-11-21							9.53	11.39		10.39	10.69	8.85	11.14	9.04	11.29		
1984-11-22							.	.		.	.	.	.	.	.		
1984-11-23							9.43	11.24		10.29	10.56	8.75	10.99	8.94	11.15		
1984-11-26							9.48	11.28		10.33	10.57	8.79	11.05	9.01	11.19		
1984-11-27							9.51	11.28		10.31	10.61	8.68	11.05	9.02	11.19		
1984-11-28							9.51	11.38		10.35	10.65	8.68	11.03	9.03	11.31		
1984-11-29							9.52	11.42		10.37	10.67	8.65	11.07	9.04	11.34		
1984-11-30							9.71	11.58		10.50	10.86	8.74	11.25	9.18	11.56		
1984-12-03							9.66	11.56		10.50	10.84	8.71	11.23	9.13	11.51		
1984-12-04							9.59	11.52		10.44	10.74	8.80	11.16	9.08	11.45		
1984-12-05							9.58	11.52		10.40	10.74	8.78	11.14	9.07	11.46		
1984-12-06							9.68	11.61		10.49	10.81	8.78	11.23	9.18	11.55		
1984-12-07							9.65	11.70		10.51	10.85	8.64	11.31	9.13	11.64		
1984-12-10							9.63	11.66		10.47	10.84	8.65	11.26	9.08	11.61		
1984-12-11							9.57	11.57		10.40	10.75	8.63	11.18	9.02	11.53		
1984-12-12							9.44	11.54		10.35	10.67	8.56	11.14	8.85	11.51		
1984-12-13							9.54	11.70		10.40	10.72	8.58	11.27	8.95	11.67		
1984-12-14							9.26	11.56		10.20	10.57	8.39	11.08	8.73	11.50		
1984-12-17							9.18	11.49		10.07	10.42	8.24	11.01	8.62	11.43		
1984-12-18							9.01	11.29		9.85	10.24	8.08	10.83	8.42	11.25		
1984-12-19							9.04	11.34		9.89	10.29	7.97	10.86	8.43	11.28		
1984-12-20							9.14	11.37		9.94	10.34	8.07	10.89	8.50	11.28		
1984-12-21							9.10	11.34		9.94	10.31	8.03	10.89	8.44	11.29		
1984-12-24							9.02	11.31		9.83	10.27	7.90	10.85	8.38	11.26		
1984-12-25							.	.		.	.	.	.	.	.		
1984-12-26							9.08	11.45		9.95	10.37	7.89	10.97	8.48	11.42		
1984-12-27							9.11	11.45		9.96	10.43	7.93	10.98	8.50	11.43		
1984-12-28							9.17	11.46		10.02	10.48	8.00	11.03	8.55	11.44		
1984-12-31							9.22	11.55		10.02	10.52	8.12	11.08	8.64	11.52		
1985-01-01							.	.		.	.	.	.	.	.		
1985-01-02							9.19	11.70		10.03	10.61	8.10	11.22	8.62	11.68		
1985-01-03							9.17	11.62		10.06	10.55	8.07	11.13	8.62	11.54		
1985-01-04							9.17	11.67		10.08	10.62	8.08	11.19	8.61	11.61		
1985-01-07							9.03	11.50		10.01	10.50	8.06	11.09	8.51	11.41		
1985-01-08							9.04	11.45		9.99	10.48	8.06	11.04	8.48	11.36		
1985-01-09							8.95	11.47		9.95	10.45	7.95	11.03	8.29	11.36		
1985-01-10							9.05	11.48		10.00	10.52	8.00	11.05	8.36	11.37		
1985-01-11							9.13	11.59		10.08	10.59	8.02	11.14	8.48	11.47		
1985-01-14							9.12	11.60		10.07	10.59	7.96	11.13	8.50	11.47		
1985-01-15							9.04	11.49		10.00	10.49	7.99	11.01	8.37	11.33		
1985-01-16							9.04	11.51		9.99	10.51	8.00	11.02	8.42	11.37		
1985-01-17							9.04	11.48		9.98	10.47	8.00	10.99	8.41	11.34		
1985-01-18							8.99	11.39		9.91	10.38	8.00	10.89	8.38	11.25		
1985-01-21							.	.		.	.	.	.	.	.		
1985-01-22							8.91	11.27		9.83	10.30	7.96	10.79	8.37	11.13		
1985-01-23							8.90	11.21		9.83	10.26	7.90	10.74	8.34	11.06		
1985-01-24							8.88	11.06		9.74	10.18	7.88	10.61	8.29	10.91		
1985-01-25							8.90	11.11		9.76	10.24	7.89	10.66	8.35	10.98		
1985-01-28							8.95	11.11		9.79	10.30	7.98	10.70	8.44	10.98		
1985-01-29							8.97	11.11		9.79	10.28	8.09	10.70	8.47	10.98		
1985-01-30							8.95	11.08		9.76	10.27	8.10	10.68	8.45	10.96		
1985-01-31							9.09	11.17		9.90	10.36	8.33	10.77	8.61	11.07		
1985-02-01							9.21	11.29		10.04	10.48	8.47	10.93	8.76	11.20		
1985-02-04							9.20	11.35		10.03	10.51	8.47	10.99	8.78	11.25		
1985-02-05							9.14	11.30		9.99	10.37	8.43	10.93	8.69	11.21		
1985-02-06							9.15	11.40		10.03	10.40	8.41	11.00	8.70	11.31		
1985-02-07							9.21	11.41		10.06	10.44	8.46	11.04	8.74	11.34		
1985-02-08							9.18	11.37		10.03	10.40	8.51	11.00	8.77	11.30		
1985-02-11							9.22	11.42		10.06	10.45	8.50	11.05	8.80	11.35		
1985-02-12							.	.		.	.	.	.	.	.		
1985-02-13							9.22	11.39		10.03	10.44	8.53	11.02	8.77	11.32		
1985-02-14							9.18	11.29		9.98	10.33	8.48	10.93	8.74	11.22		
1985-02-15							9.15	11.38		10.02	10.38	8.47	10.98	8.74	11.32		
1985-02-18							.	.		.	.	.	.	.	.		
1985-02-19							9.13	11.37		10.01	10.37	8.46	10.95	8.75	11.27		
1985-02-20							9.24	11.52		10.13	10.47	8.53	11.09	8.81	11.43		
1985-02-21							9.40	11.64		10.29	10.64	8.73	11.29	9.03	11.58		
1985-02-22							9.44	11.76		10.34	10.74	8.68	11.35	9.04	11.71		
1985-02-25							9.41	11.75		10.36	10.75	8.69	11.40	9.04	11.70		
1985-02-26							9.41	11.72		10.36	10.75	8.65	11.35	9.02	11.67		
1985-02-27							9.64	11.89		10.56	10.93	8.75	11.51	9.22	11.87		
1985-02-28							9.72	11.91		10.66	11.03	8.81	11.55	9.32	11.87		
1985-03-01							9.87	11.86		10.73	11.09	8.98	11.52	9.49	11.81		
1985-03-04							9.91	11.93		10.78	11.12	9.05	11.57	9.57	11.87		
1985-03-05							9.84	11.86		10.71	11.05	9.00	11.49	9.49	11.80		
1985-03-06							9.88	11.92		10.75	11.09	9.01	11.53	9.49	11.86		
1985-03-07							10.08	11.94		10.83	11.19	9.12	11.61	9.70	11.91		
1985-03-08							9.76	11.71		10.56	10.90	8.89	11.37	9.38	11.69		
1985-03-11							9.71	11.72		10.56	10.92	8.79	11.38	9.33	11.71		
1985-03-12							9.80	11.78		10.62	10.99	8.85	11.45	9.39	11.76		
1985-03-13							9.95	11.90		10.79	11.13	8.91	11.59	9.58	11.88		
1985-03-14							10.07	11.92		10.86	11.19	9.05	11.63	9.71	11.91		
1985-03-15							10.00	11.93		10.82	11.17	8.71	11.63	9.54	11.92		
1985-03-18							10.09	12.02		10.89	11.22	8.83	11.70	9.63	12.00		
1985-03-19							10.04	11.99		10.85	11.19	8.86	11.67	9.58	11.97		
1985-03-20							10.00	11.91		10.85	11.17	8.84	11.62	9.53	11.90		
1985-03-21							9.84	11.82		10.69	11.02	8.75	11.48	9.39	11.78		
1985-03-22							9.89	11.88		10.75	11.05	8.82	11.55	9.45	11.83		
1985-03-25							9.83	11.86		10.71	11.05	8.74	11.53	9.42	11.80		
1985-03-26							9.77	11.77		10.63	10.97	8.64	11.45	9.34	11.73		
1985-03-27							9.71	11.84		10.63	10.99	8.63	11.49	9.27	11.82		
1985-03-28							9.61	11.75		10.53	10.86	8.49	11.38	9.12	11.69		
1985-03-29							9.49	11.65		10.43	10.79	8.47	11.29	9.06	11.59		
1985-04-01							9.51	11.66		10.45	10.81	8.44	11.28	9.07	11.57		
1985-04-02							9.54	11.70		10.48	10.83	8.51	11.33	9.07	11.64		
1985-04-03							9.55	11.73		10.49	10.83	8.45	11.34	9.10	11.65		
1985-04-04							9.54	11.75		10.53	10.87	8.41	11.35	9.12	11.70		
1985-04-05							.	.		.	.	.	.	.	.		
1985-04-08							9.53	11.77		10.49	10.84	8.41	11.36	9.09	11.69		
1985-04-09							9.40	11.66		10.38	10.77	8.37	11.28	8.96	11.60		
1985-04-10							9.36	11.58		10.31	10.67	8.38	11.20	8.94	11.50		
1985-04-11							9.14	11.42		10.12	10.51	8.32	11.05	8.77	11.31		
1985-04-12							9.15	11.43		10.13	10.52	8.33	11.05	8.74	11.33		
1985-04-15							9.15	11.37		10.09	10.49	8.35	11.02	8.75	11.29		
1985-04-16							8.95	11.25		9.86	10.25	8.20	10.80	8.50	11.14		
1985-04-17							9.01	11.29		9.93	10.33	8.06	10.86	8.57	11.19		
1985-04-18							8.77	11.13		9.73	10.17	7.97	10.69	8.34	11.05		
1985-04-19							8.86	11.16		9.81	10.17	8.06	10.69	8.43	11.06		
1985-04-22							8.77	11.13		9.72	10.15	7.93	10.67	8.32	11.03		
1985-04-23							8.90	11.25		9.88	10.29	8.05	10.79	8.47	11.13		
1985-04-24							8.88	11.25		9.81	10.27	8.01	10.77	8.46	11.15		
1985-04-25							8.96	11.37		9.90	10.37	8.10	10.87	8.55	11.27		
1985-04-26							8.93	11.35		9.88	10.36	8.08	10.87	8.51	11.23		
1985-04-29							9.07	11.47		9.97	10.47	8.11	10.96	8.62	11.35		
1985-04-30							8.99	11.41		9.91	10.39	8.12	10.91	8.56	11.31		
1985-05-01							8.89	11.27		9.82	10.28	8.01	10.81	8.47	11.15		
1985-05-02							8.91	11.29		9.86	10.31	8.03	10.83	8.49	11.17		
1985-05-03							8.73	11.21		9.71	10.17	7.99	10.74	8.37	11.09		
1985-05-06							8.76	11.19		9.70	10.15	8.00	10.71	8.37	11.07		
1985-05-07							8.72	11.17		9.66	10.04	8.03	10.68	8.34	11.06		
1985-05-08							8.76	11.26		9.73	10.11	8.09	10.74	8.42	11.17		
1985-05-09							8.73	11.20		9.67	10.04	8.01	10.68	8.36	11.08		
1985-05-10							8.68	11.04		9.62	9.95	8.00	10.57	8.32	10.93		
1985-05-13							8.69	11.04		9.64	9.95	7.97	10.56	8.34	10.93		
1985-05-14							8.58	10.87		9.47	9.79	7.86	10.39	8.19	10.78		
1985-05-15							8.49	10.89		9.40	9.74	7.68	10.39	8.04	10.78		
1985-05-16							8.38	10.81		9.31	9.62	7.61	10.28	7.97	10.69		
1985-05-17							8.45	10.84		9.37	9.65	7.64	10.32	8.00	10.72		
1985-05-20							8.21	10.56		9.10	9.38	7.50	10.04	7.83	10.45		
1985-05-21							8.23	10.60		9.11	9.39	7.54	10.07	7.83	10.45		
1985-05-22							8.21	10.62		9.11	9.43	7.53	10.05	7.79	10.45		
1985-05-23							8.25	10.64		9.21	9.51	7.49	10.11	7.81	10.47		
1985-05-24							8.19	10.57		9.13	9.46	7.42	10.05	7.76	10.43		
1985-05-27							.	.		.	.	.	.	.	.		
1985-05-28							8.14	10.43		9.05	9.38	7.45	9.95	7.76	10.28		
1985-05-29							8.15	10.46		9.05	9.42	7.48	9.90	7.77	10.31		
1985-05-30							8.09	10.39		9.03	9.36	7.42	9.84	7.71	10.25		
1985-05-31							7.98	10.28		8.92	9.27	7.38	9.68	7.62	10.15		
1985-06-03							7.83	10.05		8.72	9.07	7.24	9.50	7.48	9.93		
1985-06-04							7.81	10.05		8.68	9.01	7.18	9.47	7.50	9.93		
1985-06-05							7.63	9.83		8.42	8.77	7.14	9.26	7.30	9.75		
1985-06-06							7.72	9.89		8.51	8.83	7.21	9.33	7.38	9.84		
1985-06-07							7.99	10.19		8.82	9.15	7.39	9.67	7.66	10.18		
1985-06-10							8.04	10.16		8.87	9.21	7.49	9.68	7.73	10.13		
1985-06-11							7.92	10.08		8.78	9.15	7.38	9.63	7.59	10.04		
1985-06-12							7.88	10.16		8.76	9.10	7.32	9.65	7.55	10.09		
1985-06-13							7.87	10.21		8.76	9.07	7.20	9.67	7.52	10.14		
1985-06-14							7.54	9.98		8.45	8.78	6.91	9.39	7.20	9.90		
1985-06-17							7.59	9.97		8.48	8.86	6.99	9.45	7.27	9.92		
1985-06-18							7.48	9.90		8.37	8.73	6.87	9.33	7.14	9.85		
1985-06-19							7.60	10.04		8.50	8.84	6.95	9.46	7.25	9.97		
1985-06-20							7.70	10.14		8.59	8.93	7.06	9.51	7.34	10.06		
1985-06-21							7.94	10.34		8.80	9.15	7.27	9.75	7.60	10.26		
1985-06-24							7.98	10.45		8.87	9.26	7.29	9.83	7.65	10.37		
1985-06-25							8.02	10.50		8.96	9.37	7.32	9.95	7.63	10.45		
1985-06-26							7.98	10.54		8.94	9.37	7.21	9.97	7.58	10.43		
1985-06-27							7.86	10.39		8.81	9.25	7.13	9.83	7.46	10.25		
1985-06-28							7.71	10.25		8.67	9.08	7.05	9.65	7.33	10.08		
1985-07-01							7.72	10.19		8.66	9.06	7.09	9.58	7.38	10.04		
1985-07-02							7.73	10.20		8.66	9.08	7.17	9.61	7.41	10.05		
1985-07-03							7.75	10.23		8.66	9.06	7.24	9.62	7.44	10.07		
1985-07-04							.	.		.	.	.	.	.	.		
1985-07-05							7.43	9.93		8.36	8.72	6.99	9.30	7.13	9.76		
1985-07-08							7.60	10.05		8.52	8.84	7.14	9.41	7.34	9.87		
1985-07-09							7.65	10.05		8.52	8.86	7.18	9.41	7.40	9.87		
1985-07-10							7.66	10.07		8.55	8.89	7.16	9.45	7.41	9.91		
1985-07-11							7.84	10.22		8.73	9.11	7.29	9.61	7.56	10.08		
1985-07-12							7.88	10.23		8.78	9.11	7.32	9.63	7.55	10.12		
1985-07-15							7.84	10.22		8.76	9.10	7.28	9.63	7.53	10.10		
1985-07-16							7.76	10.15		8.67	9.07	7.23	9.59	7.49	10.01		
1985-07-17							7.71	10.12		8.63	9.03	7.21	9.54	7.47	9.97		
1985-07-18							7.88	10.30		8.76	9.21	7.39	9.71	7.64	10.15		
1985-07-19							7.92	10.34		8.82	9.25	7.42	9.72	7.66	10.18		
1985-07-22							8.02	10.46		8.95	9.39	7.49	9.87	7.73	10.31		
1985-07-23							8.05	10.47		8.97	9.41	7.50	9.91	7.75	10.32		
1985-07-24							8.04	10.51		8.99	9.42	7.48	9.92	7.77	10.36		
1985-07-25							8.01	10.52		8.96	9.40	7.41	9.91	7.74	10.38		
1985-07-26							8.02	10.59		8.98	9.44	7.43	9.96	7.74	10.45		
1985-07-29							8.07	10.67		9.03	9.50	7.50	10.02	7.81	10.50		
1985-07-30							8.14	10.66		9.04	9.51	7.52	10.02	7.85	10.50		
1985-07-31							8.12	10.57		9.01	9.47	7.52	9.98	7.83	10.41		
1985-08-01							8.12	10.51		9.04	9.47	7.52	9.95	7.85	10.36		
1985-08-02							8.23	10.66		9.15	9.60	7.55	10.09	7.90	10.49		
1985-08-05							8.22	10.64		9.13	9.59	7.52	10.06	7.88	10.48		
1985-08-06							8.18	10.65		9.13	9.53	7.50	10.08	7.88	10.48		
1985-08-07							8.16	10.55		9.08	9.49	7.41	10.01	7.83	10.41		
1985-08-08							8.11	10.43		8.99	9.37	7.41	9.91	7.81	10.30		
1985-08-09							8.08	10.37		8.95	9.30	7.40	9.86	7.78	10.24		
1985-08-12							8.07	10.38		8.95	9.29	7.33	9.86	7.77	10.25		
1985-08-13							8.10	10.46		8.96	9.33	7.37	9.92	7.74	10.32		
1985-08-14							8.05	10.38		8.96	9.28	7.32	9.84	7.72	10.25		
1985-08-15							8.10	10.36		8.96	9.28	7.43	9.83	7.76	10.23		
1985-08-16							8.01	10.26		8.90	9.21	7.34	9.74	7.69	10.13		
1985-08-19							8.00	10.23		8.89	9.20	7.36	9.74	7.70	10.09		
1985-08-20							8.00	10.20		8.86	9.20	7.35	9.70	7.67	10.08		
1985-08-21							7.92	10.12		8.82	9.16	7.27	9.63	7.56	10.02		
1985-08-22							7.91	10.10		8.81	9.14	7.27	9.62	7.52	9.99		
1985-08-23							7.94	10.14		8.87	9.20	7.27	9.67	7.56	10.02		
1985-08-26							7.98	10.18		8.88	9.22	7.30	9.70	7.61	10.06		
1985-08-27							7.94	10.12		8.81	9.18	7.28	9.65	7.55	10.00		
1985-08-28							7.95	10.16		8.85	9.20	7.29	9.63	7.56	10.03		
1985-08-29							7.94	10.12		8.81	9.17	7.28	9.58	7.58	10.00		
1985-08-30							8.03	10.28		8.96	9.33	7.38	9.74	7.70	10.17		
1985-09-02							.	.		.	.	.	.	.	.		
1985-09-03							8.02	10.24		8.95	9.32	7.35	9.71	7.66	10.14		
1985-09-04							7.92	10.16		8.85	9.24	7.28	9.64	7.56	10.06		
1985-09-05							8.02	10.27		8.92	9.31	7.36	9.71	7.67	10.15		
1985-09-06							8.21	10.50		9.15	9.56	7.50	9.97	7.83	10.37		
1985-09-09							8.22	10.49		9.13	9.53	7.50	9.97	7.85	10.37		
1985-09-10							8.19	10.48		9.10	9.52	7.47	9.96	7.79	10.35		
1985-09-11							8.23	10.51		9.13	9.53	7.48	9.98	7.80	10.39		
1985-09-12							8.21	10.52		9.15	9.54	7.48	9.97	7.81	10.40		
1985-09-13							8.14	10.40		9.03	9.43	7.45	9.87	7.78	10.29		
1985-09-16							8.09	10.37		8.99	9.39	7.42	9.83	7.73	10.24		
1985-09-17							8.13	10.41		9.05	9.42	7.44	9.85	7.74	10.28		
1985-09-18							8.12	10.43		9.07	9.45	7.34	9.87	7.69	10.30		
1985-09-19							8.16	10.43		9.13	9.48	7.32	9.89	7.71	10.30		
1985-09-20							8.07	10.36		9.01	9.40	7.24	9.81	7.65	10.22		
1985-09-23							7.94	10.39		8.89	9.25	7.12	9.74	7.52	10.23		
1985-09-24							7.90	10.33		8.82	9.22	7.06	9.69	7.38	10.17		
1985-09-25							7.81	10.27		8.71	9.09	7.09	9.59	7.22	10.09		
1985-09-26							7.87	10.22		8.72	9.12	7.16	9.61	7.27	10.05		
1985-09-27							.	.		.	.	.	.	.	.		
1985-09-30							7.99	10.31		8.88	9.27	7.27	9.73	7.44	10.15		
1985-10-01							7.94	10.29		8.83	9.25	7.26	9.69	7.54	10.13		
1985-10-02							7.95	10.30		8.84	9.23	7.25	9.69	7.60	10.15		
1985-10-03							7.97	10.32		8.84	9.26	7.22	9.69	7.63	10.17		
1985-10-04							7.97	10.36		8.84	9.26	7.22	9.73	7.63	10.20		
1985-10-07							8.07	10.42		8.97	9.36	7.32	9.83	7.70	10.29		
1985-10-08							8.06	10.36		8.96	9.35	7.39	9.81	7.74	10.25		
1985-10-09							8.05	10.37		8.97	9.35	7.42	9.82	7.74	10.27		
1985-10-10							8.08	10.35		8.96	9.35	7.46	9.82	7.79	10.26		
1985-10-11							8.05	10.34		8.96	9.35	7.43	9.82	7.75	10.25		
1985-10-14							.	.		.	.	.	.	.	.		
1985-10-15							8.06	10.30		8.94	9.33	7.48	9.79	7.72	10.20		
1985-10-16							8.02	10.25		8.89	9.27	7.45	9.73	7.72	10.13		
1985-10-17							7.99	10.21		8.85	9.21	7.43	9.67	7.69	10.08		
1985-10-18							7.97	10.17		8.81	9.20	7.44	9.62	7.70	10.04		
1985-10-21							7.98	10.18		8.83	9.21	7.46	9.63	7.73	10.05		
1985-10-22							7.98	10.12		8.80	9.17	7.39	9.60	7.70	10.00		
1985-10-23							8.02	10.14		8.84	9.21	7.46	9.62	7.76	10.01		
1985-10-24							8.09	10.15		8.90	9.22	7.50	9.64	7.85	10.01		
1985-10-25							8.07	10.21		8.88	9.25	7.48	9.67	7.81	10.06		
1985-10-28							8.08	10.28		8.91	9.32	7.47	9.75	7.80	10.16		
1985-10-29							8.01	10.11		8.82	9.19	7.45	9.61	7.72	10.01		
1985-10-30							7.91	9.97		8.68	9.02	7.42	9.45	7.67	9.79		
1985-10-31							7.92	10.01		8.70	9.06	7.42	9.47	7.67	9.82		
1985-11-01							7.91	9.98		8.70	9.04	7.44	9.45	7.67	9.79		
1985-11-04							7.95	9.98		8.71	9.04	7.48	9.44	7.71	9.80		
1985-11-05							7.93	9.93		8.69	9.02	7.48	9.39	7.70	9.75		
1985-11-06							7.91	9.93		8.67	9.01	7.49	9.38	7.71	9.75		
1985-11-07							7.92	9.91		8.67	9.00	7.54	9.38	7.74	9.74		
1985-11-08							7.82	9.84		8.57	8.91	7.46	9.30	7.64	9.67		
1985-11-11							.	.		.	.	.	.	.	.		
1985-11-12							7.81	9.74		8.53	8.85	7.46	9.20	7.63	9.53		
1985-11-13							7.88	9.78		8.58	8.92	7.52	9.28	7.69	9.61		
1985-11-14							7.91	9.84		8.63	8.98	7.56	9.33	7.75	9.67		
1985-11-15							7.94	9.92		8.66	9.00	7.59	9.39	7.75	9.72		
1985-11-18							7.83	9.72		8.51	8.82	7.48	9.22	7.67	9.54		
1985-11-19							7.83	9.73		8.52	8.75	7.45	9.20	7.65	9.54		
1985-11-20							7.87	9.72		8.54	8.78	7.49	9.22	7.70	9.53		
1985-11-21							7.84	9.58		8.51	8.75	7.47	9.17	7.68	9.48		
1985-11-22							7.86	9.66		8.52	8.79	7.47	9.22	7.68	9.55		
1985-11-25							7.87	9.68		8.52	8.78	7.44	9.23	7.67	9.55		
1985-11-26							7.90	9.68		8.53	8.78	7.43	9.24	7.66	9.55		
1985-11-27							7.86	9.64		8.52	8.72	7.41	9.12	7.65	9.51		
1985-11-28							.	.		.	.	.	.	.	.		
1985-11-29							7.85	9.59		8.46	8.70	7.39	9.07	7.63	9.47		
1985-12-02							7.91	9.69		8.54	8.75	7.50	9.14	7.70	9.55		
1985-12-03							7.92	9.68		8.52	8.77	7.47	9.15	7.69	9.55		
1985-12-04							7.87	9.63		8.49	8.75	7.46	9.10	7.68	9.50		
1985-12-05							7.91	9.62		8.47	8.75	7.50	9.10	7.72	9.49		
1985-12-06							7.89	9.65		8.47	8.75	7.48	9.12	7.69	9.51		
1985-12-09							7.83	9.49		8.35	8.62	7.44	8.98	7.65	9.34		
1985-12-10							7.76	9.36		8.23	8.50	7.41	8.83	7.61	9.20		
1985-12-11							7.53	9.20		8.00	8.28	7.28	8.64	7.41	9.02		
1985-12-12							7.61	9.27		8.07	8.38	7.31	8.72	7.43	9.12		
1985-12-13							7.50	9.21		7.97	8.25	7.20	8.63	7.32	9.05		
1985-12-16							7.53	9.16		8.00	8.28	7.25	8.62	7.38	9.00		
1985-12-17							7.52	9.04		7.94	8.18	7.23	8.48	7.36	8.89		
1985-12-18							7.64	9.11		8.04	8.25	7.36	8.57	7.48	8.95		
1985-12-19							7.59	9.10		8.00	8.27	7.33	8.58	7.45	8.95		
1985-12-20							7.58	9.04		8.01	8.18	7.27	8.52	7.44	8.89		
1985-12-23							7.63	9.08		8.01	8.24	7.30	8.56	7.47	8.94		
1985-12-24							7.63	9.07		8.02	8.27	7.28	8.56	7.44	8.93		
1985-12-25							.	.		.	.	.	.	.	.		
1985-12-26							7.55	9.04		7.99	8.23	7.23	8.52	7.37	8.89		
1985-12-27							7.55	8.99		7.99	8.23	7.18	8.50	7.37	8.86		
1985-12-30							7.62	9.01		7.99	8.24	7.17	8.49	7.44	8.87		
1985-12-31							7.60	9.00		7.98	8.22	7.28	8.49	7.44	8.87		
1986-01-01							.	.		.	.	.	.	.	.		
1986-01-02			25.56				7.64	9.04		8.02	8.26	7.33	8.51	7.50	8.92		
1986-01-03			26.00				7.65	9.05		8.03	8.28	7.29	8.52	7.49	8.94		
1986-01-06			26.53				7.64	9.07		8.04	8.30	7.29	8.54	7.47	8.96		
1986-01-07			25.85				7.59	8.94		7.97	8.20	7.26	8.44	7.43	8.78		
1986-01-08			25.87				7.73	9.13		8.09	8.31	7.40	8.58	7.58	8.97		
1986-01-09			26.03				7.83	9.27		8.27	8.53	7.41	8.78	7.68	9.10		
1986-01-10			25.65				7.89	9.39		8.36	8.62	7.44	8.89	7.70	9.24		
1986-01-13			25.08				7.95	9.49		8.38	8.69	7.48	9.00	7.70	9.33		
1986-01-14			24.97				7.93	9.43		8.33	8.65	7.48	8.93	7.68	9.26		
1986-01-15			25.18				7.85	9.31		8.24	8.52	7.42	8.82	7.66	9.12		
1986-01-16			23.98				7.79	9.30		8.21	8.51	7.31	8.79	7.57	9.11		
1986-01-17			23.63				7.80	9.24		8.19	8.46	7.33	8.74	7.58	9.08		
1986-01-20			21.33				.	.		.	.	.	.	.	.		
1986-01-21			20.61				7.77	9.22		8.20	8.47	7.25	8.74	7.53	9.05		
1986-01-22			20.25				7.76	9.28		8.19	8.47	7.23	8.77	7.51	9.09		
1986-01-23			19.93				7.71	9.23		8.17	8.45	7.19	8.74	7.47	9.07		
1986-01-24			19.45				7.68	9.23		8.13	8.44	7.19	8.74	7.46	9.06		
1986-01-27			20.87				7.63	9.13		8.07	8.34	7.18	8.63	7.43	8.95		
1986-01-28			19.45				7.60	9.05		8.02	8.26	7.14	8.53	7.39	8.86		
1986-01-29			19.61				7.65	9.09		8.05	8.31	7.26	8.56	7.49	8.90		
1986-01-30			19.58				7.64	9.10		8.04	8.31	7.27	8.57	7.46	8.92		
1986-01-31			18.95				7.57	9.08		7.99	8.25	7.19	8.53	7.41	8.88		
1986-02-03			17.42				7.59	9.02		7.97	8.21	7.22	8.50	7.42	8.83		
1986-02-04			15.58				7.55	8.96		7.94	8.10	7.20	8.44	7.40	8.76		
1986-02-05			16.28				7.58	8.97		7.99	8.17	7.24	8.51	7.43	8.83		
1986-02-06			16.60				7.63	9.03		8.02	8.22	7.33	8.54	7.50	8.88		
1986-02-07			17.70				7.80	9.11		8.15	8.33	7.44	8.62	7.63	8.95		
1986-02-10			16.78				7.74	9.00		8.08	8.24	7.43	8.54	7.61	8.86		
1986-02-11			16.28				7.68	8.93		8.04	8.18	7.34	8.47	7.54	8.79		
1986-02-12			15.74				7.71	8.91		8.08	8.19	7.34	8.46	7.56	8.78		
1986-02-13			16.43				7.71	8.85		8.06	8.18	7.33	8.43	7.56	8.71		
1986-02-14			16.03				7.59	8.68		7.99	8.06	7.24	8.29	7.47	8.53		
1986-02-17			.				.	.		.	.	.	.	.	.		
1986-02-18			14.70				7.56	8.64		7.96	8.04	7.24	8.28	7.42	8.51		
1986-02-19			15.08				7.67	8.70		8.06	8.14	7.31	8.37	7.51	8.58		
1986-02-20			14.13				7.68	8.67		8.05	8.17	7.34	8.39	7.54	8.57		
1986-02-21			13.63				7.56	8.48		7.93	8.04	7.20	8.24	7.42	8.40		
1986-02-24			14.68				7.53	8.39		7.86	7.99	7.24	8.20	7.41	8.31		
1986-02-25			14.68				7.59	8.40		7.89	8.01	7.28	8.21	7.43	8.33		
1986-02-26			14.62				7.57	8.36		7.88	7.98	7.30	8.07	7.42	8.26		
1986-02-27			14.05				7.48	8.15		7.72	7.80	7.26	7.91	7.36	8.06		
1986-02-28			13.23				7.43	8.13		7.71	7.79	7.24	7.91	7.36	8.05		
1986-03-03			11.98				7.35	7.99		7.55	7.62	7.19	7.76	7.30	7.92		
1986-03-04			11.98				7.23	7.93		7.38	7.44	7.06	7.55	7.11	7.84		
1986-03-05			12.03				7.30	8.12		7.54	7.63	7.07	7.76	7.16	8.02		
1986-03-06			13.13				7.14	8.04		7.38	7.47	6.90	7.68	7.02	7.90		
1986-03-07			12.24				7.07	7.96		7.29	7.37	6.81	7.56	6.93	7.80		
1986-03-10			12.94				7.01	7.76		7.16	7.24	6.81	7.41	6.87	7.63		
1986-03-11			13.23				7.03	7.70		7.15	7.22	6.77	7.35	6.88	7.58		
1986-03-12			14.05				7.04	7.68		7.17	7.25	6.83	7.37	6.91	7.57		
1986-03-13			12.60				7.07	7.75		7.21	7.31	6.80	7.46	6.96	7.65		
1986-03-14			12.55				7.00	7.72		7.18	7.27	6.74	7.40	6.88	7.62		
1986-03-17			13.28				7.03	7.77		7.22	7.27	6.77	7.42	6.92	7.68		
1986-03-18			14.03				7.03	7.83		7.23	7.29	6.74	7.48	6.90	7.76		
1986-03-19			13.25				7.02	7.82		7.17	7.30	6.69	7.46	6.88	7.72		
1986-03-20			12.75				7.00	7.78		7.17	7.29	6.64	7.45	6.83	7.69		
1986-03-21			13.95				6.98	7.80		7.19	7.28	6.61	7.47	6.80	7.70		
1986-03-24			12.20				6.92	7.70		7.11	7.22	6.61	7.40	6.78	7.62		
1986-03-25			12.43				6.93	7.70		7.12	7.23	6.57	7.39	6.76	7.62		
1986-03-26			12.03				6.92	7.64		7.11	7.19	6.61	7.36	6.74	7.47		
1986-03-27			11.35				6.79	7.49		7.04	7.13	6.53	7.28	6.62	7.35		
1986-03-28			.				.	.		.	.	.	.	.	.		
1986-03-31			10.25				6.72	7.39		6.92	7.02	6.53	7.19	6.57	7.21		
1986-04-01			11.13				6.70	7.37		6.89	7.01	6.52	7.18	6.62	7.25		
1986-04-02			11.35				6.68	7.33		6.90	7.05	6.53	7.21	6.64	7.24		
1986-04-03			11.70				6.68	7.41		6.94	7.07	6.52	7.29	6.62	7.32		
1986-04-04			12.75				6.58	7.45		6.85	7.00	6.41	7.22	6.51	7.33		
1986-04-07			14.39				6.56	7.43		6.82	6.99	6.43	7.19	6.51	7.30		
1986-04-08			12.83				6.48	7.31		6.70	6.88	6.31	7.07	6.40	7.16		
1986-04-09			13.00				6.33	7.27		6.58	6.73	6.19	6.99	6.28	7.10		
1986-04-10			13.45				6.32	7.23		6.58	6.71	6.20	6.95	6.29	7.05		
1986-04-11			13.63				6.34	7.29		6.65	6.78	6.13	7.00	6.29	7.13		
1986-04-14			12.94				6.26	7.19		6.53	6.66	6.09	6.89	6.23	7.02		
1986-04-15			12.72				6.26	7.22		6.53	6.65	5.98	6.88	6.18	7.03		
1986-04-16			11.50				6.14	6.98		6.39	6.49	5.94	6.68	6.07	6.79		
1986-04-17			11.75				6.19	7.03		6.44	6.55	6.01	6.75	6.10	6.86		
1986-04-18			11.88				6.19	7.09		6.44	6.58	6.04	6.78	6.10	6.91		
1986-04-21			12.48				6.23	7.04		6.46	6.57	6.04	6.75	6.14	6.88		
1986-04-22			13.13				6.32	7.25		6.58	6.74	6.12	6.93	6.24	7.13		
1986-04-23			13.70				6.48	7.36		6.67	6.97	6.27	7.11	6.38	7.27		
1986-04-24			13.65				6.62	7.51		6.89	7.17	6.29	7.31	6.45	7.41		
1986-04-25			14.23				6.65	7.58		6.91	7.26	6.32	7.39	6.50	7.49		
1986-04-28			13.34				6.59	7.48		6.86	7.10	6.29	7.27	6.46	7.37		
1986-04-29			13.63				6.55	7.38		6.85	7.03	6.27	7.17	6.42	7.28		
1986-04-30			13.38				6.54	7.38		6.83	7.02	6.28	7.17	6.44	7.26		
1986-05-01			13.80				6.55	7.45		6.85	7.07	6.29	7.20	6.43	7.30		
1986-05-02			14.65				6.57	7.51		6.88	7.11	6.33	7.23	6.42	7.35		
1986-05-05			14.32				6.51	7.45		6.82	7.04	6.24	7.17	6.38	7.28		
1986-05-06			14.43				6.48	7.46		6.82	6.96	6.23	7.16	6.36	7.30		
1986-05-07			15.13				6.49	7.43		6.83	6.98	6.22	7.21	6.35	7.37		
1986-05-08			15.70				6.45	7.40		6.78	6.93	6.22	7.17	6.33	7.32		
1986-05-09			15.83				6.51	7.48		6.85	7.01	6.23	7.25	6.36	7.41		
1986-05-12			15.75				6.61	7.67		6.98	7.14	6.32	7.41	6.44	7.57		
1986-05-13			15.65				6.61	7.63		7.00	7.18	6.27	7.46	6.38	7.59		
1986-05-14			15.53				6.56	7.66		7.00	7.17	6.27	7.48	6.34	7.62		
1986-05-15			15.68				6.65	7.79		7.16	7.37	6.35	7.67	6.45	7.80		
1986-05-16			16.08				6.80	7.99		7.32	7.56	6.40	7.89	6.56	7.99		
1986-05-19			17.13				6.80	7.98		7.28	7.48	6.39	7.87	6.57	7.97		
1986-05-20			16.18				6.75	7.88		7.23	7.46	6.42	7.80	6.55	7.85		
1986-05-21			15.53				6.72	7.90		7.20	7.43	6.39	7.76	6.50	7.86		
1986-05-22			16.04				6.73	7.88		7.20	7.45	6.39	7.76	6.56	7.85		
1986-05-23			16.95				6.70	7.84		7.19	7.43	6.36	7.73	6.53	7.82		
1986-05-26			.				.	.		.	.	.	.	.	.		
1986-05-27			15.10				6.67	7.73		7.14	7.36	6.35	7.65	6.51	7.72		
1986-05-28			14.65				6.72	7.73		7.17	7.37	6.38	7.55	6.55	7.72		
1986-05-29			14.50				6.87	7.99		7.35	7.55	6.49	7.78	6.69	7.98		
1986-05-30			14.30				6.88	8.05		7.36	7.58	6.49	7.82	6.70	8.03		
1986-06-02			13.80				7.00	8.32		7.50	7.77	6.56	8.05	6.78	8.28		
1986-06-03			13.35				7.01	8.19		7.49	7.76	6.61	7.99	6.77	8.15		
1986-06-04			13.15				7.08	8.39		7.63	7.86	6.72	8.17	6.89	8.30		
1986-06-05			13.21				7.05	8.31		7.54	7.83	6.71	8.10	6.84	8.22		
1986-06-06			12.73				6.84	7.95		7.27	7.49	6.51	7.78	6.68	7.87		
1986-06-09			12.61				6.90	8.13		7.39	7.67	6.56	7.94	6.73	8.06		
1986-06-10			12.38				6.89	8.07		7.38	7.63	6.47	7.92	6.70	8.02		
1986-06-11			13.52				6.93	8.01		7.39	7.63	6.53	7.90	6.75	7.99		
1986-06-12			13.69				6.88	7.98		7.31	7.58	6.47	7.83	6.69	7.91		
1986-06-13			13.83				6.66	7.73		7.15	7.36	6.36	7.57	6.55	7.66		
1986-06-16			13.65				6.63	7.63		7.10	7.25	6.31	7.47	6.51	7.58		
1986-06-17			13.65				6.58	7.63		7.08	7.26	6.27	7.45	6.46	7.56		
1986-06-18			13.62				6.57	7.57		7.01	7.21	6.27	7.41	6.45	7.54		
1986-06-19			13.73				6.66	7.69		7.10	7.27	6.29	7.49	6.50	7.66		
1986-06-20			14.44				6.60	7.60		7.06	7.26	6.28	7.45	6.45	7.61		
1986-06-23			14.05				6.60	7.55		7.03	7.24	6.30	7.42	6.47	7.55		
1986-06-24			13.98				6.57	7.47		6.98	7.19	6.26	7.35	6.37	7.47		
1986-06-25			13.23				6.53	7.42		6.91	7.12	6.26	7.31	6.37	7.36		
1986-06-26			13.14				6.52	7.42		6.91	7.08	6.26	7.29	6.34	7.37		
1986-06-27			13.38				6.47	7.38		6.84	7.06	6.20	7.27	6.27	7.35		
1986-06-30			12.80				6.41	7.35		6.81	7.00	6.13	7.23	6.22	7.29		
1986-07-01			12.39				6.39	7.37		6.80	7.00	6.17	7.23	6.24	7.31		
1986-07-02			12.04				6.38	7.37		6.81	7.02	6.18	7.23	6.22	7.31		
1986-07-03			11.70				6.26	7.31		6.71	6.92	6.08	7.15	6.11	7.23		
1986-07-04			.				.	.		.	.	.	.	.	.		
1986-07-07			11.18				6.26	7.31		6.70	6.92	6.04	7.14	6.10	7.24		
1986-07-08			11.19				6.41	7.44		6.84	7.05	6.11	7.26	6.24	7.37		
1986-07-09			11.00				6.31	7.31		6.73	6.93	6.05	7.14	6.17	7.25		
1986-07-10			11.13				6.29	7.31		6.73	6.91	6.02	7.12	6.16	7.24		
1986-07-11			11.13				6.17	7.30		6.60	6.81	5.92	7.00	6.07	7.23		
1986-07-14			11.23				6.18	7.25		6.58	6.78	5.94	6.97	6.08	7.16		
1986-07-15			11.85				6.17	7.16		6.56	6.74	5.94	6.91	6.06	7.08		
1986-07-16			12.68				6.20	7.20		6.59	6.72	5.94	6.90	6.09	7.11		
1986-07-17			12.30				6.21	7.18		6.61	6.73	5.92	6.91	6.08	7.11		
1986-07-18			12.80				6.15	7.16		6.56	6.69	5.88	6.88	6.03	7.07		
1986-07-21			13.07				6.14	7.14		6.56	6.69	5.89	6.88	6.04	7.05		
1986-07-22			10.88				6.20	7.20		6.60	6.75	5.89	6.93	6.05	7.10		
1986-07-23			10.83				6.29	7.29		6.63	6.87	5.98	7.04	6.15	7.21		
1986-07-24			10.95				6.30	7.35		6.67	6.91	5.98	7.12	6.15	7.26		
1986-07-25			10.83				6.32	7.33		6.67	6.87	5.98	7.09	6.15	7.25		
1986-07-28			11.09				6.39	7.53		6.76	7.01	6.07	7.23	6.21	7.42		
1986-07-29			11.63				6.33	7.41		6.71	6.93	6.03	7.13	6.14	7.31		
1986-07-30			11.73				6.30	7.41		6.67	6.90	6.02	7.10	6.13	7.30		
1986-07-31			11.23				6.20	7.34		6.57	6.81	5.96	7.02	6.06	7.22		
1986-08-01			11.56				6.15	7.34		6.56	6.81	5.94	7.02	6.03	7.22		
1986-08-04			14.00				6.13	7.33		6.56	6.80	5.88	7.01	6.00	7.22		
1986-08-05			14.35				6.16	7.39		6.58	6.74	5.87	7.07	6.03	7.27		
1986-08-06			14.80				6.20	7.47		6.61	6.78	5.88	7.13	6.04	7.35		
1986-08-07			15.18				6.19	7.45		6.61	6.76	5.89	7.10	6.04	7.31		
1986-08-08			14.83				6.12	7.30		6.54	6.68	5.86	6.97	6.01	7.16		
1986-08-11			14.92				6.08	7.25		6.51	6.64	5.84	6.90	5.95	7.12		
1986-08-12			15.50				6.03	7.23		6.46	6.60	5.77	6.89	5.83	7.09		
1986-08-13			15.28				5.97	7.15		6.37	6.51	5.73	6.83	5.79	7.03		
1986-08-14			15.43				6.00	7.16		6.39	6.51	5.75	6.89	5.80	7.02		
1986-08-15			15.83				5.98	7.14		6.36	6.49	5.71	6.83	5.78	7.02		
1986-08-18			15.58				5.98	7.14		6.37	6.50	5.77	6.83	5.81	7.01		
1986-08-19			14.98				5.89	7.02		6.29	6.38	5.72	6.70	5.81	6.89		
1986-08-20			15.23				5.85	7.00		6.17	6.34	5.66	6.65	5.78	6.83		
1986-08-21			15.23				5.74	6.96		6.08	6.24	5.52	6.62	5.63	6.78		
1986-08-22			15.48				5.78	7.07		6.14	6.31	5.51	6.68	5.66	6.88		
1986-08-25			15.48				5.72	7.06		6.10	6.29	5.43	6.65	5.62	6.86		
1986-08-26			15.78				5.68	6.97		6.02	6.22	5.44	6.63	5.54	6.75		
1986-08-27			15.83				5.73	7.06		6.12	6.32	5.47	6.53	5.57	6.85		
1986-08-28			15.83				5.68	7.04		6.07	6.28	5.44	6.52	5.53	6.83		
1986-08-29			15.93				5.52	6.95		5.94	6.13	5.31	6.40	5.38	6.75		
1986-09-01			.				.	.		.	.	.	.	.	.		
1986-09-02			16.43				5.59	7.03		5.99	6.19	5.33	6.45	5.40	6.81		
1986-09-03			16.03				5.68	7.20		6.14	6.35	5.38	6.64	5.50	7.01		
1986-09-04			16.18				5.63	7.15		6.11	6.34	5.33	6.63	5.47	6.98		
1986-09-05			15.63				5.72	7.32		6.25	6.50	5.37	6.81	5.53	7.14		
1986-09-08			15.63				5.78	7.38		6.30	6.59	5.39	6.89	5.57	7.23		
1986-09-09			15.00				5.77	7.35		6.30	6.58	5.34	6.88	5.56	7.20		
1986-09-10			14.90				5.74	7.35		6.27	6.54	5.30	6.85	5.54	7.20		
1986-09-11			15.05				5.84	7.57		6.43	6.73	5.35	7.07	5.65	7.41		
1986-09-12			15.06				5.80	7.63		6.43	6.74	5.31	7.09	5.60	7.48		
1986-09-15			14.31				5.77	7.53		6.39	6.69	5.32	7.00	5.57	7.36		
1986-09-16			13.80				5.76	7.53		6.38	6.66	5.27	6.99	5.55	7.35		
1986-09-17			14.03				5.77	7.46		6.37	6.64	5.26	6.93	5.54	7.28		
1986-09-18			14.55				5.87	7.62		6.47	6.75	5.37	7.02	5.65	7.41		
1986-09-19			14.47				5.86	7.67		6.52	6.81	5.40	7.10	5.67	7.50		
1986-09-22			13.94				5.82	7.62		6.49	6.77	5.40	7.06	5.63	7.44		
1986-09-23			14.30				5.83	7.58		6.46	6.77	5.40	7.03	5.63	7.40		
1986-09-24			14.55				5.78	7.48		6.37	6.66	5.38	6.94	5.57	7.29		
1986-09-25			14.28				5.78	7.47		6.37	6.66	5.37	6.94	5.58	7.32		
1986-09-26			14.43				5.79	7.47		6.39	6.71	5.38	6.96	5.59	7.32		
1986-09-29			14.93				5.86	7.54		6.46	6.76	5.41	7.04	5.63	7.39		
1986-09-30			14.70				5.82	7.45		6.38	6.68	5.34	6.98	5.61	7.31		
1986-10-01			15.23				5.82	7.41		6.36	6.65	5.33	6.93	5.61	7.26		
1986-10-02			15.38				5.83	7.45		6.38	6.68	5.33	6.95	5.61	7.31		
1986-10-03			14.86				5.60	7.31		6.16	6.46	5.23	6.74	5.39	7.14		
1986-10-06			14.83				5.58	7.28		6.14	6.42	5.19	6.71	5.37	7.11		
1986-10-07			15.60				5.57	7.28		6.13	6.42	5.20	6.71	5.28	7.09		
1986-10-08			15.35				5.55	7.31		6.11	6.41	5.18	6.71	5.25	7.12		
1986-10-09			15.05				5.57	7.33		6.15	6.43	5.20	6.73	5.26	7.14		
1986-10-10			14.98				5.59	7.36		6.16	6.45	5.20	6.73	5.34	7.18		
1986-10-13			.				.	.		.	.	.	.	.	.		
1986-10-14			14.55				5.69	7.49		6.26	6.54	5.28	6.82	5.39	7.29		
1986-10-15			14.83				5.70	7.51		6.27	6.58	5.32	6.87	5.50	7.32		
1986-10-16			14.53				5.72	7.53		6.29	6.58	5.34	6.87	5.51	7.34		
1986-10-17			14.85				5.81	7.57		6.38	6.67	5.42	6.94	5.59	7.38		
1986-10-20			15.17				5.88	7.66		6.47	6.78	5.47	7.05	5.65	7.50		
1986-10-21			15.22				5.83	7.57		6.40	6.67	5.46	6.96	5.63	7.39		
1986-10-22			14.85				5.82	7.49		6.34	6.64	5.45	6.91	5.60	7.33		
1986-10-23			14.88				5.79	7.43		6.31	6.56	5.41	6.82	5.55	7.25		
1986-10-24			14.93				5.79	7.47		6.35	6.64	5.42	6.86	5.56	7.28		
1986-10-27			14.40				5.76	7.42		6.32	6.60	5.34	6.82	5.53	7.26		
1986-10-28			14.18				5.79	7.45		6.34	6.62	5.34	6.85	5.49	7.21		
1986-10-29			13.73				5.75	7.41		6.32	6.59	5.34	6.82	5.48	7.19		
1986-10-30			15.08				5.69	7.31		6.24	6.52	5.32	6.75	5.46	7.08		
1986-10-31			15.25				5.73	7.34		6.26	6.51	5.34	6.76	5.50	7.10		
1986-11-03			14.70				5.71	7.29		6.21	6.49	5.36	6.71	5.50	7.06		
1986-11-04			15.05				5.72	7.31		6.23	6.41	5.40	6.71	5.55	7.07		
1986-11-05			14.93				5.75	7.24		6.26	6.45	5.40	6.72	5.58	7.09		
1986-11-06			15.08				5.79	7.32		6.29	6.49	5.41	6.79	5.61	7.16		
1986-11-07			15.15				5.85	7.40		6.35	6.55	5.47	6.86	5.65	7.24		
1986-11-10			15.30				5.92	7.38		6.42	6.59	5.58	6.89	5.74	7.23		
1986-11-11			15.39				.	.		.	.	.	.	.	.		
1986-11-12			15.33				5.89	7.35		6.38	6.56	5.55	6.87	5.74	7.20		
1986-11-13			15.55				5.87	7.33		6.35	6.53	5.55	6.83	5.70	7.17		
1986-11-14			15.68				5.86	7.29		6.33	6.50	5.55	6.81	5.69	7.13		
1986-11-17			15.62				5.84	7.22		6.32	6.47	5.56	6.77	5.69	7.06		
1986-11-18			15.65				5.81	7.27		6.32	6.47	5.50	6.79	5.64	7.09		
1986-11-19			15.52				5.73	7.19		6.21	6.42	5.48	6.73	5.59	7.02		
1986-11-20			15.10				5.82	7.19		6.26	6.45	5.53	6.74	5.65	7.04		
1986-11-21			15.13				5.75	7.17		6.21	6.40	5.51	6.72	5.63	7.01		
1986-11-24			14.98				5.75	7.11		6.19	6.37	5.53	6.69	5.64	6.95		
1986-11-25			15.05				5.77	7.15		6.23	6.40	5.54	6.66	5.66	7.00		
1986-11-26			15.00				5.78	7.15		6.21	6.39	5.54	6.65	5.65	7.00		
1986-11-27			.				.	.		.	.	.	.	.	.		
1986-11-28			15.00				5.76	7.15		6.21	6.38	5.54	6.65	5.65	7.00		
1986-12-01			15.29				5.82	7.18		6.25	6.43	5.57	6.69	5.69	7.02		
1986-12-02			15.22				5.80	7.08		6.22	6.37	5.56	6.61	5.68	6.91		
1986-12-03			15.13				5.75	7.06		6.17	6.35	5.56	6.58	5.66	6.89		
1986-12-04			15.20				5.73	7.01		6.15	6.30	5.55	6.53	5.63	6.85		
1986-12-05			15.14				5.81	7.12		6.24	6.38	5.59	6.65	5.69	6.96		
1986-12-08			15.01				5.83	7.10		6.24	6.39	5.66	6.61	5.74	6.92		
1986-12-09			14.93				5.82	7.07		6.21	6.36	5.63	6.60	5.72	6.91		
1986-12-10			15.12				5.82	7.05		6.19	6.35	5.64	6.58	5.71	6.90		
1986-12-11			15.49				5.83	7.12		6.24	6.39	5.64	6.64	5.72	6.95		
1986-12-12			16.13				5.84	7.13		6.24	6.40	5.64	6.66	5.73	6.98		
1986-12-15			16.38				5.88	7.15		6.29	6.45	5.66	6.69	5.82	7.00		
1986-12-16			16.11				5.88	7.12		6.29	6.44	5.74	6.67	5.82	6.97		
1986-12-17			15.83				5.93	7.12		6.31	6.46	5.80	6.68	5.85	6.98		
1986-12-18			16.28				5.90	7.11		6.31	6.46	5.76	6.69	5.83	6.98		
1986-12-19			16.55				5.89	7.10		6.29	6.46	5.66	6.69	5.82	6.98		
1986-12-22			16.95				5.91	7.10		6.30	6.45	5.69	6.69	5.84	6.98		
1986-12-23			16.93				5.94	7.08		6.30	6.45	5.71	6.68	5.85	6.95		
1986-12-24			17.26				5.92	7.07		6.30	6.45	5.73	6.68	5.83	6.96		
1986-12-25			.				.	.		.	.	.	.	.	.		
1986-12-26			.				5.91	7.08		6.30	6.47	5.72	6.69	5.82	6.96		
1986-12-29			17.65				6.02	7.17		6.37	6.53	5.83	6.78	5.95	7.06		
1986-12-30			17.73				6.06	7.23		6.42	6.59	5.85	6.82	5.93	7.09		
1986-12-31			17.93				5.95	7.23		6.35	6.56	5.83	6.81	5.87	7.09		
1987-01-01			.				.	.		.	.	.	.	.	.		
1987-01-02			18.13				5.86	7.18		6.30	6.48	5.70	6.75	5.80	7.03		
1987-01-05			17.98				5.85	7.08		6.24	6.41	5.71	6.67	5.79	6.95		
1987-01-06			18.21				5.85	7.08		6.25	6.42	5.67	6.67	5.77	6.93		
1987-01-07			18.28				5.78	7.05		6.22	6.37	5.58	6.65	5.71	6.90		
1987-01-08			18.63				5.78	7.04		6.20	6.36	5.58	6.60	5.68	6.89		
1987-01-09			18.78				5.76	7.01		6.19	6.34	5.53	6.58	5.68	6.86		
1987-01-12			19.00				5.76	7.05		6.20	6.37	5.52	6.61	5.67	6.90		
1987-01-13			18.86				5.78	7.10		6.22	6.40	5.51	6.64	5.65	6.94		
1987-01-14			19.13				5.78	7.11		6.24	6.42	5.50	6.67	5.64	6.95		
1987-01-15			19.09				5.78	7.08		6.22	6.41	5.51	6.64	5.64	6.92		
1987-01-16			19.13				5.72	7.03		6.22	6.37	5.47	6.60	5.60	6.87		
1987-01-19			18.70				.	.		.	.	.	.	.	.		
1987-01-20			18.73				5.65	7.01		6.17	6.34	5.45	6.57	5.55	6.84		
1987-01-21			18.60				5.70	7.01		6.17	6.36	5.46	6.57	5.53	6.84		
1987-01-22			18.76				5.70	7.03		6.17	6.38	5.53	6.57	5.56	6.85		
1987-01-23			18.59				5.70	7.06		6.20	6.38	5.55	6.59	5.56	6.89		
1987-01-26			18.63				5.79	7.17		6.26	6.45	5.64	6.67	5.66	6.97		
1987-01-27			18.48				5.81	7.16		6.24	6.46	5.64	6.66	5.68	6.97		
1987-01-28			18.56				5.79	7.13		6.24	6.43	5.62	6.63	5.66	6.93		
1987-01-29			18.68				5.80	7.13		6.24	6.45	5.63	6.65	5.69	6.95		
1987-01-30			18.73				5.93	7.18		6.33	6.51	5.76	6.71	5.83	6.99		
1987-02-02			18.59				5.93	7.23		6.36	6.55	5.77	6.75	5.84	7.04		
1987-02-03			18.38				5.92	7.25		6.38	6.53	5.75	6.77	5.83	7.06		
1987-02-04			18.26				5.93	7.23		6.38	6.53	5.79	6.76	5.86	7.05		
1987-02-05			18.56				5.87	7.20		6.33	6.50	5.75	6.70	5.83	7.01		
1987-02-06			18.44				5.93	7.19		6.38	6.53	5.82	6.73	5.91	7.01		
1987-02-09			18.37				5.99	7.25		6.45	6.60	5.88	6.79	5.98	7.07		
1987-02-10			18.43				6.08	7.33		6.49	6.65	5.99	6.89	6.06	7.16		
1987-02-11			18.03				6.11	7.37		6.58	6.74	6.03	6.96	6.10	7.20		
1987-02-12			18.05				6.03	7.31		6.47	6.65	5.88	6.92	5.96	7.13		
1987-02-13			17.83				6.05	7.28		6.43	6.59	5.81	6.83	5.91	7.10		
1987-02-16			.				.	.		.	.	.	.	.	.		
1987-02-17			17.78				6.09	7.33		6.48	6.64	5.88	6.87	5.98	7.14		
1987-02-18			17.44				6.02	7.30		6.43	6.59	5.76	6.84	5.87	7.11		
1987-02-19			17.48				5.90	7.23		6.33	6.53	5.60	6.76	5.62	7.04		
1987-02-20			17.83				5.89	7.24		6.33	6.51	5.58	6.78	5.67	7.05		
1987-02-23			17.15				5.88	7.23		6.35	6.52	5.59	6.78	5.69	7.04		
1987-02-24			16.75				5.88	7.18		6.32	6.49	5.59	6.75	5.66	7.00		
1987-02-25			16.43				5.91	7.21		6.37	6.53	5.60	6.72	5.64	7.01		
1987-02-26			16.98				5.91	7.21		6.35	6.53	5.60	6.74	5.65	7.01		
1987-02-27			16.45				5.90	7.19		6.35	6.51	5.60	6.71	5.68	7.00		
1987-03-02			16.43				5.92	7.17		6.34	6.50	5.63	6.69	5.68	6.97		
1987-03-03			17.40				5.96	7.21		6.37	6.52	5.71	6.72	5.82	7.01		
1987-03-04			17.40				5.90	7.14		6.32	6.48	5.68	6.66	5.78	6.95		
1987-03-05			18.00				5.91	7.16		6.35	6.51	5.69	6.69	5.78	6.97		
1987-03-06			18.13				6.02	7.23		6.42	6.58	5.82	6.77	5.92	7.04		
1987-03-09			18.13				6.04	7.23		6.43	6.56	5.82	6.78	5.94	7.04		
1987-03-10			18.27				6.09	7.23		6.44	6.57	5.86	6.78	5.91	7.05		
1987-03-11			18.33				6.09	7.23		6.44	6.57	5.86	6.78	5.90	7.05		
1987-03-12			18.42				6.09	7.22		6.43	6.56	5.85	6.78	5.89	7.05		
1987-03-13			18.39				6.01	7.19		6.39	6.52	5.79	6.75	5.88	7.01		
1987-03-16			18.61				6.04	7.22		6.41	6.55	5.83	6.77	5.90	7.04		
1987-03-17			18.94				6.00	7.20		6.42	6.54	5.74	6.75	5.83	7.03		
1987-03-18			18.75				5.99	7.21		6.40	6.54	5.69	6.76	5.76	7.04		
1987-03-19			18.61				5.95	7.21		6.38	6.51	5.67	6.75	5.75	7.02		
1987-03-20			18.70				5.98	7.22		6.40	6.53	5.69	6.77	5.80	7.04		
1987-03-23			18.60				6.03	7.25		6.42	6.59	5.80	6.80	5.89	7.07		
1987-03-24			.				6.06	7.27		6.44	6.63	5.79	6.82	5.85	7.09		
1987-03-25			18.48				6.07	7.26		6.46	6.64	5.74	6.84	5.85	7.10		
1987-03-26			18.63				6.06	7.24		6.42	6.61	5.74	6.81	5.86	7.03		
1987-03-27			18.65				6.14	7.33		6.49	6.69	5.81	6.89	5.92	7.12		
1987-03-30			18.67				6.23	7.54		6.63	6.85	5.85	7.07	6.03	7.33		
1987-03-31			18.82				6.15	7.51		6.54	6.79	5.79	7.02	6.01	7.29		
1987-04-01			18.78				6.21	7.59		6.65	6.90	5.71	7.12	6.03	7.39		
1987-04-02			18.90				6.18	7.59		6.63	6.90	5.68	7.12	6.03	7.39		
1987-04-03			18.68				6.14	7.59		6.62	6.88	5.67	7.10	5.98	7.39		
1987-04-06			18.71				6.10	7.54		6.57	6.83	5.65	7.06	5.95	7.34		
1987-04-07			18.69				6.15	7.62		6.59	6.89	5.68	7.14	5.94	7.42		
1987-04-08			18.68				6.17	7.61		6.59	6.89	5.67	7.14	5.95	7.41		
1987-04-09			18.64				6.33	7.78		6.74	7.01	5.93	7.30	6.06	7.58		
1987-04-10			18.26				6.56	7.98		6.97	7.27	6.04	7.55	6.27	7.79		
1987-04-13			18.07				6.69	8.07		7.08	7.42	6.22	7.68	6.41	7.90		
1987-04-14			18.09				6.73	8.28		7.19	7.54	6.11	7.83	6.42	8.05		
1987-04-15			18.46				6.57	8.10		7.02	7.38	5.86	7.67	6.24	7.90		
1987-04-16			18.58				6.41	8.03		6.90	7.24	5.73	7.55	6.13	7.81		
1987-04-17			.				.	.		.	.	.	.	.	.		
1987-04-20			18.66				6.61	8.20		7.06	7.45	5.74	7.72	6.32	8.00		
1987-04-21			18.97				6.52	8.19		7.09	7.44	5.67	7.71	6.19	7.99		
1987-04-22			19.03				6.66	8.24		7.23	7.51	5.59	7.77	6.18	8.05		
1987-04-23			19.03				6.72	8.39		7.36	7.64	5.66	7.92	6.10	8.17		
1987-04-24			19.01				6.84	8.47		7.48	7.79	5.94	8.05	6.29	8.31		
1987-04-27			18.83				6.88	8.37		7.50	7.77	5.98	7.97	6.38	8.20		
1987-04-28			18.73				6.75	8.28		7.43	7.68	6.01	7.91	6.42	8.12		
1987-04-29			18.66				6.75	8.35		7.43	7.71	5.89	7.93	6.41	8.18		
1987-04-30			18.76				6.62	8.21		7.38	7.63	5.70	7.82	6.25	8.07		
1987-05-01			18.84				6.78	8.39		7.47	7.75	5.78	7.98	6.28	8.23		
1987-05-04			18.93				6.92	8.52		7.61	7.88	5.87	8.12	6.34	8.35		
1987-05-05			19.18				6.90	8.45		7.60	7.84	5.99	8.08	6.42	8.30		
1987-05-06			19.22				6.85	8.54		7.62	7.92	5.67	8.15	6.06	8.39		
1987-05-07			19.08				6.87	8.50		7.60	7.88	5.70	8.08	6.06	8.34		
1987-05-08			19.28				6.84	8.43		7.57	7.81	5.71	8.04	6.14	8.28		
1987-05-11			19.43				6.92	8.57		7.66	7.93	5.84	8.19	6.18	8.43		
1987-05-12			19.37				6.92	8.55		7.68	7.94	5.78	8.19	6.11	8.41		
1987-05-13			19.39				7.00	8.55		7.68	7.95	5.70	8.18	6.12	8.42		
1987-05-14			19.56				7.02	8.57		7.66	7.95	5.91	8.20	6.25	8.42		
1987-05-15			19.84				7.27	8.80		7.95	8.21	6.15	8.45	6.57	8.67		
1987-05-18			19.91				7.24	8.73		7.93	8.19	6.09	8.42	6.61	8.60		
1987-05-19			19.97				7.30	8.89		7.99	8.27	5.96	8.55	6.58	8.76		
1987-05-20		18.63	19.75				7.23	8.92		8.05	8.35	5.87	8.61	6.53	8.79		
1987-05-21		18.45	19.95				7.12	8.87		8.06	8.32	5.71	8.55	6.43	8.74		
1987-05-22		18.55	19.68				7.10	8.78		7.97	8.23	5.74	8.49	6.45	8.66		
1987-05-25		18.60	.				.	.		.	.	.	.	.	.		
1987-05-26		18.63	19.35				6.96	8.55		7.79	8.01	5.83	8.23	6.44	8.40		
1987-05-27		18.60	19.38				7.01	8.60		7.84	8.06	5.94	8.28	6.52	8.47		
1987-05-28		18.60	19.28				6.94	8.56		7.81	8.04	5.82	8.25	6.51	8.44		
1987-05-29		18.58	19.36				6.88	8.49		7.69	7.94	5.87	8.15	6.47	8.35		
1987-06-01		18.65	19.55				6.88	8.45		7.67	7.91	5.92	8.08	6.46	8.30		
1987-06-02		18.68	19.70				6.98	8.72		7.85	8.10	5.94	8.31	6.45	8.58		
1987-06-03		18.75	19.87				6.91	8.64		7.78	8.06	5.87	8.25	6.40	8.50		
1987-06-04		18.78	19.75				6.87	8.58		7.76	8.00	5.84	8.20	6.39	8.45		
1987-06-05		18.65	19.79				6.90	8.50		7.66	7.92	5.87	8.11	6.31	8.36		
1987-06-08		18.75	19.94				6.90	8.53		7.68	7.95	5.85	8.14	6.21	8.41		
1987-06-09		18.78	19.84				6.83	8.56		7.71	7.97	5.68	8.18	6.18	8.43		
1987-06-10		18.78	19.83				6.76	8.56		7.68	7.91	5.65	8.15	6.14	8.45		
1987-06-11		18.68	19.85				6.78	8.52		7.66	7.91	5.72	8.13	6.20	8.41		
1987-06-12		18.78	19.93				6.71	8.32		7.51	7.73	5.73	7.90	6.15	8.19		
1987-06-15		.	20.07				6.73	8.28		7.47	7.68	5.85	7.89	6.24	8.16		
1987-06-16		18.90	20.27				6.74	8.28		7.47	7.70	5.81	7.89	6.24	8.16		
1987-06-17		19.03	20.41				6.72	8.23		7.42	7.64	5.83	7.83	6.23	8.10		
1987-06-18		19.05	20.50				6.73	8.27		7.44	7.67	5.83	7.87	6.19	8.13		
1987-06-19		19.05	20.65				6.72	8.30		7.45	7.69	5.84	7.89	6.21	8.17		
1987-06-22		19.10	20.49				6.69	8.23		7.42	7.64	5.86	7.83	6.21	8.09		
1987-06-23		18.90	19.95				6.75	8.23		7.45	7.66	5.90	7.85	6.31	8.10		
1987-06-24		18.75	20.13				6.83	8.31		7.54	7.77	6.02	7.94	6.39	8.19		
1987-06-25		18.70	20.15				6.77	8.25		7.47	7.72	6.03	7.91	6.39	8.10		
1987-06-26		19.08	20.34				6.80	8.37		7.56	7.82	5.97	8.02	6.43	8.23		
1987-06-29		19.15	20.38				6.73	8.34		7.48	7.77	5.88	7.97	6.32	8.20		
1987-06-30		19.08	20.22				6.77	8.38		7.48	7.76	5.91	8.02	6.19	8.24		
1987-07-01		18.98	20.47				6.69	8.36		7.44	7.72	5.82	7.96	6.09	8.22		
1987-07-02		19.25	20.61				6.66	8.30		7.38	7.64	5.84	7.90	6.03	8.14		
1987-07-03		19.33	20.61				.	.		.	.	.	.	.	.		
1987-07-06		19.48	20.92				6.67	8.29		7.38	7.66	5.85	7.90	6.08	8.13		
1987-07-07		19.50	20.76				6.63	8.28		7.36	7.63	5.78	7.90	5.85	8.10		
1987-07-08		19.48	20.94				6.62	8.32		7.35	7.65	5.74	7.90	5.69	8.13		
1987-07-09		19.68	21.32				6.64	8.37		7.38	7.68	5.78	7.95	5.88	8.19		
1987-07-10		19.73	21.34				6.51	8.32		7.32	7.62	5.76	7.88	5.73	8.13		
1987-07-13		19.83	21.38				6.51	8.38		7.36	7.66	5.78	7.93	5.82	8.18		
1987-07-14		19.88	21.65				6.50	8.33		7.32	7.61	5.72	7.89	5.77	8.15		
1987-07-15		20.28	22.23				6.57	8.43		7.37	7.69	5.75	7.97	5.84	8.25		
1987-07-16		20.40	22.44				6.54	8.41		7.34	7.66	5.75	7.95	5.86	8.21		
1987-07-17		20.63	22.44				6.55	8.36		7.34	7.64	5.73	7.92	5.87	8.16		
1987-07-20		20.55	22.23				6.58	8.41		7.38	7.68	5.72	7.96	5.89	8.22		
1987-07-21		20.35	21.75				6.69	8.49		7.45	7.75	5.87	8.03	6.09	8.30		
1987-07-22		20.33	21.73				6.73	8.54		7.47	7.78	5.85	8.05	6.12	8.35		
1987-07-23		20.15	21.23				6.74	8.56		7.46	7.79	5.87	8.08	6.17	8.37		
1987-07-24		19.58	20.58				6.82	8.58		7.53	7.84	5.96	8.12	6.30	8.40		
1987-07-27		19.30	20.50				6.84	8.60		7.59	7.87	6.03	8.15	6.35	8.42		
1987-07-28		19.78	21.35				6.86	8.62		7.61	7.90	6.09	8.17	6.40	8.44		
1987-07-29		19.98	21.49				6.91	8.61		7.64	7.89	6.11	8.16	6.42	8.44		
1987-07-30		20.20	21.47				6.88	8.61		7.63	7.94	6.27	8.20	6.45	8.45		
1987-07-31		20.03	21.43				6.89	8.66		7.63	7.95	6.27	8.21	6.46	8.48		
1987-08-03		20.95	22.21				7.01	8.81		7.72	8.08	6.25	8.34	6.49	8.62		
1987-08-04		20.65	21.82				7.01	8.81		7.72	8.07	6.04	8.34	6.42	8.62		
1987-08-05		19.80	21.37				6.90	8.71		7.65	7.99	6.04	8.26	6.36	8.52		
1987-08-06		19.75	21.17				6.91	8.73		7.65	7.99	5.93	8.28	6.35	8.54		
1987-08-07		19.65	21.01				6.97	8.70		7.69	7.99	6.04	8.27	6.38	8.52		
1987-08-10		19.43	20.70				6.98	8.74		7.71	8.03	6.11	8.29	6.43	8.55		
1987-08-11		19.45	21.07				6.94	8.73		7.69	7.94	6.13	8.26	6.37	8.54		
1987-08-12		19.50	20.96				6.92	8.72		7.67	7.94	6.14	8.27	6.33	8.54		
1987-08-13		19.40	20.76				6.89	8.63		7.64	7.90	6.15	8.21	6.31	8.47		
1987-08-14		19.25	20.53				6.91	8.58		7.62	7.86	6.15	8.18	6.34	8.43		
1987-08-17		18.85	19.85				6.93	8.56		7.62	7.86	6.17	8.17	6.33	8.41		
1987-08-18		18.75	19.84				6.98	8.73		7.71	7.97	6.21	8.31	6.49	8.57		
1987-08-19		18.50	19.71				7.04	8.77		7.76	8.02	6.24	8.34	6.51	8.60		
1987-08-20		18.30	19.47				7.07	8.74		7.77	8.02	6.31	8.35	6.55	8.58		
1987-08-21		18.10	19.20				7.04	8.77		7.79	8.05	6.30	8.35	6.55	8.60		
1987-08-24		17.48	19.18				7.07	8.78		7.81	8.06	6.38	8.34	6.61	8.61		
1987-08-25		17.55	19.30				7.08	8.73		7.79	8.02	6.38	8.32	6.49	8.56		
1987-08-26		18.10	19.49				7.15	8.79		7.87	8.09	6.46	8.36	6.49	8.61		
1987-08-27		18.28	19.69				7.24	8.92		7.95	8.21	6.50	8.48	6.57	8.75		
1987-08-28		18.20	19.44				7.26	9.02		8.01	8.27	6.52	8.54	6.66	8.84		
1987-08-31		18.63	19.76				7.23	9.00		7.97	8.27	6.45	8.52	6.62	8.83		
1987-09-01		18.43	19.61				7.30	9.05		7.98	8.29	6.32	8.57	6.61	8.87		
1987-09-02		18.40	19.62				7.40	9.28		8.15	8.46	6.29	8.77	6.67	9.10		
1987-09-03		18.18	19.48				7.50	9.29		8.19	8.48	6.39	8.77	6.61	9.10		
1987-09-04		18.13	19.34				7.63	9.30		8.26	8.56	6.59	8.82	6.87	9.12		
1987-09-07		17.60	19.34				.	.		.	.	.	.	.	.		
1987-09-08		17.68	18.99				7.78	9.50		8.46	8.75	6.66	9.02	6.91	9.34		
1987-09-09		17.90	19.43				7.75	9.48		8.43	8.74	6.65	9.00	7.04	9.35		
1987-09-10		18.30	19.72				7.67	9.42		8.36	8.69	6.54	8.95	6.70	9.26		
1987-09-11		18.18	19.42				7.66	9.33		8.31	8.62	6.56	8.88	6.80	9.19		
1987-09-14		18.15	19.64				7.67	9.34		8.26	8.56	6.56	8.87	6.87	9.17		
1987-09-15		18.53	19.66				7.66	9.44		8.30	8.63	6.55	8.95	7.00	9.29		
1987-09-16		18.53	19.71				7.66	9.52		8.35	8.70	6.55	9.00	7.04	9.35		
1987-09-17		18.43	19.58				7.65	9.48		8.34	8.69	6.59	8.98	7.03	9.32		
1987-09-18		18.30	19.58				7.62	9.38		8.30	8.63	6.63	8.91	7.03	9.22		
1987-09-21		18.28	19.77				7.68	9.45		8.33	8.67	6.74	8.94	7.12	9.28		
1987-09-22		18.48	19.35				7.67	9.37		8.31	8.64	6.73	8.91	7.12	9.20		
1987-09-23		18.48	19.66				7.66	9.40		8.31	8.66	6.71	8.92	7.11	9.24		
1987-09-24		18.68	19.61				7.74	9.51		8.42	8.77	6.67	9.03	7.19	9.36		
1987-09-25		18.60	19.47				7.77	9.53		8.48	8.80	6.76	9.06	7.25	9.37		
1987-09-28		18.65	19.48				7.76	9.52		8.48	8.78	6.81	9.07	7.28	9.38		
1987-09-29		18.50	19.58				7.88	9.64		8.60	8.92	6.92	9.17	7.29	9.49		
1987-09-30		18.48	19.62				7.92	9.63		8.60	8.93	6.83	9.21	7.19	9.50		
1987-10-01		18.50	19.62				7.94	9.66		8.62	8.93	6.86	9.22	7.18	9.53		
1987-10-02		18.65	19.88				7.92	9.60		8.61	8.91	6.89	9.20	7.22	9.48		
1987-10-05		18.78	19.81				8.00	9.69		8.66	8.97	6.92	9.28	7.25	9.57		
1987-10-06		18.60	19.33				8.01	9.72		8.73	9.03	6.77	9.32	7.34	9.60		
1987-10-07		18.58	19.68				8.00	9.71		8.73	9.02	6.78	9.31	7.33	9.55		
1987-10-08		18.63	19.77				8.24	9.86		9.03	9.20	6.93	9.49	7.68	9.73		
1987-10-09		18.60	19.67				8.25	9.94		9.01	9.30	7.00	9.56	7.74	9.81		
1987-10-12		18.55	19.67				.	.		.	.	.	.	.	.		
1987-10-13		18.55	19.66				8.17	9.90		8.94	9.22	7.03	9.51	7.70	9.76		
1987-10-14		18.68	19.79				8.35	10.13		9.14	9.44	7.45	9.75	7.98	9.99		
1987-10-15		18.68	19.77				8.42	10.18		9.23	9.52	7.33	9.82	8.10	10.05		
1987-10-16		19.00	20.23				8.38	10.23		9.22	9.52	7.19	9.84	8.01	10.08		
1987-10-19		19.10	19.79				7.98	10.15		8.93	9.32	6.67	9.70	7.51	10.00		
1987-10-20		18.78	19.79				7.15	9.40		8.09	8.53	6.05	8.93	6.66	9.23		
1987-10-21		18.93	19.93				7.03	9.30		7.90	8.44	5.78	8.80	6.51	9.17		
1987-10-22		19.13	20.19				7.02	8.97		7.76	8.19	5.53	8.52	6.31	8.86		
1987-10-23		18.98	20.18				6.93	8.98		7.76	8.20	5.47	8.55	6.30	8.88		
1987-10-26		18.75	20.00				6.73	8.80		7.57	7.98	5.44	8.33	6.24	8.65		
1987-10-27		18.80	20.15				6.81	8.92		7.66	8.06	5.39	8.42	6.30	8.73		
1987-10-28		18.85	20.10				6.72	9.01		7.65	8.05	5.25	8.43	6.18	8.79		
1987-10-29		18.75	19.93				6.66	8.89		7.53	7.95	5.19	8.33	6.08	8.68		
1987-10-30		18.80	19.96				6.75	8.88		7.58	8.00	5.45	8.37	6.27	8.69		
1987-11-02		18.63	19.64				6.98	8.98		7.72	8.09	5.85	8.44	6.57	8.78		
1987-11-03		18.38	19.39				6.87	8.91		7.67	8.02	5.81	8.38	6.37	8.72		
1987-11-04		17.93	19.09				6.83	8.85		7.60	7.97	5.71	8.30	6.32	8.66		
1987-11-05		17.85	19.02				6.76	8.72		7.50	7.81	5.76	8.18	6.31	8.54		
1987-11-06		17.95	18.73				6.90	8.76		7.62	7.92	5.92	8.28	6.40	8.62		
1987-11-09		17.50	18.66				6.92	8.78		7.64	7.95	5.92	8.30	6.49	8.63		
1987-11-10		17.75	18.98				6.89	8.79		7.61	7.91	5.85	8.27	6.48	8.62		
1987-11-11		17.80	18.92				.	.		.	.	.	.	.	.		
1987-11-12		17.85	18.93				6.96	8.80		7.67	7.96	6.02	8.27	6.58	8.64		
1987-11-13		17.80	18.89				7.07	8.84		7.75	8.01	6.11	8.34	6.72	8.67		
1987-11-16		17.68	18.69				7.13	8.82		7.78	8.02	6.10	8.34	6.73	8.66		
1987-11-17		17.40	18.28				7.06	8.86		7.73	7.99	6.07	8.38	6.58	8.70		
1987-11-18		17.18	18.62				7.02	8.85		7.74	7.99	5.95	8.38	6.56	8.68		
1987-11-19		17.48	18.55				6.98	8.83		7.69	7.95	5.85	8.34	6.47	8.65		
1987-11-20		17.60	18.87				6.88	8.79		7.66	7.93	5.92	8.32	6.55	8.61		
1987-11-23		17.90	19.31				6.96	8.80		7.67	7.95	6.00	8.34	6.57	8.62		
1987-11-24		17.83	18.73				6.97	8.89		7.73	7.99	5.95	8.35	6.34	8.72		
1987-11-25		17.68	18.63				7.03	8.98		7.78	8.06	5.88	8.41	6.47	8.80		
1987-11-26		17.73	.				.	.		.	.	.	.	.	.		
1987-11-27		17.78	18.63				7.12	9.11		7.87	8.20	5.82	8.55	6.52	8.94		
1987-11-30		17.70	18.52				7.00	8.99		7.73	8.05	5.42	8.43	6.41	8.82		
1987-12-01		17.65	18.44				7.05	9.01		7.77	8.07	5.72	8.44	6.49	8.84		
1987-12-02		17.70	18.59				7.03	9.01		7.79	8.07	5.66	8.43	6.49	8.83		
1987-12-03		17.93	18.87				7.01	8.94		7.72	8.01	5.52	8.35	6.46	8.76		
1987-12-04		18.00	18.68				7.00	8.94		7.72	8.00	5.61	8.35	6.46	8.76		
1987-12-07		17.78	18.30				7.20	9.07		7.86	8.16	6.05	8.48	6.78	8.90		
1987-12-08		17.58	18.06				7.21	9.09		7.88	8.15	6.05	8.49	6.75	8.91		
1987-12-09		17.43	18.53				7.18	9.05		7.88	8.15	6.02	8.47	6.72	8.88		
1987-12-10		17.55	18.51				7.32	9.23		8.00	8.29	6.11	8.63	6.80	9.05		
1987-12-11		17.73	18.31				7.30	9.28		8.02	8.31	6.05	8.65	6.80	9.08		
1987-12-14		16.80	17.47				7.30	9.23		8.01	8.31	6.08	8.63	6.84	9.06		
1987-12-15		16.20	16.75				7.22	9.09		7.92	8.20	6.12	8.54	6.75	8.93		
1987-12-16		15.93	15.97				7.21	9.00		7.89	8.15	6.13	8.46	6.72	8.82		
1987-12-17		15.03	15.97				7.27	9.03		7.89	8.15	6.12	8.47	6.77	8.85		
1987-12-18		15.60	15.57				7.16	8.89		7.82	8.06	6.06	8.39	6.71	8.74		
1987-12-21		15.40	15.12				7.18	8.88		7.84	8.09	6.10	8.38	6.79	8.74		
1987-12-22		16.70	16.60				7.24	8.95		7.91	8.17	6.12	8.48	6.81	8.80		
1987-12-23		17.25	16.64				7.18	8.83		7.83	8.10	5.96	8.40	6.74	8.67		
1987-12-24		17.10	16.54				7.17	8.82		7.83	8.10	5.92	8.37	6.72	8.67		
1987-12-25		.	.				.	.		.	.	.	.	.	.		
1987-12-28		17.00	16.46				7.20	8.93		7.91	8.16	5.93	8.46	6.73	8.77		
1987-12-29		17.38	16.95				7.19	8.85		7.86	8.11	6.03	8.41	6.61	8.70		
1987-12-30		17.85	16.97				7.09	8.78		7.75	7.99	5.89	8.32	6.49	8.61		
1987-12-31		17.60	16.74				7.10	8.83		7.77	8.04	5.86	8.33	6.47	8.67		
1988-01-01		.	.				.	.		.	.	.	.	.	.		
1988-01-04		17.95	17.77				7.15	8.83		7.77	8.03	6.09	8.35	6.60	8.69		
1988-01-05		17.08	17.89				7.11	8.76		7.76	7.99	6.12	8.29	6.67	8.62		
1988-01-06		17.90	17.73				7.14	8.82		7.79	8.03	6.03	8.37	6.68	8.68		
1988-01-07		.	17.30				7.13	8.83		7.79	8.03	5.96	8.35	6.67	8.66		
1988-01-08		16.88	17.33				7.24	8.97		7.92	8.16	6.06	8.48	6.77	8.80		
1988-01-11		16.65	16.63				7.15	8.94		7.80	8.05	5.91	8.41	6.67	8.74		
1988-01-12		15.95	16.76				7.15	8.93		7.80	8.04	5.99	8.39	6.63	8.73		
1988-01-13		16.38	16.56				7.14	8.87		7.76	8.01	5.97	8.36	6.59	8.67		
1988-01-14		16.55	17.10				7.16	8.86		7.76	8.01	6.07	8.36	6.60	8.67		
1988-01-15		16.65	16.92				6.98	8.60		7.61	7.83	6.07	8.13	6.55	8.42		
1988-01-18		16.83	17.28				.	.		.	.	.	.	.	.		
1988-01-19		17.10	17.30				7.01	8.65		7.66	7.87	6.18	8.16	6.66	8.45		
1988-01-20		16.83	17.20				6.93	8.61		7.59	7.82	5.99	8.11	6.56	8.41		
1988-01-21		17.08	17.21				6.84	8.53		7.52	7.77	6.00	8.04	6.53	8.32		
1988-01-22		16.70	16.99				6.82	8.49		7.51	7.73	6.00	8.01	6.49	8.29		
1988-01-25		16.45	17.11				6.82	8.45		7.49	7.72	6.04	7.99	6.50	8.26		
1988-01-26		.	16.96				6.87	8.54		7.56	7.80	6.01	8.08	6.49	8.35		
1988-01-27		16.13	16.64				6.77	8.38		7.37	7.63	5.92	7.91	6.37	8.18		
1988-01-28		16.10	16.94				6.72	8.33		7.29	7.54	5.86	7.83	6.35	8.12		
1988-01-29		16.28	16.97				6.66	8.26		7.22	7.48	5.82	7.76	6.32	8.06		
1988-02-01		16.10	16.83				6.68	8.26		7.22	7.50	5.86	7.78	6.37	8.07		
1988-02-02		16.18	16.92				6.67	8.18		7.21	7.38	5.89	7.70	6.40	7.98		
1988-02-03		16.15	17.12				6.69	8.21		7.24	7.44	5.89	7.76	6.40	8.05		
1988-02-04		16.18	17.17				6.67	8.24		7.24	7.44	5.83	7.76	6.34	8.07		
1988-02-05		16.10	17.34				6.55	8.12		7.10	7.32	5.81	7.64	6.25	7.95		
1988-02-08		16.50	17.70				6.59	8.19		7.16	7.37	5.83	7.70	6.23	8.01		
1988-02-09		16.40	17.38				6.55	8.16		7.12	7.34	5.78	7.65	6.12	7.98		
1988-02-10		16.13	17.12				6.53	8.11		7.07	7.28	5.79	7.59	6.10	7.92		
1988-02-11		16.10	17.17				6.61	8.16		7.12	7.31	5.81	7.64	6.17	7.97		
1988-02-12		15.75	16.84				6.68	8.28		7.22	7.42	5.93	7.77	6.31	8.09		
1988-02-15		15.68	16.84				.	.		.	.	.	.	.	.		
1988-02-16		15.63	16.80				6.73	8.31		7.26	7.45	5.95	7.79	6.34	8.12		
1988-02-17		15.85	16.62				6.72	8.32		7.24	7.42	5.92	7.80	6.28	8.12		
1988-02-18		15.48	16.50				6.67	8.28		7.23	7.41	5.87	7.78	6.27	8.09		
1988-02-19		15.55	16.73				6.67	8.26		7.21	7.39	5.86	7.77	6.24	8.08		
1988-02-22		15.38	16.64				6.65	8.24		7.20	7.38	5.85	7.75	6.21	8.05		
1988-02-23		15.58	16.80				6.60	8.17		7.16	7.33	5.81	7.69	6.06	7.97		
1988-02-24		15.35	16.58				6.61	8.18		7.15	7.34	5.80	7.69	6.04	7.98		
1988-02-25		14.85	15.86				6.66	8.23		7.17	7.37	5.81	7.68	6.06	8.01		
1988-02-26		14.65	15.77				6.64	8.18		7.16	7.35	5.76	7.67	6.04	7.97		
1988-02-29		14.73	15.98				6.63	8.16		7.13	7.33	5.80	7.64	6.06	7.95		
1988-03-01		14.18	15.57				6.61	8.15		7.11	7.30	5.78	7.61	6.13	7.95		
1988-03-02		13.80	15.69				6.59	8.13		7.07	7.29	5.77	7.59	6.12	7.92		
1988-03-03		14.00	15.35				6.60	8.12		7.08	7.29	5.76	7.59	6.12	7.90		
1988-03-04		14.00	15.63				6.72	8.28		7.20	7.45	5.88	7.74	6.25	8.06		
1988-03-07		13.90	15.35				6.74	8.30		7.22	7.44	5.90	7.77	6.25	8.08		
1988-03-08		13.80	15.58				6.75	8.33		7.25	7.45	5.91	7.79	6.14	8.11		
1988-03-09		13.98	15.52				6.72	8.32		7.22	7.45	5.89	7.76	6.11	8.11		
1988-03-10		14.48	16.04				6.76	8.35		7.25	7.48	5.92	7.81	6.12	8.15		
1988-03-11		14.88	16.20				6.63	8.29		7.20	7.43	5.90	7.76	6.10	8.11		
1988-03-14		14.28	15.57				6.64	8.29		7.20	7.42	5.87	7.76	6.11	8.11		
1988-03-15		14.30	15.81				6.62	8.30		7.19	7.42	5.77	7.76	6.03	8.11		
1988-03-16		14.45	16.03				6.67	8.36		7.24	7.47	5.77	7.81	6.05	8.18		
1988-03-17		14.43	16.39				6.58	8.30		7.17	7.41	5.76	7.76	5.97	8.12		
1988-03-18		14.93	16.61				6.64	8.41		7.23	7.46	5.82	7.81	6.10	8.23		
1988-03-21		15.38	16.52				6.73	8.47		7.32	7.56	5.91	7.91	6.17	8.29		
1988-03-22		15.03	16.02				6.73	8.46		7.33	7.58	5.95	7.91	6.22	8.29		
1988-03-23		15.40	16.58				6.80	8.47		7.39	7.61	6.00	7.95	6.30	8.32		
1988-03-24		15.65	16.73				6.83	8.51		7.46	7.66	5.96	8.01	6.32	8.35		
1988-03-25		15.45	17.07				6.76	8.47		7.41	7.61	5.87	7.95	6.27	8.31		
1988-03-28		15.55	17.05				6.79	8.58		7.42	7.66	5.92	8.03	6.30	8.42		
1988-03-29		15.60	17.08				6.79	8.56		7.42	7.66	5.91	8.03	6.32	8.39		
1988-03-30		15.70	17.06				6.79	8.57		7.43	7.65	5.92	8.03	6.33	8.40		
1988-03-31		15.65	17.09				6.76	8.57		7.41	7.66	5.87	8.04	6.32	8.40		
1988-04-01		.	.				.	.		.	.	.	.	.	.		
1988-04-04		.	16.99				7.00	8.68		7.58	7.81	6.04	8.19	6.52	8.53		
1988-04-05		15.50	16.72				7.04	8.67		7.60	7.84	6.18	8.18	6.50	8.52		
1988-04-06		15.38	16.80				7.04	8.61		7.57	7.79	6.23	8.13	6.47	8.47		
1988-04-07		15.53	17.05				7.04	8.60		7.54	7.77	6.23	8.12	6.48	8.46		
1988-04-08		15.55	16.87				6.95	8.52		7.47	7.69	6.20	8.05	6.47	8.37		
1988-04-11		16.20	17.87				6.96	8.59		7.50	7.73	6.23	8.10	6.52	8.44		
1988-04-12		16.48	18.06				6.89	8.57		7.49	7.71	6.10	8.09	6.41	8.40		
1988-04-13		16.55	18.12				6.83	8.56		7.45	7.67	6.03	8.05	6.34	8.36		
1988-04-14		16.65	18.40				6.89	8.67		7.56	7.79	5.90	8.15	6.34	8.48		
1988-04-15		16.85	18.32				7.03	8.74		7.60	7.85	6.05	8.20	6.51	8.53		
1988-04-18		17.45	18.50				7.05	8.81		7.60	7.88	6.04	8.25	6.49	8.60		
1988-04-19		17.05	17.92				7.03	8.81		7.57	7.87	5.98	8.24	6.49	8.59		
1988-04-20		16.78	17.93				7.04	8.83		7.65	7.90	6.01	8.27	6.54	8.61		
1988-04-21		17.00	18.34				7.02	8.82		7.64	7.90	6.00	8.26	6.52	8.58		
1988-04-22		17.15	18.13				7.02	8.78		7.64	7.87	6.00	8.23	6.52	8.56		
1988-04-25		17.13	18.36				7.04	8.78		7.64	7.87	6.04	8.23	6.54	8.55		
1988-04-26		17.18	18.54				7.02	8.80		7.64	7.87	6.07	8.24	6.55	8.57		
1988-04-27		17.40	18.32				7.03	8.80		7.63	7.89	6.04	8.25	6.52	8.57		
1988-04-28		16.88	17.91				7.10	8.86		7.69	7.97	6.13	8.32	6.62	8.64		
1988-04-29		16.60	18.10				7.14	8.87		7.73	7.98	6.16	8.33	6.66	8.65		
1988-05-02		15.95	17.12				7.21	8.94		7.78	8.03	6.29	8.39	6.77	8.70		
1988-05-03		16.08	17.30				7.20	8.89		7.77	8.01	6.31	8.35	6.72	8.67		
1988-05-04		16.15	17.23				7.20	8.90		7.77	8.03	6.32	8.35	6.70	8.67		
1988-05-05		16.15	17.41				7.22	8.92		7.79	8.06	6.37	8.39	6.69	8.70		
1988-05-06		16.45	17.63				7.31	9.01		7.87	8.17	6.48	8.48	6.83	8.79		
1988-05-09		16.50	17.56				7.34	9.03		7.95	8.20	6.52	8.50	6.88	8.81		
1988-05-10		16.38	17.50				7.37	9.07		8.00	8.23	6.53	8.55	6.80	8.86		
1988-05-11		16.48	17.48				7.33	9.05		7.95	8.21	6.45	8.55	6.77	8.86		
1988-05-12		16.40	17.49				7.31	9.04		7.95	8.18	6.40	8.55	6.74	8.86		
1988-05-13		16.50	17.53				7.28	9.00		7.90	8.14	6.37	8.51	6.74	8.82		
1988-05-16		16.60	17.70				7.32	9.01		7.93	8.16	6.40	8.52	6.76	8.83		
1988-05-17		16.60	17.72				7.38	9.12		7.99	8.25	6.49	8.64	6.87	8.92		
1988-05-18		16.40	17.39				7.39	9.19		8.04	8.28	6.40	8.68	6.86	9.00		
1988-05-19		16.25	17.43				7.45	9.18		8.04	8.28	6.34	8.67	6.89	8.99		
1988-05-20		16.45	17.41				7.45	9.22		8.08	8.32	6.44	8.70	6.91	9.02		
1988-05-23		16.23	17.01				7.52	9.23		8.12	8.36	6.47	8.74	6.98	9.05		
1988-05-24		16.30	17.04				7.52	9.22		8.14	8.36	6.50	8.73	7.04	9.03		
1988-05-25		16.18	17.39				7.58	9.20		8.17	8.37	6.52	8.73	7.11	9.03		
1988-05-26		16.18	17.54				7.65	9.21		8.23	8.43	6.62	8.72	7.18	9.04		
1988-05-27		16.25	17.45				7.65	9.24		8.23	8.46	6.65	8.75	7.17	9.06		
1988-05-30		16.23	17.45				.	.		.	.	.	.	.	.		
1988-05-31		16.20	17.54				7.66	9.20		8.21	8.44	6.67	8.73	7.19	9.03		
1988-06-01		16.33	17.60				7.58	9.03		8.09	8.32	6.67	8.57	7.12	8.88		
1988-06-02		16.33	17.67				7.62	9.07		8.13	8.34	6.64	8.60	7.14	8.91		
1988-06-03		16.45	17.51				7.51	8.97		8.06	8.24	6.66	8.52	7.05	8.81		
1988-06-06		16.25	17.28				7.51	8.97		8.04	8.23	6.68	8.51	7.05	8.81		
1988-06-07		16.23	17.32				7.52	9.02		8.04	8.25	6.63	8.54	7.03	8.85		
1988-06-08		16.28	17.35				7.41	8.92		7.96	8.17	6.59	8.46	6.96	8.77		
1988-06-09		16.30	17.09				7.43	8.96		7.97	8.19	6.64	8.50	6.98	8.80		
1988-06-10		15.85	16.70				7.43	8.92		7.99	8.18	6.65	8.47	6.98	8.77		
1988-06-13		15.53	16.43				7.43	8.91		7.98	8.17	6.65	8.45	6.99	8.75		
1988-06-14		15.85	16.85				7.29	8.69		7.80	7.98	6.54	8.25	6.87	8.55		
1988-06-15		15.70	16.56				7.32	8.71		7.84	8.02	6.53	8.29	6.85	8.58		
1988-06-16		15.43	16.62				7.42	8.89		7.96	8.17	6.49	8.46	6.92	8.76		
1988-06-17		15.48	16.43				7.54	9.02		8.10	8.30	6.57	8.58	7.03	8.88		
1988-06-20		15.00	16.02				7.57	9.02		8.14	8.32	6.60	8.59	7.11	8.88		
1988-06-21		15.00	15.82				7.60	9.03		8.15	8.34	6.76	8.61	7.20	8.90		
1988-06-22		15.13	16.03				7.50	8.90		8.04	8.22	6.72	8.49	7.13	8.77		
1988-06-23		15.18	15.86				7.50	8.88		8.05	8.22	6.73	8.47	7.10	8.74		
1988-06-24		15.15	16.03				7.48	8.85		8.03	8.21	6.72	8.45	7.09	8.72		
1988-06-27		14.93	15.86				7.55	8.94		8.10	8.27	6.78	8.54	7.16	8.81		
1988-06-28		14.83	16.01				7.53	8.87		8.05	8.24	6.81	8.48	7.06	8.75		
1988-06-29		14.55	15.37				7.53	8.88		8.03	8.21	6.78	8.47	7.05	8.75		
1988-06-30		14.18	15.20				7.50	8.82		8.02	8.18	6.77	8.41	7.04	8.70		
1988-07-01		13.95	14.92				7.49	8.77		7.98	8.14	6.76	8.38	7.13	8.65		
1988-07-04		14.05	.				.	.		.	.	.	.	.	.		
1988-07-05		13.98	15.11				7.53	8.82		8.04	8.18	6.77	8.42	7.04	8.70		
1988-07-06		14.50	15.44				7.55	8.91		8.07	8.22	6.73	8.47	7.01	8.76		
1988-07-07		15.50	15.83				7.60	8.95		8.13	8.28	6.76	8.52	7.10	8.81		
1988-07-08		15.05	15.42				7.78	9.04		8.25	8.41	6.88	8.64	7.35	8.92		
1988-07-11		14.63	14.56				7.76	9.02		8.25	8.40	6.84	8.62	7.31	8.90		
1988-07-12		14.00	14.61				7.76	9.08		8.27	8.45	6.94	8.68	7.35	8.95		
1988-07-13		14.10	14.35				7.76	9.12		8.27	8.46	6.93	8.69	7.35	8.97		
1988-07-14		14.10	14.84				7.83	9.12		8.33	8.50	6.95	8.70	7.38	8.97		
1988-07-15		14.25	14.85				7.82	9.08		8.31	8.46	6.94	8.67	7.43	8.92		
1988-07-18		15.00	15.84				7.82	9.15		8.35	8.52	6.90	8.73	7.44	8.99		
1988-07-19		14.93	15.16				7.76	9.10		8.32	8.48	6.90	8.70	7.42	8.95		
1988-07-20		15.48	15.76				7.75	9.11		8.31	8.49	6.92	8.70	7.42	8.96		
1988-07-21		15.63	16.28				7.83	9.16		8.39	8.55	7.00	8.75	7.48	9.00		
1988-07-22		15.83	16.27				7.78	9.11		8.35	8.50	6.96	8.71	7.40	8.96		
1988-07-25		15.80	16.09				7.79	9.07		8.34	8.50	7.04	8.69	7.44	8.93		
1988-07-26		15.38	15.99				7.80	9.09		8.35	8.52	7.11	8.72	7.46	8.94		
1988-07-27		15.45	16.18				7.88	9.14		8.44	8.60	7.23	8.77	7.55	8.98		
1988-07-28		15.70	16.08				7.89	9.16		8.44	8.62	7.22	8.79	7.52	9.02		
1988-07-29		15.75	16.37				7.90	9.12		8.39	8.57	7.18	8.75	7.50	8.98		
1988-08-01		15.60	16.07				7.89	9.07		8.36	8.53	7.15	8.70	7.50	8.94		
1988-08-02		15.35	15.57				7.85	9.00		8.32	8.49	7.12	8.63	7.49	8.87		
1988-08-03		15.00	15.20				7.84	9.04		8.34	8.51	7.12	8.64	7.46	8.89		
1988-08-04		14.50	15.12				7.83	8.99		8.31	8.46	7.06	8.61	7.44	8.84		
1988-08-05		14.85	15.31				8.03	9.12		8.47	8.62	7.15	8.78	7.62	8.98		
1988-08-08		15.48	15.84				8.04	9.12		8.48	8.63	7.09	8.79	7.63	8.96		
1988-08-09		15.40	15.56				8.16	9.20		8.59	8.72	7.29	8.88	7.79	9.04		
1988-08-10		15.10	15.65				8.17	9.30		8.64	8.81	7.21	9.00	7.81	9.18		
1988-08-11		15.13	15.75				8.25	9.35		8.68	8.82	7.24	9.02	7.84	9.22		
1988-08-12		14.98	15.54				8.23	9.36		8.68	8.82	7.25	9.03	7.84	9.23		
1988-08-15		14.80	15.59				8.25	9.37		8.70	8.82	7.25	9.04	7.85	9.24		
1988-08-16		14.85	15.51				8.28	9.35		8.72	8.84	7.29	9.03	7.95	9.21		
1988-08-17		14.75	15.46				8.28	9.38		8.74	8.86	7.26	9.06	7.95	9.24		
1988-08-18		14.78	15.59				8.27	9.35		8.74	8.86	7.26	9.05	7.94	9.21		
1988-08-19		14.85	15.77				8.27	9.35		8.74	8.86	7.30	9.05	7.94	9.21		
1988-08-22		15.03	15.75				8.27	9.37		8.76	8.89	7.33	9.09	7.95	9.24		
1988-08-23		14.80	15.71				8.25	9.32		8.71	8.85	7.39	9.04	7.87	9.19		
1988-08-24		14.85	15.55				8.25	9.34		8.73	8.85	7.42	9.02	7.86	9.21		
1988-08-25		14.63	15.33				8.31	9.41		8.78	8.92	7.49	9.08	7.88	9.28		
1988-08-26		14.50	15.35				8.32	9.38		8.78	8.92	7.57	9.07	7.88	9.26		
1988-08-29		14.48	15.24				8.30	9.30		8.75	8.86	7.57	9.00	7.88	9.19		
1988-08-30		14.45	15.39				8.30	9.27		8.73	8.86	7.54	8.98	7.90	9.16		
1988-08-31		14.40	15.19				8.28	9.25		8.71	8.83	7.54	8.95	7.89	9.13		
1988-09-01		14.15	15.05				8.24	9.25		8.68	8.82	7.52	8.95	7.89	9.14		
1988-09-02		14.00	14.79				8.06	9.00		8.45	8.58	7.45	8.70	7.79	8.87		
1988-09-05		13.68	14.79				.	.		.	.	.	.	.	.		
1988-09-06		13.35	14.25				8.08	8.99		8.47	8.58	7.51	8.70	7.80	8.88		
1988-09-07		13.18	14.29				8.09	8.99		8.45	8.57	7.57	8.69	7.81	8.87		
1988-09-08		13.30	14.51				8.10	8.99		8.45	8.58	7.56	8.69	7.82	8.88		
1988-09-09		13.25	14.14				8.07	8.93		8.42	8.52	7.52	8.62	7.81	8.82		
1988-09-12		12.70	14.48				8.08	8.97		8.44	8.55	7.48	8.66	7.79	8.85		
1988-09-13		13.40	14.55				8.02	8.94		8.40	8.52	7.40	8.65	7.79	8.83		
1988-09-14		13.90	15.38				7.95	8.88		8.36	8.47	7.39	8.59	7.74	8.77		
1988-09-15		13.50	14.86				7.98	8.91		8.39	8.51	7.40	8.63	7.77	8.80		
1988-09-16		13.23	14.50				8.02	8.93		8.40	8.53	7.38	8.65	7.75	8.82		
1988-09-19		12.85	14.72				8.05	8.97		8.44	8.55	7.38	8.69	7.78	8.86		
1988-09-20		13.15	15.08				8.07	8.97		8.45	8.56	7.44	8.68	7.77	8.86		
1988-09-21		13.05	15.19				8.05	8.93		8.40	8.51	7.42	8.64	7.76	8.82		
1988-09-22		13.20	15.25				8.09	8.95		8.44	8.54	7.43	8.67	7.78	8.85		
1988-09-23		13.20	14.26				8.09	8.97		8.47	8.56	7.47	8.69	7.83	8.86		
1988-09-26		13.10	14.16				8.17	9.00		8.52	8.61	7.55	8.73	7.89	8.90		
1988-09-27		12.58	14.22				8.21	9.04		8.55	8.66	7.57	8.77	7.95	8.94		
1988-09-28		12.75	14.07				8.23	9.06		8.59	8.69	7.58	8.81	7.97	8.97		
1988-09-29		12.50	13.91				8.18	8.98		8.53	8.63	7.53	8.73	7.89	8.89		
1988-09-30		11.93	13.33				8.13	8.87		8.43	8.52	7.49	8.61	7.85	8.78		
1988-10-03		11.60	13.03				8.13	8.84		8.41	8.50	7.50	8.59	7.84	8.76		
1988-10-04		11.65	13.03				8.15	8.87		8.43	8.51	7.47	8.60	7.90	8.79		
1988-10-05		11.20	12.58				8.15	8.87		8.43	8.51	7.46	8.60	7.89	8.79		
1988-10-06		11.30	12.62				8.18	8.87		8.43	8.52	7.55	8.61	7.95	8.78		
1988-10-07		11.35	12.99				8.02	8.70		8.26	8.34	7.51	8.43	7.83	8.61		
1988-10-10		12.20	13.59				.	.		.	.	.	.	.	.		
1988-10-11		12.35	13.63				8.04	8.75		8.29	8.39	7.55	8.48	7.82	8.67		
1988-10-12		12.45	14.02				8.06	8.84		8.35	8.46	7.52	8.56	7.81	8.73		
1988-10-13		12.55	14.26				8.11	8.84		8.36	8.46	7.58	8.55	7.81	8.73		
1988-10-14		13.20	14.90				8.07	8.81		8.33	8.43	7.56	8.52	7.79	8.70		
1988-10-17		13.55	15.16				8.08	8.79		8.33	8.43	7.58	8.50	7.81	8.68		
1988-10-18		12.90	14.63				8.09	8.78		8.33	8.39	7.60	8.49	7.95	8.67		
1988-10-19		13.35	15.33				8.14	8.82		8.38	8.44	7.68	8.53	7.99	8.71		
1988-10-20		13.50	14.44				8.13	8.79		8.38	8.44	7.70	8.52	7.98	8.69		
1988-10-21		13.48	14.22				8.15	8.83		8.40	8.46	7.69	8.54	8.00	8.72		
1988-10-24		12.20	12.94				8.19	8.83		8.42	8.48	7.77	8.54	8.04	8.72		
1988-10-25		12.08	13.36				8.17	8.83		8.42	8.48	7.69	8.53	7.96	8.72		
1988-10-26		12.08	13.45				8.12	8.79		8.34	8.43	7.66	8.48	7.92	8.68		
1988-10-27		12.33	13.67				8.08	8.72		8.27	8.35	7.63	8.41	7.88	8.60		
1988-10-28		12.60	13.79				8.07	8.69		8.27	8.35	7.62	8.40	7.89	8.57		
1988-10-31		12.60	13.54				8.06	8.65		8.25	8.32	7.62	8.37	7.89	8.52		
1988-11-01		12.18	13.52				8.05	8.68		8.25	8.33	7.58	8.38	7.87	8.55		
1988-11-02		12.35	13.78				8.08	8.73		8.29	8.37	7.61	8.44	7.89	8.60		
1988-11-03		12.50	13.89				8.07	8.69		8.27	8.35	7.65	8.42	7.89	8.56		
1988-11-04		12.75	14.04				8.22	8.85		8.39	8.52	7.70	8.58	8.04	8.71		
1988-11-07		12.75	14.08				8.31	8.91		8.50	8.60	7.75	8.66	8.11	8.79		
1988-11-08		12.60	13.70				8.34	8.91		8.53	8.56	7.85	8.66	8.17	8.79		
1988-11-09		12.70	13.88				8.36	8.91		8.57	8.63	7.82	8.71	8.19	8.83		
1988-11-10		13.03	13.99				8.40	8.90		8.60	8.64	7.90	8.72	8.22	8.84		
1988-11-11		13.03	13.99				.	.		.	.	.	.	.	.		
1988-11-14		13.00	14.25				8.45	8.91		8.62	8.68	8.06	8.76	8.29	8.84		
1988-11-15		13.00	14.03				8.55	8.92		8.69	8.72	8.23	8.78	8.39	8.86		
1988-11-16		12.70	13.68				8.60	9.00		8.75	8.79	8.22	8.87	8.42	8.93		
1988-11-17		12.05	13.30				8.57	9.06		8.75	8.82	8.20	8.90	8.39	8.98		
1988-11-18		12.08	13.47				8.58	9.05		8.77	8.83	8.21	8.91	8.40	8.99		
1988-11-21		12.13	13.73				8.63	9.04		8.81	8.85	8.27	8.92	8.44	8.99		
1988-11-22		13.35	14.78				8.71	9.09		8.88	8.93	8.28	8.99	8.52	9.04		
1988-11-23		13.33	14.11				8.70	9.08		8.87	8.93	8.29	8.97	8.51	9.04		
1988-11-24		12.98	14.11				.	.		.	.	.	.	.	.		
1988-11-25		14.70	15.43				8.78	9.17		8.98	9.03	8.31	9.07	8.59	9.14		
1988-11-28		14.73	14.93				8.76	9.16		9.00	9.04	8.27	9.06	8.59	9.13		
1988-11-29		14.25	15.00				8.74	9.13		8.96	9.00	8.27	9.02	8.56	9.10		
1988-11-30		14.35	15.42				8.62	9.06		8.84	8.87	8.10	8.91	8.42	9.02		
1988-12-01		14.93	15.63				8.66	9.01		8.86	8.88	8.12	8.88	8.45	8.99		
1988-12-02		14.80	15.69				8.96	9.18		9.12	9.13	8.34	9.11	8.72	9.17		
1988-12-05		14.73	15.36				8.94	9.13		9.09	9.09	8.30	9.07	8.72	9.12		
1988-12-06		14.40	15.51				8.80	8.95		8.88	8.91	8.23	8.88	8.61	8.94		
1988-12-07		14.70	15.80				8.84	9.00		8.93	8.97	8.27	8.93	8.65	8.99		
1988-12-08		15.05	15.48				8.90	9.02		9.00	9.03	8.26	9.01	8.67	9.04		
1988-12-09		14.90	15.90				8.95	9.07		9.03	9.05	8.14	9.05	8.67	9.10		
1988-12-12		15.20	16.08				8.96	9.08		9.05	9.07	8.19	9.07	8.70	9.11		
1988-12-13		15.18	15.93				9.08	9.15		9.16	9.16	8.38	9.15	8.80	9.18		
1988-12-14		15.35	16.33				9.13	9.19		9.20	9.21	8.41	9.19	8.81	9.22		
1988-12-15		15.58	16.39				9.18	9.19		9.20	9.22	8.48	9.21	8.73	9.22		
1988-12-16		15.60	16.81				9.13	9.17		9.18	9.20	8.44	9.18	8.71	9.20		
1988-12-19		15.30	16.24				9.11	9.15		9.18	9.18	8.48	9.16	8.72	9.18		
1988-12-20		15.28	17.68				9.04	9.08		9.11	9.10	8.47	9.09	8.73	9.11		
1988-12-21		15.33	17.27				8.98	9.07		9.09	9.09	8.38	9.08	8.62	9.10		
1988-12-22		15.25	17.36				8.95	9.07		9.04	9.11	8.33	9.09	8.65	9.11		
1988-12-23		15.38	16.63				8.94	9.05		9.04	9.11	8.32	9.08	8.63	9.11		
1988-12-26		.	.				.	.		.	.	.	.	.	.		
1988-12-27		16.25	16.98				9.06	9.13		9.15	9.20	8.45	9.17	8.79	9.20		
1988-12-28		16.10	17.03				9.12	9.21		9.23	9.23	8.55	9.22	8.85	9.27		
1988-12-29		15.90	16.81				9.08	9.18		9.18	9.20	8.41	9.19	8.73	9.22		
1988-12-30		16.23	17.12				9.02	9.14		9.14	9.18	8.37	9.14	8.67	9.18		
1989-01-02		.	.				.	.		.	.	.	.	.	.		
1989-01-03		16.40	17.38				9.11	9.23		9.21	9.26	8.43	9.25	8.77	9.28		
1989-01-04		16.53	16.99				9.14	9.22		9.25	9.26	8.54	9.24	8.87	9.28		
1989-01-05		16.58	17.45				9.22	9.27		9.32	9.34	8.56	9.32	8.97	9.34		
1989-01-06		16.85	17.56				9.20	9.25		9.32	9.35	8.58	9.30	8.97	9.32		
1989-01-09		17.00	17.74				9.18	9.23		9.29	9.34	8.58	9.30	9.00	9.32		
1989-01-10		16.75	17.80				9.15	9.24		9.25	9.32	8.60	9.29	8.93	9.31		
1989-01-11		16.90	18.16				9.17	9.24		9.29	9.31	8.53	9.28	8.91	9.30		
1989-01-12		16.85	18.11				9.06	9.14		9.20	9.23	8.55	9.20	8.88	9.20		
1989-01-13		17.40	18.49				8.99	9.06		9.14	9.15	8.49	9.10	8.80	9.10		
1989-01-16		17.50	18.88				.	.		.	.	.	.	.	.		
1989-01-17		17.78	19.03				9.03	9.06		9.16	9.17	8.54	9.11	8.84	9.10		
1989-01-18		17.95	19.20				8.95	8.99		9.13	9.12	8.55	9.07	8.78	9.04		
1989-01-19		18.10	19.28				8.91	9.00		9.09	9.11	8.52	9.06	8.75	9.05		
1989-01-20		18.15	18.85				8.93	9.03		9.13	9.15	8.52	9.11	8.75	9.07		
1989-01-23		16.98	17.66				8.95	9.00		9.13	9.13	8.56	9.06	8.77	9.05		
1989-01-24		17.05	17.96				8.91	8.93		9.07	9.04	8.50	8.98	8.74	8.97		
1989-01-25		17.70	18.23				9.00	8.99		9.10	9.11	8.59	9.05	8.83	9.03		
1989-01-26		17.73	17.68				9.03	8.99		9.14	9.17	8.64	9.07	8.85	9.04		
1989-01-27		17.18	17.74				8.98	8.95		9.07	9.09	8.62	9.03	8.83	9.00		
1989-01-30		16.85	17.32				9.00	9.00		9.10	9.13	8.58	9.07	8.85	9.05		
1989-01-31		16.38	17.00				9.04	9.01		9.12	9.13	8.69	9.08	8.91	9.03		
1989-02-01		16.40	17.50				9.02	8.99		9.12	9.13	8.67	9.05	8.89	9.03		
1989-02-02		16.95	17.72				9.03	8.98		9.12	9.12	8.68	9.05	8.90	9.02		
1989-02-03		16.75	17.51				9.17	9.01		9.23	9.19	8.78	9.10	9.02	9.06		
1989-02-06		16.50	17.38				9.18	9.01		9.25	9.22	8.83	9.11	9.04	9.06		
1989-02-07		16.60	17.55				9.10	8.96		9.19	9.17	8.84	9.06	8.98	9.01		
1989-02-08		16.75	17.49				9.12	8.95		9.21	9.19	8.84	9.06	8.97	9.01		
1989-02-09		16.58	17.42				9.12	9.13		9.28	9.27	8.78	9.21	8.96	9.20		
1989-02-10		16.40	17.11				9.22	9.19		9.37	9.36	8.85	9.28	9.04	9.25		
1989-02-13		16.50	17.61				9.27	9.20		9.39	9.37	8.86	9.29	9.08	9.26		
1989-02-14		16.83	17.60				9.31	9.23		9.43	9.39	8.87	9.34	9.13	9.30		
1989-02-15		16.75	18.23				9.29	9.22		9.41	9.38	8.80	9.33	9.08	9.29		
1989-02-16		17.15	18.35				9.25	9.21		9.37	9.36	8.81	9.32	9.06	9.27		
1989-02-17		17.15	18.60				9.25	9.20		9.37	9.31	8.78	9.32	9.03	9.26		
1989-02-20		17.38	18.60				.	.		.	.	.	.	.	.		
1989-02-21		17.20	18.64				9.28	9.22		9.41	9.28	8.77	9.34	9.02	9.28		
1989-02-22		16.95	18.50				9.35	9.29		9.48	9.38	8.84	9.43	9.01	9.35		
1989-02-23		17.10	18.49				9.48	9.36		9.60	9.49	8.92	9.47	9.10	9.44		
1989-02-24		17.05	18.06				9.51	9.38		9.66	9.51	8.96	9.49	9.24	9.45		
1989-02-27		17.55	18.16				9.46	9.36		9.62	9.48	8.99	9.47	9.23	9.42		
1989-02-28		17.23	18.21				9.40	9.32		9.55	9.43	9.03	9.42	9.23	9.39		
1989-03-01		17.25	18.30				9.40	9.36		9.55	9.42	8.98	9.43	9.18	9.41		
1989-03-02		17.45	18.68				9.38	9.31		9.52	9.42	8.98	9.38	9.18	9.37		
1989-03-03		17.73	18.67				9.36	9.31		9.50	9.40	8.94	9.38	9.19	9.35		
1989-03-06		17.73	18.73				9.32	9.26		9.46	9.36	8.89	9.34	9.18	9.31		
1989-03-07		17.55	18.12				9.34	9.26		9.48	9.38	8.93	9.35	9.18	9.30		
1989-03-08		17.55	18.57				9.35	9.23		9.48	9.37	8.92	9.34	9.17	9.28		
1989-03-09		17.80	18.53				9.35	9.24		9.48	9.42	8.98	9.35	9.17	9.29		
1989-03-10		17.63	18.53				9.58	9.34		9.66	9.60	9.06	9.48	9.33	9.40		
1989-03-13		18.10	19.05				9.56	9.35		9.64	9.58	9.09	9.48	9.33	9.40		
1989-03-14		18.63	19.47				9.54	9.32		9.64	9.58	9.02	9.45	9.28	9.38		
1989-03-15		19.08	19.84				9.52	9.31		9.62	9.57	8.99	9.45	9.25	9.38		
1989-03-16		18.95	19.86				9.48	9.30		9.61	9.55	9.02	9.43	9.26	9.37		
1989-03-17		19.30	20.34				9.72	9.49		9.84	9.76	9.18	9.64	9.47	9.57		
1989-03-20		19.18	19.53				9.84	9.53		9.90	9.84	9.33	9.71	9.60	9.61		
1989-03-21		19.63	20.08				9.85	9.53		9.92	9.88	9.43	9.75	9.68	9.63		
1989-03-22		19.60	20.21				9.71	9.45		9.81	9.78	9.35	9.65	9.55	9.55		
1989-03-23		19.93	20.16				9.70	9.43		9.81	9.76	9.37	9.65	9.57	9.53		
1989-03-24		.	.				.	.		.	.	.	.	.	.		
1989-03-27		.	20.55				9.75	9.44		9.85	9.79	9.45	9.67	9.64	9.54		
1989-03-28		19.73	19.93				9.77	9.41		9.86	9.80	9.41	9.66	9.69	9.52		
1989-03-29		19.45	20.20				9.69	9.36		9.80	9.74	9.29	9.60	9.62	9.47		
1989-03-30		20.00	21.03				9.70	9.34		9.79	9.71	9.29	9.59	9.60	9.44		
1989-03-31		20.45	20.27				9.64	9.30		9.73	9.66	9.23	9.53	9.54	9.40		
1989-04-03		19.65	20.03				9.50	9.21		9.56	9.50	9.15	9.39	9.41	9.29		
1989-04-04		19.90	20.59				9.42	9.17		9.47	9.44	9.14	9.31	9.27	9.24		
1989-04-05		19.75	20.07				9.42	9.17		9.45	9.40	9.15	9.31	9.25	9.24		
1989-04-06		19.08	19.85				9.49	9.20		9.54	9.47	9.17	9.35	9.29	9.30		
1989-04-07		19.40	20.03				9.52	9.27		9.57	9.54	9.12	9.42	9.31	9.38		
1989-04-10		19.60	20.65				9.49	9.27		9.57	9.53	9.05	9.43	9.29	9.38		
1989-04-11		19.95	20.56				9.50	9.27		9.57	9.53	9.00	9.42	9.31	9.38		
1989-04-12		19.85	20.66				9.51	9.29		9.59	9.56	8.98	9.44	9.30	9.39		
1989-04-13		19.95	20.26				9.59	9.34		9.66	9.62	9.09	9.50	9.37	9.41		
1989-04-14		19.63	20.68				9.33	9.18		9.43	9.40	8.92	9.29	9.12	9.25		
1989-04-17		19.88	21.23				9.37	9.20		9.48	9.44	8.93	9.33	9.16	9.27		
1989-04-18		20.20	21.74				9.14	9.06		9.28	9.24	8.73	9.14	8.90	9.10		
1989-04-19		21.50	22.66				9.17	9.08		9.30	9.27	8.73	9.17	8.88	9.13		
1989-04-20		22.25	24.62				9.37	9.20		9.46	9.41	8.95	9.32	8.99	9.26		
1989-04-21		21.60	23.38				9.33	9.15		9.44	9.37	8.95	9.27	9.11	9.21		
1989-04-24		21.20	20.64				9.36	9.15		9.46	9.37	8.99	9.26	9.17	9.21		
1989-04-25		21.15	21.32				9.28	9.12		9.41	9.32	8.94	9.21	9.19	9.16		
1989-04-26		21.05	21.20				9.22	9.11		9.34	9.29	8.84	9.18	9.13	9.15		
1989-04-27		20.65	20.83				9.13	9.05		9.23	9.18	8.71	9.10	9.00	9.07		
1989-04-28		20.15	20.38				9.12	9.02		9.22	9.15	8.71	9.06	9.00	9.04		
1989-05-01		.	20.66				9.30	9.14		9.36	9.30	8.94	9.19	9.19	9.16		
1989-05-02		19.15	19.73				9.22	9.08		9.27	9.20	8.89	9.11	9.07	9.10		
1989-05-03		18.88	20.13				9.15	9.06		9.21	9.19	8.84	9.10	8.98	9.07		
1989-05-04		19.70	20.57				9.14	9.06		9.21	9.19	8.84	9.09	9.01	9.07		
1989-05-05		19.40	20.08				8.97	8.99		9.04	9.04	8.73	8.96	8.87	8.96		
1989-05-08		18.80	19.41				9.04	9.04		9.09	9.09	8.80	9.02	8.92	9.02		
1989-05-09		19.03	19.54				9.18	9.15		9.23	9.16	8.81	9.17	9.01	9.15		
1989-05-10		18.88	19.56				9.20	9.16		9.27	9.23	8.83	9.21	9.05	9.20		
1989-05-11		19.30	20.13				9.06	9.10		9.14	9.11	8.72	9.10	8.94	9.12		
1989-05-12		19.20	20.12				8.75	8.81		8.82	8.81	8.50	8.80	8.67	8.81		
1989-05-15		19.20	20.53				8.85	8.82		8.91	8.87	8.54	8.85	8.77	8.83		
1989-05-16		19.80	20.58				8.90	8.82		8.95	8.90	8.52	8.87	8.76	8.84		
1989-05-17		18.58	20.15				8.89	8.80		8.96	8.90	8.57	8.87	8.83	8.83		
1989-05-18		18.60	20.25				8.94	8.78		9.00	8.93	8.68	8.88	8.88	8.82		
1989-05-19		18.30	20.58				8.89	8.71		8.94	8.89	8.65	8.82	8.84	8.75		
1989-05-22		17.40	20.92				8.78	8.58		8.84	8.78	8.62	8.71	8.77	8.62		
1989-05-23		17.70	21.77				8.79	8.60		8.83	8.77	8.57	8.72	8.81	8.64		
1989-05-24		18.15	19.68				8.85	8.63		8.82	8.79	8.67	8.74	8.88	8.67		
1989-05-25		18.20	19.46				8.94	8.67		8.92	8.88	8.85	8.75	8.98	8.72		
1989-05-26		17.65	19.55				8.92	8.66		8.89	8.86	8.82	8.72	8.93	8.71		
1989-05-29		17.73	19.55				.	.		.	.	.	.	.	.		
1989-05-30		18.03	19.96				8.88	8.64		8.87	8.81	8.88	8.68	8.92	8.68		
1989-05-31		18.25	19.93				8.86	8.60		8.82	8.78	8.92	8.65	8.87	8.64		
1989-06-01		18.08	19.83				8.87	8.61		8.82	8.78	8.92	8.65	8.87	8.65		
1989-06-02		18.15	20.18				8.57	8.43		8.52	8.47	8.65	8.42	8.60	8.45		
1989-06-05		18.55	20.50				8.46	8.36		8.44	8.39	8.54	8.33	8.49	8.38		
1989-06-06		18.50	20.38				8.48	8.36		8.45	8.40	8.45	8.35	8.36	8.38		
1989-06-07		18.15	19.70				8.39	8.27		8.38	8.35	8.43	8.28	8.25	8.31		
1989-06-08		17.80	19.94				8.35	8.27		8.33	8.30	8.40	8.26	8.21	8.29		
1989-06-09		17.95	19.87				8.32	8.15		8.28	8.23	8.50	8.16	8.32	8.17		
1989-06-12		17.18	19.30				8.33	8.16		8.29	8.26	8.46	8.18	8.31	8.19		
1989-06-13		16.80	19.50				8.45	8.25		8.41	8.38	8.45	8.30	8.28	8.31		
1989-06-14		16.90	20.37				8.41	8.20		8.36	8.32	8.41	8.24	8.21	8.25		
1989-06-15		16.95	20.56				8.49	8.33		8.48	8.46	8.37	8.36	8.32	8.37		
1989-06-16		16.65	19.98				8.57	8.35		8.53	8.48	8.42	8.40	8.41	8.38		
1989-06-19		16.85	20.88				8.57	8.37		8.55	8.49	8.42	8.41	8.41	8.42		
1989-06-20		16.88	19.88				8.52	8.31		8.50	8.45	8.44	8.35	8.54	8.36		
1989-06-21		17.13	19.74				8.57	8.37		8.53	8.49	8.42	8.40	8.57	8.40		
1989-06-22		17.30	19.53				8.58	8.38		8.55	8.50	8.44	8.41	8.59	8.42		
1989-06-23		18.03	19.71				8.39	8.25		8.39	8.34	8.33	8.27	8.40	8.29		
1989-06-26		18.23	20.28				8.37	8.18		8.35	8.29	8.38	8.22	8.39	8.22		
1989-06-27		18.20	20.38				8.35	8.11		8.27	8.25	8.33	8.14	8.21	8.16		
1989-06-28		18.00	20.04				8.35	8.17		8.27	8.27	8.32	8.18	8.21	8.20		
1989-06-29		18.20	20.27				8.19	8.12		8.16	8.14	8.22	8.09	8.17	8.13		
1989-06-30		18.28	20.29				8.12	8.10		8.08	8.05	8.26	8.03	8.14	8.10		
1989-07-03		18.40	20.55				8.04	8.09		8.02	8.00	8.23	7.99	8.11	8.09		
1989-07-04		18.60	20.29				.	.		.	.	.	.	.	.		
1989-07-05		18.75	20.98				8.00	8.11		7.99	7.97	8.05	7.97	7.96	8.11		
1989-07-06		18.30	20.35				7.96	8.08		7.94	7.92	8.03	7.91	7.96	8.07		
1989-07-07		17.85	20.78				7.89	8.02		7.83	7.85	7.98	7.86	7.91	8.00		
1989-07-10		17.83	20.38				7.89	7.99		7.81	7.83	8.00	7.84	7.88	7.97		
1989-07-11		17.63	20.75				7.87	8.00		7.81	7.80	8.03	7.80	7.90	7.96		
1989-07-12		17.65	20.20				7.81	8.00		7.74	7.77	7.99	7.79	7.85	7.88		
1989-07-13		17.60	20.42				7.81	8.00		7.74	7.78	8.03	7.80	7.94	7.89		
1989-07-14		17.90	20.36				7.86	8.04		7.83	7.81	8.10	7.84	8.05	7.92		
1989-07-17		18.05	20.49				7.92	8.05		7.85	7.86	8.18	7.85	8.10	7.95		
1989-07-18		18.05	20.21				8.03	8.13		7.95	7.97	8.18	7.97	8.18	8.04		
1989-07-19		17.85	19.83				7.96	8.09		7.90	7.92	8.20	7.90	8.13	8.01		
1989-07-20		17.98	19.92				7.88	8.01		7.81	7.81	8.24	7.80	8.09	7.91		
1989-07-21		17.83	19.86				8.02	8.07		7.91	7.91	8.39	7.89	8.23	7.97		
1989-07-24		17.30	18.76				8.01	8.05		7.93	7.90	8.37	7.87	8.23	7.96		
1989-07-25		17.05	18.52				7.92	8.01		7.84	7.82	8.31	7.79	8.01	7.91		
1989-07-26		16.50	18.32				7.91	8.02		7.75	7.83	8.30	7.81	8.06	7.89		
1989-07-27		16.28	18.15				7.77	7.92		7.65	7.70	8.17	7.69	7.96	7.80		
1989-07-28		16.38	17.96				7.69	7.87		7.56	7.62	8.12	7.60	7.89	7.72		
1989-07-31		16.30	18.33				7.65	7.82		7.53	7.58	8.04	7.56	7.83	7.68		
1989-08-01		16.23	17.91				7.61	7.74		7.46	7.51	7.89	7.49	7.73	7.60		
1989-08-02		16.10	18.28				7.63	7.76		7.53	7.59	7.89	7.57	7.74	7.65		
1989-08-03		16.40	18.18				7.69	7.80		7.60	7.66	7.90	7.64	7.80	7.71		
1989-08-04		16.15	18.05				8.05	8.00		7.92	7.98	8.13	7.94	8.09	7.95		
1989-08-07		16.05	17.91				8.16	8.03		8.01	8.05	8.21	7.98	8.18	7.98		
1989-08-08		16.28	18.06				8.08	8.00		7.96	7.94	8.22	7.95	8.08	7.96		
1989-08-09		16.45	18.23				8.10	8.05		7.99	7.98	8.18	7.96	8.01	7.98		
1989-08-10		16.93	18.58				8.08	8.02		7.99	7.97	8.13	7.96	8.00	7.98		
1989-08-11		17.00	18.46				8.18	8.09		8.12	8.10	8.22	8.10	8.08	8.08		
1989-08-14		16.85	18.60				8.33	8.24		8.31	8.28	8.32	8.27	8.17	8.28		
1989-08-15		17.00	18.78				8.33	8.21		8.29	8.26	8.31	8.24	8.31	8.23		
1989-08-16		17.00	18.99				8.22	8.12		8.17	8.15	8.22	8.11	8.23	8.13		
1989-08-17		16.95	18.67				8.31	8.18		8.26	8.22	8.15	8.20	8.26	8.20		
1989-08-18		16.83	18.82				8.29	8.15		8.26	8.24	8.13	8.20	8.29	8.17		
1989-08-21		16.90	19.10				8.35	8.20		8.32	8.27	8.20	8.27	8.34	8.24		
1989-08-22		17.10	19.01				8.45	8.29		8.43	8.39	8.33	8.35	8.45	8.33		
1989-08-23		17.08	19.15				8.38	8.25		8.37	8.36	8.28	8.23	8.35	8.29		
1989-08-24		17.05	19.02				8.32	8.20		8.32	8.30	8.24	8.23	8.31	8.24		
1989-08-25		16.95	18.53				8.32	8.21		8.34	8.32	8.23	8.23	8.32	8.24		
1989-08-28		16.98	18.69				8.36	8.27		8.41	8.37	8.26	8.29	8.35	8.30		
1989-08-29		17.10	18.59				8.37	8.27		8.44	8.41	8.17	8.30	8.29	8.31		
1989-08-30		17.13	18.85				8.34	8.25		8.41	8.37	8.14	8.28	8.24	8.29		
1989-08-31		17.20	18.83				8.28	8.26		8.42	8.37	8.16	8.27	8.21	8.30		
1989-09-01		17.33	18.88				8.23	8.19		8.37	8.32	8.12	8.18	8.19	8.23		
1989-09-04		17.43	18.88				.	.		.	.	.	.	.	.		
1989-09-05		17.45	19.08				8.31	8.19		8.37	8.34	8.15	8.21	8.26	8.23		
1989-09-06		17.80	19.41				8.29	8.17		8.35	8.31	8.09	8.19	8.27	8.21		
1989-09-07		17.80	19.40				8.26	8.17		8.35	8.28	8.07	8.19	8.24	8.22		
1989-09-08		17.83	19.77				8.20	8.14		8.27	8.23	8.04	8.14	8.20	8.19		
1989-09-11		17.98	19.77				8.10	8.13		8.20	8.17	7.95	8.10	8.07	8.16		
1989-09-12		17.90	19.68				8.10	8.13		8.18	8.13	7.88	8.07	8.02	8.16		
1989-09-13		18.05	19.87				8.11	8.18		8.20	8.16	7.85	8.11	8.01	8.18		
1989-09-14		17.90	19.73				8.03	8.13		8.09	8.08	7.83	8.05	7.98	8.12		
1989-09-15		17.88	19.96				7.99	8.09		8.06	8.03	7.78	8.01	7.94	8.09		
1989-09-18		18.05	19.87				8.08	8.10		8.13	8.08	7.87	8.04	8.04	8.11		
1989-09-19		17.90	19.68				8.07	8.09		8.14	8.13	7.92	8.05	8.05	8.11		
1989-09-20		17.80	19.68				8.22	8.15		8.27	8.23	8.08	8.14	8.17	8.18		
1989-09-21		17.85	19.69				8.26	8.20		8.32	8.26	8.10	8.19	8.18	8.24		
1989-09-22		17.53	19.21				8.25	8.22		8.34	8.27	8.02	8.20	8.17	8.26		
1989-09-25		17.45	19.49				8.33	8.32		8.43	8.41	8.09	8.32	8.25	8.38		
1989-09-26		17.45	19.62				8.34	8.30		8.36	8.39	8.03	8.29	8.26	8.34		
1989-09-27		17.55	19.61				8.36	8.30		8.39	8.40	8.10	8.31	8.26	8.36		
1989-09-28		17.93	19.99				8.41	8.30		8.41	8.42	8.14	8.34	8.28	8.37		
1989-09-29		18.23	20.15				8.48	8.31		8.46	8.46	8.18	8.36	8.34	8.40		
1989-10-02		18.58	19.99				8.49	8.28		8.48	8.46	8.17	8.33	8.37	8.36		
1989-10-03		18.73	20.15				8.41	8.23		8.39	8.38	8.05	8.27	8.32	8.31		
1989-10-04		18.78	20.17				8.41	8.22		8.37	8.37	8.05	8.25	8.32	8.29		
1989-10-05		18.43	19.95				8.36	8.15		8.31	8.31	8.03	8.18	8.28	8.22		
1989-10-06		18.45	19.89				8.06	8.03		8.10	8.08	7.83	8.01	8.03	8.08		
1989-10-09		18.25	20.04				.	.		.	.	.	.	.	.		
1989-10-10		18.55	20.21				8.04	8.03		8.06	8.06	7.89	8.00	8.04	8.08		
1989-10-11		18.85	20.18				8.08	8.07		8.08	8.10	7.96	8.03	8.09	8.10		
1989-10-12		19.23	20.49				7.99	8.04		8.01	8.03	7.96	7.98	8.03	8.05		
1989-10-13		19.60	20.91				7.90	7.87		7.69	7.79	7.87	7.79	7.99	7.85		
1989-10-16		19.38	20.64				7.85	7.98		7.85	7.94	7.70	7.91	7.90	7.97		
1989-10-17		19.53	20.68				7.82	8.00		7.83	7.93	7.68	7.92	7.89	7.98		
1989-10-18		19.43	20.58				7.81	8.01		7.83	7.93	7.75	7.92	7.91	8.01		
1989-10-19		19.33	20.37				7.90	7.96		7.87	7.94	7.83	7.91	7.97	7.96		
1989-10-20		19.20	20.04				7.88	7.98		7.92	7.96	7.80	7.93	8.00	7.98		
1989-10-23		18.88	19.67				7.85	7.92		7.88	7.91	7.83	7.87	7.96	7.92		
1989-10-24		18.80	19.70				7.76	7.87		7.78	7.82	7.75	7.80	7.83	7.86		
1989-10-25		18.88	19.60				7.77	7.86		7.76	7.82	7.81	7.79	7.84	7.86		
1989-10-26		18.48	19.48				7.80	7.88		7.78	7.85	7.86	7.81	7.87	7.89		
1989-10-27		18.70	19.79				7.88	7.94		7.87	7.92	8.02	7.87	8.00	7.95		
1989-10-30		18.98	19.74				7.87	7.92		7.85	7.91	8.01	7.86	7.98	7.92		
1989-10-31		18.93	19.88				7.88	7.92		7.85	7.91	8.04	7.86	7.99	7.92		
1989-11-01		19.23	20.09				7.86	7.91		7.87	7.91	8.05	7.86	7.95	7.92		
1989-11-02		19.20	20.01				7.81	7.87		7.81	7.86	7.99	7.81	7.92	7.86		
1989-11-03		19.00	20.23				8.01	7.96		8.01	8.02	8.10	7.93	8.09	7.95		
1989-11-06		18.95	20.06				8.05	8.00		8.04	8.07	8.13	7.99	8.14	8.01		
1989-11-07		18.90	19.97				7.88	7.90		7.87	7.92	8.00	7.85	7.98	7.87		
1989-11-08		18.90	19.97				7.79	7.87		7.78	7.83	7.94	7.81	7.90	7.84		
1989-11-09		18.85	19.62				7.82	7.90		7.80	7.79	7.96	7.84	7.99	7.86		
1989-11-10		19.05	19.84				7.83	7.92		7.83	7.82	7.97	7.85	7.98	7.88		
1989-11-13		18.85	19.62				7.80	7.89		7.82	7.82	7.95	7.85	7.96	7.88		
1989-11-14		18.70	19.58				7.70	7.87		7.75	7.75	7.92	7.80	7.83	7.86		
1989-11-15		18.65	19.69				7.66	7.82		7.69	7.69	7.90	7.74	7.79	7.80		
1989-11-16		18.65	19.88				7.70	7.82		7.71	7.70	7.92	7.74	7.83	7.79		
1989-11-17		18.75	19.93				7.69	7.88		7.77	7.75	7.93	7.82	7.85	7.87		
1989-11-20		18.80	20.13				7.69	7.86		7.77	7.74	7.93	7.80	7.85	7.86		
1989-11-21		18.68	20.52				7.69	7.85		7.77	7.74	7.89	7.79	7.83	7.84		
1989-11-22		18.60	19.80				7.60	7.81		7.66	7.65	7.84	7.72	7.75	7.77		
1989-11-23		18.40	19.80				.	.		.	.	.	.	.	.		
1989-11-24		18.48	19.84				7.59	7.80		7.64	7.63	7.76	7.70	7.69	7.76		
1989-11-27		18.50	19.65				7.74	7.85		7.79	7.76	7.91	7.80	7.86	7.83		
1989-11-28		18.23	19.33				7.76	7.86		7.78	7.79	7.97	7.81	7.91	7.84		
1989-11-29		18.15	19.40				7.77	7.88		7.80	7.80	7.92	7.78	7.85	7.87		
1989-11-30		18.48	19.87				7.72	7.84		7.75	7.75	7.84	7.74	7.78	7.83		
1989-12-01		18.68	20.26				7.67	7.81		7.70	7.70	7.78	7.70	7.74	7.79		
1989-12-04		19.28	20.24				7.68	7.82		7.72	7.73	7.79	7.70	7.75	7.79		
1989-12-05		19.18	20.22				7.68	7.82		7.72	7.71	7.81	7.70	7.67	7.79		
1989-12-06		19.28	20.46				7.76	7.85		7.80	7.79	7.90	7.76	7.74	7.84		
1989-12-07		19.33	20.45				7.82	7.88		7.85	7.84	7.95	7.80	7.79	7.88		
1989-12-08		19.15	20.41				7.73	7.82		7.78	7.77	7.86	7.73	7.71	7.83		
1989-12-11		19.45	20.69				7.74	7.83		7.78	7.76	7.88	7.74	7.72	7.83		
1989-12-12		19.53	20.80				7.76	7.84		7.80	7.76	7.92	7.74	7.84	7.84		
1989-12-13		19.78	20.75				7.77	7.82		7.82	7.76	7.95	7.73	7.84	7.84		
1989-12-14		19.68	20.67				7.71	7.79		7.75	7.70	7.88	7.68	7.78	7.80		
1989-12-15		19.68	21.13				7.65	7.80		7.75	7.70	7.87	7.70	7.78	7.82		
1989-12-18		19.98	22.20				7.62	7.77		7.75	7.69	7.85	7.67	7.77	7.79		
1989-12-19		20.28	22.17				7.72	7.78		7.72	7.73	7.93	7.69	7.88	7.81		
1989-12-20		20.23	21.58				7.63	7.77		7.64	7.70	7.82	7.67	7.78	7.78		
1989-12-21		20.13	21.53				7.64	7.77		7.68	7.71	7.81	7.67	7.78	7.80		
1989-12-22		20.50	21.31				7.70	7.82		7.74	7.77	7.84	7.75	7.83	7.86		
1989-12-25		.	.				.	.		.	.	.	.	.	.		
1989-12-26		.	21.91				7.83	7.95		7.90	7.91	8.02	7.90	8.04	8.02		
1989-12-27		20.90	21.78				7.82	7.94		7.90	7.92	7.99	7.89	8.00	7.99		
1989-12-28		20.85	21.60				7.77	7.91		7.87	7.88	7.94	7.85	7.96	7.96		
1989-12-29		21.05	21.84				7.76	7.93		7.87	7.87	7.80	7.86	7.87	7.97		
1990-01-01		.	.				.	.		.	.	.	.	.	.		
1990-01-02		21.20	22.88				7.81	7.94		7.87	7.90	7.83	7.87	7.89	7.98		
1990-01-03		22.65	23.81				7.85	7.99		7.94	7.96	7.89	7.92	7.94	8.04		
1990-01-04		22.50	23.41				7.82	7.98		7.92	7.93	7.84	7.91	7.90	8.02		
1990-01-05		23.13	23.07				7.79	7.99		7.90	7.94	7.79	7.92	7.85	8.03		
1990-01-08		21.38	21.64				7.81	8.02		7.90	7.95	7.79	7.92	7.88	8.05		
1990-01-09		21.03	22.25				7.78	8.02		7.91	7.94	7.80	7.92	7.82	8.05		
1990-01-10		21.95	22.90				7.77	8.03		7.91	7.95	7.75	7.92	7.78	8.00		
1990-01-11		21.88	23.15				7.77	8.04		7.91	7.95	7.80	7.94	7.80	8.01		
1990-01-12		22.13	23.17				7.76	8.10		7.93	7.98	7.74	7.99	7.81	8.07		
1990-01-15		21.60	22.36				.	.		.	.	.	.	.	.		
1990-01-16		21.15	22.61				7.92	8.20		8.10	8.13	7.89	8.11	7.99	8.18		
1990-01-17		20.45	22.11				7.91	8.19		8.09	8.11	7.97	8.11	7.97	8.17		
1990-01-18		20.78	22.78				8.05	8.32		8.25	8.28	8.04	8.27	8.08	8.31		
1990-01-19		21.28	23.70				8.00	8.26		8.20	8.23	8.00	8.20	8.01	8.24		
1990-01-22		20.88	22.57				7.98	8.27		8.18	8.20	7.99	8.19	7.99	8.25		
1990-01-23		20.23	22.34				7.97	8.26		8.18	8.20	7.93	8.18	7.97	8.23		
1990-01-24		20.18	23.43				8.00	8.38		8.20	8.29	7.93	8.28	7.99	8.34		
1990-01-25		20.55	24.48				8.03	8.42		8.24	8.32	7.95	8.31	8.01	8.39		
1990-01-26		20.63	22.56				8.07	8.49		8.28	8.38	7.93	8.38	8.04	8.45		
1990-01-29		20.73	22.79				8.08	8.50		8.30	8.39	8.00	8.39	8.09	8.45		
1990-01-30		20.73	22.29				8.09	8.51		8.30	8.39	8.00	8.43	8.14	8.47		
1990-01-31		20.50	22.69				8.08	8.43		8.28	8.36	8.00	8.35	8.13	8.39		
1990-02-01		20.58	22.71				8.09	8.42		8.28	8.35	8.02	8.35	8.13	8.38		
1990-02-02		20.73	23.04				8.13	8.50		8.37	8.43	8.07	8.42	8.17	8.46		
1990-02-05		20.73	22.44				8.15	8.53		8.37	8.43	8.08	8.44	8.18	8.48		
1990-02-06		20.60	22.36				8.15	8.57		8.42	8.43	8.09	8.49	8.17	8.52		
1990-02-07		20.15	22.40				8.17	8.52		8.42	8.43	8.08	8.51	8.19	8.53		
1990-02-08		20.05	22.11				8.13	8.49		8.37	8.39	8.08	8.45	8.18	8.48		
1990-02-09		19.75	21.82				8.03	8.31		8.25	8.24	8.02	8.29	8.09	8.34		
1990-02-12		19.68	22.02				8.06	8.40		8.32	8.32	7.99	8.37	8.11	8.41		
1990-02-13		20.03	21.88				7.95	8.35		8.21	8.21	7.84	8.29	7.97	8.36		
1990-02-14		19.60	22.12				8.03	8.36		8.27	8.27	7.87	8.34	8.00	8.36		
1990-02-15		19.90	22.86				8.11	8.43		8.35	8.35	7.97	8.40	8.08	8.44		
1990-02-16		19.88	22.46				8.09	8.42		8.36	8.34	7.94	8.41	8.07	8.43		
1990-02-19		19.95	22.46				.	.		.	.	.	.	.	.		
1990-02-20		19.68	22.20				8.24	8.62		8.52	8.52	8.06	8.58	8.20	8.63		
1990-02-21		19.50	21.87				8.22	8.62		8.50	8.52	8.01	8.60	8.19	8.63		
1990-02-22		19.35	21.40				8.17	8.54		8.45	8.48	7.99	8.48	8.15	8.57		
1990-02-23		18.78	21.13				8.11	8.53		8.43	8.45	7.93	8.47	8.09	8.56		
1990-02-26		18.90	21.81				8.10	8.46		8.38	8.40	7.97	8.40	8.09	8.49		
1990-02-27		19.23	21.62				8.06	8.41		8.34	8.34	7.99	8.34	8.10	8.43		
1990-02-28		19.20	21.55				8.12	8.51		8.43	8.45	8.04	8.44	8.14	8.54		
1990-03-01		19.33	21.19				8.21	8.59		8.53	8.53	8.08	8.53	8.19	8.62		
1990-03-02		19.18	21.36				8.22	8.54		8.48	8.50	8.02	8.50	8.17	8.57		
1990-03-05		19.15	21.62				8.31	8.65		8.55	8.59	8.09	8.58	8.27	8.69		
1990-03-06		19.18	21.30				8.31	8.59		8.54	8.56	8.17	8.57	8.24	8.64		
1990-03-07		18.95	20.93				8.29	8.58		8.54	8.55	8.18	8.56	8.22	8.63		
1990-03-08		18.73	20.80				8.35	8.57		8.59	8.58	8.18	8.57	8.24	8.62		
1990-03-09		18.68	20.42				8.46	8.65		8.73	8.71	8.26	8.68	8.33	8.71		
1990-03-12		18.30	20.26				8.44	8.63		8.71	8.70	8.26	8.67	8.33	8.70		
1990-03-13		18.53	20.15				8.48	8.73		8.77	8.77	8.26	8.75	8.34	8.78		
1990-03-14		18.33	20.07				8.41	8.65		8.69	8.70	8.23	8.67	8.31	8.71		
1990-03-15		18.48	20.38				8.41	8.66		8.71	8.70	8.21	8.69	8.32	8.73		
1990-03-16		18.40	20.09				8.36	8.59		8.64	8.62	8.19	8.61	8.29	8.64		
1990-03-19		17.83	19.60				8.38	8.59		8.68	8.66	8.22	8.65	8.32	8.66		
1990-03-20		17.75	19.34				8.38	8.54		8.68	8.65	8.25	8.61	8.35	8.62		
1990-03-21		17.78	19.59				8.39	8.55		8.69	8.66	8.23	8.62	8.34	8.63		
1990-03-22		17.83	19.85				8.32	8.53		8.62	8.60	8.17	8.56	8.27	8.61		
1990-03-23		17.88	20.28				8.29	8.52		8.61	8.59	8.15	8.54	8.26	8.59		
1990-03-26		18.23	20.48				8.30	8.51		8.61	8.59	8.13	8.52	8.28	8.58		
1990-03-27		18.10	20.36				8.35	8.52		8.59	8.60	8.17	8.55	8.30	8.59		
1990-03-28		18.03	20.09				8.33	8.51		8.57	8.60	8.12	8.53	8.27	8.58		
1990-03-29		17.90	20.03				8.36	8.60		8.62	8.65	8.10	8.60	8.28	8.66		
1990-03-30		17.95	20.34				8.35	8.65		8.64	8.69	8.07	8.65	8.24	8.70		
1990-04-02		18.18	20.51				8.34	8.65		8.62	8.67	8.05	8.65	8.23	8.69		
1990-04-03		18.20	20.23				8.32	8.63		8.61	8.65	8.09	8.64	8.25	8.69		
1990-04-04		17.95	19.78				8.27	8.55		8.54	8.59	8.01	8.56	8.17	8.62		
1990-04-05		17.55	19.48				8.28	8.57		8.54	8.60	8.02	8.57	8.18	8.63		
1990-04-06		17.10	19.15				8.26	8.56		8.52	8.58	8.02	8.55	8.16	8.61		
1990-04-09		16.53	18.32				8.29	8.59		8.54	8.60	8.09	8.58	8.23	8.65		
1990-04-10		15.93	17.56				8.29	8.60		8.54	8.59	8.05	8.58	8.21	8.65		
1990-04-11		15.30	18.19				8.28	8.63		8.56	8.62	8.03	8.60	8.20	8.63		
1990-04-12		15.80	17.76				8.29	8.64		8.57	8.63	8.02	8.62	8.20	8.65		
1990-04-13		.	.				.	.		.	.	.	.	.	.		
1990-04-16		.	17.87				8.29	8.68		8.61	8.66	8.01	8.65	8.18	8.69		
1990-04-17		15.70	17.37				8.38	8.77		8.70	8.75	8.03	8.73	8.23	8.78		
1990-04-18		15.33	16.95				8.49	8.86		8.79	8.84	8.08	8.84	8.30	8.88		
1990-04-19		16.13	17.93				8.46	8.87		8.81	8.86	8.06	8.84	8.28	8.88		
1990-04-20		16.35	17.90				8.44	8.95		8.82	8.88	7.95	8.88	8.24	8.95		
1990-04-23		16.95	18.60				8.50	8.98		8.87	8.91	8.00	8.92	8.31	8.97		
1990-04-24		16.75	17.85				8.55	9.00		8.92	8.98	8.03	8.96	8.36	9.01		
1990-04-25		16.50	17.49				8.57	9.01		8.95	9.01	8.06	9.00	8.40	9.03		
1990-04-26		16.60	18.50				8.64	9.07		9.03	9.11	8.09	9.09	8.45	9.10		
1990-04-27		16.43	18.57				8.57	9.06		8.98	9.07	8.05	9.06	8.38	9.09		
1990-04-30		16.35	18.50				8.58	9.04		8.96	9.05	8.07	9.04	8.44	9.06		
1990-05-01		16.43	18.76				8.56	9.08		9.02	9.09	8.19	9.08	8.49	9.09		
1990-05-02		16.58	18.63				8.63	9.09		9.05	9.11	8.17	9.10	8.49	9.12		
1990-05-03		15.93	17.98				8.62	9.04		8.98	9.05	8.15	9.04	8.45	9.05		
1990-05-04		15.58	17.98				8.43	8.84		8.70	8.77	8.02	8.80	8.25	8.83		
1990-05-07		15.65	18.30				8.44	8.87		8.74	8.82	8.09	8.83	8.26	8.86		
1990-05-08		16.18	18.26				8.40	8.84		8.68	8.73	8.06	8.79	8.22	8.83		
1990-05-09		16.45	19.01				8.40	8.88		8.75	8.79	8.01	8.87	8.20	8.92		
1990-05-10		16.70	19.03				8.33	8.82		8.69	8.73	7.97	8.80	8.15	8.86		
1990-05-11		16.73	18.96				8.21	8.64		8.55	8.58	7.88	8.64	8.04	8.68		
1990-05-14		17.40	19.73				8.20	8.61		8.51	8.54	7.89	8.60	8.06	8.64		
1990-05-15		17.40	19.52				8.23	8.65		8.54	8.58	7.91	8.64	8.09	8.68		
1990-05-16		17.25	19.05				8.23	8.68		8.54	8.59	7.93	8.66	8.09	8.71		
1990-05-17		17.05	18.89				8.24	8.69		8.56	8.60	7.93	8.69	8.10	8.73		
1990-05-18		17.08	18.78				8.31	8.75		8.63	8.69	8.01	8.74	8.16	8.79		
1990-05-21		16.65	18.26				8.30	8.74		8.61	8.66	8.02	8.74	8.18	8.77		
1990-05-22		16.48	17.51				8.22	8.65		8.54	8.58	7.99	8.66	8.18	8.69		
1990-05-23		15.70	16.25				8.17	8.61		8.51	8.55	7.91	8.61	8.11	8.65		
1990-05-24		15.80	16.02				8.16	8.63		8.50	8.54	7.95	8.58	8.12	8.66		
1990-05-25		15.95	16.12				8.23	8.69		8.53	8.59	8.01	8.61	8.18	8.71		
1990-05-28		.	.				.	.		.	.	.	.	.	.		
1990-05-29		15.48	18.00				8.23	8.66		8.52	8.57	8.02	8.59	8.17	8.68		
1990-05-30		15.98	17.88				8.20	8.62		8.48	8.54	8.03	8.56	8.09	8.65		
1990-05-31		15.30	17.47				8.22	8.60		8.50	8.53	8.01	8.56	8.12	8.64		
1990-06-01		15.43	17.51				8.06	8.44		8.33	8.36	7.94	8.38	8.01	8.47		
1990-06-04		15.35	17.09				8.07	8.44		8.31	8.36	7.96	8.39	8.03	8.47		
1990-06-05		14.78	16.41				8.09	8.47		8.34	8.38	7.96	8.42	8.03	8.51		
1990-06-06		14.80	16.91				8.09	8.46		8.34	8.40	7.96	8.43	8.02	8.51		
1990-06-07		15.03	16.65				8.07	8.46		8.34	8.38	7.96	8.41	8.01	8.49		
1990-06-08		14.68	16.78				8.07	8.46		8.33	8.38	7.96	8.42	8.03	8.51		
1990-06-11		14.73	16.82				8.09	8.48		8.36	8.41	7.99	8.43	8.07	8.52		
1990-06-12		14.95	17.39				8.09	8.48		8.36	8.42	7.99	8.44	8.05	8.52		
1990-06-13		14.90	17.60				8.02	8.40		8.27	8.32	7.93	8.35	7.99	8.44		
1990-06-14		15.30	17.11				8.00	8.38		8.24	8.29	7.92	8.32	7.98	8.41		
1990-06-15		15.15	16.64				8.05	8.46		8.33	8.37	7.95	8.41	8.04	8.49		
1990-06-18		14.83	15.92				8.11	8.50		8.39	8.42	7.93	8.45	8.06	8.53		
1990-06-19		14.75	15.55				8.15	8.51		8.41	8.45	8.00	8.47	8.07	8.55		
1990-06-20		14.75	15.43				8.16	8.55		8.43	8.46	8.03	8.51	8.07	8.59		
1990-06-21		14.75	16.09				8.14	8.52		8.41	8.44	8.03	8.48	8.08	8.57		
1990-06-22		15.40	16.50				8.12	8.51		8.40	8.43	8.04	8.46	8.05	8.55		
1990-06-25		15.58	16.15				8.19	8.58		8.45	8.48	8.05	8.53	8.09	8.62		
1990-06-26		15.58	17.12				8.19	8.56		8.41	8.49	8.07	8.51	8.12	8.59		
1990-06-27		15.33	16.70				8.14	8.52		8.37	8.43	8.05	8.47	8.10	8.56		
1990-06-28		15.40	17.18				8.07	8.47		8.31	8.37	8.00	8.41	8.03	8.51		
1990-06-29		15.73	17.05				8.05	8.43		8.24	8.32	8.00	8.35	8.02	8.46		
1990-07-02		15.40	16.94				8.06	8.43		8.25	8.32	8.00	8.35	8.03	8.46		
1990-07-03		15.48	16.73				8.01	8.40		8.20	8.28	7.96	8.32	8.00	8.44		
1990-07-04		15.48	16.73				.	.		.	.	.	.	.	.		
1990-07-05		15.23	16.50				8.02	8.42		8.22	8.31	7.92	8.34	7.98	8.45		
1990-07-06		15.35	16.49				8.14	8.51		8.32	8.41	8.01	8.44	8.08	8.56		
1990-07-09		14.98	16.63				8.19	8.57		8.39	8.46	8.06	8.49	8.14	8.60		
1990-07-10		15.58	17.05				8.21	8.57		8.40	8.48	8.07	8.50	8.17	8.61		
1990-07-11		15.70	17.45				8.18	8.57		8.40	8.46	8.05	8.49	8.15	8.58		
1990-07-12		15.88	18.69				7.98	8.50		8.20	8.31	7.94	8.37	7.98	8.49		
1990-07-13		17.03	18.37				7.89	8.45		8.13	8.25	7.85	8.32	7.91	8.43		
1990-07-16		17.70	18.67				7.89	8.44		8.15	8.26	7.86	8.31	7.91	8.43		
1990-07-17		17.58	18.23				7.88	8.44		8.13	8.23	7.87	8.30	7.91	8.42		
1990-07-18		17.70	18.57				7.87	8.50		8.13	8.24	7.80	8.34	7.88	8.47		
1990-07-19		17.85	19.07				7.87	8.51		8.13	8.23	7.79	8.33	7.85	8.47		
1990-07-20		18.00	19.61				7.84	8.48		8.08	8.18	7.79	8.28	7.84	8.43		
1990-07-23		18.73	19.88				7.81	8.48		8.05	8.17	7.73	8.28	7.78	8.43		
1990-07-24		19.08	19.84				7.88	8.53		8.12	8.25	7.78	8.35	7.82	8.48		
1990-07-25		19.00	19.33				7.87	8.49		8.08	8.24	7.81	8.31	7.85	8.44		
1990-07-26		18.73	20.33				7.90	8.49		8.08	8.24	7.83	8.31	7.86	8.45		
1990-07-27		19.03	20.07				7.80	8.42		8.00	8.15	7.77	8.25	7.79	8.36		
1990-07-30		18.98	20.24				7.75	8.34		7.93	8.05	7.74	8.14	7.74	8.28		
1990-07-31		19.23	20.57				7.72	8.36		7.91	8.04	7.74	8.13	7.72	8.28		
1990-08-01		19.93	21.59				7.63	8.29		7.85	7.96	7.67	8.06	7.65	8.20		
1990-08-02		22.25	23.71				7.70	8.41		7.90	8.03	7.68	8.15	7.67	8.30		
1990-08-03		24.13	23.79				7.56	8.43		7.79	7.98	7.52	8.11	7.55	8.32		
1990-08-06		27.28	28.73				7.63	8.71		7.90	8.11	7.54	8.29	7.59	8.55		
1990-08-07		27.35	29.60				7.75	8.78		8.04	8.19	7.61	8.41	7.73	8.65		
1990-08-08		25.15	26.19				7.73	8.77		8.02	8.19	7.62	8.43	7.69	8.65		
1990-08-09		25.90	25.69				7.72	8.66		7.99	8.13	7.66	8.33	7.69	8.55		
1990-08-10		26.30	26.38				7.67	8.68		7.95	8.12	7.64	8.35	7.68	8.58		
1990-08-13		26.63	27.07				7.65	8.71		7.94	8.08	7.66	8.36	7.70	8.59		
1990-08-14		27.10	26.70				7.69	8.66		7.94	8.08	7.68	8.34	7.72	8.55		
1990-08-15		26.53	26.54				7.68	8.64		7.94	8.08	7.70	8.33	7.73	8.54		
1990-08-16		27.20	27.40				7.81	8.76		8.09	8.23	7.73	8.45	7.83	8.65		
1990-08-17		28.45	28.65				7.80	8.80		8.11	8.27	7.72	8.49	7.82	8.68		
1990-08-20		28.90	28.63				7.84	8.81		8.13	8.28	7.77	8.50	7.85	8.70		
1990-08-21		29.05	28.46				7.90	8.84		8.19	8.32	7.83	8.56	7.88	8.74		
1990-08-22		30.45	30.52				7.94	8.91		8.26	8.38	7.85	8.62	7.91	8.80		
1990-08-23		32.35	31.67				7.99	9.00		8.26	8.44	7.79	8.69	7.91	8.88		
1990-08-24		31.65	31.10				7.96	9.05		8.32	8.50	7.74	8.75	7.88	8.94		
1990-08-27		27.65	27.36				7.89	8.90		8.21	8.34	7.78	8.61	7.89	8.80		
1990-08-28		27.65	27.73				7.94	8.94		8.23	8.42	7.73	8.67	7.87	8.85		
1990-08-29		27.65	26.15				7.85	8.84		8.16	8.33	7.72	8.52	7.84	8.75		
1990-08-30		27.50	26.96				7.83	8.86		8.12	8.31	7.70	8.52	7.80	8.77		
1990-08-31		27.80	27.45				7.76	8.86		8.07	8.26	7.63	8.50	7.74	8.77		
1990-09-03		30.53	27.45				.	.		.	.	.	.	.	.		
1990-09-04		30.08	29.30				7.76	8.90		8.09	8.28	7.64	8.53	7.75	8.80		
1990-09-05		31.23	30.00				7.74	8.86		8.04	8.23	7.61	8.47	7.71	8.75		
1990-09-06		32.15	31.51				7.74	8.84		8.06	8.24	7.62	8.47	7.71	8.75		
1990-09-07		31.45	30.09				7.73	8.81		8.04	8.22	7.63	8.45	7.73	8.72		
1990-09-10		31.45	30.83				7.79	8.85		8.09	8.26	7.68	8.50	7.76	8.75		
1990-09-11		32.10	30.29				7.81	8.83		8.10	8.27	7.67	8.48	7.76	8.73		
1990-09-12		31.28	30.85				7.75	8.82		8.05	8.26	7.61	8.45	7.70	8.72		
1990-09-13		31.88	31.20				7.70	8.82		8.01	8.19	7.59	8.44	7.65	8.71		
1990-09-14		33.35	31.79				7.72	8.87		8.03	8.23	7.59	8.48	7.63	8.75		
1990-09-17		34.90	33.73				7.73	8.90		8.05	8.23	7.61	8.49	7.66	8.78		
1990-09-18		35.95	33.48				7.73	8.90		8.03	8.22	7.61	8.48	7.66	8.77		
1990-09-19		35.08	33.18				7.79	8.88		8.08	8.24	7.64	8.51	7.69	8.78		
1990-09-20		35.65	34.44				7.81	8.91		8.10	8.27	7.63	8.53	7.73	8.80		
1990-09-21		36.95	36.21				7.77	8.99		8.12	8.31	7.60	8.58	7.71	8.87		
1990-09-24		40.75	39.05				7.83	9.04		8.21	8.38	7.63	8.64	7.75	8.92		
1990-09-25		39.90	38.33				7.85	9.02		8.18	8.40	7.59	8.64	7.78	8.91		
1990-09-26		40.85	39.12				7.84	9.00		8.16	8.38	7.57	8.63	7.74	8.90		
1990-09-27		41.45	39.77				7.72	8.91		8.05	8.28	7.47	8.52	7.61	8.81		
1990-09-28		41.00	39.53				7.69	8.82		8.02	8.19	7.37	8.47	7.54	8.73		
1990-10-01		38.95	37.08				7.63	8.71		7.94	8.12	7.37	8.38	7.53	8.63		
1990-10-02		35.45	34.43				7.61	8.69		7.92	8.10	7.41	8.35	7.55	8.60		
1990-10-03		37.55	37.04				7.57	8.71		7.88	8.09	7.38	8.33	7.53	8.60		
1990-10-04		37.20	36.76				7.56	8.67		7.87	8.04	7.36	8.30	7.51	8.58		
1990-10-05		39.05	37.87				7.51	8.65		7.81	8.00	7.27	8.27	7.44	8.54		
1990-10-08		39.20	38.88				.	.		.	.	.	.	.	.		
1990-10-09		40.90	40.73				7.64	8.83		7.94	8.14	7.41	8.43	7.58	8.72		
1990-10-10		40.20	39.30				7.64	8.89		7.99	8.19	7.44	8.49	7.60	8.78		
1990-10-11		41.15	41.07				7.60	8.92		7.99	8.22	7.35	8.51	7.51	8.79		
1990-10-12		39.90	39.42				7.59	8.84		7.94	8.16	7.37	8.44	7.52	8.70		
1990-10-15		38.28	38.00				7.58	8.80		7.92	8.13	7.40	8.39	7.56	8.67		
1990-10-16		38.93	39.34				7.58	8.79		7.92	8.13	7.39	8.39	7.58	8.66		
1990-10-17		35.33	36.03				7.60	8.76		7.92	8.12	7.44	8.37	7.59	8.63		
1990-10-18		35.65	37.03				7.59	8.71		7.91	8.08	7.49	8.32	7.57	8.59		
1990-10-19		33.20	33.82				7.55	8.62		7.85	8.02	7.48	8.25	7.56	8.49		
1990-10-22		27.45	28.46				7.53	8.63		7.85	8.03	7.47	8.25	7.55	8.50		
1990-10-23		28.95	29.95				7.52	8.65		7.84	8.00	7.45	8.25	7.53	8.51		
1990-10-24		30.10	30.80				7.52	8.66		7.84	8.00	7.46	8.26	7.53	8.52		
1990-10-25		32.90	34.35				7.46	8.62		7.80	7.97	7.41	8.21	7.51	8.47		
1990-10-26		33.73	33.03				7.46	8.63		7.80	7.97	7.36	8.23	7.45	8.48		
1990-10-29		34.65	35.28				7.48	8.70		7.82	8.01	7.38	8.27	7.48	8.54		
1990-10-30		35.50	34.93				7.48	8.70		7.79	8.02	7.37	8.28	7.51	8.56		
1990-10-31		34.30	35.31				7.43	8.65		7.77	7.97	7.34	8.24	7.46	8.50		
1990-11-01		35.65	35.30				7.32	8.57		7.68	7.88	7.28	8.15	7.38	8.42		
1990-11-02		35.05	33.95				7.35	8.57		7.68	7.88	7.31	8.16	7.40	8.42		
1990-11-05		33.80	32.05				7.33	8.50		7.63	7.84	7.31	8.10	7.39	8.36		
1990-11-06		33.20	32.41				7.36	8.52		7.65	7.80	7.31	8.11	7.42	8.37		
1990-11-07		34.55	35.48				7.36	8.57		7.67	7.82	7.32	8.16	7.43	8.44		
1990-11-08		34.85	35.61				7.35	8.58		7.67	7.82	7.32	8.18	7.42	8.44		
1990-11-09		34.25	33.91				7.33	8.49		7.61	7.75	7.27	8.10	7.39	8.36		
1990-11-12		32.85	32.08				.	.		.	.	.	.	.	.		
1990-11-13		33.65	33.30				7.30	8.37		7.60	7.70	7.27	8.01	7.39	8.26		
1990-11-14		31.95	31.18				7.31	8.36		7.58	7.70	7.30	8.01	7.38	8.25		
1990-11-15		32.20	31.05				7.32	8.37		7.60	7.71	7.32	8.01	7.40	8.26		
1990-11-16		30.55	29.91				7.27	8.30		7.58	7.69	7.31	7.96	7.37	8.20		
1990-11-19		30.85	31.45				7.33	8.35		7.62	7.73	7.33	8.01	7.43	8.24		
1990-11-20		30.10	29.50				7.34	8.31		7.62	7.72	7.32	7.98	7.42	8.21		
1990-11-21		30.65	30.08				7.26	8.27		7.55	7.66	7.27	7.92	7.37	8.16		
1990-11-22		31.40	30.08				.	.		.	.	.	.	.	.		
1990-11-23		32.05	32.35				7.23	8.28		7.53	7.63	7.25	7.92	7.32	8.16		
1990-11-26		35.10	33.28				7.24	8.27		7.55	7.65	7.26	7.92	7.33	8.17		
1990-11-27		34.83	33.05				7.28	8.28		7.50	7.66	7.27	7.94	7.34	8.18		
1990-11-28		34.10	33.28				7.34	8.30		7.56	7.71	7.29	7.94	7.38	8.22		
1990-11-29		34.65	32.93				7.34	8.32		7.58	7.72	7.26	7.96	7.38	8.23		
1990-11-30		31.20	29.08				7.31	8.26		7.53	7.67	7.24	7.91	7.36	8.18		
1990-12-03		31.25	29.40				7.31	8.22		7.51	7.65	7.28	7.88	7.37	8.14		
1990-12-04		31.50	29.05				7.25	8.20		7.46	7.58	7.24	7.83	7.23	8.11		
1990-12-05		30.20	27.18				7.24	8.16		7.46	7.58	7.23	7.82	7.21	8.09		
1990-12-06		27.35	26.35				7.27	8.18		7.48	7.60	7.22	7.82	7.23	8.11		
1990-12-07		28.30	26.61				7.12	8.03		7.33	7.45	7.10	7.67	7.08	7.96		
1990-12-10		28.75	27.08				7.10	7.98		7.28	7.40	7.07	7.63	7.04	7.91		
1990-12-11		28.03	26.50				7.07	7.94		7.26	7.38	7.06	7.60	7.06	7.87		
1990-12-12		27.28	25.30				7.03	7.91		7.22	7.33	7.00	7.59	7.00	7.84		
1990-12-13		27.80	26.45				7.11	7.98		7.31	7.42	7.05	7.68	7.04	7.91		
1990-12-14		28.45	26.60				7.09	8.05		7.35	7.47	7.06	7.74	7.08	7.97		
1990-12-17		28.20	27.10				7.06	8.02		7.31	7.45	7.02	7.71	7.07	7.96		
1990-12-18		27.55	27.85				7.02	7.99		7.28	7.40	6.94	7.67	7.05	7.93		
1990-12-19		28.13	28.26				6.89	8.00		7.21	7.37	6.83	7.64	6.91	7.92		
1990-12-20		27.55	27.50				6.90	8.05		7.25	7.41	6.75	7.67	6.87	7.96		
1990-12-21		26.90	27.08				6.95	8.11		7.30	7.46	6.79	7.75	6.94	8.03		
1990-12-24		27.70	26.95				6.99	8.20		7.35	7.53	6.73	7.84	6.95	8.12		
1990-12-25		.	.				.	.		.	.	.	.	.	.		
1990-12-26		27.70	27.35				6.94	8.15		7.27	7.50	6.68	7.78	6.91	8.07		
1990-12-27		27.05	26.95				6.94	8.11		7.25	7.46	6.67	7.75	6.91	8.03		
1990-12-28		27.43	27.58				6.91	8.14		7.25	7.48	6.64	7.78	6.85	8.08		
1990-12-31		28.35	28.48				6.82	8.08		7.15	7.40	6.63	7.68	6.73	8.00		
1991-01-01		.	.				.	.		.	.	.	.	.	.		
1991-01-02		26.78	26.53				6.74	7.97		7.08	7.30	6.66	7.59	6.73	7.90		
1991-01-03		25.05	25.61				6.72	7.93		7.08	7.27	6.64	7.56	6.71	7.86		
1991-01-04		24.08	24.88				6.83	8.02		7.17	7.37	6.73	7.65	6.82	7.94		
1991-01-07		25.93	27.25				6.84	8.13		7.20	7.43	6.71	7.75	6.84	8.04		
1991-01-08		25.73	27.50				6.75	8.16		7.15	7.39	6.64	7.74	6.74	8.06		
1991-01-09		22.35	28.00				6.68	8.25		7.10	7.46	6.44	7.81	6.61	8.12		
1991-01-10		26.58	27.55				6.64	8.16		7.14	7.39	6.40	7.76	6.57	8.02		
1991-01-11		26.05	27.43				6.62	8.20		7.14	7.40	6.34	7.79	6.55	8.06		
1991-01-14		29.55	30.13				6.60	8.23		7.18	7.44	6.24	7.82	6.47	8.09		
1991-01-15		29.25	30.35				6.60	8.22		7.16	7.43	6.23	7.79	6.44	8.07		
1991-01-16		30.28	32.25				6.61	8.24		7.21	7.47	6.22	7.83	6.46	8.09		
1991-01-17		21.10	21.48				6.66	8.05		7.19	7.42	6.30	7.71	6.56	7.93		
1991-01-18		19.10	20.05				6.61	8.03		7.14	7.38	6.24	7.68	6.51	7.92		
1991-01-21		19.25	21.63				.	.		.	.	.	.	.	.		
1991-01-22		20.73	24.91				6.59	8.07		7.13	7.37	6.24	7.70	6.48	7.94		
1991-01-23		22.15	24.08				6.59	8.04		7.08	7.36	6.32	7.67	6.49	7.91		
1991-01-24		20.90	25.63				6.54	8.00		7.04	7.32	6.31	7.61	6.47	7.88		
1991-01-25		20.80	24.15				6.61	8.06		7.10	7.36	6.35	7.67	6.52	7.93		
1991-01-28		20.40	21.03				6.64	8.06		7.12	7.38	6.44	7.67	6.55	7.93		
1991-01-29		20.75	21.73				6.59	8.03		7.10	7.35	6.41	7.64	6.55	7.90		
1991-01-30		20.95	21.08				6.56	8.05		7.07	7.34	6.39	7.64	6.53	7.90		
1991-01-31		20.70	21.90				6.51	8.03		7.05	7.30	6.37	7.62	6.49	7.89		
1991-02-01		20.80	21.33				6.27	7.91		6.83	7.10	6.17	7.45	6.24	7.75		
1991-02-04		20.45	21.23				6.24	7.88		6.82	7.07	6.15	7.43	6.23	7.72		
1991-02-05		20.20	20.70				6.23	7.85		6.80	6.98	6.15	7.40	6.20	7.68		
1991-02-06		20.93	21.48				6.22	7.79		6.82	6.99	6.08	7.40	6.14	7.68		
1991-02-07		20.90	21.33				6.23	7.82		6.80	7.00	6.11	7.42	6.15	7.70		
1991-02-08		20.65	21.78				6.21	7.77		6.80	6.99	6.09	7.40	6.15	7.66		
1991-02-11		21.23	22.44				6.18	7.78		6.78	6.95	6.05	7.39	6.13	7.65		
1991-02-12		21.10	22.78				6.18	7.78		6.78	6.97	6.02	7.39	6.13	7.66		
1991-02-13		21.00	22.38				6.21	7.78		6.78	6.98	6.03	7.39	6.13	7.66		
1991-02-14		20.50	22.25				6.19	7.80		6.77	6.98	6.02	7.38	6.10	7.67		
1991-02-15		18.35	20.73				6.24	7.78		6.82	7.02	6.08	7.41	6.16	7.67		
1991-02-18		17.68	20.73				.	.		.	.	.	.	.	.		
1991-02-19		17.85	20.08				6.30	7.80		6.87	7.07	6.13	7.46	6.20	7.70		
1991-02-20		18.75	20.18				6.28	7.84		6.87	7.08	6.11	7.49	6.19	7.73		
1991-02-21		18.55	18.48				6.29	7.88		6.90	7.13	6.09	7.51	6.17	7.77		
1991-02-22		17.80	17.43				6.33	7.91		6.98	7.21	6.12	7.57	6.23	7.82		
1991-02-25		17.83	17.43				6.33	7.91		6.99	7.20	6.16	7.57	6.25	7.79		
1991-02-26		18.00	18.48				6.37	7.96		7.00	7.24	6.22	7.62	6.30	7.85		
1991-02-27		18.65	19.03				6.36	7.98		7.02	7.25	6.21	7.64	6.28	7.87		
1991-02-28		19.50	19.28				6.41	8.02		7.04	7.26	6.22	7.66	6.32	7.89		
1991-03-01		19.33	19.43				6.52	8.12		7.18	7.41	6.27	7.78	6.38	8.00		
1991-03-04		20.20	20.33				6.51	8.12		7.16	7.40	6.24	7.77	6.36	8.01		
1991-03-05		20.05	20.50				6.48	8.08		7.13	7.35	6.25	7.73	6.32	7.98		
1991-03-06		19.85	19.78				6.50	8.11		7.15	7.38	6.28	7.77	6.35	8.01		
1991-03-07		19.65	19.33				6.50	8.07		7.12	7.34	6.27	7.73	6.36	7.97		
1991-03-08		19.10	19.34				6.41	8.13		7.08	7.35	6.16	7.77	6.25	8.01		
1991-03-11		18.60	19.00				6.37	8.06		7.05	7.30	6.08	7.71	6.21	7.94		
1991-03-12		18.43	20.06				6.38	8.09		7.07	7.33	6.05	7.74	6.19	7.98		
1991-03-13		20.33	20.48				6.30	8.02		7.00	7.23	6.02	7.67	6.12	7.91		
1991-03-14		19.98	20.05				6.26	8.02		6.95	7.19	5.94	7.64	6.04	7.90		
1991-03-15		19.05	19.88				6.30	8.10		7.01	7.26	5.98	7.73	6.10	7.98		
1991-03-18		18.30	19.78				6.36	8.15		7.09	7.35	6.03	7.79	6.13	8.04		
1991-03-19		18.95	20.68				6.48	8.25		7.22	7.48	6.08	7.93	6.23	8.14		
1991-03-20		18.98	20.40				6.44	8.20		7.20	7.46	6.07	7.88	6.18	8.09		
1991-03-21		18.80	20.78				6.39	8.16		7.13	7.40	6.06	7.82	6.15	8.04		
1991-03-22		18.95	19.88				6.37	8.13		7.13	7.39	6.06	7.82	6.16	8.03		
1991-03-25		18.60	19.47				6.35	8.13		7.14	7.39	6.07	7.83	6.17	8.03		
1991-03-26		18.35	19.78				6.39	8.13		7.16	7.40	6.05	7.84	6.14	8.04		
1991-03-27		18.15	19.45				6.33	8.08		7.07	7.36	5.99	7.76	6.08	7.99		
1991-03-28		18.00	19.63				6.28	8.05		7.02	7.30	5.92	7.73	6.05	7.96		
1991-03-29		.	.				.	.		.	.	.	.	.	.		
1991-04-01		18.00	19.28				6.27	8.07		7.01	7.30	5.94	7.74	6.04	7.97		
1991-04-02		17.63	19.38				6.26	8.03		6.97	7.24	5.95	7.68	6.05	7.92		
1991-04-03		17.75	19.48				6.28	8.05		6.99	7.27	5.95	7.71	6.06	7.94		
1991-04-04		18.00	19.98				6.24	8.00		6.94	7.22	5.92	7.67	6.03	7.90		
1991-04-05		18.35	20.03				6.24	7.99		6.92	7.20	5.89	7.65	6.01	7.89		
1991-04-08		18.58	20.28				6.21	7.98		6.91	7.21	5.83	7.63	5.97	7.88		
1991-04-09		18.60	20.58				6.23	8.03		6.94	7.23	5.79	7.68	5.95	7.93		
1991-04-10		19.25	21.08				6.28	8.10		7.02	7.31	5.79	7.75	5.97	7.98		
1991-04-11		19.50	20.98				6.23	8.09		6.95	7.25	5.74	7.74	5.91	7.97		
1991-04-12		19.93	21.54				6.14	7.98		6.88	7.18	5.68	7.64	5.89	7.86		
1991-04-15		20.23	21.85				6.22	7.95		6.90	7.17	5.77	7.64	5.96	7.84		
1991-04-16		19.90	21.60				6.23	7.97		6.92	7.20	5.79	7.66	5.95	7.85		
1991-04-17		19.85	21.73				6.20	7.95		6.90	7.17	5.73	7.64	5.89	7.83		
1991-04-18		19.40	21.08				6.34	8.02		6.99	7.24	5.84	7.74	5.98	7.92		
1991-04-19		19.18	21.16				6.31	8.10		7.03	7.27	5.93	7.80	6.04	7.99		
1991-04-22		19.78	21.68				6.32	8.15		7.07	7.29	5.87	7.83	6.01	8.02		
1991-04-23		19.60	21.03				6.28	8.12		7.05	7.28	5.89	7.78	6.03	7.99		
1991-04-24		19.55	21.00				6.23	8.06		6.95	7.25	5.84	7.73	5.99	7.93		
1991-04-25		19.60	20.95				6.19	8.07		6.93	7.22	5.78	7.70	5.96	7.95		
1991-04-26		19.63	21.28				6.21	8.06		6.89	7.23	5.79	7.68	5.99	7.93		
1991-04-29		19.95	21.30				6.22	8.07		6.90	7.22	5.77	7.70	5.98	7.93		
1991-04-30		19.70	20.99				6.06	8.02		6.80	7.15	5.68	7.63	5.83	7.88		
1991-05-01		19.70	21.28				6.09	8.01		6.80	7.14	5.71	7.63	5.84	7.87		
1991-05-02		19.70	21.17				6.06	7.97		6.76	7.11	5.63	7.59	5.82	7.84		
1991-05-03		19.55	21.43				6.10	8.04		6.80	7.16	5.64	7.67	5.83	7.91		
1991-05-06		19.80	21.73				6.11	8.05		6.82	7.16	5.64	7.67	5.85	7.91		
1991-05-07		19.85	21.72				6.15	8.06		6.82	7.10	5.67	7.67	5.91	7.92		
1991-05-08		19.80	21.83				6.14	8.04		6.84	7.12	5.67	7.68	5.90	7.92		
1991-05-09		20.08	21.92				6.13	8.02		6.84	7.12	5.65	7.68	5.89	7.92		
1991-05-10		19.53	21.25				6.13	8.12		6.87	7.17	5.65	7.76	5.88	8.00		
1991-05-13		19.25	20.89				6.11	8.07		6.84	7.13	5.65	7.72	5.86	7.96		
1991-05-14		18.95	20.73				6.12	8.14		6.86	7.13	5.66	7.78	5.88	8.02		
1991-05-15		18.80	21.04				6.13	8.13		6.84	7.12	5.62	7.77	5.86	8.02		
1991-05-16		18.75	20.91				6.15	8.12		6.84	7.12	5.57	7.77	5.84	7.99		
1991-05-17		18.75	21.19				6.16	8.08		6.86	7.14	5.57	7.77	5.83	7.98		
1991-05-20		18.90	21.39				6.20	8.10		6.86	7.16	5.63	7.78	5.88	7.98		
1991-05-21		19.03	20.95				6.18	8.06		6.84	7.13	5.67	7.74	5.92	7.95		
1991-05-22		18.58	20.85				6.15	8.06		6.77	7.10	5.63	7.72	5.91	7.95		
1991-05-23		18.78	20.95				6.13	8.10		6.74	7.10	5.57	7.71	5.88	7.96		
1991-05-24		18.83	21.04				6.11	8.10		6.69	7.10	5.57	7.68	5.88	7.97		
1991-05-27		.	.				.	.		.	.	.	.	.	.		
1991-05-28		19.00	21.34				6.12	8.07		6.66	7.07	5.59	7.66	5.87	7.93		
1991-05-29		18.75	21.04				6.11	8.07		6.61	7.06	5.62	7.66	5.87	7.92		
1991-05-30		18.73	21.30				6.13	8.02		6.60	7.03	5.62	7.63	5.87	7.89		
1991-05-31		19.00	21.16				6.16	8.06		6.68	7.10	5.71	7.69	5.94	7.92		
1991-06-03		19.00	21.16				6.27	8.14		6.79	7.21	5.79	7.80	6.00	8.01		
1991-06-04		18.83	20.90				6.26	8.14		6.79	7.22	5.74	7.80	5.98	8.02		
1991-06-05		18.63	20.45				6.28	8.19		6.83	7.26	5.76	7.84	6.00	8.07		
1991-06-06		18.03	20.38				6.29	8.23		6.86	7.31	5.74	7.89	5.98	8.12		
1991-06-07		18.28	20.28				6.39	8.29		6.98	7.43	5.74	7.96	6.01	8.18		
1991-06-10		18.00	19.84				6.40	8.29		7.01	7.42	5.77	7.95	6.04	8.19		
1991-06-11		17.85	19.85				6.39	8.29		6.99	7.42	5.74	7.96	6.05	8.19		
1991-06-12		17.73	20.08				6.43	8.36		7.08	7.48	5.73	8.02	6.07	8.25		
1991-06-13		18.00	19.71				6.40	8.34		7.08	7.47	5.76	8.00	6.08	8.24		
1991-06-14		17.70	19.70				6.37	8.29		7.02	7.43	5.77	7.94	6.05	8.17		
1991-06-17		17.85	19.97				6.38	8.30		7.02	7.43	5.78	7.96	6.08	8.19		
1991-06-18		18.00	20.11				6.41	8.32		7.00	7.45	5.80	7.97	6.06	8.20		
1991-06-19		17.88	19.99				6.37	8.33		6.95	7.41	5.74	7.97	6.02	8.21		
1991-06-20		18.15	20.22				6.34	8.30		6.87	7.36	5.74	7.91	6.00	8.17		
1991-06-21		18.43	20.10				6.37	8.32		6.94	7.41	5.75	7.95	6.02	8.20		
1991-06-24		18.18	19.92				6.38	8.33		6.96	7.45	5.75	7.98	6.04	8.21		
1991-06-25		18.15	20.03				6.39	8.33		7.04	7.45	5.75	7.99	6.03	8.22		
1991-06-26		18.10	20.12				6.38	8.33		7.01	7.46	5.73	7.98	6.02	8.23		
1991-06-27		18.08	20.41				6.35	8.32		7.00	7.43	5.73	7.97	6.00	8.21		
1991-06-28		18.48	20.56				6.32	8.24		6.90	7.33	5.71	7.90	5.95	8.14		
1991-07-01		18.53	20.78				6.38	8.26		6.97	7.39	5.76	7.93	5.99	8.17		
1991-07-02		18.55	20.92				6.41	8.27		7.00	7.41	5.75	7.95	5.99	8.18		
1991-07-03		18.50	20.69				6.39	8.26		6.97	7.40	5.73	7.92	5.96	8.15		
1991-07-04		18.48	20.69				.	.		.	.	.	.	.	.		
1991-07-05		18.70	20.91				6.40	8.34		7.04	7.48	5.76	8.01	5.97	8.23		
1991-07-08		18.98	21.29				6.36	8.34		7.00	7.48	5.75	8.00	5.94	8.25		
1991-07-09		19.03	21.35				6.31	8.36		7.00	7.46	5.76	8.02	5.97	8.27		
1991-07-10		19.23	21.43				6.28	8.35		6.97	7.47	5.75	8.00	5.96	8.23		
1991-07-11		19.20	21.32				6.27	8.30		6.92	7.42	5.74	7.95	5.96	8.17		
1991-07-12		19.78	21.74				6.26	8.26		6.88	7.36	5.72	7.90	5.94	8.13		
1991-07-15		19.60	21.50				6.29	8.26		6.88	7.37	5.75	7.90	5.96	8.13		
1991-07-16		19.83	21.70				6.32	8.27		6.90	7.35	5.76	7.91	5.99	8.14		
1991-07-17		20.13	22.20				6.35	8.30		6.94	7.39	5.79	7.94	6.03	8.17		
1991-07-18		20.28	21.97				6.34	8.31		6.91	7.42	5.77	7.95	6.01	8.17		
1991-07-19		20.28	22.16				6.28	8.28		6.89	7.37	5.76	7.91	5.99	8.15		
1991-07-22		20.08	21.74				6.31	8.28		6.91	7.39	5.76	7.92	6.02	8.15		
1991-07-23		19.58	21.25				6.33	8.31		6.94	7.41	5.76	7.96	6.01	8.17		
1991-07-24		19.33	21.41				6.28	8.24		6.88	7.33	5.75	7.86	5.97	8.10		
1991-07-25		19.60	21.11				6.29	8.20		6.87	7.31	5.76	7.81	5.98	8.06		
1991-07-26		19.73	21.48				6.24	8.20		6.85	7.30	5.76	7.82	5.96	8.06		
1991-07-29		19.58	21.38				6.21	8.20		6.82	7.28	5.75	7.81	5.96	8.06		
1991-07-30		19.48	21.55				6.23	8.21		6.84	7.27	5.73	7.81	5.95	8.06		
1991-07-31		19.65	21.70				6.19	8.20		6.81	7.21	5.70	7.77	5.93	8.03		
1991-08-01		19.73	21.33				6.23	8.20		6.84	7.22	5.72	7.78	5.94	8.05		
1991-08-02		19.40	21.35				6.04	8.06		6.69	7.06	5.63	7.62	5.82	7.90		
1991-08-05		19.50	21.50				6.04	8.04		6.69	7.05	5.68	7.62	5.84	7.89		
1991-08-06		19.45	21.39				5.91	7.97		6.57	6.91	5.58	7.54	5.72	7.82		
1991-08-07		19.35	21.38				5.85	7.93		6.54	6.90	5.55	7.51	5.69	7.80		
1991-08-08		19.70	21.60				5.82	7.98		6.52	6.90	5.54	7.53	5.66	7.84		
1991-08-09		19.58	21.64				5.80	7.98		6.49	6.86	5.48	7.51	5.62	7.82		
1991-08-12		19.63	21.71				5.80	7.95		6.49	6.85	5.48	7.49	5.62	7.80		
1991-08-13		19.50	21.52				5.80	7.91		6.48	6.84	5.45	7.46	5.64	7.76		
1991-08-14		19.23	21.30				5.70	7.82		6.37	6.75	5.45	7.37	5.60	7.66		
1991-08-15		19.25	21.39				5.67	7.84		6.33	6.73	5.46	7.37	5.59	7.68		
1991-08-16		19.35	21.29				5.65	7.84		6.31	6.69	5.42	7.33	5.54	7.66		
1991-08-19		20.55	22.50				5.52	7.83		6.24	6.63	5.27	7.31	5.43	7.65		
1991-08-20		20.98	22.30				5.48	7.81		6.17	6.58	5.26	7.24	5.35	7.61		
1991-08-21		19.55	21.44				5.63	7.80		6.27	6.65	5.44	7.27	5.52	7.63		
1991-08-22		19.53	21.93				5.66	7.78		6.27	6.65	5.47	7.25	5.56	7.61		
1991-08-23		19.85	21.78				5.82	7.88		6.46	6.78	5.56	7.39	5.71	7.71		
1991-08-26		20.03	21.98				5.85	7.91		6.48	6.81	5.58	7.44	5.72	7.75		
1991-08-27		20.03	21.86				5.80	7.89		6.41	6.76	5.55	7.42	5.68	7.74		
1991-08-28		19.98	21.77				5.68	7.82		6.30	6.65	5.46	7.32	5.56	7.65		
1991-08-29		20.30	22.02				5.65	7.74		6.25	6.59	5.43	7.24	5.53	7.58		
1991-08-30		20.53	22.28				5.72	7.82		6.36	6.68	5.49	7.34	5.60	7.67		
1991-09-02		20.65	.				.	.		.	.	.	.	.	.		
1991-09-03		20.55	22.28				5.72	7.81		6.33	6.67	5.51	7.32	5.61	7.66		
1991-09-04		20.25	21.76				5.71	7.81		6.31	6.67	5.49	7.31	5.61	7.66		
1991-09-05		20.10	21.75				5.71	7.83		6.31	6.67	5.48	7.32	5.61	7.67		
1991-09-06		20.13	21.56				5.65	7.76		6.26	6.62	5.45	7.24	5.56	7.60		
1991-09-09		19.85	21.36				5.61	7.73		6.23	6.58	5.44	7.20	5.53	7.56		
1991-09-10		19.93	21.44				5.61	7.73		6.21	6.58	5.40	7.20	5.49	7.55		
1991-09-11		20.00	21.66				5.61	7.74		6.23	6.58	5.42	7.21	5.50	7.56		
1991-09-12		20.25	21.51				5.56	7.67		6.20	6.53	5.38	7.15	5.47	7.52		
1991-09-13		20.35	21.71				5.53	7.66		6.18	6.51	5.31	7.13	5.42	7.48		
1991-09-16		20.53	21.84				5.55	7.63		6.17	6.50	5.34	7.11	5.44	7.44		
1991-09-17		20.30	21.73				5.56	7.62		6.18	6.50	5.35	7.10	5.46	7.43		
1991-09-18		20.53	21.87				5.56	7.62		6.18	6.48	5.34	7.10	5.45	7.43		
1991-09-19		20.43	21.79				5.59	7.61		6.20	6.47	5.36	7.10	5.48	7.43		
1991-09-20		20.55	22.02				5.55	7.57		6.18	6.44	5.35	7.09	5.47	7.40		
1991-09-23		20.83	22.20				5.54	7.55		6.17	6.42	5.37	7.09	5.47	7.38		
1991-09-24		20.75	22.24				5.54	7.56		6.11	6.42	5.33	7.09	5.46	7.38		
1991-09-25		20.65	22.11				5.53	7.58		6.12	6.42	5.33	7.06	5.45	7.40		
1991-09-26		21.00	22.23				5.47	7.56		6.05	6.35	5.28	7.03	5.40	7.38		
1991-09-27		21.48	22.42				5.43	7.49		6.02	6.31	5.28	6.95	5.36	7.31		
1991-09-30		21.43	22.25				5.42	7.47		5.99	6.28	5.26	6.92	5.34	7.29		
1991-10-01		21.15	22.10				5.42	7.45		5.99	6.26	5.25	6.90	5.35	7.27		
1991-10-02		21.30	22.34				5.43	7.47		5.99	6.29	5.24	6.90	5.37	7.28		
1991-10-03		21.75	22.70				5.39	7.47		5.98	6.25	5.19	6.88	5.33	7.26		
1991-10-04		21.83	22.64				5.35	7.39		5.91	6.20	5.17	6.81	5.29	7.18		
1991-10-07		21.98	22.99				5.35	7.40		5.93	6.20	5.18	6.81	5.30	7.18		
1991-10-08		21.95	23.02				5.35	7.43		5.89	6.19	5.17	6.82	5.29	7.20		
1991-10-09		22.43	23.18				5.36	7.51		5.93	6.23	5.16	6.87	5.28	7.24		
1991-10-10		22.13	23.01				5.40	7.58		5.98	6.30	5.18	6.93	5.29	7.30		
1991-10-11		22.08	23.19				5.33	7.49		5.91	6.22	5.14	6.84	5.23	7.19		
1991-10-14		22.60	23.48				.	.		.	.	.	.	.	.		
1991-10-15		22.83	23.89				5.28	7.46		5.85	6.17	5.13	6.81	5.24	7.16		
1991-10-16		22.60	23.67				5.27	7.45		5.86	6.17	5.12	6.79	5.22	7.15		
1991-10-17		22.73	23.96				5.38	7.55		5.93	6.25	5.18	6.90	5.28	7.24		
1991-10-18		23.00	24.12				5.39	7.53		5.95	6.24	5.18	6.88	5.28	7.22		
1991-10-21		22.95	24.03				5.43	7.62		5.99	6.30	5.19	6.95	5.34	7.30		
1991-10-22		22.65	23.47				5.44	7.67		6.02	6.33	5.21	6.99	5.35	7.35		
1991-10-23		22.48	23.14				5.42	7.69		6.01	6.35	5.19	7.00	5.33	7.37		
1991-10-24		22.25	23.47				5.32	7.65		5.93	6.25	5.12	6.91	5.25	7.33		
1991-10-25		22.35	23.18				5.32	7.68		5.93	6.28	5.11	6.96	5.25	7.36		
1991-10-28		21.90	23.24				5.29	7.65		5.88	6.24	5.09	6.91	5.20	7.32		
1991-10-29		21.85	23.09				5.19	7.51		5.78	6.14	5.03	6.80	5.13	7.19		
1991-10-30		21.95	23.11				5.13	7.48		5.73	6.12	4.98	6.77	5.07	7.18		
1991-10-31		22.00	23.29				5.10	7.47		5.70	6.06	4.96	6.74	5.03	7.15		
1991-11-01		22.53	23.85				5.03	7.48		5.65	6.02	4.89	6.71	4.98	7.16		
1991-11-04		22.73	23.82				5.02	7.50		5.63	6.03	4.88	6.74	4.99	7.18		
1991-11-05		22.53	23.78				5.07	7.56		5.70	6.04	4.90	6.79	5.01	7.21		
1991-11-06		22.00	23.44				4.98	7.51		5.63	5.97	4.76	6.72	4.89	7.16		
1991-11-07		21.85	23.29				4.96	7.43		5.62	5.95	4.76	6.65	4.88	7.08		
1991-11-08		21.80	23.00				4.96	7.41		5.63	5.96	4.75	6.66	4.88	7.08		
1991-11-11		21.45	22.66				.	.		.	.	.	.	.	.		
1991-11-12		21.20	22.58				4.98	7.37		5.65	5.97	4.77	6.65	4.89	7.05		
1991-11-13		21.50	22.28				5.02	7.41		5.65	6.00	4.76	6.69	4.89	7.08		
1991-11-14		21.00	22.55				4.95	7.35		5.60	5.93	4.76	6.62	4.86	7.02		
1991-11-15		21.63	22.79				4.89	7.33		5.54	5.88	4.72	6.58	4.81	6.99		
1991-11-18		21.35	22.38				4.89	7.33		5.55	5.88	4.71	6.57	4.82	6.98		
1991-11-19		21.08	21.88				4.84	7.37		5.50	5.83	4.66	6.55	4.74	6.99		
1991-11-20		20.48	22.17				4.83	7.38		5.52	5.84	4.62	6.56	4.73	7.01		
1991-11-21		20.73	21.93				4.77	7.39		5.50	5.82	4.56	6.54	4.68	6.99		
1991-11-22		20.15	21.85				4.75	7.44		5.49	5.82	4.55	6.56	4.67	7.02		
1991-11-25		19.78	22.15				4.78	7.45		5.50	5.86	4.55	6.61	4.68	7.06		
1991-11-26		19.78	21.04				4.75	7.42		5.45	5.81	4.52	6.53	4.63	7.04		
1991-11-27		19.65	21.38				4.74	7.42		5.43	5.80	4.51	6.53	4.62	7.03		
1991-11-28		19.98	21.38				.	.		.	.	.	.	.	.		
1991-11-29		20.08	21.48				4.69	7.38		5.38	5.76	4.47	6.48	4.57	6.99		
1991-12-02		19.60	21.10				4.68	7.32		5.33	5.71	4.51	6.43	4.56	6.91		
1991-12-03		19.20	20.61				4.64	7.28		5.29	5.67	4.48	6.39	4.53	6.86		
1991-12-04		19.18	20.75				4.59	7.17		5.22	5.59	4.43	6.27	4.47	6.74		
1991-12-05		19.15	20.42				4.60	7.21		5.22	5.60	4.43	6.30	4.48	6.78		
1991-12-06		19.05	19.87				4.53	7.26		5.19	5.58	4.36	6.31	4.38	6.81		
1991-12-09		18.25	19.39				4.44	7.22		5.09	5.48	4.28	6.23	4.33	6.75		
1991-12-10		18.10	19.24				4.47	7.21		5.07	5.48	4.32	6.25	4.36	6.75		
1991-12-11		18.28	19.54				4.46	7.22		5.04	5.44	4.26	6.26	4.32	6.76		
1991-12-12		18.58	19.94				4.42	7.19		5.06	5.43	4.26	6.23	4.32	6.74		
1991-12-13		19.05	20.09				4.43	7.22		5.09	5.46	4.26	6.30	4.33	6.79		
1991-12-16		18.55	19.78				4.42	7.21		5.06	5.44	4.25	6.28	4.34	6.78		
1991-12-17		18.13	19.45				4.38	7.18		5.02	5.39	4.22	6.24	4.32	6.75		
1991-12-18		18.15	19.39				4.44	7.19		5.11	5.46	4.23	6.30	4.35	6.78		
1991-12-19		18.15	19.12				4.39	7.11		5.05	5.40	4.15	6.19	4.29	6.73		
1991-12-20		18.55	18.28				4.11	6.97		4.80	5.20	3.84	6.02	3.98	6.59		
1991-12-23		17.60	18.58				4.13	6.88		4.79	5.17	3.87	6.00	4.01	6.51		
1991-12-24		17.78	18.68				4.18	6.88		4.84	5.18	3.91	6.01	4.02	6.53		
1991-12-25		.	.				.	.		.	.	.	.	.	.		
1991-12-26		17.78	18.63				4.19	6.85		4.85	5.17	3.92	6.00	4.06	6.51		
1991-12-27		17.75	18.82				4.18	6.82		4.85	5.15	3.96	6.00	4.02	6.50		
1991-12-30		18.00	18.63				4.14	6.76		4.80	5.14	3.97	5.97	4.02	6.44		
1991-12-31		17.75	19.15				4.12	6.71		4.77	5.11	3.96	5.93	4.00	6.38		
1992-01-01		.	.				.	.		.	.	.	.	.	.		
1992-01-02		18.45	19.43				4.13	6.78		4.77	5.13	3.96	5.98	4.01	6.46		
1992-01-03		18.50	19.22				4.16	6.85		4.80	5.19	3.95	6.05	4.02	6.54		
1992-01-06		18.75	19.24				4.12	6.82		4.76	5.14	3.92	6.02	3.96	6.51		
1992-01-07		18.40	18.72				4.03	6.76		4.67	5.06	3.85	5.94	3.93	6.44		
1992-01-08		17.30	17.95				4.00	6.77		4.66	5.05	3.82	5.96	3.90	6.42		
1992-01-09		17.18	17.89				4.05	6.79		4.77	5.13	3.87	6.02	3.96	6.47		
1992-01-10		17.23	18.26				4.11	6.85		4.85	5.22	3.92	6.10	4.00	6.54		
1992-01-13		18.08	18.77				4.17	6.92		4.93	5.34	3.92	6.21	4.02	6.62		
1992-01-14		18.23	18.40				4.16	7.03		5.00	5.44	3.92	6.34	4.01	6.77		
1992-01-15		18.38	18.83				4.22	7.05		5.07	5.48	3.94	6.37	4.05	6.78		
1992-01-16		18.68	18.94				4.18	7.13		5.07	5.51	3.89	6.41	4.02	6.84		
1992-01-17		18.48	19.11				4.14	7.09		5.02	5.46	3.89	6.36	4.02	6.81		
1992-01-20		18.45	18.92				.	.		.	.	.	.	.	.		
1992-01-21		17.85	18.50				4.10	7.03		4.97	5.36	3.86	6.27	3.97	6.71		
1992-01-22		17.83	18.73				4.10	7.09		4.95	5.40	3.85	6.28	3.97	6.74		
1992-01-23		18.10	18.38				4.15	7.20		5.02	5.51	3.87	6.32	3.98	6.84		
1992-01-24		18.33	18.75				4.22	7.25		5.13	5.62	3.91	6.40	4.06	6.89		
1992-01-27		18.55	19.35				4.24	7.24		5.15	5.66	3.93	6.41	4.07	6.88		
1992-01-28		18.43	19.09				4.20	7.16		5.10	5.58	3.93	6.32	4.05	6.80		
1992-01-29		18.15	18.92				4.22	7.25		5.15	5.67	3.96	6.42	4.07	6.89		
1992-01-30		18.10	18.95				4.24	7.31		5.17	5.71	3.93	6.48	4.07	6.93		
1992-01-31		18.15	18.93				4.23	7.31		5.11	5.65	3.94	6.44	4.07	6.92		
1992-02-03		18.35	18.97				4.23	7.36		5.15	5.72	3.96	6.52	4.06	6.98		
1992-02-04		18.40	19.26				4.21	7.29		5.12	5.67	3.94	6.46	4.04	6.91		
1992-02-05		18.48	19.50				4.21	7.21		5.07	5.59	3.94	6.40	4.03	6.83		
1992-02-06		18.53	19.48				4.20	7.20		5.05	5.56	3.91	6.40	4.02	6.81		
1992-02-07		18.58	19.91				4.10	7.20		4.97	5.51	3.84	6.40	3.92	6.80		
1992-02-10		18.95	19.69				4.08	7.21		4.94	5.52	3.83	6.38	3.93	6.79		
1992-02-11		18.48	19.36				4.14	7.23		5.01	5.51	3.85	6.40	3.97	6.82		
1992-02-12		18.33	19.29				4.16	7.30		5.08	5.55	3.85	6.46	3.97	6.88		
1992-02-13		18.53	19.70				4.26	7.40		5.22	5.72	3.89	6.61	4.03	7.00		
1992-02-14		18.63	19.42				4.32	7.41		5.27	5.76	3.89	6.65	4.04	7.02		
1992-02-17		17.65	19.42				.	.		.	.	.	.	.	.		
1992-02-18		17.70	18.14				4.31	7.47		5.24	5.77	3.93	6.69	4.08	7.07		
1992-02-19		17.50	18.42				4.33	7.42		5.28	5.78	3.95	6.67	4.11	7.05		
1992-02-20		17.85	18.52				4.38	7.41		5.30	5.78	3.98	6.67	4.14	7.03		
1992-02-21		18.00	18.60				4.47	7.45		5.46	5.93	4.03	6.77	4.20	7.10		
1992-02-24		17.40	18.37				4.48	7.47		5.46	5.96	4.07	6.81	4.23	7.12		
1992-02-25		17.43	18.30				4.47	7.44		5.43	5.92	4.07	6.78	4.22	7.09		
1992-02-26		17.28	18.44				4.40	7.33		5.37	5.84	4.05	6.66	4.18	7.01		
1992-02-27		17.55	18.77				4.36	7.35		5.34	5.84	4.04	6.67	4.14	7.02		
1992-02-28		17.45	18.69				4.35	7.27		5.27	5.75	4.03	6.58	4.14	6.95		
1992-03-02		17.35	18.36				4.50	7.38		5.45	5.94	4.14	6.73	4.28	7.07		
1992-03-03		17.05	18.67				4.51	7.43		5.48	5.94	4.14	6.76	4.28	7.11		
1992-03-04		17.28	18.62				4.52	7.43		5.50	5.98	4.13	6.76	4.27	7.10		
1992-03-05		17.43	18.58				4.63	7.51		5.62	6.10	4.14	6.87	4.30	7.21		
1992-03-06		17.30	18.53				4.60	7.48		5.60	6.05	4.14	6.85	4.29	7.18		
1992-03-09		17.35	18.65				4.55	7.42		5.54	6.01	4.10	6.77	4.27	7.10		
1992-03-10		17.35	18.62				4.58	7.43		5.56	6.02	4.11	6.78	4.29	7.11		
1992-03-11		17.20	18.50				4.60	7.51		5.58	6.07	4.11	6.86	4.31	7.21		
1992-03-12		17.35	18.86				4.69	7.62		5.74	6.22	4.12	7.01	4.33	7.33		
1992-03-13		17.73	19.16				4.79	7.71		5.86	6.37	4.16	7.14	4.38	7.44		
1992-03-16		17.73	19.15				4.78	7.69		5.87	6.37	4.18	7.12	4.41	7.43		
1992-03-17		17.88	19.27				4.72	7.62		5.83	6.32	4.16	7.06	4.39	7.37		
1992-03-18		17.65	19.05				4.74	7.62		5.84	6.33	4.15	7.06	4.40	7.36		
1992-03-19		17.65	19.27				4.69	7.57		5.79	6.29	4.15	7.03	4.38	7.31		
1992-03-20		17.75	18.78				4.74	7.64		5.86	6.36	4.16	7.12	4.40	7.38		
1992-03-23		17.58	18.91				4.74	7.62		5.87	6.37	4.17	7.10	4.41	7.37		
1992-03-24		17.65	19.06				4.66	7.53		5.78	6.26	4.15	7.00	4.34	7.27		
1992-03-25		17.70	19.00				4.62	7.53		5.72	6.22	4.11	6.96	4.31	7.25		
1992-03-26		17.98	19.31				4.60	7.57		5.69	6.23	4.11	6.98	4.30	7.29		
1992-03-27		17.85	19.19				4.60	7.54		5.68	6.22	4.11	6.97	4.29	7.27		
1992-03-30		17.98	19.25				4.56	7.54		5.61	6.19	4.16	6.93	4.33	7.25		
1992-03-31		19.09	19.49				4.54	7.54		5.60	6.17	4.15	6.94	4.32	7.25		
1992-04-01		18.38	19.85				4.48	7.46		5.53	6.07	4.11	6.82	4.26	7.17		
1992-04-02		18.53	19.79				4.53	7.47		5.55	6.10	4.12	6.85	4.27	7.20		
1992-04-03		18.63	20.25				4.40	7.42		5.37	5.93	4.06	6.76	4.17	7.13		
1992-04-06		18.93	20.44				4.39	7.41		5.36	5.91	4.03	6.74	4.17	7.12		
1992-04-07		18.93	20.29				4.35	7.41		5.34	5.89	3.96	6.73	4.12	7.12		
1992-04-08		19.18	20.64				4.32	7.44		5.33	5.87	3.96	6.76	4.10	7.14		
1992-04-09		18.95	20.33				4.08	7.35		5.09	5.65	3.75	6.59	3.87	7.02		
1992-04-10		19.05	20.45				4.12	7.37		5.16	5.72	3.74	6.62	3.88	7.03		
1992-04-13		19.03	20.24				4.08	7.33		5.11	5.69	3.70	6.58	3.85	6.98		
1992-04-14		18.85	19.81				4.10	7.35		5.15	5.71	3.70	6.60	3.85	6.99		
1992-04-15		18.60	19.93				4.14	7.37		5.22	5.77	3.70	6.66	3.84	7.02		
1992-04-16		18.95	20.25				4.23	7.45		5.34	5.90	3.73	6.76	3.90	7.11		
1992-04-17		.	.				.	.		.	.	.	.	.	.		
1992-04-20		18.95	20.26				4.34	7.59		5.45	6.03	3.79	6.90	4.01	7.25		
1992-04-21		19.00	20.17				4.33	7.58		5.41	6.01	3.77	6.89	3.98	7.24		
1992-04-22		18.73	19.92				4.33	7.57		5.41	6.01	3.77	6.89	3.98	7.23		
1992-04-23		18.70	19.91				4.35	7.59		5.41	6.05	3.76	6.91	3.97	7.25		
1992-04-24		18.90	20.05				4.27	7.55		5.33	5.99	3.76	6.85	3.94	7.21		
1992-04-27		18.90	20.31				4.36	7.60		5.42	6.04	3.82	6.90	4.00	7.25		
1992-04-28		19.18	20.29				4.34	7.57		5.40	6.03	3.80	6.87	3.97	7.23		
1992-04-29		19.28	20.77				4.34	7.60		5.39	6.01	3.80	6.88	3.96	7.26		
1992-04-30		19.65	20.88				4.40	7.61		5.46	6.05	3.79	6.91	3.97	7.26		
1992-05-01		19.83	20.88				4.28	7.56		5.33	5.97	3.72	6.82	3.89	7.20		
1992-05-04		19.88	21.13				4.28	7.58		5.32	5.95	3.71	6.82	3.91	7.21		
1992-05-05		19.98	20.78				4.27	7.56		5.30	5.92	3.72	6.80	3.92	7.18		
1992-05-06		19.68	20.79				4.22	7.46		5.25	5.90	3.70	6.76	3.88	7.15		
1992-05-07		19.65	20.73				4.26	7.49		5.34	5.96	3.71	6.80	3.90	7.16		
1992-05-08		19.63	20.85				4.22	7.41		5.29	5.88	3.72	6.73	3.88	7.09		
1992-05-11		19.73	21.02				4.18	7.40		5.24	5.82	3.74	6.71	3.87	7.07		
1992-05-12		19.80	20.98				4.15	7.36		5.19	5.78	3.70	6.66	3.84	7.02		
1992-05-13		19.95	20.75				4.09	7.34		5.14	5.72	3.67	6.64	3.81	7.00		
1992-05-14		19.75	20.56				4.09	7.34		5.13	5.72	3.65	6.63	3.82	7.00		
1992-05-15		19.70	20.70				4.08	7.28		5.11	5.70	3.66	6.60	3.80	6.96		
1992-05-18		19.70	20.54				4.08	7.28		5.12	5.69	3.69	6.59	3.83	6.96		
1992-05-19		19.30	20.12				4.00	7.20		5.00	5.59	3.62	6.47	3.74	6.86		
1992-05-20		19.28	20.20				4.08	7.25		5.13	5.66	3.65	6.55	3.79	6.93		
1992-05-21		19.60	20.79				4.25	7.39		5.34	5.89	3.76	6.77	3.93	7.10		
1992-05-22		19.58	20.79				4.19	7.35		5.24	5.81	3.77	6.69	3.91	7.05		
1992-05-25		.	.				.	.		.	.	.	.	.	.		
1992-05-26		20.50	21.80				4.32	7.46		5.35	5.91	3.84	6.79	4.02	7.14		
1992-05-27		20.80	22.00				4.27	7.44		5.28	5.86	3.79	6.74	3.98	7.11		
1992-05-28		20.73	21.97				4.24	7.36		5.22	5.79	3.77	6.67	3.95	7.04		
1992-05-29		20.70	22.13				4.24	7.33		5.19	5.75	3.79	6.61	3.96	7.00		
1992-06-01		20.90	22.07				4.32	7.39		5.29	5.84	3.82	6.69	4.01	7.06		
1992-06-02		20.85	22.20				4.30	7.35		5.23	5.78	3.83	6.61	4.00	7.02		
1992-06-03		21.23	22.45				4.27	7.34		5.20	5.76	3.80	6.60	3.99	7.01		
1992-06-04		21.08	22.53				4.26	7.34		5.22	5.76	3.78	6.60	3.98	7.01		
1992-06-05		21.35	22.65				4.21	7.31		5.13	5.70	3.77	6.55	3.94	6.96		
1992-06-08		21.25	22.43				4.20	7.31		5.11	5.69	3.78	6.56	3.95	6.97		
1992-06-09		21.13	22.23				4.20	7.33		5.11	5.69	3.77	6.59	3.94	6.99		
1992-06-10		21.05	22.49				4.20	7.35		5.13	5.69	3.77	6.59	3.95	7.01		
1992-06-11		21.33	22.33				4.18	7.33		5.09	5.67	3.75	6.56	3.92	6.98		
1992-06-12		21.28	22.28				4.14	7.29		5.06	5.61	3.75	6.49	3.88	6.94		
1992-06-15		21.30	22.38				4.13	7.28		5.05	5.60	3.75	6.49	3.88	6.93		
1992-06-16		21.13	22.23				4.12	7.24		5.02	5.56	3.72	6.44	3.86	6.88		
1992-06-17		21.03	22.30				4.10	7.23		5.00	5.55	3.70	6.44	3.83	6.86		
1992-06-18		21.23	22.23				4.08	7.19		4.94	5.50	3.69	6.39	3.82	6.81		
1992-06-19		21.13	22.16				4.17	7.24		5.00	5.54	3.74	6.45	3.89	6.87		
1992-06-22		20.83	22.47				4.15	7.24		4.99	5.55	3.75	6.45	3.88	6.86		
1992-06-23		21.35	22.74				4.22	7.25		5.10	5.58	3.77	6.50	3.93	6.88		
1992-06-24		21.55	23.03				4.11	7.20		4.96	5.47	3.72	6.39	3.85	6.83		
1992-06-25		21.50	22.73				4.09	7.14		4.89	5.41	3.71	6.32	3.82	6.75		
1992-06-26		21.30	22.42				4.11	7.15		4.88	5.42	3.71	6.33	3.83	6.78		
1992-06-29		21.08	22.27				4.04	7.12		4.83	5.38	3.66	6.29	3.77	6.74		
1992-06-30		20.60	21.84				4.05	7.14		4.83	5.39	3.65	6.29	3.77	6.76		
1992-07-01		20.25	21.90				4.04	7.10		4.82	5.38	3.63	6.27	3.75	6.73		
1992-07-02		20.53	22.08				3.70	6.93		4.55	5.15	3.31	6.02	3.45	6.53		
1992-07-03		20.65	22.08				.	.		.	.	.	.	.	.		
1992-07-06		20.45	21.87				3.67	6.90		4.46	5.06	3.29	5.97	3.41	6.49		
1992-07-07		19.80	21.51				3.63	6.87		4.40	4.98	3.28	5.91	3.38	6.45		
1992-07-08		19.70	21.38				3.63	6.91		4.40	4.98	3.29	5.93	3.39	6.45		
1992-07-09		19.78	21.38				3.63	6.91		4.40	4.97	3.28	5.93	3.37	6.45		
1992-07-10		20.00	21.25				3.62	6.93		4.38	4.95	3.29	5.92	3.37	6.43		
1992-07-13		19.83	21.38				3.62	6.97		4.40	4.97	3.29	5.94	3.40	6.46		
1992-07-14		19.98	21.42				3.57	6.97		4.32	4.91	3.28	5.90	3.38	6.45		
1992-07-15		19.85	21.73				3.48	6.90		4.25	4.82	3.25	5.80	3.33	6.37		
1992-07-16		20.23	21.80				3.49	6.87		4.25	4.80	3.24	5.80	3.32	6.35		
1992-07-17		20.20	21.56				3.50	6.90		4.27	4.83	3.23	5.82	3.32	6.38		
1992-07-20		19.95	21.78				3.51	6.90		4.30	4.84	3.26	5.82	3.35	6.38		
1992-07-21		20.03	21.91				3.55	6.89		4.34	4.87	3.26	5.82	3.36	6.37		
1992-07-22		20.23	21.99				3.53	6.85		4.29	4.81	3.24	5.77	3.34	6.32		
1992-07-23		20.48	22.11				3.52	6.72		4.20	4.71	3.23	5.62	3.33	6.18		
1992-07-24		20.60	21.95				3.55	6.73		4.25	4.77	3.23	5.66	3.34	6.20		
1992-07-27		20.58	22.09				3.58	6.69		4.27	4.78	3.26	5.66	3.38	6.16		
1992-07-28		20.78	22.03				3.55	6.63		4.27	4.75	3.26	5.63	3.36	6.11		
1992-07-29		20.68	21.98				3.54	6.60		4.25	4.76	3.25	5.62	3.36	6.09		
1992-07-30		20.48	21.82				3.58	6.69		4.33	4.88	3.25	5.76	3.36	6.24		
1992-07-31		20.38	21.83				3.62	6.72		4.42	4.97	3.25	5.84	3.38	6.27		
1992-08-03		20.33	21.60				3.61	6.72		4.40	4.97	3.25	5.82	3.38	6.28		
1992-08-04		19.85	21.23				3.57	6.66		4.31	4.88	3.24	5.72	3.36	6.20		
1992-08-05		19.68	21.18				3.55	6.64		4.29	4.83	3.24	5.69	3.36	6.17		
1992-08-06		19.78	21.41				3.54	6.65		4.29	4.82	3.23	5.67	3.35	6.18		
1992-08-07		19.75	21.27				3.44	6.57		4.18	4.71	3.21	5.56	3.29	6.08		
1992-08-10		19.55	21.12				3.42	6.52		4.12	4.67	3.20	5.50	3.30	6.01		
1992-08-11		19.48	21.00				3.43	6.50		4.15	4.66	3.20	5.50	3.30	5.99		
1992-08-12		19.65	21.13				3.45	6.48		4.19	4.71	3.19	5.54	3.30	6.02		
1992-08-13		19.83	21.35				3.43	6.55		4.19	4.72	3.16	5.57	3.28	6.09		
1992-08-14		19.88	21.31				3.40	6.53		4.14	4.67	3.13	5.54	3.26	6.06		
1992-08-17		19.95	21.47				3.41	6.56		4.13	4.66	3.16	5.55	3.27	6.09		
1992-08-18		19.90	21.54				3.36	6.48		4.04	4.56	3.14	5.44	3.22	6.00		
1992-08-19		19.80	21.33				3.38	6.47		4.06	4.55	3.15	5.43	3.24	5.99		
1992-08-20		19.63	21.40				3.40	6.46		4.04	4.54	3.15	5.42	3.25	5.98		
1992-08-21		19.68	21.19				3.46	6.53		4.13	4.63	3.14	5.54	3.28	6.08		
1992-08-24		19.65	21.85				3.57	6.68		4.27	4.80	3.23	5.72	3.36	6.25		
1992-08-25		19.68	21.60				3.57	6.73		4.32	4.86	3.24	5.76	3.36	6.29		
1992-08-26		19.63	21.24				3.50	6.68		4.26	4.81	3.23	5.70	3.34	6.25		
1992-08-27		19.50	21.14				3.48	6.64		4.23	4.76	3.23	5.65	3.34	6.20		
1992-08-28		19.65	21.30				3.47	6.63		4.16	4.72	3.23	5.60	3.34	6.18		
1992-08-31		19.65	21.46				3.47	6.62		4.15	4.69	3.23	5.60	3.35	6.17		
1992-09-01		19.88	21.72				3.45	6.56		4.12	4.64	3.22	5.52	3.32	6.11		
1992-09-02		20.00	21.65				3.43	6.54		4.10	4.59	3.21	5.50	3.31	6.07		
1992-09-03		19.95	21.69				3.43	6.54		4.09	4.59	3.21	5.50	3.29	6.07		
1992-09-04		20.03	21.77				3.18	6.40		3.89	4.38	2.98	5.30	3.05	5.90		
1992-09-07		20.13	21.77				.	.		.	.	.	.	.	.		
1992-09-08		20.30	21.98				3.14	6.29		3.83	4.31	2.96	5.21	3.01	5.80		
1992-09-09		20.33	22.00				3.17	6.31		3.85	4.34	2.97	5.25	3.02	5.83		
1992-09-10		20.30	21.93				3.17	6.31		3.83	4.34	2.97	5.26	3.02	5.84		
1992-09-11		20.35	22.00				3.19	6.37		3.87	4.39	2.98	5.33	3.04	5.91		
1992-09-14		20.68	22.35				3.13	6.32		3.80	4.33	2.95	5.28	2.99	5.86		
1992-09-15		20.50	22.13				3.20	6.40		3.89	4.43	2.98	5.37	3.02	5.94		
1992-09-16		20.43	22.39				3.17	6.41		3.87	4.42	2.96	5.40	3.01	5.95		
1992-09-17		20.35	22.23				3.14	6.40		3.86	4.40	2.94	5.41	3.00	5.95		
1992-09-18		20.30	21.96				3.13	6.41		3.86	4.40	2.94	5.41	2.99	5.97		
1992-09-21		20.15	21.91				3.16	6.42		3.91	4.45	2.97	5.46	3.00	5.99		
1992-09-22		20.33	21.78				3.20	6.50		3.98	4.49	2.98	5.52	3.04	6.07		
1992-09-23		20.53	21.78				3.21	6.54		3.97	4.52	2.98	5.54	3.06	6.13		
1992-09-24		20.43	21.57				3.17	6.48		3.91	4.45	2.95	5.47	3.01	6.06		
1992-09-25		20.33	21.51				3.04	6.41		3.78	4.31	2.86	5.33	2.92	5.96		
1992-09-28		20.28	21.78				3.04	6.37		3.77	4.29	2.79	5.28	2.93	5.91		
1992-09-29		20.18	21.66				3.06	6.37		3.80	4.31	2.79	5.31	2.93	5.92		
1992-09-30		20.18	21.83				3.06	6.37		3.80	4.34	2.75	5.33	2.92	5.94		
1992-10-01		20.28	21.83				2.96	6.23		3.67	4.18	2.67	5.18	2.83	5.80		
1992-10-02		20.40	21.93				2.98	6.26		3.71	4.20	2.69	5.22	2.87	5.84		
1992-10-05		20.20	21.76				2.98	6.24		3.68	4.18	2.75	5.18	2.87	5.81		
1992-10-06		20.23	21.85				3.05	6.30		3.74	4.24	2.79	5.25	2.92	5.89		
1992-10-07		20.28	21.89				3.15	6.46		3.88	4.42	2.89	5.43	3.00	6.03		
1992-10-08		20.48	21.99				3.08	6.41		3.83	4.36	2.85	5.37	2.97	5.99		
1992-10-09		20.48	21.99				3.19	6.52		4.00	4.50	2.89	5.50	3.03	6.08		
1992-10-12		20.80	22.28				.	.		.	.	.	.	.	.		
1992-10-13		20.83	22.12				3.22	6.51		3.99	4.52	2.95	5.49	3.06	6.07		
1992-10-14		20.68	22.16				3.26	6.51		4.02	4.54	2.99	5.51	3.10	6.07		
1992-10-15		20.73	22.37				3.27	6.53		4.02	4.56	2.98	5.52	3.11	6.08		
1992-10-16		20.78	22.31				3.30	6.60		4.04	4.60	2.97	5.57	3.13	6.12		
1992-10-19		20.73	22.18				3.41	6.69		4.15	4.74	3.04	5.71	3.23	6.23		
1992-10-20		20.68	21.88				3.56	6.86		4.34	4.97	3.09	5.90	3.34	6.44		
1992-10-21		20.28	21.49				3.47	6.80		4.29	4.91	2.99	5.82	3.25	6.35		
1992-10-22		20.13	21.22				3.45	6.74		4.24	4.86	2.98	5.79	3.25	6.32		
1992-10-23		20.03	21.11				3.52	6.83		4.37	4.98	3.00	5.91	3.30	6.41		
1992-10-26		19.78	21.14				3.55	6.83		4.39	5.00	3.02	5.92	3.30	6.42		
1992-10-27		19.78	21.03				3.48	6.78		4.32	4.90	3.00	5.82	3.29	6.34		
1992-10-28		19.65	21.17				3.45	6.76		4.33	4.89	3.00	5.83	3.27	6.33		
1992-10-29		19.40	20.71				3.48	6.71		4.33	4.87	3.02	5.79	3.27	6.27		
1992-10-30		19.13	20.68				3.54	6.80		4.40	4.98	3.03	5.90	3.29	6.36		
1992-11-02		19.25	20.77				3.62	6.88		4.47	5.07	3.08	5.96	3.35	6.46		
1992-11-03		19.35	20.60				3.57	6.87		4.44	5.03	3.10	5.94	3.32	6.45		
1992-11-04		19.03	20.33				3.56	6.89		4.44	5.01	3.09	5.94	3.32	6.46		
1992-11-05		19.20	20.62				3.54	6.87		4.39	4.96	3.08	5.93	3.30	6.44		
1992-11-06		19.13	20.26				3.60	6.97		4.48	5.07	3.13	6.02	3.37	6.54		
1992-11-09		19.10	20.63				3.66	7.00		4.57	5.16	3.17	6.09	3.40	6.59		
1992-11-10		19.53	20.54				3.62	6.91		4.50	5.10	3.15	6.01	3.38	6.50		
1992-11-11		19.40	20.46				.	.		.	.	.	.	.	.		
1992-11-12		19.18	20.19				3.59	6.79		4.44	5.00	3.13	5.89	3.38	6.38		
1992-11-13		19.05	20.04				3.68	6.82		4.54	5.09	3.15	5.99	3.42	6.44		
1992-11-16		19.20	20.37				3.77	6.90		4.68	5.21	3.22	6.11	3.47	6.54		
1992-11-17		19.15	20.32				3.73	6.86		4.67	5.21	3.24	6.08	3.48	6.51		
1992-11-18		19.10	20.21				3.68	6.78		4.58	5.11	3.22	5.97	3.45	6.41		
1992-11-19		19.48	20.50				3.72	6.81		4.59	5.12	3.22	6.00	3.46	6.44		
1992-11-20		19.48	20.37				3.77	6.84		4.66	5.20	3.28	6.08	3.51	6.48		
1992-11-23		19.15	20.01				3.77	6.86		4.69	5.22	3.34	6.10	3.55	6.51		
1992-11-24		19.18	20.06				3.69	6.82		4.61	5.16	3.29	6.04	3.51	6.45		
1992-11-25		19.28	20.29				3.75	6.84		4.70	5.23	3.31	6.12	3.54	6.50		
1992-11-26		18.93	.				.	.		.	.	.	.	.	.		
1992-11-27		19.08	20.29				3.81	6.93		4.77	5.36	3.33	6.22	3.56	6.60		
1992-11-30		19.25	19.91				3.83	6.95		4.79	5.36	3.38	6.23	3.58	6.61		
1992-12-01		18.65	19.56				3.86	6.94		4.81	5.39	3.40	6.24	3.59	6.61		
1992-12-02		18.38	19.38				3.84	6.93		4.81	5.39	3.42	6.23	3.58	6.61		
1992-12-03		18.20	19.08				3.83	6.91		4.78	5.36	3.37	6.20	3.56	6.59		
1992-12-04		18.35	18.95				3.73	6.84		4.70	5.27	3.32	6.11	3.48	6.51		
1992-12-07		18.25	19.17				3.69	6.78		4.62	5.19	3.35	6.05	3.47	6.45		
1992-12-08		18.08	18.69				3.66	6.73		4.59	5.13	3.33	5.99	3.44	6.39		
1992-12-09		17.80	18.86				3.69	6.76		4.61	5.16	3.30	6.01	3.44	6.41		
1992-12-10		18.28	19.26				3.72	6.77		4.67	5.19	3.29	6.04	3.47	6.42		
1992-12-11		18.20	19.09				3.82	6.80		4.78	5.29	3.32	6.10	3.51	6.48		
1992-12-14		18.03	19.06				3.85	6.83		4.80	5.34	3.33	6.15	3.54	6.52		
1992-12-15		17.80	18.94				3.78	6.83		4.77	5.29	3.29	6.12	3.50	6.50		
1992-12-16		17.90	19.42				3.73	6.77		4.67	5.21	3.28	6.06	3.46	6.44		
1992-12-17		18.18	19.68				3.73	6.77		4.69	5.21	3.27	6.08	3.48	6.45		
1992-12-18		18.30	19.81				3.69	6.76		4.66	5.20	3.23	6.07	3.43	6.44		
1992-12-21		18.33	19.92				3.68	6.71		4.64	5.18	3.25	6.05	3.43	6.41		
1992-12-22		18.08	19.79				3.63	6.65		4.64	5.12	3.27	6.02	3.41	6.36		
1992-12-23		18.23	19.97				3.63	6.68		4.63	5.14	3.25	6.01	3.41	6.39		
1992-12-24		18.28	19.97				3.63	6.69		4.60	5.13	3.23	6.02	3.41	6.40		
1992-12-25		.	.				.	.		.	.	.	.	.	.		
1992-12-28		.	19.77				3.64	6.72		4.64	5.17	3.30	6.06	3.48	6.43		
1992-12-29		17.93	19.62				3.64	6.69		4.61	5.15	3.27	6.04	3.45	6.42		
1992-12-30		17.83	19.63				3.57	6.68		4.54	5.07	3.19	5.98	3.39	6.39		
1992-12-31		17.85	19.49				3.61	6.70		4.56	5.12	3.15	6.04	3.38	6.43		
1993-01-01		.	.				.	.		.	.	.	.	.	.		
1993-01-04		17.73	19.03				3.56	6.60		4.48	5.03	3.19	5.90	3.37	6.33		
1993-01-05		17.48	19.13				3.58	6.61		4.48	5.00	3.18	5.90	3.36	6.32		
1993-01-06		17.53	19.03				3.62	6.63		4.52	5.06	3.17	5.94	3.35	6.36		
1993-01-07		17.58	18.92				3.70	6.76		4.64	5.17	3.19	6.05	3.38	6.49		
1993-01-08		17.23	18.90				3.56	6.75		4.50	5.06	3.13	5.97	3.30	6.44		
1993-01-11		17.28	18.78				3.54	6.71		4.48	5.01	3.12	5.93	3.28	6.40		
1993-01-12		16.85	18.21				3.54	6.72		4.48	5.03	3.09	5.95	3.24	6.41		
1993-01-13		16.85	18.51				3.51	6.71		4.46	5.02	3.06	5.93	3.24	6.36		
1993-01-14		17.00	18.71				3.48	6.65		4.40	4.96	3.04	5.88	3.23	6.30		
1993-01-15		17.28	18.89				3.42	6.60		4.31	4.88	3.00	5.80	3.17	6.24		
1993-01-18		17.25	18.94				.	.		.	.	.	.	.	.		
1993-01-19		16.98	18.40				3.48	6.59		4.39	4.91	3.10	5.82	3.23	6.23		
1993-01-20		16.70	18.35				3.51	6.61		4.41	4.95	3.08	5.85	3.22	6.26		
1993-01-21		16.88	18.71				3.48	6.60		4.36	4.91	3.05	5.83	3.20	6.23		
1993-01-22		17.08	18.64				3.41	6.57		4.30	4.85	3.03	5.77	3.15	6.18		
1993-01-25		17.58	19.51				3.41	6.48		4.26	4.80	3.02	5.71	3.17	6.11		
1993-01-26		17.93	19.67				3.45	6.50		4.30	4.83	3.01	5.75	3.18	6.13		
1993-01-27		17.88	19.66				3.41	6.48		4.24	4.80	2.97	5.68	3.15	6.10		
1993-01-28		18.15	20.38				3.38	6.44		4.20	4.73	2.96	5.61	3.14	6.05		
1993-01-29		18.48	20.27				3.39	6.39		4.20	4.72	2.96	5.57	3.16	6.00		
1993-02-01		18.55	20.32				3.40	6.38		4.19	4.69	3.01	5.55	3.17	5.97		
1993-02-02		18.40	20.00				3.43	6.46		4.25	4.76	3.02	5.63	3.21	6.04		
1993-02-03		.	.				3.44	6.45		4.27	4.77	2.99	5.62	3.21	6.04		
1993-02-04		18.65	20.29				3.44	6.39		4.19	4.68	2.96	5.53	3.18	5.98		
1993-02-05		18.70	20.27				3.36	6.32		4.07	4.58	2.96	5.42	3.15	5.88		
1993-02-08		18.55	20.07				3.43	6.37		4.16	4.64	3.00	5.49	3.18	5.93		
1993-02-09		18.33	20.12				3.47	6.41		4.20	4.72	2.99	5.55	3.19	5.98		
1993-02-10		18.48	20.20				3.50	6.40		4.27	4.79	3.00	5.63	3.22	6.06		
1993-02-11		18.43	20.29				3.44	6.37		4.20	4.72	2.98	5.58	3.18	6.02		
1993-02-12		18.48	19.96				3.43	6.35		4.20	4.70	2.99	5.57	3.18	6.00		
1993-02-15		17.98	.				.	.		.	.	.	.	.	.		
1993-02-16		18.20	19.59				3.44	6.34		4.14	4.64	3.00	5.52	3.18	5.98		
1993-02-17		17.93	19.30				3.39	6.28		4.06	4.54	2.97	5.43	3.14	5.90		
1993-02-18		17.83	19.44				3.30	6.17		3.95	4.43	2.95	5.29	3.09	5.75		
1993-02-19		18.30	19.69				3.30	6.15		3.99	4.44	2.99	5.30	3.11	5.76		
1993-02-22		18.63	20.08				3.32	6.09		3.99	4.44	3.01	5.28	3.14	5.70		
1993-02-23		18.88	20.49				3.27	5.92		3.90	4.33	3.00	5.12	3.11	5.53		
1993-02-24		18.88	20.28				3.32	6.01		3.97	4.40	3.02	5.20	3.14	5.64		
1993-02-25		18.83	20.63				3.33	6.03		3.95	4.36	3.01	5.23	3.13	5.68		
1993-02-26		18.83	20.53				3.32	6.03		3.92	4.37	3.01	5.21	3.14	5.67		
1993-03-01		19.03	20.62				3.30	5.94		3.88	4.31	3.03	5.12	3.14	5.58		
1993-03-02		18.83	20.48				3.31	5.95		3.88	4.31	3.03	5.13	3.14	5.58		
1993-03-03		18.93	20.46				3.28	5.88		3.81	4.24	3.00	5.05	3.11	5.51		
1993-03-04		19.35	21.05				3.24	5.83		3.75	4.19	2.97	5.00	3.09	5.46		
1993-03-05		19.60	20.85				3.37	5.90		3.91	4.37	3.07	5.14	3.20	5.56		
1993-03-08		19.28	20.63				3.39	5.85		3.97	4.37	3.05	5.15	3.19	5.54		
1993-03-09		19.23	20.71				3.41	5.91		4.02	4.46	3.05	5.21	3.19	5.60		
1993-03-10		19.08	20.42				3.40	5.97		4.05	4.49	3.04	5.24	3.19	5.65		
1993-03-11		18.70	20.12				3.35	5.96		4.01	4.47	3.03	5.23	3.16	5.65		
1993-03-12		18.83	20.38				3.39	6.11		4.11	4.56	3.04	5.35	3.19	5.80		
1993-03-15		18.88	20.18				3.42	6.17		4.10	4.61	3.06	5.39	3.21	5.87		
1993-03-16		18.55	20.04				3.38	6.06		4.02	4.50	3.04	5.27	3.19	5.76		
1993-03-17		18.60	20.14				3.36	6.02		3.98	4.44	3.04	5.21	3.18	5.72		
1993-03-18		18.70	20.29				3.30	5.93		3.91	4.35	3.01	5.11	3.13	5.63		
1993-03-19		18.58	20.05				3.32	5.95		3.95	4.38	3.03	5.17	3.16	5.65		
1993-03-22		18.18	19.52				3.29	5.96		3.92	4.37	2.99	5.18	3.13	5.65		
1993-03-23		18.23	19.98				3.28	5.91		3.88	4.31	2.98	5.14	3.12	5.60		
1993-03-24		18.53	19.97				3.31	5.95		3.93	4.38	2.98	5.19	3.11	5.64		
1993-03-25		18.60	20.12				3.29	5.98		3.92	4.38	2.97	5.19	3.09	5.67		
1993-03-26		18.55	20.42				3.33	6.09		4.02	4.50	3.00	5.32	3.13	5.78		
1993-03-29		18.65	20.27				3.33	6.06		3.95	4.44	3.00	5.25	3.12	5.75		
1993-03-30		18.45	20.27				3.29	6.02		3.91	4.38	2.97	5.20	3.09	5.71		
1993-03-31		18.70	20.44				3.32	6.03		3.96	4.42	2.95	5.24	3.09	5.72		
1993-04-01		18.98	20.54				3.32	6.06		3.94	4.41	2.96	5.24	3.09	5.74		
1993-04-02		18.88	20.67				3.32	6.16		3.99	4.48	2.97	5.31	3.09	5.83		
1993-04-05		18.95	20.59				3.30	6.13		3.96	4.45	2.97	5.27	3.09	5.79		
1993-04-06		18.65	20.33				3.35	6.08		3.93	4.39	2.98	5.22	3.09	5.73		
1993-04-07		18.70	20.35				3.33	6.07		3.93	4.39	2.98	5.23	3.13	5.72		
1993-04-08		18.53	20.22				3.25	5.97		3.85	4.30	2.96	5.13	3.10	5.62		
1993-04-09		.	.				.	.		.	.	.	.	.	.		
1993-04-12		.	20.43				3.23	5.92		3.82	4.27	2.94	5.09	3.09	5.57		
1993-04-13		18.80	20.28				3.22	5.93		3.82	4.27	2.91	5.10	3.07	5.55		
1993-04-14		18.73	20.38				3.19	5.90		3.78	4.24	2.88	5.07	3.04	5.51		
1993-04-15		18.63	20.21				3.22	5.88		3.79	4.24	2.90	5.06	3.05	5.49		
1993-04-16		18.50	20.09				3.21	5.89		3.80	4.26	2.90	5.08	3.05	5.51		
1993-04-19		18.48	19.99				3.21	5.87		3.78	4.25	2.87	5.07	3.03	5.49		
1993-04-20		18.53	20.05				3.19	5.87		3.78	4.24	2.85	5.07	3.00	5.49		
1993-04-21		18.68	19.99				3.17	5.86		3.77	4.23	2.86	5.05	3.00	5.48		
1993-04-22		18.48	19.79				3.17	5.85		3.75	4.21	2.88	5.04	3.01	5.46		
1993-04-23		18.63	19.93				3.18	5.89		3.75	4.21	2.90	5.06	3.03	5.49		
1993-04-26		18.63	19.83				3.23	5.94		3.79	4.25	2.95	5.09	3.05	5.53		
1993-04-27		18.58	20.21				3.27	6.02		3.88	4.33	2.97	5.19	3.09	5.62		
1993-04-28		18.48	.				3.27	6.03		3.86	4.35	2.98	5.18	3.08	5.64		
1993-04-29		18.80	20.63				3.24	5.99		3.79	4.28	2.96	5.10	3.07	5.58		
1993-04-30		18.85	20.54				3.26	6.05		3.83	4.30	2.97	5.14	3.07	5.63		
1993-05-03		.	20.58				3.22	5.96		3.75	4.23	2.93	5.06	3.06	5.54		
1993-05-04		18.90	20.40				3.23	5.92		3.75	4.23	2.93	5.04	3.06	5.49		
1993-05-05		18.85	20.46				3.26	5.93		3.80	4.27	2.95	5.07	3.08	5.51		
1993-05-06		19.13	20.49				3.22	5.89		3.80	4.24	2.92	5.03	3.05	5.52		
1993-05-07		18.98	20.43				3.23	5.92		3.79	4.25	2.93	5.04	3.06	5.57		
1993-05-10		18.98	20.42				3.22	5.89		3.79	4.24	2.95	5.02	3.08	5.53		
1993-05-11		18.83	20.38				3.23	5.89		3.79	4.25	2.95	5.03	3.09	5.51		
1993-05-12		18.90	20.19				3.26	5.96		3.82	4.28	2.96	5.07	3.09	5.57		
1993-05-13		18.70	19.80				3.30	6.02		3.91	4.35	2.99	5.15	3.11	5.63		
1993-05-14		18.40	19.51				3.33	6.03		3.97	4.38	3.03	5.21	3.15	5.67		
1993-05-17		18.28	19.51				3.41	6.07		4.05	4.47	3.08	5.27	3.21	5.72		
1993-05-18		18.18	19.32				3.40	6.15		4.08	4.49	3.08	5.30	3.20	5.78		
1993-05-19		18.13	19.15				3.37	6.11		4.03	4.45	3.03	5.26	3.17	5.73		
1993-05-20		18.10	19.56				3.39	6.09		4.03	4.45	3.03	5.25	3.16	5.71		
1993-05-21		18.05	19.60				3.45	6.16		4.14	4.53	3.07	5.34	3.21	5.78		
1993-05-24		18.15	19.43				3.52	6.16		4.19	4.59	3.15	5.37	3.31	5.79		
1993-05-25		18.15	19.75				3.52	6.17		4.19	4.59	3.14	5.38	3.30	5.81		
1993-05-26		18.08	19.92				3.51	6.12		4.20	4.57	3.12	5.35	3.28	5.76		
1993-05-27		18.43	20.05				3.58	6.11		4.22	4.60	3.13	5.35	3.32	5.76		
1993-05-28		18.43	20.04				3.62	6.16		4.24	4.63	3.13	5.37	3.32	5.80		
1993-05-31		.	.				.	.		.	.	.	.	.	.		
1993-06-01		18.48	20.20				3.55	6.07		4.16	4.54	3.14	5.28	3.30	5.71		
1993-06-02		18.48	20.05				3.56	6.06		4.18	4.57	3.14	5.27	3.30	5.69		
1993-06-03		18.15	19.77				3.53	6.02		4.14	4.52	3.10	5.23	3.27	5.64		
1993-06-04		18.25	19.79				3.67	6.11		4.31	4.67	3.18	5.36	3.39	5.75		
1993-06-07		18.00	19.60				3.65	6.08		4.30	4.66	3.20	5.34	3.40	5.73		
1993-06-08		18.23	19.65				3.66	6.09		4.33	4.70	3.20	5.35	3.40	5.74		
1993-06-09		18.23	19.66				3.62	6.07		4.29	4.67	3.18	5.33	3.37	5.72		
1993-06-10		18.20	19.27				3.62	6.07		4.29	4.67	3.18	5.34	3.36	5.72		
1993-06-11		17.63	18.99				3.51	5.97		4.15	4.53	3.12	5.22	3.28	5.61		
1993-06-14		17.58	18.90				3.50	5.97		4.13	4.52	3.13	5.20	3.28	5.60		
1993-06-15		17.30	18.60				3.48	5.96		4.11	4.49	3.12	5.19	3.25	5.59		
1993-06-16		17.33	18.87				3.47	5.96		4.09	4.47	3.11	5.18	3.25	5.59		
1993-06-17		17.23	18.70				3.46	5.93		4.08	4.47	3.10	5.17	3.24	5.57		
1993-06-18		17.13	18.71				3.52	5.97		4.16	4.53	3.13	5.23	3.28	5.62		
1993-06-21		17.18	18.63				3.52	5.92		4.16	4.51	3.17	5.20	3.28	5.57		
1993-06-22		17.18	18.35				3.51	5.91		4.15	4.51	3.16	5.21	3.27	5.58		
1993-06-23		17.18	18.44				3.56	5.91		4.20	4.54	3.19	5.20	3.32	5.59		
1993-06-24		17.23	18.36				3.54	5.88		4.15	4.49	3.17	5.16	3.30	5.55		
1993-06-25		17.23	18.83				3.50	5.84		4.10	4.45	3.15	5.13	3.28	5.51		
1993-06-28		17.23	18.89				3.47	5.80		4.06	4.41	3.11	5.08	3.23	5.47		
1993-06-29		17.48	18.99				3.45	5.79		4.03	4.37	3.10	5.05	3.21	5.45		
1993-06-30		17.43	18.82				3.45	5.80		4.03	4.39	3.10	5.05	3.22	5.46		
1993-07-01		16.98	18.44				3.41	5.80		3.99	4.37	3.06	5.04	3.19	5.46		
1993-07-02		16.63	17.93				3.34	5.76		3.93	4.31	3.02	4.98	3.15	5.42		
1993-07-05		16.88	.				.	.		.	.	.	.	.	.		
1993-07-06		17.13	18.29				3.42	5.80		4.00	4.38	3.12	5.04	3.22	5.47		
1993-07-07		16.90	18.06				3.43	5.80		4.00	4.38	3.11	5.04	3.20	5.47		
1993-07-08		16.55	17.79				3.42	5.78		4.00	4.35	3.09	5.02	3.21	5.45		
1993-07-09		16.53	17.92				3.41	5.76		3.98	4.34	3.09	5.00	3.21	5.42		
1993-07-12		16.78	18.12				3.40	5.75		3.99	4.33	3.10	5.00	3.22	5.41		
1993-07-13		16.95	18.05				3.44	5.78		4.04	4.39	3.11	5.03	3.25	5.43		
1993-07-14		16.50	17.43				3.40	5.72		3.97	4.32	3.08	4.98	3.22	5.37		
1993-07-15		16.48	17.73				3.41	5.72		3.99	4.34	3.08	4.99	3.23	5.37		
1993-07-16		16.60	17.29				3.41	5.71		3.99	4.34	3.08	4.99	3.23	5.36		
1993-07-19		16.58	17.68				3.42	5.71		3.99	4.35	3.12	5.00	3.24	5.37		
1993-07-20		16.58	17.20				3.48	5.75		4.09	4.42	3.13	5.08	3.28	5.42		
1993-07-21		16.73	17.60				3.52	5.83		4.15	4.49	3.14	5.17	3.29	5.53		
1993-07-22		16.65	17.57				3.61	5.90		4.22	4.59	3.16	5.24	3.34	5.60		
1993-07-23		16.85	17.67				3.62	5.95		4.25	4.62	3.16	5.28	3.34	5.66		
1993-07-26		16.85	18.11				3.59	5.93		4.22	4.58	3.17	5.25	3.33	5.62		
1993-07-27		16.85	18.50				3.61	5.92		4.25	4.59	3.17	5.26	3.36	5.62		
1993-07-28		17.13	18.25				3.59	5.90		4.21	4.57	3.15	5.23	3.34	5.58		
1993-07-29		17.08	18.12				3.51	5.81		4.12	4.46	3.09	5.13	3.28	5.47		
1993-07-30		16.85	17.94				3.53	5.83		4.13	4.50	3.10	5.16	3.28	5.50		
1993-08-02		16.85	17.90				3.58	5.85		4.19	4.55	3.17	5.20	3.35	5.55		
1993-08-03		16.53	17.81				3.56	5.83		4.17	4.55	3.15	5.19	3.32	5.51		
1993-08-04		16.63	17.82				3.57	5.87		4.16	4.55	3.15	5.20	3.32	5.54		
1993-08-05		16.60	17.54				3.54	5.86		4.12	4.50	3.12	5.18	3.30	5.52		
1993-08-06		16.38	17.30				3.52	5.86		4.09	4.48	3.11	5.16	3.28	5.52		
1993-08-09		16.45	17.58				3.48	5.82		4.06	4.45	3.11	5.12	3.26	5.48		
1993-08-10		16.30	17.58				3.51	5.82		4.10	4.48	3.10	5.14	3.27	5.49		
1993-08-11		16.58	17.87				3.50	5.75		4.10	4.47	3.09	5.13	3.25	5.46		
1993-08-12		16.78	18.16				3.47	5.77		4.06	4.43	3.08	5.13	3.23	5.47		
1993-08-13		16.93	18.14				3.43	5.72		4.00	4.38	3.09	5.08	3.22	5.41		
1993-08-16		16.80	17.84				3.42	5.68		3.98	4.35	3.10	5.05	3.21	5.36		
1993-08-17		16.88	17.95				3.43	5.70		4.02	4.39	3.08	5.07	3.21	5.39		
1993-08-18		16.63	17.68				3.41	5.69		3.98	4.36	3.05	5.04	3.19	5.37		
1993-08-19		16.63	17.64				3.39	5.64		3.93	4.29	3.05	4.97	3.20	5.32		
1993-08-20		16.68	18.09				3.39	5.61		3.93	4.29	3.06	4.96	3.20	5.28		
1993-08-23		16.83	18.42				3.40	5.60		3.97	4.30	3.08	4.98	3.21	5.28		
1993-08-24		16.93	18.38				3.36	5.54		3.89	4.24	3.05	4.90	3.18	5.21		
1993-08-25		16.68	18.45				3.35	5.51		3.85	4.20	3.04	4.86	3.18	5.17		
1993-08-26		16.75	18.40				3.34	5.42		3.82	4.16	3.06	4.78	3.19	5.10		
1993-08-27		17.05	18.82				3.38	5.48		3.87	4.20	3.09	4.83	3.21	5.13		
1993-08-30		.	18.63				3.35	5.44		3.86	4.18	3.08	4.78	3.19	5.10		
1993-08-31		16.73	18.24				3.38	5.45		3.88	4.20	3.08	4.80	3.21	5.11		
1993-09-01		16.55	17.92				3.36	5.46		3.88	4.21	3.08	4.81	3.19	5.12		
1993-09-02		16.50	17.97				3.34	5.41		3.83	4.16	3.05	4.76	3.18	5.09		
1993-09-03		16.33	17.72				3.25	5.31		3.71	4.04	3.00	4.65	3.12	5.01		
1993-09-06		16.23	.				.	.		.	.	.	.	.	.		
1993-09-07		15.85	17.14				3.26	5.23		3.70	4.01	3.01	4.60	3.12	4.96		
1993-09-08		15.65	17.00				3.32	5.23		3.78	4.07	3.02	4.63	3.15	4.96		
1993-09-09		15.73	16.97				3.37	5.35		3.88	4.18	3.04	4.74	3.18	5.06		
1993-09-10		15.43	16.74				3.32	5.29		3.80	4.11	3.02	4.67	3.15	5.01		
1993-09-13		15.43	16.98				3.33	5.26		3.82	4.13	3.04	4.66	3.16	4.99		
1993-09-14		15.58	16.94				3.41	5.37		3.91	4.23	3.05	4.77	3.18	5.12		
1993-09-15		15.35	16.85				3.39	5.39		3.89	4.19	3.02	4.75	3.16	5.14		
1993-09-16		15.43	16.85				3.39	5.37		3.88	4.19	3.01	4.74	3.16	5.12		
1993-09-17		15.55	17.10				3.39	5.38		3.89	4.19	3.01	4.75	3.17	5.11		
1993-09-20		16.03	17.68				3.41	5.42		3.92	4.23	3.00	4.79	3.16	5.13		
1993-09-21		16.25	18.12				3.38	5.47		3.90	4.21	2.98	4.80	3.14	5.19		
1993-09-22		15.88	17.53				3.39	5.45		3.90	4.22	2.98	4.81	3.15	5.17		
1993-09-23		15.88	17.52				3.39	5.42		3.87	4.22	2.99	4.80	3.15	5.15		
1993-09-24		16.10	17.52				3.39	5.42		3.90	4.22	2.99	4.81	3.15	5.14		
1993-09-27		16.10	17.52				3.32	5.30		3.81	4.12	2.96	4.69	3.10	5.01		
1993-09-28		16.40	18.07				3.32	5.28		3.79	4.11	2.96	4.67	3.12	4.98		
1993-09-29		16.78	18.73				3.36	5.35		3.84	4.19	2.99	4.74	3.15	5.03		
1993-09-30		17.23	18.72				3.39	5.40		3.89	4.24	2.98	4.79	3.13	5.11		
1993-10-01		17.08	18.63				3.35	5.34		3.84	4.18	2.98	4.72	3.11	5.03		
1993-10-04		16.90	18.40				3.35	5.34		3.85	4.16	3.02	4.71	3.17	5.04		
1993-10-05		16.78	18.43				3.38	5.35		3.86	4.18	3.06	4.72	3.20	5.05		
1993-10-06		16.98	18.43				3.36	5.35		3.85	4.16	3.04	4.70	3.19	5.05		
1993-10-07		16.88	18.49				3.35	5.33		3.83	4.15	3.05	4.69	3.17	5.05		
1993-10-08		16.98	18.53				3.33	5.26		3.78	4.09	3.05	4.61	3.16	4.96		
1993-10-11		17.13	18.76				.	.		.	.	.	.	.	.		
1993-10-12		17.15	18.70				3.36	5.27		3.82	4.11	3.12	4.64	3.21	4.97		
1993-10-13		17.00	18.65				3.36	5.27		3.84	4.11	3.10	4.64	3.20	4.98		
1993-10-14		16.80	18.50				3.36	5.23		3.82	4.09	3.08	4.61	3.18	4.93		
1993-10-15		16.70	18.24				3.35	5.19		3.81	4.06	3.08	4.57	3.18	4.90		
1993-10-18		16.50	18.13				3.39	5.27		3.84	4.14	3.13	4.66	3.23	4.99		
1993-10-19		16.53	18.04				3.39	5.27		3.86	4.14	3.13	4.66	3.24	5.00		
1993-10-20		16.68	18.25				3.38	5.26		3.86	4.13	3.11	4.64	3.22	4.98		
1993-10-21		16.88	18.28				3.40	5.35		3.89	4.19	3.12	4.72	3.25	5.07		
1993-10-22		16.48	17.92				3.42	5.42		3.91	4.23	3.11	4.76	3.25	5.15		
1993-10-25		16.13	17.36				3.45	5.47		3.95	4.26	3.14	4.82	3.28	5.21		
1993-10-26		15.95	17.55				3.45	5.43		3.93	4.25	3.16	4.79	3.29	5.17		
1993-10-27		15.95	17.66				3.47	5.44		3.99	4.28	3.15	4.82	3.29	5.19		
1993-10-28		15.83	17.30				3.47	5.41		3.97	4.29	3.11	4.83	3.28	5.17		
1993-10-29		15.43	16.97				3.47	5.43		3.99	4.30	3.10	4.83	3.28	5.19		
1993-11-01		15.83	17.50				3.53	5.56		4.11	4.42	3.18	4.96	3.36	5.32		
1993-11-02		15.63	17.03				3.59	5.63		4.16	4.49	3.19	5.02	3.38	5.41		
1993-11-03		15.83	17.47				3.56	5.67		4.13	4.46	3.16	5.01	3.35	5.39		
1993-11-04		15.78	17.38				3.55	5.67		4.13	4.47	3.15	5.03	3.34	5.42		
1993-11-05		15.73	17.09				3.58	5.75		4.20	4.53	3.13	5.11	3.36	5.50		
1993-11-08		15.28	16.69				3.55	5.70		4.13	4.47	3.17	5.04	3.35	5.44		
1993-11-09		15.33	16.71				3.54	5.64		4.12	4.47	3.18	5.02	3.36	5.41		
1993-11-10		15.23	16.54				3.56	5.72		4.17	4.51	3.19	5.08	3.36	5.45		
1993-11-11		15.18	16.91				.	.		.	.	.	.	.	.		
1993-11-12		15.08	16.72				3.54	5.66		4.11	4.45	3.18	5.02	3.35	5.39		
1993-11-15		15.25	16.78				3.56	5.69		4.11	4.49	3.18	5.02	3.36	5.40		
1993-11-16		15.33	16.69				3.56	5.66		4.10	4.45	3.16	4.98	3.34	5.35		
1993-11-17		15.55	17.08				3.55	5.65		4.09	4.42	3.16	4.99	3.33	5.35		
1993-11-18		15.40	16.67				3.59	5.72		4.15	4.49	3.18	5.06	3.35	5.43		
1993-11-19		15.25	16.55				3.64	5.84		4.22	4.58	3.20	5.16	3.38	5.54		
1993-11-22		15.35	16.67				3.65	5.89		4.26	4.61	3.21	5.20	3.40	5.60		
1993-11-23		15.25	16.39				3.60	5.82		4.19	4.55	3.19	5.14	3.37	5.52		
1993-11-24		15.13	15.73				3.60	5.84		4.18	4.54	3.19	5.11	3.36	5.54		
1993-11-25		14.35	.				.	.		.	.	.	.	.	.		
1993-11-26		14.28	15.53				3.58	5.78		4.16	4.52	3.18	5.08	3.36	5.49		
1993-11-29		14.05	15.30				3.60	5.76		4.17	4.49	3.20	5.08	3.37	5.46		
1993-11-30		14.23	15.36				3.65	5.83		4.22	4.55	3.21	5.15	3.40	5.53		
1993-12-01		14.43	15.45				3.62	5.82		4.20	4.54	3.19	5.14	3.37	5.52		
1993-12-02		14.15	14.93				3.62	5.81		4.22	4.55	3.18	5.16	3.36	5.52		
1993-12-03		13.95	15.03				3.62	5.80		4.24	4.59	3.18	5.16	3.37	5.52		
1993-12-06		13.90	14.57				3.57	5.72		4.19	4.50	3.18	5.09	3.36	5.43		
1993-12-07		13.88	14.53				3.60	5.71		4.17	4.52	3.16	5.10	3.36	5.43		
1993-12-08		13.45	14.61				3.60	5.71		4.18	4.50	3.15	5.09	3.35	5.41		
1993-12-09		13.60	14.65				3.60	5.68		4.18	4.49	3.13	5.07	3.34	5.38		
1993-12-10		13.80	15.04				3.62	5.73		4.21	4.53	3.12	5.13	3.34	5.45		
1993-12-13		13.90	14.50				3.62	5.78		4.23	4.56	3.12	5.16	3.36	5.50		
1993-12-14		14.78	14.47				3.63	5.82		4.25	4.59	3.11	5.20	3.35	5.54		
1993-12-15		13.80	14.39				3.61	5.83		4.22	4.58	3.10	5.19	3.34	5.55		
1993-12-16		13.63	14.21				3.60	5.84		4.23	4.58	3.10	5.20	3.33	5.56		
1993-12-17		13.85	13.98				3.58	5.81		4.20	4.54	3.09	5.17	3.32	5.52		
1993-12-20		13.63	14.20				3.61	5.83		4.22	4.58	3.15	5.20	3.36	5.54		
1993-12-21		13.45	14.32				3.62	5.85		4.26	4.58	3.14	5.22	3.34	5.56		
1993-12-22		13.60	14.61				3.59	5.74		4.19	4.50	3.13	5.13	3.30	5.46		
1993-12-23		13.55	14.48				3.59	5.72		4.18	4.49	3.13	5.10	3.29	5.42		
1993-12-24		13.38	.				.	.		.	.	.	.	.	.		
1993-12-27		.	14.09				3.61	5.72		4.20	4.50	3.13	5.09	3.31	5.42		
1993-12-28		.	14.11				3.60	5.72		4.20	4.49	3.13	5.10	3.32	5.42		
1993-12-29		13.13	14.45				3.60	5.74		4.20	4.51	3.08	5.12	3.30	5.44		
1993-12-30		13.20	14.19				3.62	5.82		4.25	4.58	3.04	5.20	3.31	5.53		
1993-12-31		13.18	.				3.63	5.83		4.25	4.58	3.07	5.21	3.30	5.53		
1994-01-03		.	14.52				3.67	5.92		4.30	4.66	3.16	5.29	3.39	5.66		
1994-01-04		13.43	14.66				3.65	5.88		4.29	4.63	3.15	5.26	3.37	5.62		
1994-01-05		14.10	15.30				3.66	5.90		4.31	4.66	3.14	5.27	3.36	5.64		
1994-01-06		14.55	15.36				3.65	5.84		4.24	4.59	3.12	5.21	3.33	5.57		
1994-01-07		14.63	15.33				3.54	5.70		4.09	4.43	3.07	5.03	3.25	5.39		
1994-01-10		14.15	14.65				3.53	5.67		4.08	4.41	3.06	5.01	3.25	5.36		
1994-01-11		14.10	14.95				3.51	5.67		4.08	4.41	3.04	5.00	3.25	5.34		
1994-01-12		13.90	14.36				3.47	5.60		4.05	4.36	3.02	4.95	3.21	5.29		
1994-01-13		13.75	14.56				3.52	5.71		4.13	4.47	3.01	5.08	3.22	5.41		
1994-01-14		14.10	14.81				3.55	5.78		4.17	4.51	3.03	5.12	3.23	5.46		
1994-01-17		14.40	15.15				.	.		.	.	.	.	.	.		
1994-01-18		14.10	14.92				3.53	5.74		4.14	4.48	3.04	5.09	3.23	5.43		
1994-01-19		14.25	15.25				3.52	5.76		4.12	4.47	3.03	5.08	3.22	5.43		
1994-01-20		14.10	14.95				3.47	5.71		4.07	4.41	3.01	5.02	3.19	5.38		
1994-01-21		14.23	14.85				3.50	5.73		4.09	4.44	3.01	5.05	3.21	5.39		
1994-01-24		14.35	15.09				3.50	5.74		4.09	4.44	3.01	5.06	3.23	5.40		
1994-01-25		14.63	15.26				3.51	5.78		4.11	4.46	2.99	5.08	3.23	5.43		
1994-01-26		14.80	15.50				3.53	5.77		4.13	4.46	2.98	5.09	3.22	5.41		
1994-01-27		14.78	15.48				3.52	5.73		4.11	4.45	2.98	5.04	3.22	5.37		
1994-01-28		14.65	15.37				3.49	5.68		4.08	4.40	2.99	4.99	3.20	5.30		
1994-01-31		14.83	15.24				3.53	5.70		4.12	4.44	3.05	5.02	3.25	5.34		
1994-02-01		15.03	15.91				3.60	5.77		4.20	4.53	3.10	5.10	3.29	5.43		
1994-02-02		15.40	16.06				3.61	5.77		4.20	4.53	3.13	5.11	3.30	5.43		
1994-02-03		15.48	15.97				3.73	5.81		4.28	4.60	3.20	5.17	3.37	5.48		
1994-02-04		14.93	15.63				3.84	5.94		4.42	4.75	3.30	5.32	3.49	5.62		
1994-02-07		14.60	15.31				3.83	5.96		4.41	4.78	3.31	5.36	3.49	5.65		
1994-02-08		14.13	15.12				3.86	6.01		4.44	4.82	3.32	5.38	3.51	5.70		
1994-02-09		13.53	14.64				3.85	5.92		4.43	4.80	3.32	5.35	3.49	5.67		
1994-02-10		13.58	14.59				3.86	5.91		4.45	4.83	3.33	5.36	3.52	5.68		
1994-02-11		13.70	14.71				3.84	5.88		4.44	4.80	3.33	5.34	3.51	5.66		
1994-02-14		13.40	14.15				3.85	5.90		4.44	4.81	3.34	5.36	3.52	5.67		
1994-02-15		13.13	14.13				3.85	5.88		4.44	4.80	3.34	5.34	3.51	5.66		
1994-02-16		13.08	13.89				3.86	5.89		4.44	4.80	3.34	5.35	3.52	5.67		
1994-02-17		13.28	14.26				3.89	6.00		4.50	4.88	3.35	5.45	3.55	5.77		
1994-02-18		13.00	14.21				3.93	6.09		4.57	4.94	3.36	5.52	3.59	5.87		
1994-02-21		13.05	.				.	.		.	.	.	.	.	.		
1994-02-22		13.20	14.28				3.93	6.05		4.57	4.93	3.40	5.50	3.64	5.84		
1994-02-23		13.20	14.18				4.01	6.13		4.67	5.02	3.46	5.59	3.70	5.92		
1994-02-24		13.40	14.82				4.03	6.22		4.72	5.07	3.44	5.66	3.72	6.01		
1994-02-25		13.33	14.48				4.05	6.21		4.72	5.08	3.44	5.65	3.72	6.00		
1994-02-28		13.59	14.50				4.03	6.15		4.67	5.04	3.47	5.60	3.72	5.94		
1994-03-01		13.45	14.78				4.16	6.28		4.81	5.19	3.58	5.74	3.82	6.08		
1994-03-02		13.50	14.80				4.15	6.30		4.79	5.20	3.55	5.74	3.80	6.09		
1994-03-03		13.55	14.74				4.21	6.35		4.83	5.21	3.56	5.79	3.83	6.14		
1994-03-04		13.43	14.57				4.26	6.38		4.88	5.29	3.62	5.82	3.87	6.16		
1994-03-07		13.13	14.14				4.23	6.32		4.87	5.25	3.61	5.77	3.88	6.12		
1994-03-08		13.15	14.17				4.28	6.38		4.92	5.31	3.63	5.84	3.90	6.17		
1994-03-09		13.30	14.23				4.29	6.38		4.96	5.33	3.61	5.84	3.90	6.17		
1994-03-10		13.23	14.19				4.30	6.48		4.96	5.36	3.57	5.90	3.90	6.28		
1994-03-11		13.70	14.47				4.28	6.46		4.95	5.34	3.58	5.89	3.91	6.25		
1994-03-14		14.03	14.52				4.32	6.50		4.99	5.39	3.66	5.94	3.97	6.30		
1994-03-15		14.28	14.82				4.32	6.47		4.99	5.38	3.66	5.91	3.95	6.25		
1994-03-16		14.30	15.03				4.28	6.40		4.96	5.34	3.61	5.86	3.92	6.18		
1994-03-17		14.25	14.83				4.28	6.40		4.94	5.34	3.55	5.88	3.92	6.19		
1994-03-18		14.05	14.88				4.35	6.49		5.03	5.42	3.57	5.97	3.97	6.30		
1994-03-21		14.55	15.37				4.41	6.55		5.09	5.49	3.70	6.03	4.02	6.36		
1994-03-22		14.80	15.04				4.33	6.44		5.03	5.38	3.60	5.92	3.94	6.24		
1994-03-23		14.50	14.94				4.32	6.44		5.00	5.38	3.54	5.92	3.90	6.22		
1994-03-24		14.53	15.21				4.37	6.58		5.08	5.50	3.53	6.05	3.92	6.39		
1994-03-25		14.58	15.19				4.38	6.61		5.10	5.52	3.57	6.08	3.92	6.42		
1994-03-28		13.75	14.15				4.41	6.63		5.12	5.55	3.57	6.10	3.97	6.43		
1994-03-29		13.38	14.41				4.46	6.71		5.19	5.62	3.59	6.19	3.98	6.52		
1994-03-30		13.23	14.40				4.45	6.78		5.19	5.65	3.57	6.24	3.93	6.59		
1994-03-31		13.25	14.78				4.50	6.77		5.21	5.66	3.56	6.23	3.92	6.59		
1994-04-01		.	.				.	.		.	.	.	.	.	.		
1994-04-04		.	15.67				4.83	7.16		5.57	6.06	3.82	6.64	4.19	7.01		
1994-04-05		14.33	15.67				4.72	6.97		5.45	5.93	3.75	6.47	4.14	6.79		
1994-04-06		14.33	15.77				4.67	6.93		5.40	5.88	3.67	6.42	4.09	6.76		
1994-04-07		14.40	15.59				4.64	6.86		5.37	5.84	3.61	6.38	4.07	6.72		
1994-04-08		14.30	15.57				4.68	6.94		5.43	5.91	3.65	6.46	4.10	6.79		
1994-04-11		14.73	15.86				4.69	6.92		5.43	5.90	3.68	6.46	4.14	6.78		
1994-04-12		14.80	15.74				4.66	6.87		5.40	5.84	3.64	6.40	4.11	6.72		
1994-04-13		15.00	15.96				4.69	6.93		5.43	5.91	3.64	6.47	4.13	6.79		
1994-04-14		15.28	16.20				4.72	6.97		5.49	5.94	3.66	6.51	4.14	6.82		
1994-04-15		15.23	16.58				4.73	6.97		5.51	5.95	3.68	6.50	4.15	6.79		
1994-04-18		15.48	16.64				4.91	7.14		5.70	6.15	3.84	6.70	4.34	6.99		
1994-04-19		15.13	16.43				4.92	7.10		5.70	6.14	3.83	6.68	4.36	6.92		
1994-04-20		15.30	16.65				4.91	7.05		5.67	6.10	3.83	6.62	4.34	6.88		
1994-04-21		15.63	17.56				4.87	6.91		5.59	6.00	3.83	6.49	4.33	6.71		
1994-04-22		16.28	17.84				4.90	6.93		5.62	6.04	3.84	6.53	4.36	6.73		
1994-04-25		16.38	17.66				4.91	6.86		5.61	6.01	3.94	6.48	4.40	6.68		
1994-04-26		16.05	16.82				4.93	6.86		5.59	5.99	3.97	6.46	4.41	6.66		
1994-04-27		15.75	16.70				.	.		.	.	.	.	.	.		
1994-04-28		15.65	16.57				5.05	7.04		5.75	6.14	3.98	6.65	4.45	6.86		
1994-04-29		15.35	16.92				5.07	7.06		5.73	6.16	3.97	6.64	4.45	6.88		
1994-05-02		.	17.18				5.12	7.09		5.81	6.20	4.10	6.69	4.57	6.93		
1994-05-03		15.93	16.93				5.19	7.13		5.86	6.26	4.12	6.73	4.62	6.96		
1994-05-04		15.95	16.85				5.22	7.14		5.89	6.28	4.15	6.74	4.63	6.97		
1994-05-05		15.85	17.28				5.21	7.11		5.88	6.25	4.13	6.70	4.62	6.94		
1994-05-06		16.25	17.74				5.40	7.35		6.12	6.50	4.30	6.95	4.82	7.19		
1994-05-09		16.33	17.72				5.55	7.49		6.26	6.64	4.44	7.09	5.02	7.33		
1994-05-10		16.25	17.62				5.48	7.33		6.13	6.52	4.35	6.93	4.95	7.14		
1994-05-11		16.10	17.84				5.52	7.40		6.20	6.59	4.32	7.02	4.96	7.26		
1994-05-12		16.25	18.27				5.48	7.36		6.13	6.53	4.24	6.97	4.90	7.22		
1994-05-13		16.50	18.20				5.41	7.29		6.05	6.43	4.24	6.89	4.86	7.14		
1994-05-16		16.23	17.99				5.41	7.24		6.03	6.40	4.31	6.85	4.87	7.08		
1994-05-17		15.83	17.61				5.29	7.03		5.88	6.23	4.30	6.66	4.77	6.85		
1994-05-18		15.98	18.02				5.21	7.03		5.83	6.18	4.29	6.61	4.73	6.85		
1994-05-19		16.15	18.49				5.12	6.96		5.73	6.07	4.24	6.52	4.65	6.76		
1994-05-20		16.23	18.93				5.14	7.02		5.80	6.14	4.26	6.59	4.71	6.82		
1994-05-23		16.63	18.69				5.28	7.19		5.94	6.30	4.35	6.76	4.82	6.99		
1994-05-24		16.63	18.40				5.28	7.17		5.94	6.28	4.32	6.75	4.79	6.96		
1994-05-25		16.33	17.83				5.28	7.14		5.95	6.31	4.28	6.74	4.76	6.93		
1994-05-26		16.08	17.76				5.28	7.09		5.92	6.27	4.27	6.69	4.76	6.90		
1994-05-27		16.08	18.02				5.35	7.12		5.97	6.32	4.30	6.73	4.82	6.92		
1994-05-30		.	.				.	.		.	.	.	.	.	.		
1994-05-31		16.18	18.30				5.38	7.17		6.01	6.36	4.31	6.77	4.87	6.99		
1994-06-01		16.40	18.29				5.36	7.12		5.98	6.33	4.28	6.74	4.83	6.95		
1994-06-02		16.35	18.25				5.29	7.07		5.93	6.28	4.24	6.68	4.76	6.89		
1994-06-03		16.13	18.11				5.22	6.98		5.84	6.19	4.23	6.59	4.72	6.78		
1994-06-06		16.18	18.10				5.15	6.91		5.78	6.10	4.25	6.49	4.69	6.70		
1994-06-07		15.95	17.78				5.16	6.95		5.80	6.14	4.22	6.53	4.68	6.75		
1994-06-08		15.65	18.28				5.13	6.96		5.78	6.11	4.21	6.53	4.66	6.75		
1994-06-09		16.13	18.67				5.15	6.98		5.80	6.13	4.23	6.54	4.67	6.76		
1994-06-10		16.38	18.48				5.20	7.03		5.85	6.17	4.22	6.60	4.70	6.82		
1994-06-13		16.23	18.82				5.22	7.07		5.91	6.25	4.24	6.66	4.70	6.87		
1994-06-14		16.40	18.94				5.14	7.00		5.81	6.15	4.21	6.58	4.64	6.79		
1994-06-15		16.73	19.75				5.19	7.10		5.88	6.23	4.23	6.67	4.66	6.88		
1994-06-16		16.88	19.83				5.15	7.07		5.83	6.19	4.22	6.65	4.64	6.86		
1994-06-17		17.13	20.72				5.20	7.14		5.88	6.24	4.23	6.71	4.66	6.93		
1994-06-20		17.38	20.68				5.24	7.16		5.92	6.28	4.28	6.74	4.73	6.96		
1994-06-21		17.63	20.08				5.31	7.22		6.04	6.37	4.30	6.82	4.77	7.02		
1994-06-22		17.48	19.59				5.28	7.13		5.97	6.31	4.28	6.75	4.75	6.94		
1994-06-23		17.30	19.38				5.29	7.10		5.94	6.26	4.26	6.70	4.74	6.90		
1994-06-24		17.40	19.28				5.37	7.22		6.06	6.38	4.28	6.81	4.78	7.05		
1994-06-27		17.40	18.96				5.37	7.18		6.05	6.36	4.28	6.79	4.73	7.00		
1994-06-28		16.98	19.14				5.48	7.26		6.13	6.46	4.28	6.88	4.75	7.09		
1994-06-29		17.23	18.82				5.47	7.24		6.12	6.45	4.25	6.87	4.74	7.08		
1994-06-30		17.45	19.37				5.51	7.34		6.19	6.52	4.26	6.97	4.83	7.18		
1994-07-01		17.65	19.52				5.50	7.34		6.19	6.53	4.32	6.95	4.84	7.19		
1994-07-04		17.50	.				.	.		.	.	.	.	.	.		
1994-07-05		17.13	19.62				5.48	7.31		6.14	6.48	4.42	6.93	4.92	7.17		
1994-07-06		16.90	19.30				5.46	7.32		6.11	6.47	4.39	6.92	4.92	7.16		
1994-07-07		16.78	19.15				5.45	7.30		6.11	6.44	4.36	6.89	4.90	7.13		
1994-07-08		17.00	19.48				5.58	7.42		6.25	6.59	4.49	7.04	5.04	7.27		
1994-07-11		17.48	20.17				5.61	7.47		6.29	6.65	4.61	7.09	5.13	7.33		
1994-07-12		18.25	20.40				5.55	7.43		6.24	6.60	4.56	7.03	5.08	7.26		
1994-07-13		18.25	20.14				5.52	7.41		6.22	6.58	4.52	7.02	5.02	7.23		
1994-07-14		18.33	20.18				5.38	7.25		6.05	6.42	4.41	6.85	4.88	7.06		
1994-07-15		18.15	19.89				5.37	7.25		6.04	6.41	4.38	6.84	4.87	7.06		
1994-07-18		17.50	19.38				5.34	7.20		5.99	6.35	4.40	6.79	4.87	7.01		
1994-07-19		17.20	19.49				5.30	7.15		5.94	6.28	4.37	6.73	4.82	6.95		
1994-07-20		17.35	19.15				5.40	7.25		6.06	6.39	4.41	6.84	4.90	7.06		
1994-07-21		17.45	19.32				5.50	7.27		6.11	6.45	4.44	6.89	4.92	7.09		
1994-07-22		17.58	19.59				5.53	7.29		6.15	6.49	4.50	6.92	4.96	7.10		
1994-07-25		17.35	19.42				5.53	7.27		6.13	6.49	4.53	6.90	5.01	7.10		
1994-07-26		17.43	19.26				5.53	7.28		6.16	6.49	4.52	6.90	5.01	7.09		
1994-07-27		17.83	19.46				5.57	7.34		6.22	6.55	4.57	6.99	5.07	7.18		
1994-07-28		18.00	19.87				5.56	7.29		6.21	6.53	4.54	6.94	5.04	7.13		
1994-07-29		18.48	20.30				5.37	7.12		5.99	6.33	4.39	6.73	4.87	6.92		
1994-08-01		19.03	20.65				5.40	7.13		6.03	6.35	4.45	6.75	4.93	6.94		
1994-08-02		18.48	20.22				5.35	7.11		5.98	6.32	4.44	6.73	4.92	6.91		
1994-08-03		18.48	20.06				5.34	7.09		5.96	6.29	4.44	6.70	4.90	6.91		
1994-08-04		18.43	20.14				5.36	7.12		5.98	6.31	4.43	6.72	4.90	6.93		
1994-08-05		17.78	19.37				5.59	7.28		6.18	6.55	4.59	6.93	5.10	7.11		
1994-08-08		17.93	19.41				5.60	7.28		6.22	6.56	4.59	6.93	5.13	7.11		
1994-08-09		17.68	19.29				5.62	7.33		6.26	6.61	4.56	6.97	5.14	7.14		
1994-08-10		17.33	18.96				5.58	7.30		6.21	6.57	4.49	6.95	5.10	7.14		
1994-08-11		17.50	18.67				5.62	7.36		6.26	6.61	4.46	7.00	5.12	7.18		
1994-08-12		17.10	18.05				5.60	7.27		6.22	6.57	4.51	6.94	5.10	7.12		
1994-08-15		16.75	18.24				5.64	7.30		6.26	6.58	4.72	6.96	5.19	7.14		
1994-08-16		16.68	17.64				5.62	7.19		6.21	6.52	4.74	6.86	5.17	7.02		
1994-08-17		16.28	18.08				5.56	7.15		6.14	6.45	4.69	6.81	5.11	6.99		
1994-08-18		16.30	17.73				5.68	7.28		6.23	6.56	4.71	6.93	5.15	7.12		
1994-08-19		16.13	17.56				5.64	7.27		6.23	6.55	4.69	6.92	5.13	7.10		
1994-08-22		15.25	16.87				5.66	7.31		6.27	6.59	4.73	6.97	5.17	7.14		
1994-08-23		15.30	17.09				5.63	7.28		6.26	6.55	4.69	6.94	5.13	7.12		
1994-08-24		15.80	17.54				5.57	7.22		6.18	6.47	4.66	6.87	5.09	7.04		
1994-08-25		15.75	17.49				5.59	7.29		6.24	6.53	4.68	6.93	5.09	7.12		
1994-08-26		15.85	17.14				5.58	7.24		6.21	6.48	4.68	6.87	5.07	7.07		
1994-08-29		.	17.62				5.58	7.24		6.20	6.48	4.73	6.87	5.12	7.05		
1994-08-30		15.78	17.40				5.56	7.20		6.18	6.46	4.71	6.83	5.09	7.03		
1994-08-31		16.03	17.60				5.56	7.19		6.17	6.44	4.68	6.81	5.03	7.00		
1994-09-01		16.03	17.47				5.56	7.19		6.15	6.44	4.67	6.81	4.99	7.01		
1994-09-02		15.88	17.52				5.55	7.21		6.17	6.45	4.67	6.82	5.04	7.01		
1994-09-05		15.60	.				.	.		.	.	.	.	.	.		
1994-09-06		15.95	17.62				5.58	7.27		6.22	6.50	4.69	6.88	5.06	7.08		
1994-09-07		16.03	17.84				5.60	7.29		6.22	6.51	4.66	6.92	5.05	7.11		
1994-09-08		16.05	17.62				5.59	7.30		6.22	6.51	4.67	6.92	5.06	7.10		
1994-09-09		15.93	17.53				5.70	7.44		6.35	6.66	4.70	7.06	5.14	7.26		
1994-09-12		15.83	17.39				5.72	7.46		6.37	6.67	4.75	7.08	5.19	7.27		
1994-09-13		15.48	17.00				5.70	7.44		6.35	6.65	4.72	7.05	5.17	7.26		
1994-09-14		15.40	16.72				5.68	7.41		6.33	6.63	4.70	7.02	5.15	7.23		
1994-09-15		15.25	16.72				5.69	7.35		6.28	6.58	4.70	6.97	5.14	7.19		
1994-09-16		15.30	16.84				5.79	7.52		6.42	6.72	4.73	7.13	5.23	7.34		
1994-09-19		15.45	17.21				5.78	7.49		6.39	6.71	4.72	7.11	5.23	7.32		
1994-09-20		15.78	17.24				5.82	7.53		6.44	6.75	4.74	7.15	5.29	7.37		
1994-09-21		15.80	17.06				5.90	7.56		6.52	6.81	4.92	7.20	5.40	7.40		
1994-09-22		15.90	17.65				5.88	7.56		6.50	6.80	4.92	7.20	5.40	7.39		
1994-09-23		16.30	17.76				5.89	7.57		6.52	6.83	4.91	7.20	5.42	7.40		
1994-09-26		16.10	17.68				5.91	7.57		6.54	6.83	4.92	7.21	5.44	7.41		
1994-09-27		16.10	17.48				5.89	7.61		6.52	6.83	4.83	7.24	5.40	7.44		
1994-09-28		16.20	17.69				5.88	7.57		6.51	6.83	4.66	7.21	5.37	7.42		
1994-09-29		16.60	17.96				5.95	7.64		6.60	6.92	4.70	7.29	5.44	7.48		
1994-09-30		16.73	18.36				5.96	7.62		6.62	6.92	4.80	7.28	5.43	7.46		
1994-10-03		16.85	18.16				6.06	7.66		6.69	7.01	5.05	7.35	5.61	7.52		
1994-10-04		16.70	17.97				6.06	7.70		6.68	7.01	5.09	7.37	5.60	7.55		
1994-10-05		16.50	18.01				6.10	7.77		6.73	7.05	5.09	7.42	5.61	7.61		
1994-10-06		16.63	18.24				6.10	7.78		6.71	7.06	5.11	7.43	5.62	7.62		
1994-10-07		16.93	18.27				6.01	7.70		6.65	6.97	5.02	7.34	5.55	7.54		
1994-10-10		16.70	17.95				.	.		.	.	.	.	.	.		
1994-10-11		16.38	17.74				6.01	7.65		6.63	6.95	5.06	7.30	5.56	7.48		
1994-10-12		16.08	17.13				6.05	7.69		6.67	6.99	5.12	7.34	5.57	7.52		
1994-10-13		15.63	17.03				6.07	7.64		6.63	6.96	5.05	7.30	5.50	7.48		
1994-10-14		15.58	16.98				6.01	7.61		6.57	6.91	5.00	7.26	5.48	7.45		
1994-10-17		15.75	17.11				6.04	7.62		6.61	6.92	5.04	7.28	5.55	7.47		
1994-10-18		16.13	17.34				6.04	7.64		6.61	6.92	5.04	7.29	5.55	7.47		
1994-10-19		16.28	17.43				6.07	7.68		6.66	6.99	5.05	7.34	5.58	7.52		
1994-10-20		16.53	17.57				6.18	7.80		6.77	7.10	5.14	7.46	5.67	7.63		
1994-10-21		16.35	17.31				6.19	7.81		6.80	7.11	5.15	7.46	5.68	7.63		
1994-10-24		16.48	17.50				6.24	7.86		6.84	7.17	5.22	7.52	5.74	7.68		
1994-10-25		16.48	17.71				6.25	7.88		6.87	7.18	5.20	7.54	5.75	7.72		
1994-10-26		16.88	18.01				6.23	7.88		6.90	7.17	5.13	7.55	5.71	7.72		
1994-10-27		17.08	18.17				6.23	7.88		6.89	7.16	5.12	7.55	5.70	7.72		
1994-10-28		17.18	18.25				6.17	7.82		6.82	7.10	5.16	7.48	5.67	7.65		
1994-10-31		17.18	18.16				6.18	7.81		6.84	7.10	5.20	7.48	5.72	7.65		
1994-11-01		17.40	18.66				6.25	7.91		6.93	7.21	5.22	7.58	5.75	7.75		
1994-11-02		17.58	18.90				6.28	7.96		6.96	7.25	5.23	7.63	5.76	7.79		
1994-11-03		17.75	18.97				6.31	7.96		6.98	7.28	5.25	7.65	5.77	7.80		
1994-11-04		18.00	18.76				6.39	8.04		7.05	7.37	5.33	7.72	5.87	7.88		
1994-11-07		17.78	18.38				6.42	8.05		7.06	7.39	5.42	7.73	5.93	7.89		
1994-11-08		17.38	18.46				6.39	8.01		7.02	7.39	5.37	7.69	5.89	7.85		
1994-11-09		17.55	18.16				6.37	7.94		7.01	7.35	5.34	7.64	5.86	7.79		
1994-11-10		17.20	18.18				6.50	7.98		7.06	7.40	5.38	7.69	5.88	7.84		
1994-11-11		17.38	18.07				.	.		.	.	.	.	.	.		
1994-11-14		17.25	17.48				6.49	7.94		7.06	7.37	5.46	7.66	5.97	7.80		
1994-11-15		16.98	17.58				6.55	7.92		7.10	7.41	5.53	7.69	6.03	7.78		
1994-11-16		16.80	17.38				6.59	7.97		7.15	7.45	5.52	7.73	6.04	7.86		
1994-11-17		16.53	17.63				6.62	8.03		7.21	7.52	5.51	7.79	6.05	7.90		
1994-11-18		16.45	17.47				6.64	8.01		7.23	7.52	5.50	7.79	6.04	7.91		
1994-11-21		17.25	17.43				6.68	8.03		7.30	7.57	5.53	7.83	6.09	7.92		
1994-11-22		17.20	17.70				6.67	8.00		7.29	7.56	5.49	7.82	6.08	7.90		
1994-11-23		16.88	18.05				6.57	7.81		7.18	7.43	5.44	7.64	5.98	7.71		
1994-11-24		16.95	.				.	.		.	.	.	.	.	.		
1994-11-25		17.00	.				6.58	7.80		7.19	7.44	5.45	7.65	5.99	7.71		
1994-11-28		16.95	18.10				6.74	7.88		7.35	7.59	5.60	7.77	6.12	7.80		
1994-11-29		17.00	17.97				6.85	7.95		7.44	7.68	5.69	7.86	6.18	7.88		
1994-11-30		16.95	18.06				6.91	7.91		7.40	7.62	5.72	7.79	6.22	7.84		
1994-12-01		16.98	17.77				6.94	7.92		7.42	7.63	5.71	7.80	6.26	7.87		
1994-12-02		16.35	17.00				7.01	7.81		7.44	7.59	5.79	7.71	6.39	7.77		
1994-12-05		15.93	16.88				7.15	7.83		7.58	7.67	6.03	7.78	6.63	7.80		
1994-12-06		16.05	16.93				7.01	7.73		7.44	7.57	5.94	7.65	6.50	7.70		
1994-12-07		15.83	16.86				7.01	7.81		7.48	7.62	5.82	7.74	6.44	7.78		
1994-12-08		16.13	17.14				7.17	7.79		7.51	7.67	5.83	7.77	6.47	7.77		
1994-12-09		16.08	17.12				7.15	7.79		7.53	7.67	5.82	7.74	6.46	7.77		
1994-12-12		15.98	16.92				7.24	7.85		7.62	7.77	5.93	7.82	6.62	7.84		
1994-12-13		15.73	16.98				7.32	7.83		7.71	7.80	5.95	7.84	6.67	7.84		
1994-12-14		15.83	16.96				7.20	7.80		7.59	7.69	5.84	7.74	6.57	7.79		
1994-12-15		15.60	16.60				7.09	7.79		7.54	7.66	5.70	7.73	6.48	7.79		
1994-12-16		15.48	16.84				7.14	7.81		7.59	7.71	5.71	7.76	6.52	7.80		
1994-12-19		15.58	16.91				7.13	7.81		7.59	7.72	5.75	7.77	6.57	7.80		
1994-12-20		15.73	16.98				7.06	7.81		7.56	7.68	5.63	7.76	6.47	7.80		
1994-12-21		15.65	17.07				7.04	7.80		7.58	7.68	5.56	7.75	6.43	7.80		
1994-12-22		15.60	17.15				7.17	7.84		7.70	7.81	5.61	7.83	6.50	7.83		
1994-12-23		15.55	17.41				7.20	7.85		7.74	7.82	5.68	7.86	6.50	7.86		
1994-12-26		.	.				.	.		.	.	.	.	.	.		
1994-12-27		.	17.63				7.18	7.76		7.67	7.76	5.74	7.78	6.54	7.77		
1994-12-28		16.08	17.74				7.25	7.80		7.71	7.78	5.68	7.81	6.56	7.79		
1994-12-29		16.25	17.69				7.20	7.82		7.69	7.80	5.66	7.83	6.51	7.82		
1994-12-30		16.23	17.77				7.20	7.84		7.69	7.80	5.68	7.83	6.51	7.84		
1995-01-02		.	.				.	.		.	.	.	.	.	.		
1995-01-03		15.88	17.45				7.23	7.88		7.73	7.84	5.95	7.88	6.66	7.91		
1995-01-04		15.93	17.56				7.15	7.82		7.62	7.75	5.85	7.81	6.57	7.82		
1995-01-05		16.13	17.76				7.32	7.88		7.66	7.83	5.88	7.87	6.61	7.89		
1995-01-06		16.35	17.69				7.26	7.87		7.64	7.81	5.90	7.87	6.61	7.89		
1995-01-09		16.08	17.40				7.27	7.89		7.68	7.84	6.00	7.90	6.67	7.92		
1995-01-10		16.00	17.42				7.21	7.84		7.63	7.78	5.91	7.85	6.62	7.87		
1995-01-11		16.40	17.70				7.13	7.79		7.58	7.73	5.79	7.80	6.51	7.82		
1995-01-12		16.48	17.72				7.08	7.80		7.56	7.73	5.78	7.80	6.48	7.84		
1995-01-13		16.20	17.52				6.89	7.69		7.39	7.55	5.72	7.64	6.38	7.71		
1995-01-16		16.38	17.89				.	.		.	.	.	.	.	.		
1995-01-17		16.78	18.47				6.99	7.70		7.44	7.60	5.89	7.68	6.44	7.72		
1995-01-18		16.95	18.72				7.03	7.71		7.48	7.64	5.87	7.71	6.46	7.72		
1995-01-19		17.08	18.70				7.03	7.74		7.49	7.65	5.87	7.74	6.47	7.76		
1995-01-20		17.23	18.46				7.04	7.82		7.50	7.70	5.91	7.80	6.50	7.84		
1995-01-23		17.00	18.16				7.02	7.83		7.50	7.69	5.97	7.80	6.51	7.86		
1995-01-24		17.15	18.53				7.04	7.86		7.57	7.71	5.98	7.82	6.53	7.87		
1995-01-25		16.98	18.82				6.96	7.80		7.50	7.61	5.94	7.76	6.46	7.81		
1995-01-26		16.73	18.23				6.90	7.76		7.39	7.54	5.94	7.70	6.44	7.75		
1995-01-27		16.38	17.95				6.82	7.66		7.29	7.46	5.92	7.60	6.41	7.63		
1995-01-30		16.68	18.20				6.80	7.65		7.23	7.40	5.96	7.55	6.39	7.62		
1995-01-31		16.80	18.48				6.84	7.60		7.26	7.39	6.00	7.54	6.40	7.58		
1995-02-01		17.05	18.48				6.97	7.66		7.33	7.44	6.07	7.56	6.49	7.65		
1995-02-02		17.00	18.54				7.01	7.68		7.40	7.53	6.02	7.63	6.47	7.67		
1995-02-03		17.40	18.78				6.77	7.49		7.14	7.30	5.96	7.40	6.34	7.44		
1995-02-06		17.08	18.58				6.79	7.53		7.18	7.35	5.98	7.43	6.36	7.49		
1995-02-07		17.05	18.43				6.78	7.52		7.19	7.36	5.98	7.44	6.36	7.49		
1995-02-08		17.03	18.36				6.74	7.53		7.18	7.34	5.94	7.43	6.33	7.50		
1995-02-09		16.85	18.28				6.79	7.58		7.23	7.43	5.95	7.50	6.36	7.54		
1995-02-10		16.85	18.47				6.85	7.62		7.33	7.47	5.97	7.55	6.40	7.61		
1995-02-13		16.88	18.29				6.85	7.61		7.32	7.45	5.98	7.54	6.40	7.60		
1995-02-14		17.00	18.44				6.77	7.51		7.21	7.34	5.96	7.45	6.36	7.50		
1995-02-15		17.10	18.46				6.68	7.45		7.12	7.24	5.94	7.37	6.31	7.43		
1995-02-16		17.13	18.63				6.58	7.40		7.02	7.16	5.85	7.29	6.25	7.39		
1995-02-17		17.40	18.94				6.62	7.43		7.07	7.20	5.86	7.33	6.26	7.41		
1995-02-20		17.43	.				.	.		.	.	.	.	.	.		
1995-02-21		17.18	18.86				6.66	7.44		7.09	7.22	5.92	7.35	6.29	7.42		
1995-02-22		17.08	18.84				6.49	7.34		6.92	7.04	5.85	7.20	6.17	7.29		
1995-02-23		17.10	18.59				6.52	7.34		6.92	7.03	5.88	7.20	6.18	7.30		
1995-02-24		17.10	18.70				6.50	7.33		6.89	7.00	5.88	7.16	6.18	7.30		
1995-02-27		17.35	18.64				6.43	7.24		6.79	6.90	5.92	7.06	6.16	7.19		
1995-02-28		17.23	18.52				6.44	7.22		6.79	6.90	5.94	7.06	6.19	7.15		
1995-03-01		16.85	18.31				6.44	7.23		6.81	6.92	5.94	7.06	6.21	7.17		
1995-03-02		16.55	18.40				6.53	7.30		6.88	7.00	5.93	7.15	6.21	7.23		
1995-03-03		16.68	18.63				6.53	7.36		6.89	7.03	5.91	7.19	6.23	7.29		
1995-03-06		16.75	18.56				6.59	7.41		6.96	7.10	5.94	7.24	6.28	7.36		
1995-03-07		16.85	18.59				6.60	7.44		7.00	7.12	5.96	7.28	6.30	7.37		
1995-03-08		16.73	18.30				6.56	7.36		6.93	7.05	5.95	7.20	6.26	7.29		
1995-03-09		16.65	17.98				6.47	7.30		6.83	6.97	5.91	7.11	6.21	7.22		
1995-03-10		16.50	17.92				6.49	7.23		6.83	6.94	5.96	7.07	6.22	7.15		
1995-03-13		16.30	18.19				6.44	7.19		6.76	6.88	5.94	7.01	6.20	7.10		
1995-03-14		16.33	17.90				6.39	7.09		6.69	6.80	5.93	6.93	6.18	7.00		
1995-03-15		16.38	18.12				6.41	7.09		6.71	6.80	5.92	6.93	6.18	7.01		
1995-03-16		16.50	18.18				6.35	7.05		6.68	6.76	5.92	6.89	6.16	6.98		
1995-03-17		16.55	18.27				6.37	7.12		6.69	6.81	5.92	6.97	6.16	7.06		
1995-03-20		16.83	18.58				6.37	7.12		6.69	6.81	5.93	6.98	6.18	7.07		
1995-03-21		16.80	18.44				6.38	7.16		6.71	6.84	5.92	7.01	6.17	7.10		
1995-03-22		17.08	18.91				6.40	7.21		6.75	6.87	5.91	7.05	6.15	7.16		
1995-03-23		17.48	18.85				6.38	7.21		6.75	6.87	5.89	7.06	6.14	7.15		
1995-03-24		17.65	18.68				6.31	7.09		6.64	6.75	5.85	6.93	6.11	7.04		
1995-03-27		17.83	19.08				6.27	7.05		6.62	6.72	5.82	6.90	6.04	7.00		
1995-03-28		17.85	18.95				6.38	7.16		6.73	6.85	5.89	7.02	6.11	7.10		
1995-03-29		18.05	19.21				6.35	7.16		6.73	6.83	5.84	6.98	6.04	7.12		
1995-03-30		17.98	19.17				6.43	7.18		6.76	6.88	5.88	7.05	6.10	7.14		
1995-03-31		17.98	19.18				6.49	7.20		6.80	6.92	5.88	7.08	6.13	7.17		
1995-04-03		17.88	19.05				6.45	7.14		6.75	6.86	5.94	7.00	6.18	7.08		
1995-04-04		18.03	19.11				6.40	7.12		6.71	6.82	5.91	6.96	6.15	7.02		
1995-04-05		18.35	19.57				6.38	7.12		6.70	6.81	5.88	6.97	6.13	7.05		
1995-04-06		18.50	19.74				6.33	7.09		6.66	6.77	5.85	6.92	6.09	7.01		
1995-04-07		18.45	19.67				6.33	7.11		6.65	6.76	5.86	6.93	6.10	7.03		
1995-04-10		18.15	19.61				6.33	7.12		6.66	6.77	5.85	6.94	6.08	7.03		
1995-04-11		18.63	19.84				6.31	7.09		6.65	6.76	5.84	6.92	6.07	7.00		
1995-04-12		18.73	19.50				6.28	7.06		6.61	6.72	5.82	6.89	6.04	6.98		
1995-04-13		17.98	19.16				6.19	7.03		6.51	6.64	5.75	6.82	5.99	6.91		
1995-04-14		.	.				.	.		.	.	.	.	.	.		
1995-04-17		.	19.80				6.19	7.04		6.48	6.60	5.80	6.80	6.00	6.91		
1995-04-18		18.55	20.14				6.17	7.04		6.44	6.56	5.79	6.77	5.95	6.90		
1995-04-19		18.73	20.40				6.20	7.06		6.51	6.62	5.80	6.82	5.98	6.93		
1995-04-20		19.15	20.52				6.15	7.02		6.43	6.56	5.77	6.76	5.97	6.87		
1995-04-21		19.18	20.46				6.15	7.01		6.44	6.55	5.79	6.77	5.98	6.87		
1995-04-24		19.05	20.13				6.17	7.01		6.46	6.58	5.83	6.77	6.00	6.86		
1995-04-25		19.35	20.31				6.19	7.01		6.48	6.61	5.85	6.79	6.01	6.87		
1995-04-26		18.90	20.18				6.21	7.01		6.50	6.62	5.85	6.79	6.02	6.88		
1995-04-27		19.08	20.48				6.30	7.04		6.55	6.67	5.87	6.84	6.06	6.92		
1995-04-28		18.98	20.36				6.32	7.07		6.60	6.72	5.87	6.88	6.08	6.95		
1995-05-01		19.38	20.53				6.32	7.09		6.62	6.75	5.91	6.90	6.11	6.96		
1995-05-02		18.83	20.18				6.26	7.04		6.55	6.67	5.89	6.83	6.05	6.92		
1995-05-03		18.33	19.88				6.16	6.96		6.47	6.56	5.84	6.73	5.97	6.82		
1995-05-04		18.68	20.30				6.10	6.85		6.35	6.46	5.78	6.63	5.90	6.72		
1995-05-05		18.85	20.33				5.96	6.69		6.16	6.27	5.74	6.42	5.85	6.55		
1995-05-08		18.78	20.32				6.01	6.70		6.18	6.30	5.81	6.44	5.91	6.55		
1995-05-09		18.12	19.67				5.96	6.61		6.08	6.19	5.81	6.33	5.90	6.44		
1995-05-10		18.10	19.76				5.96	6.66		6.11	6.23	5.82	6.39	5.90	6.50		
1995-05-11		18.08	19.40				6.02	6.68		6.20	6.30	5.84	6.45	5.95	6.54		
1995-05-12		18.23	19.55				6.03	6.67		6.20	6.31	5.87	6.46	5.96	6.55		
1995-05-15		18.43	19.91				5.99	6.62		6.16	6.26	5.88	6.41	5.95	6.49		
1995-05-16		18.53	20.01				5.96	6.57		6.11	6.22	5.87	6.36	5.91	6.43		
1995-05-17		18.50	19.94				5.95	6.53		6.11	6.21	5.86	6.35	5.91	6.40		
1995-05-18		18.23	19.99				6.01	6.61		6.18	6.28	5.87	6.44	5.95	6.50		
1995-05-19		18.43	20.06				6.01	6.61		6.19	6.28	5.87	6.43	5.95	6.50		
1995-05-22		18.38	19.86				6.03	6.63		6.19	6.30	5.91	6.46	5.99	6.51		
1995-05-23		18.48	19.81				5.97	6.57		6.15	6.22	5.91	6.37	5.96	6.46		
1995-05-24		18.55	19.34				5.86	6.44		6.01	6.08	5.87	6.20	5.89	6.32		
1995-05-25		18.00	19.12				5.89	6.39		5.99	6.06	5.84	6.18	5.89	6.27		
1995-05-26		17.80	18.70				5.87	6.40		5.97	6.05	5.84	6.18	5.89	6.28		
1995-05-29		.	.				.	.		.	.	.	.	.	.		
1995-05-30		17.43	18.78				5.83	6.30		5.89	5.96	5.81	6.08	5.85	6.18		
1995-05-31		17.58	18.88				5.80	6.30		5.89	5.95	5.81	6.08	5.83	6.18		
1995-06-01		17.70	18.89				5.68	6.20		5.71	5.78	5.67	5.94	5.71	6.04		
1995-06-02		17.90	19.14				5.51	6.10		5.54	5.64	5.58	5.80	5.55	5.92		
1995-06-05		18.23	19.25				5.52	6.08		5.54	5.63	5.68	5.79	5.61	5.92		
1995-06-06		17.95	19.16				5.56	6.08		5.57	5.67	5.69	5.83	5.63	5.94		
1995-06-07		18.13	19.08				5.71	6.20		5.74	5.84	5.74	5.95	5.75	6.06		
1995-06-08		17.93	18.94				5.78	6.22		5.82	5.91	5.76	6.02	5.79	6.12		
1995-06-09		17.68	18.83				5.89	6.40		6.01	6.08	5.77	6.21	5.86	6.31		
1995-06-12		17.63	18.87				5.83	6.37		5.96	6.04	5.73	6.16	5.81	6.27		
1995-06-13		17.83	18.93				5.57	6.14		5.63	5.73	5.61	5.88	5.63	6.01		
1995-06-14		17.63	19.05				5.60	6.15		5.67	5.74	5.61	5.88	5.64	6.01		
1995-06-15		17.95	18.90				5.65	6.18		5.73	5.81	5.65	5.93	5.71	6.07		
1995-06-16		17.75	18.80				5.66	6.21		5.77	5.83	5.66	5.96	5.70	6.09		
1995-06-19		16.93	18.23				5.59	6.13		5.65	5.74	5.63	5.87	5.64	6.01		
1995-06-20		16.98	18.01				5.64	6.16		5.72	5.80	5.65	5.92	5.68	6.05		
1995-06-21		16.50	17.59				5.62	6.13		5.68	5.76	5.60	5.89	5.65	6.02		
1995-06-22		16.55	17.76				5.53	6.04		5.61	5.67	5.54	5.80	5.60	5.92		
1995-06-23		16.40	17.81				5.56	6.06		5.64	5.69	5.54	5.83	5.61	5.94		
1995-06-26		16.55	17.67				5.60	6.11		5.71	5.76	5.52	5.90	5.57	6.01		
1995-06-27		16.63	17.95				5.64	6.15		5.70	5.80	5.59	5.94	5.61	6.04		
1995-06-28		16.95	17.98				5.58	6.10		5.67	5.76	5.57	5.88	5.57	5.99		
1995-06-29		16.50	17.59				5.76	6.28		5.89	5.95	5.67	6.07	5.65	6.18		
1995-06-30		16.58	17.38				5.65	6.21		5.79	5.88	5.60	5.98	5.59	6.12		
1995-07-03		16.35	17.33				5.63	6.21		5.79	5.87	5.68	5.97	5.70	6.16		
1995-07-04		15.93	.				.	.		.	.	.	.	.	.		
1995-07-05		16.00	17.21				5.62	6.19		5.78	5.84	5.68	5.95	5.69	6.12		
1995-07-06		16.15	17.42				5.43	6.05		5.56	5.64	5.53	5.75	5.50	5.97		
1995-07-07		16.10	17.14				5.42	6.04		5.54	5.61	5.54	5.74	5.50	5.94		
1995-07-10		15.88	17.35				5.43	6.04		5.56	5.63	5.53	5.74	5.53	5.93		
1995-07-11		15.93	17.31				5.47	6.09		5.59	5.69	5.56	5.80	5.57	5.99		
1995-07-12		16.03	17.49				5.44	6.10		5.59	5.70	5.55	5.80	5.55	6.00		
1995-07-13		15.98	17.25				5.46	6.09		5.61	5.70	5.55	5.80	5.55	6.00		
1995-07-14		15.80	17.32				5.53	6.15		5.70	5.78	5.59	5.89	5.61	6.07		
1995-07-17		15.73	17.28				5.55	6.22		5.77	5.86	5.63	5.97	5.63	6.15		
1995-07-18		15.68	17.33				5.57	6.25		5.77	5.88	5.61	6.01	5.63	6.21		
1995-07-19		15.80	17.33				5.60	6.43		5.89	5.99	5.58	6.15	5.65	6.37		
1995-07-20		15.68	17.03				5.71	6.43		5.91	6.02	5.60	6.15	5.68	6.37		
1995-07-21		15.35	17.07				5.75	6.53		5.95	6.11	5.61	6.26	5.70	6.40		
1995-07-24		15.38	17.17				5.75	6.46		5.97	6.08	5.61	6.20	5.68	6.40		
1995-07-25		15.48	17.45				5.75	6.43		5.94	6.07	5.62	6.19	5.68	6.37		
1995-07-26		16.00	17.47				5.75	6.48		5.97	6.10	5.63	6.24	5.68	6.42		
1995-07-27		15.98	17.51				5.66	6.43		5.91	6.03	5.58	6.18	5.60	6.36		
1995-07-28		15.93	17.43				5.69	6.49		5.92	6.09	5.58	6.22	5.61	6.40		
1995-07-31		15.78	17.62				5.67	6.45		5.88	6.02	5.60	6.16	5.63	6.35		
1995-08-01		16.10	17.59				5.71	6.50		5.94	6.08	5.61	6.22	5.67	6.40		
1995-08-02		16.13	17.95				5.66	6.44		5.86	6.03	5.59	6.15	5.63	6.34		
1995-08-03		15.99	17.72				5.70	6.53		5.94	6.09	5.59	6.24	5.67	6.42		
1995-08-04		16.08	17.74				5.68	6.50		5.91	6.06	5.58	6.20	5.64	6.39		
1995-08-07		15.90	17.65				5.67	6.48		5.90	6.03	5.57	6.18	5.63	6.37		
1995-08-08		16.00	17.86				5.68	6.47		5.90	6.01	5.55	6.17	5.63	6.36		
1995-08-09		16.13	17.77				5.69	6.47		5.93	6.05	5.56	6.21	5.63	6.40		
1995-08-10		16.08	17.91				5.70	6.51		5.95	6.07	5.57	6.25	5.65	6.43		
1995-08-11		16.23	17.86				5.80	6.59		6.05	6.19	5.59	6.37	5.71	6.54		
1995-08-14		15.93	17.48				5.81	6.59		6.05	6.19	5.60	6.36	5.69	6.54		
1995-08-15		15.85	17.40				5.86	6.57		6.11	6.21	5.62	6.37	5.72	6.52		
1995-08-16		15.78	17.59				5.84	6.54		6.07	6.18	5.60	6.32	5.70	6.49		
1995-08-17		15.85	17.65				5.89	6.57		6.12	6.24	5.61	6.37	5.73	6.52		
1995-08-18		16.03	17.87				5.88	6.57		6.13	6.24	5.61	6.36	5.72	6.51		
1995-08-21		16.25	18.26				5.84	6.54		6.08	6.18	5.62	6.31	5.70	6.47		
1995-08-22		16.23	18.54				5.88	6.57		6.10	6.21	5.63	6.35	5.70	6.51		
1995-08-23		16.50	18.79				5.87	6.60		6.11	6.24	5.60	6.37	5.69	6.53		
1995-08-24		16.30	19.60				5.77	6.50		6.00	6.12	5.52	6.26	5.60	6.42		
1995-08-25		16.15	19.91				5.70	6.38		5.90	6.01	5.50	6.13	5.60	6.30		
1995-08-28		.	17.84				5.66	6.34		5.85	5.97	5.48	6.10	5.56	6.26		
1995-08-29		16.23	17.87				5.71	6.36		5.93	6.03	5.50	6.15	5.61	6.29		
1995-08-30		16.18	17.74				5.66	6.33		5.88	5.98	5.46	6.10	5.55	6.25		
1995-08-31		16.20	17.89				5.65	6.28		5.85	5.95	5.45	6.07	5.53	6.21		
1995-09-01		16.25	18.08				5.60	6.22		5.78	5.89	5.45	6.00	5.52	6.14		
1995-09-04		16.62	.				.	.		.	.	.	.	.	.		
1995-09-05		16.68	18.49				5.60	6.18		5.77	5.85	5.49	5.96	5.55	6.09		
1995-09-06		16.63	18.27				5.60	6.17		5.76	5.84	5.48	5.95	5.55	6.10		
1995-09-07		16.60	18.27				5.65	6.21		5.80	5.89	5.50	6.00	5.57	6.14		
1995-09-08		16.93	18.44				5.67	6.24		5.85	5.95	5.52	6.04	5.58	6.17		
1995-09-11		16.75	18.49				5.67	6.24		5.83	5.93	5.50	6.05	5.58	6.15		
1995-09-12		16.90	18.76				5.61	6.16		5.77	5.84	5.47	5.96	5.54	6.09		
1995-09-13		16.85	18.53				5.63	6.18		5.80	5.88	5.47	5.99	5.54	6.12		
1995-09-14		17.00	18.87				5.51	6.08		5.68	5.76	5.44	5.87	5.48	6.01		
1995-09-15		17.18	18.94				5.55	6.11		5.71	5.80	5.46	5.91	5.51	6.05		
1995-09-18		17.23	18.92				5.56	6.17		5.77	5.86	5.41	5.97	5.47	6.11		
1995-09-19		17.23	19.01				5.54	6.14		5.75	5.83	5.36	5.94	5.45	6.08		
1995-09-20		17.00	18.53				5.52	6.10		5.73	5.81	5.34	5.92	5.43	6.05		
1995-09-21		16.60	17.89				5.62	6.21		5.83	5.91	5.40	6.03	5.53	6.15		
1995-09-22		16.40	17.27				5.63	6.25		5.85	5.93	5.35	6.06	5.52	6.19		
1995-09-25		16.18	17.38				5.65	6.26		5.89	5.95	5.33	6.08	5.51	6.20		
1995-09-26		16.15	17.47				5.71	6.28		5.88	5.98	5.45	6.11	5.63	6.21		
1995-09-27		16.28	17.64				5.70	6.30		5.92	6.01	5.42	6.08	5.60	6.25		
1995-09-28		16.65	17.72				5.73	6.28		5.92	6.00	5.44	6.10	5.61	6.22		
1995-09-29		16.58	17.54				5.65	6.17		5.83	5.91	5.40	6.01	5.57	6.11		
1995-10-02		16.55	17.67				5.65	6.15		5.82	5.89	5.53	5.98	5.64	6.10		
1995-10-03		16.58	17.56				5.63	6.13		5.80	5.87	5.51	5.96	5.61	6.07		
1995-10-04		16.40	17.32				5.60	6.12		5.75	5.82	5.47	5.91	5.57	6.04		
1995-10-05		15.85	16.86				5.59	6.06		5.72	5.80	5.44	5.88	5.57	6.00		
1995-10-06		15.75	17.03				5.59	6.06		5.73	5.81	5.47	5.89	5.59	6.00		
1995-10-09		16.00	17.36				.	.		.	.	.	.	.	.		
1995-10-10		15.95	17.29				5.61	6.07		5.74	5.81	5.47	5.91	5.57	6.00		
1995-10-11		16.05	17.28				5.61	6.09		5.75	5.82	5.47	5.91	5.57	6.02		
1995-10-12		15.90	17.08				5.61	6.07		5.72	5.80	5.46	5.88	5.57	5.99		
1995-10-13		15.98	17.38				5.58	5.97		5.67	5.72	5.45	5.80	5.56	5.88		
1995-10-16		16.15	17.60				5.59	5.97		5.67	5.73	5.49	5.80	5.58	5.89		
1995-10-17		16.03	17.59				5.57	5.97		5.65	5.71	5.43	5.80	5.55	5.89		
1995-10-18		15.98	17.57				5.58	5.99		5.67	5.74	5.41	5.83	5.55	5.92		
1995-10-19		15.85	17.34				5.58	5.98		5.67	5.73	5.41	5.83	5.55	5.92		
1995-10-20		15.80	17.44				5.62	6.04		5.72	5.79	5.43	5.90	5.57	5.99		
1995-10-23		15.88	17.48				5.65	6.07		5.76	5.82	5.38	5.92	5.57	6.01		
1995-10-24		16.08	17.61				5.60	6.02		5.68	5.76	5.38	5.85	5.56	5.95		
1995-10-25		15.98	17.58				5.56	6.00		5.64	5.72	5.39	5.80	5.55	5.90		
1995-10-26		16.30	17.61				5.52	6.06		5.61	5.72	5.38	5.81	5.50	5.93		
1995-10-27		16.35	17.54				5.56	6.05		5.64	5.73	5.41	5.83	5.53	5.95		
1995-10-30		16.45	17.67				5.55	6.04		5.62	5.72	5.47	5.82	5.55	5.94		
1995-10-31		16.58	17.67				5.55	6.03		5.61	5.70	5.48	5.81	5.55	5.92		
1995-11-01		16.53	17.74				5.46	5.98		5.52	5.62	5.48	5.74	5.49	5.86		
1995-11-02		16.83	17.94				5.41	5.92		5.46	5.56	5.47	5.68	5.46	5.80		
1995-11-03		16.88	17.93				5.43	5.94		5.49	5.58	5.47	5.70	5.49	5.82		
1995-11-06		16.78	17.68				5.46	5.96		5.51	5.62	5.52	5.73	5.53	5.84		
1995-11-07		16.70	17.62				5.48	5.99		5.54	5.65	5.53	5.77	5.54	5.88		
1995-11-08		16.75	17.82				5.41	5.92		5.47	5.58	5.52	5.69	5.49	5.80		
1995-11-09		16.90	17.83				5.43	5.97		5.49	5.59	5.55	5.72	5.53	5.85		
1995-11-10		16.83	17.83				5.47	6.00		5.52	5.64	5.58	5.76	5.54	5.89		
1995-11-13		16.63	17.78				5.44	5.98		5.49	5.61	5.59	5.72	5.56	5.85		
1995-11-14		16.58	17.89				5.43	5.97		5.47	5.58	5.55	5.71	5.52	5.85		
1995-11-15		16.73	17.92				5.47	6.00		5.53	5.63	5.56	5.77	5.55	5.90		
1995-11-16		16.78	18.16				5.42	5.93		5.46	5.56	5.52	5.68	5.50	5.83		
1995-11-17		17.03	18.56				5.40	5.92		5.46	5.54	5.51	5.66	5.49	5.81		
1995-11-20		16.80	18.14				5.41	5.93		5.46	5.53	5.50	5.66	5.48	5.82		
1995-11-21		16.60	17.89				5.45	5.92		5.49	5.56	5.52	5.70	5.50	5.85		
1995-11-22		16.90	17.93				5.46	5.93		5.51	5.58	5.52	5.72	5.51	5.85		
1995-11-23		16.88	.				.	.		.	.	.	.	.	.		
1995-11-24		16.93	.				5.43	5.91		5.49	5.56	5.48	5.70	5.48	5.84		
1995-11-27		17.20	18.37				5.41	5.88		5.46	5.53	5.50	5.67	5.49	5.81		
1995-11-28		17.25	18.28				5.44	5.88		5.45	5.54	5.53	5.67	5.52	5.80		
1995-11-29		17.30	18.27				5.42	5.85		5.42	5.49	5.50	5.60	5.49	5.80		
1995-11-30		17.13	18.27				5.36	5.76		5.36	5.41	5.48	5.53	5.46	5.68		
1995-12-01		17.18	18.43				5.33	5.71		5.32	5.37	5.45	5.49	5.44	5.63		
1995-12-04		17.35	18.61				5.32	5.63		5.27	5.33	5.46	5.43	5.43	5.54		
1995-12-05		17.53	18.66				5.33	5.65		5.29	5.34	5.47	5.45	5.42	5.57		
1995-12-06		17.55	18.76				5.34	5.67		5.32	5.38	5.48	5.49	5.41	5.59		
1995-12-07		17.48	18.69				5.35	5.72		5.39	5.42	5.50	5.54	5.43	5.65		
1995-12-08		17.73	18.97				5.39	5.73		5.39	5.45	5.50	5.56	5.45	5.67		
1995-12-11		17.68	18.62				5.35	5.71		5.38	5.41	5.45	5.53	5.43	5.65		
1995-12-12		17.48	18.80				5.36	5.72		5.39	5.42	5.41	5.55	5.42	5.65		
1995-12-13		17.70	19.01				5.37	5.74		5.39	5.45	5.42	5.56	5.43	5.66		
1995-12-14		17.90	19.14				5.35	5.74		5.38	5.42	5.42	5.55	5.42	5.66		
1995-12-15		18.15	19.51				5.32	5.75		5.36	5.41	5.35	5.55	5.36	5.66		
1995-12-18		18.33	19.71				5.38	5.85		5.43	5.51	5.32	5.66	5.40	5.77		
1995-12-19		18.03	19.05				5.28	5.81		5.36	5.45	5.24	5.58	5.31	5.71		
1995-12-20		18.05	18.87				5.27	5.76		5.33	5.42	5.15	5.55	5.29	5.67		
1995-12-21		18.10	18.83				5.29	5.77		5.33	5.41	5.05	5.53	5.30	5.68		
1995-12-22		18.18	19.12				5.26	5.71		5.28	5.37	5.04	5.50	5.27	5.62		
1995-12-25		.	.				.	.		.	.	.	.	.	.		
1995-12-26		.	19.25				5.26	5.69		5.27	5.34	5.05	5.48	5.26	5.62		
1995-12-27		18.73	19.49				5.23	5.66		5.23	5.31	5.04	5.46	5.23	5.58		
1995-12-28		18.78	19.47				5.18	5.63		5.20	5.27	4.98	5.43	5.11	5.56		
1995-12-29		18.65	19.54				5.18	5.58		5.18	5.25	5.10	5.38	5.17	5.49		
1996-01-01		.	.				.	.		.	.	.	.	.	.		
1996-01-02		18.95	19.83				5.17	5.60		5.18	5.26	5.20	5.39	5.25	5.51		
1996-01-03		19.15	19.90				5.16	5.58		5.17	5.21	5.20	5.36	5.22	5.49		
1996-01-04		19.13	19.96				5.19	5.65		5.17	5.26	5.19	5.39	5.23	5.55		
1996-01-05		19.50	20.26				5.19	5.69		5.20	5.29	5.19	5.42	5.22	5.59		
1996-01-08		19.68	20.50				5.19	5.68		5.20	5.27	5.18	5.41	5.22	5.56		
1996-01-09		19.05	19.86				5.16	5.70		5.18	5.27	5.18	5.41	5.20	5.58		
1996-01-10		18.48	19.66				5.19	5.80		5.22	5.33	5.19	5.50	5.19	5.67		
1996-01-11		17.85	18.87				5.16	5.78		5.22	5.31	5.19	5.47	5.19	5.67		
1996-01-12		17.58	18.28				5.14	5.75		5.17	5.26	5.18	5.40	5.18	5.64		
1996-01-15		17.50	18.42				.	.		.	.	.	.	.	.		
1996-01-16		17.73	18.12				5.06	5.66		5.08	5.19	5.14	5.37	5.08	5.55		
1996-01-17		17.43	18.58				5.04	5.58		5.05	5.14	5.14	5.29	5.05	5.46		
1996-01-18		17.88	19.12				5.01	5.53		5.01	5.09	5.11	5.25	5.02	5.42		
1996-01-19		17.53	18.94				5.02	5.54		5.03	5.10	5.10	5.27	5.06	5.43		
1996-01-22		17.53	18.49				5.06	5.61		5.08	5.17	5.14	5.34	5.10	5.50		
1996-01-23		17.38	18.58				5.06	5.66		5.09	5.18	5.12	5.37	5.11	5.55		
1996-01-24		17.33	18.95				5.03	5.62		5.07	5.16	5.12	5.30	5.10	5.50		
1996-01-25		17.00	18.06				5.06	5.70		5.11	5.23	5.12	5.41	5.12	5.58		
1996-01-26		16.70	17.68				5.02	5.65		5.08	5.18	5.11	5.34	5.11	5.54		
1996-01-29		16.23	17.33				5.05	5.69		5.10	5.21	5.17	5.37	5.12	5.56		
1996-01-30		16.53	17.65				4.98	5.63		5.02	5.13	5.14	5.30	5.05	5.51		
1996-01-31		16.63	17.76				4.90	5.60		4.93	5.06	5.05	5.25	4.97	5.46		
1996-02-01		16.78	17.63				4.88	5.63		4.93	5.05	5.03	5.24	4.98	5.47		
1996-02-02		17.05	17.83				4.85	5.66		4.90	5.04	4.99	5.24	4.94	5.49		
1996-02-05		16.93	17.53				4.88	5.70		4.95	5.09	5.00	5.30	4.98	5.54		
1996-02-06		16.83	17.74				4.87	5.68		4.93	5.03	4.98	5.28	4.97	5.50		
1996-02-07		16.93	17.71				4.86	5.66		4.92	5.03	4.94	5.27	4.95	5.51		
1996-02-08		17.05	17.79				4.84	5.66		4.90	5.01	4.92	5.27	4.93	5.51		
1996-02-09		17.23	17.83				4.82	5.66		4.85	4.98	4.93	5.25	4.91	5.49		
1996-02-12		17.18	18.01				4.80	5.61		4.83	4.94	4.93	5.17	4.90	5.42		
1996-02-13		18.08	18.96				4.79	5.58		4.80	4.89	4.93	5.14	4.86	5.39		
1996-02-14		18.28	18.86				4.80	5.62		4.82	4.91	4.94	5.17	4.90	5.43		
1996-02-15		18.18	19.02				4.84	5.70		4.87	4.95	4.92	5.23	4.92	5.50		
1996-02-16		18.20	19.16				4.84	5.76		4.90	5.01	4.89	5.29	4.90	5.58		
1996-02-19		18.20	.				.	.		.	.	.	.	.	.		
1996-02-20		18.58	21.07				5.09	6.01		5.18	5.30	4.99	5.53	5.09	5.83		
1996-02-21		19.05	21.63				5.05	5.98		5.16	5.30	4.96	5.56	5.03	5.81		
1996-02-22		19.28	22.14				4.99	5.92		5.11	5.23	4.95	5.47	4.98	5.76		
1996-02-23		18.85	20.97				5.02	5.97		5.13	5.29	4.97	5.53	4.99	5.82		
1996-02-26		18.85	19.45				5.05	6.01		5.18	5.33	4.98	5.56	4.98	5.85		
1996-02-27		19.00	19.65				5.12	6.06		5.28	5.41	5.01	5.63	5.02	5.90		
1996-02-28		18.65	19.30				5.22	6.11		5.43	5.51	5.01	5.73	5.05	5.97		
1996-02-29		18.80	19.59				5.23	6.13		5.44	5.56	5.02	5.73	5.05	5.99		
1996-03-01		18.55	19.45				5.07	5.99		5.26	5.40	4.98	5.60	4.94	5.86		
1996-03-04		18.40	19.24				5.02	5.92		5.21	5.32	5.02	5.52	4.98	5.78		
1996-03-05		18.75	19.65				5.07	5.96		5.28	5.40	5.02	5.60	5.01	5.84		
1996-03-06		19.18	20.16				5.13	6.05		5.36	5.48	5.03	5.68	5.05	5.93		
1996-03-07		19.03	19.87				5.14	6.07		5.40	5.53	5.03	5.71	5.06	5.96		
1996-03-08		18.85	19.66				5.39	6.41		5.73	5.88	5.01	6.05	5.20	6.28		
1996-03-11		18.93	19.92				5.38	6.33		5.71	5.86	5.09	6.00	5.18	6.24		
1996-03-12		19.30	20.42				5.41	6.36		5.78	5.92	5.09	6.04	5.19	6.28		
1996-03-13		19.58	20.49				5.39	6.35		5.73	5.86	5.09	6.03	5.18	6.28		
1996-03-14		19.40	21.18				5.38	6.36		5.70	5.84	5.11	6.03	5.16	6.28		
1996-03-15		19.30	21.99				5.51	6.46		5.87	6.01	5.14	6.19	5.24	6.40		
1996-03-18		20.50	23.23				5.51	6.43		5.89	6.02	5.17	6.16	5.27	6.38		
1996-03-19		20.35	24.56				5.47	6.41		5.85	5.99	5.19	6.15	5.26	6.35		
1996-03-20		20.38	22.74				5.41	6.34		5.76	5.86	5.16	6.05	5.22	6.26		
1996-03-21		20.35	22.44				5.40	6.28		5.72	5.82	5.07	6.01	5.21	6.23		
1996-03-22		21.15	22.85				5.41	6.32		5.74	5.85	5.10	6.05	5.22	6.26		
1996-03-25		21.30	23.23				5.38	6.26		5.69	5.81	5.13	6.00	5.16	6.20		
1996-03-26		21.68	22.38				5.38	6.25		5.72	5.82	5.13	6.00	5.18	6.19		
1996-03-27		21.33	21.64				5.45	6.34		5.81	5.93	5.17	6.12	5.19	6.30		
1996-03-28		20.25	21.45				5.48	6.41		5.88	5.99	5.19	6.20	5.23	6.38		
1996-03-29		20.33	21.43				5.41	6.34		5.79	5.91	5.13	6.10	5.20	6.30		
1996-04-01		20.80	22.29				5.41	6.31		5.79	5.91	5.20	6.09	5.26	6.28		
1996-04-02		21.18	22.68				5.44	6.25		5.74	5.86	5.16	6.02	5.25	6.23		
1996-04-03		20.93	22.22				5.46	6.27		5.77	5.89	5.15	6.06	5.25	6.26		
1996-04-04		20.85	22.75				5.48	6.33		5.83	5.95	5.11	6.12	5.25	6.32		
1996-04-05		.	.				5.63	6.57		6.09	6.22	5.15	6.40	5.36	6.57		
1996-04-08		.	23.01				5.67	6.63		6.11	6.27	5.16	6.46	5.39	6.62		
1996-04-09		21.43	23.23				5.60	6.56		6.06	6.21	5.10	6.37	5.32	6.56		
1996-04-10		22.63	24.08				5.64	6.63		6.10	6.24	5.08	6.44	5.31	6.63		
1996-04-11		23.90	25.15				5.65	6.68		6.12	6.33	5.08	6.50	5.32	6.68		
1996-04-12		22.73	24.29				5.53	6.52		5.96	6.12	5.07	6.31	5.28	6.49		
1996-04-15		22.68	25.13				5.47	6.47		5.93	6.07	4.97	6.27	5.21	6.46		
1996-04-16		21.20	24.48				5.48	6.48		5.91	6.06	4.95	6.28	5.21	6.46		
1996-04-17		19.88	24.67				5.53	6.52		5.96	6.12	4.96	6.33	5.24	6.49		
1996-04-18		19.33	23.47				5.56	6.58		6.02	6.18	4.98	6.39	5.26	6.56		
1996-04-19		19.53	23.96				5.50	6.53		5.95	6.10	5.01	6.32	5.24	6.48		
1996-04-22		19.38	23.94				5.48	6.48		5.92	6.06	5.09	6.28	5.22	6.44		
1996-04-23		20.88	24.39				5.48	6.52		5.93	6.10	5.10	6.31	5.23	6.47		
1996-04-24		20.73	24.00				5.51	6.57		5.95	6.13	5.13	6.34	5.24	6.51		
1996-04-25		20.35	24.35				5.57	6.56		5.99	6.15	5.09	6.31	5.24	6.49		
1996-04-26		20.05	22.33				5.55	6.54		5.92	6.08	5.11	6.29	5.23	6.47		
1996-04-29		20.05	22.07				5.57	6.59		5.98	6.13	5.14	6.33	5.28	6.51		
1996-04-30		19.50	20.95				5.62	6.66		6.03	6.19	5.14	6.40	5.30	6.58		
1996-05-01		18.95	20.81				5.60	6.68		6.03	6.19	5.11	6.39	5.29	6.58		
1996-05-02		19.45	20.78				5.69	6.85		6.16	6.34	5.13	6.56	5.34	6.75		
1996-05-03		19.38	21.19				5.69	6.90		6.20	6.37	5.14	6.61	5.34	6.81		
1996-05-06		.	21.06				5.66	6.86		6.15	6.34	5.14	6.57	5.35	6.77		
1996-05-07		20.08	21.07				5.71	6.87		6.20	6.38	5.14	6.60	5.36	6.80		
1996-05-08		19.85	21.13				5.66	6.78		6.15	6.35	5.13	6.56	5.31	6.74		
1996-05-09		19.35	20.65				5.68	6.84		6.14	6.35	5.13	6.57	5.32	6.76		
1996-05-10		19.23	21.01				5.62	6.75		6.04	6.23	5.13	6.45	5.31	6.65		
1996-05-13		19.48	21.23				5.62	6.72		6.06	6.25	5.16	6.45	5.34	6.64		
1996-05-14		19.63	21.35				5.58	6.66		6.01	6.19	5.14	6.40	5.31	6.58		
1996-05-15		19.50	21.28				5.58	6.65		6.01	6.18	5.13	6.39	5.31	6.56		
1996-05-16		18.63	20.79				5.60	6.70		6.08	6.25	5.15	6.45	5.33	6.63		
1996-05-17		18.05	20.64				5.58	6.65		6.04	6.20	5.15	6.41	5.33	6.58		
1996-05-20		18.63	22.28				5.56	6.62		6.02	6.18	5.17	6.38	5.32	6.54		
1996-05-21		18.70	21.95				5.57	6.65		6.03	6.19	5.18	6.41	5.32	6.58		
1996-05-22		19.40	23.02				5.56	6.63		6.03	6.19	5.18	6.38	5.32	6.55		
1996-05-23		19.53	22.35				5.63	6.68		6.05	6.23	5.18	6.44	5.34	6.60		
1996-05-24		19.73	21.58				5.61	6.65		6.03	6.20	5.18	6.42	5.33	6.58		
1996-05-27		.	.				.	.		.	.	.	.	.	.		
1996-05-28		19.53	21.10				5.63	6.67		6.05	6.23	5.17	6.44	5.34	6.58		
1996-05-29		18.95	20.65				5.70	6.77		6.16	6.33	5.18	6.56	5.36	6.69		
1996-05-30		18.10	19.95				5.71	6.78		6.18	6.36	5.18	6.55	5.35	6.70		
1996-05-31		18.10	19.77				5.77	6.85		6.27	6.44	5.18	6.64	5.36	6.78		
1996-06-03		18.25	19.86				5.78	6.87		6.26	6.43	5.23	6.64	5.41	6.80		
1996-06-04		18.50	20.28				5.78	6.86		6.24	6.44	5.20	6.62	5.42	6.78		
1996-06-05		18.20	19.73				5.76	6.82		6.24	6.43	5.22	6.60	5.41	6.75		
1996-06-06		18.18	20.06				5.71	6.76		6.16	6.32	5.21	6.52	5.40	6.67		
1996-06-07		18.40	20.28				5.86	6.93		6.40	6.56	5.26	6.75	5.53	6.87		
1996-06-10		18.48	20.18				5.88	6.97		6.40	6.58	5.29	6.77	5.56	6.91		
1996-06-11		18.28	20.13				5.87	6.99		6.37	6.56	5.27	6.77	5.53	6.94		
1996-06-12		18.23	20.13				5.88	7.03		6.39	6.59	5.26	6.81	5.53	6.99		
1996-06-13		17.98	20.03				5.85	7.01		6.36	6.56	5.24	6.80	5.51	6.95		
1996-06-14		17.83	20.28				5.80	6.95		6.29	6.49	5.21	6.72	5.48	6.87		
1996-06-17		18.70	21.43				5.78	6.90		6.27	6.47	5.19	6.68	5.46	6.82		
1996-06-18		18.80	21.53				5.78	6.93		6.28	6.48	5.21	6.71	5.46	6.87		
1996-06-19		18.40	20.73				5.81	6.96		6.31	6.50	5.23	6.74	5.46	6.89		
1996-06-20		18.43	20.68				5.87	6.98		6.38	6.55	5.26	6.77	5.48	6.89		
1996-06-21		18.45	20.38				5.84	6.96		6.35	6.52	5.26	6.74	5.48	6.87		
1996-06-24		18.38	20.10				5.83	6.94		6.32	6.52	5.23	6.72	5.44	6.86		
1996-06-25		18.38	20.13				5.82	6.91		6.30	6.50	5.24	6.70	5.44	6.82		
1996-06-26		18.60	20.63				5.83	6.91		6.30	6.49	5.24	6.67	5.45	6.80		
1996-06-27		19.38	20.98				5.77	6.83		6.21	6.41	5.20	6.59	5.42	6.72		
1996-06-28		19.28	20.92				5.70	6.73		6.11	6.30	5.18	6.47	5.37	6.61		
1996-07-01		19.77	21.48				5.74	6.74		6.15	6.33	5.27	6.49	5.43	6.61		
1996-07-02		19.43	21.08				5.80	6.80		6.22	6.40	5.32	6.56	5.49	6.67		
1996-07-03		19.13	21.38				5.75	6.78		6.20	6.36	5.24	6.53	5.43	6.67		
1996-07-04		19.77	.				.	.		.	.	.	.	.	.		
1996-07-05		19.99	21.65				5.97	7.06		6.44	6.62	5.31	6.82	5.60	6.95		
1996-07-08		19.62	21.33				5.98	7.05		6.43	6.62	5.35	6.81	5.65	6.95		
1996-07-09		19.63	21.52				5.95	7.00		6.41	6.61	5.34	6.78	5.63	6.92		
1996-07-10		19.80	21.56				5.89	6.95		6.34	6.52	5.29	6.71	5.57	6.85		
1996-07-11		20.01	21.96				5.85	6.90		6.28	6.47	5.26	6.67	5.53	6.81		
1996-07-12		19.93	21.90				5.84	6.85		6.26	6.45	5.28	6.65	5.52	6.76		
1996-07-15		20.20	22.43				5.86	6.89		6.32	6.50	5.32	6.67	5.57	6.79		
1996-07-16		20.30	22.28				5.77	6.84		6.23	6.42	5.27	6.61	5.49	6.74		
1996-07-17		19.75	21.65				5.79	6.83		6.23	6.43	5.26	6.61	5.49	6.75		
1996-07-18		19.95	21.68				5.79	6.72		6.16	6.32	5.25	6.50	5.46	6.61		
1996-07-19		19.45	20.95				5.81	6.78		6.18	6.35	5.28	6.55	5.50	6.67		
1996-07-22		19.23	21.05				5.86	6.84		6.23	6.43	5.30	6.62	5.53	6.73		
1996-07-23		19.50	21.58				5.85	6.80		6.23	6.42	5.30	6.60	5.52	6.70		
1996-07-24		19.36	20.97				5.86	6.87		6.26	6.46	5.31	6.63	5.53	6.76		
1996-07-25		19.50	21.05				5.85	6.87		6.28	6.46	5.29	6.65	5.53	6.74		
1996-07-26		18.92	20.13				5.85	6.85		6.25	6.45	5.29	6.62	5.52	6.74		
1996-07-29		18.99	20.28				5.93	6.93		6.32	6.50	5.37	6.69	5.56	6.81		
1996-07-30		18.90	20.28				5.88	6.89		6.30	6.47	5.34	6.65	5.51	6.77		
1996-07-31		19.00	20.46				5.85	6.80		6.22	6.39	5.32	6.57	5.47	6.68		
1996-08-01		18.84	20.95				5.74	6.65		6.08	6.25	5.25	6.41	5.41	6.52		
1996-08-02		19.63	21.35				5.60	6.51		5.91	6.09	5.21	6.26	5.32	6.38		
1996-08-05		19.65	21.25				5.60	6.53		5.93	6.10	5.20	6.28	5.32	6.40		
1996-08-06		19.45	21.08				5.61	6.54		5.93	6.13	5.19	6.29	5.32	6.42		
1996-08-07		19.48	21.35				5.62	6.55		5.97	6.14	5.18	6.30	5.33	6.43		
1996-08-08		20.03	21.45				5.62	6.56		5.97	6.14	5.15	6.29	5.33	6.43		
1996-08-09		20.05	21.60				5.57	6.50		5.93	6.09	5.15	6.25	5.32	6.37		
1996-08-12		20.65	22.25				5.58	6.49		5.92	6.08	5.18	6.24	5.30	6.37		
1996-08-13		21.03	22.35				5.63	6.57		5.97	6.14	5.17	6.32	5.32	6.44		
1996-08-14		20.90	22.10				5.61	6.58		5.97	6.14	5.16	6.33	5.31	6.46		
1996-08-15		20.88	21.95				5.66	6.62		6.00	6.17	5.19	6.37	5.34	6.49		
1996-08-16		21.30	22.60				5.61	6.56		5.95	6.13	5.18	6.31	5.32	6.43		
1996-08-19		21.58	23.10				5.64	6.59		5.97	6.15	5.20	6.34	5.35	6.47		
1996-08-20		21.35	22.53				5.62	6.59		5.97	6.14	5.18	6.34	5.32	6.47		
1996-08-21		20.80	22.15				5.62	6.61		5.99	6.15	5.14	6.35	5.30	6.49		
1996-08-22		21.25	22.48				5.62	6.62		6.00	6.18	5.14	6.38	5.29	6.51		
1996-08-23		20.78	22.23				5.69	6.72		6.09	6.27	5.15	6.48	5.32	6.61		
1996-08-26		.	21.55				5.77	6.80		6.18	6.37	5.21	6.57	5.37	6.69		
1996-08-27		20.45	21.35				5.76	6.78		6.17	6.36	5.20	6.55	5.36	6.67		
1996-08-28		20.68	21.75				5.77	6.79		6.17	6.36	5.20	6.56	5.36	6.68		
1996-08-29		21.00	22.20				5.82	6.86		6.23	6.42	5.24	6.61	5.41	6.74		
1996-08-30		20.98	22.25				5.91	6.96		6.34	6.54	5.29	6.73	5.49	6.86		
1996-09-02		22.23	.				.	.		.	.	.	.	.	.		
1996-09-03		21.90	23.35				5.94	6.92		6.35	6.54	5.32	6.71	5.58	6.83		
1996-09-04		22.20	23.25				5.97	6.94		6.38	6.56	5.32	6.74	5.58	6.85		
1996-09-05		22.15	23.45				5.98	6.98		6.38	6.56	5.34	6.76	5.59	6.88		
1996-09-06		22.43	23.85				5.92	6.94		6.33	6.52	5.33	6.72	5.57	6.84		
1996-09-09		22.25	23.75				5.91	6.90		6.32	6.47	5.29	6.67	5.50	6.80		
1996-09-10		22.68	24.15				5.93	6.94		6.34	6.52	5.29	6.70	5.55	6.84		
1996-09-11		23.30	24.75				5.94	6.94		6.34	6.51	5.31	6.70	5.52	6.84		
1996-09-12		23.35	24.95				5.90	6.88		6.27	6.44	5.28	6.64	5.50	6.79		
1996-09-13		23.83	24.50				5.74	6.74		6.10	6.29	5.21	6.48	5.38	6.64		
1996-09-16		22.60	23.30				5.74	6.73		6.14	6.31	5.20	6.49	5.38	6.63		
1996-09-17		21.70	23.40				5.83	6.81		6.22	6.39	5.31	6.57	5.46	6.71		
1996-09-18		22.38	23.85				5.84	6.83		6.26	6.43	5.28	6.61	5.47	6.73		
1996-09-19		22.08	23.45				5.85	6.87		6.29	6.46	5.25	6.65	5.48	6.77		
1996-09-20		21.78	23.60				5.85	6.85		6.26	6.43	5.29	6.62	5.50	6.75		
1996-09-23		22.15	23.83				5.85	6.83		6.24	6.40	5.31	6.60	5.50	6.73		
1996-09-24		22.78	24.55				5.73	6.77		6.16	6.32	5.17	6.52	5.37	6.67		
1996-09-25		23.05	24.60				5.70	6.71		6.08	6.25	5.07	6.46	5.28	6.59		
1996-09-26		23.35	24.05				5.65	6.66		6.05	6.22	5.00	6.41	5.25	6.54		
1996-09-27		22.90	24.60				5.68	6.68		6.07	6.25	5.04	6.43	5.24	6.57		
1996-09-30		24.15	24.20				5.71	6.72		6.10	6.28	5.14	6.46	5.37	6.60		
1996-10-01		23.18	24.35				5.65	6.65		6.03	6.22	5.10	6.39	5.35	6.54		
1996-10-02		23.13	24.05				5.61	6.61		5.98	6.15	5.03	6.35	5.29	6.49		
1996-10-03		23.63	24.85				5.61	6.61		6.00	6.16	5.04	6.35	5.31	6.49		
1996-10-04		23.88	24.75				5.47	6.48		5.85	6.00	5.01	6.20	5.24	6.36		
1996-10-07		24.28	25.25				5.53	6.53		5.89	6.06	5.11	6.25	5.29	6.41		
1996-10-08		24.55	25.45				5.53	6.53		5.90	6.06	5.12	6.26	5.29	6.42		
1996-10-09		24.58	25.00				5.56	6.55		5.96	6.11	5.12	6.31	5.31	6.46		
1996-10-10		23.63	24.30				5.66	6.61		6.01	6.17	5.15	6.37	5.35	6.51		
1996-10-11		23.85	24.65				5.57	6.55		5.92	6.09	5.13	6.29	5.31	6.46		
1996-10-14		24.75	25.50				.	.		.	.	.	.	.	.		
1996-10-15		24.58	25.45				5.58	6.56		5.93	6.10	5.17	6.30	5.34	6.46		
1996-10-16		24.50	25.10				5.58	6.57		5.94	6.12	5.14	6.31	5.33	6.46		
1996-10-17		24.83	25.40				5.52	6.51		5.89	6.06	5.12	6.25	5.30	6.40		
1996-10-18		25.18	25.80				5.52	6.50		5.89	6.05	5.12	6.25	5.31	6.39		
1996-10-21		25.08	25.85				5.55	6.52		5.91	6.07	5.14	6.27	5.34	6.41		
1996-10-22		25.40	25.79				5.57	6.56		5.95	6.12	5.16	6.31	5.35	6.45		
1996-10-23		24.60	24.78				5.56	6.56		5.94	6.11	5.13	6.31	5.34	6.45		
1996-10-24		24.28	24.55				5.56	6.57		5.94	6.10	5.14	6.29	5.34	6.45		
1996-10-25		24.13	24.80				5.55	6.54		5.90	6.07	5.14	6.26	5.33	6.42		
1996-10-28		24.45	24.75				5.56	6.56		5.92	6.10	5.19	6.29	5.34	6.43		
1996-10-29		23.30	24.15				5.46	6.40		5.77	5.94	5.14	6.12	5.30	6.27		
1996-10-30		23.15	24.40				5.46	6.40		5.79	5.95	5.14	6.12	5.30	6.27		
1996-10-31		22.80	23.25				5.44	6.37		5.77	5.92	5.17	6.10	5.30	6.24		
1996-11-01		22.30	23.00				5.46	6.38		5.79	5.93	5.17	6.11	5.30	6.26		
1996-11-04		22.10	22.80				5.46	6.36		5.78	5.92	5.19	6.10	5.30	6.23		
1996-11-05		21.85	22.65				5.43	6.28		5.74	5.86	5.17	6.03	5.27	6.16		
1996-11-06		21.85	22.75				5.44	6.30		5.76	5.90	5.17	6.05	5.28	6.18		
1996-11-07		21.75	22.80				5.44	6.26		5.75	5.87	5.16	6.01	5.28	6.12		
1996-11-08		22.40	23.60				5.45	6.29		5.76	5.88	5.18	6.04	5.29	6.16		
1996-11-11		22.70	23.35				.	.		.	.	.	.	.	.		
1996-11-12		22.38	23.40				5.43	6.19		5.73	5.84	5.18	5.98	5.29	6.09		
1996-11-13		22.88	24.25				5.42	6.20		5.71	5.84	5.17	5.99	5.28	6.10		
1996-11-14		23.18	24.35				5.40	6.15		5.66	5.77	5.17	5.93	5.27	6.05		
1996-11-15		23.28	24.15				5.40	6.19		5.68	5.79	5.16	5.96	5.26	6.09		
1996-11-18		22.75	23.85				5.41	6.20		5.70	5.81	5.18	5.97	5.27	6.10		
1996-11-19		23.13	24.50				5.40	6.17		5.68	5.78	5.17	5.94	5.26	6.07		
1996-11-20		23.40	23.75				5.40	6.14		5.65	5.77	5.17	5.92	5.26	6.04		
1996-11-21		22.90	23.90				5.43	6.15		5.67	5.78	5.18	5.94	5.26	6.05		
1996-11-22		23.86	24.15				5.44	6.15		5.69	5.80	5.18	5.94	5.27	6.05		
1996-11-25		23.22	25.75				5.43	6.13		5.67	5.77	5.18	5.92	5.28	6.04		
1996-11-26		22.78	23.70				5.41	6.13		5.66	5.77	5.16	5.91	5.27	6.04		
1996-11-27		23.07	23.70				5.41	6.14		5.66	5.77	5.15	5.91	5.26	6.05		
1996-11-28		23.00	.				.	.		.	.	.	.	.	.		
1996-11-29		23.17	23.70				5.38	6.06		5.59	5.70	5.13	5.84	5.25	5.97		
1996-12-02		23.50	24.70				5.40	6.08		5.61	5.72	5.08	5.85	5.24	5.97		
1996-12-03		24.12	24.80				5.39	6.06		5.61	5.70	5.05	5.84	5.22	5.95		
1996-12-04		24.21	25.00				5.41	6.11		5.64	5.75	5.03	5.89	5.20	6.01		
1996-12-05		24.49	25.60				5.44	6.22		5.71	5.82	5.04	5.99	5.22	6.12		
1996-12-06		24.56	25.60				5.45	6.26		5.73	5.84	5.03	6.02	5.23	6.16		
1996-12-09		24.18	25.15				5.43	6.21		5.70	5.81	4.96	5.97	5.18	6.11		
1996-12-10		23.74	24.25				5.43	6.23		5.71	5.83	4.96	5.99	5.19	6.12		
1996-12-11		22.95	23.40				5.49	6.38		5.82	5.95	4.96	6.14	5.22	6.28		
1996-12-12		22.65	23.75				5.49	6.40		5.84	5.98	4.97	6.14	5.20	6.30		
1996-12-13		22.83	24.45				5.46	6.33		5.77	5.89	4.92	6.06	5.20	6.22		
1996-12-16		23.98	25.70				5.49	6.39		5.82	5.95	4.97	6.13	5.22	6.27		
1996-12-17		24.05	25.70				5.51	6.42		5.87	5.99	5.00	6.17	5.27	6.31		
1996-12-18		23.69	26.05				5.55	6.46		5.89	6.04	5.03	6.21	5.28	6.36		
1996-12-19		24.18	26.55				5.50	6.36		5.83	5.97	5.01	6.13	5.25	6.25		
1996-12-20		23.96	26.10				5.49	6.35		5.83	5.95	5.02	6.12	5.26	6.25		
1996-12-23		23.51	26.40				5.52	6.34		5.85	5.97	5.10	6.12	5.29	6.24		
1996-12-24		23.66	25.05				5.51	6.36		5.85	5.98	5.09	6.13	5.27	6.25		
1996-12-25		.	.				.	.		.	.	.	.	.	.		
1996-12-26		.	25.10				5.50	6.35		5.85	5.98	5.10	6.13	5.27	6.25		
1996-12-27		23.55	25.20				5.47	6.30		5.81	5.93	5.11	6.09	5.28	6.21		
1996-12-30		23.95	25.35				5.47	6.31		5.80	5.95	5.21	6.10	5.29	6.21		
1996-12-31		23.90	25.90				5.51	6.43		5.88	6.04	5.21	6.21	5.33	6.34		
1997-01-01		.	.				.	.		.	.	.	.	.	.		
1997-01-02		24.45	25.55				5.63	6.54		5.97	6.13	5.19	6.30	5.35	6.45		
1997-01-03		24.19	25.55				5.60	6.52		5.95	6.11	5.17	6.28	5.34	6.42		
1997-01-06		24.76	26.25				5.61	6.54		5.97	6.12	5.17	6.30	5.31	6.44		
1997-01-07		24.76	26.25				5.61	6.57		5.98	6.14	5.16	6.32	5.30	6.47		
1997-01-08		24.78	26.55				5.61	6.60		6.01	6.17	5.16	6.34	5.30	6.49		
1997-01-09		24.83	26.30				5.57	6.52		5.94	6.10	5.13	6.27	5.27	6.41		
1997-01-10		24.22	26.15				5.66	6.63		6.06	6.21	5.17	6.40	5.33	6.52		
1997-01-13		23.41	25.20				5.66	6.63		6.07	6.22	5.08	6.40	5.31	6.52		
1997-01-14		.	25.10				5.60	6.53		5.98	6.12	5.19	6.30	5.27	6.43		
1997-01-15		23.31	25.95				5.57	6.53		5.98	6.12	5.16	6.30	5.28	6.43		
1997-01-16		23.31	25.45				5.61	6.57		6.00	6.15	5.16	6.33	5.28	6.47		
1997-01-17		22.87	25.40				5.60	6.56		6.00	6.14	5.14	6.32	5.28	6.46		
1997-01-20		22.86	25.10				.	.		.	.	.	.	.	.		
1997-01-21		22.98	24.80				5.60	6.52		5.99	6.12	5.18	6.29	5.31	6.41		
1997-01-22		22.93	24.40				5.60	6.56		6.00	6.15	5.18	6.32	5.33	6.45		
1997-01-23		22.93	23.85				5.62	6.60		6.06	6.19	5.18	6.35	5.34	6.49		
1997-01-24		22.80	23.85				5.62	6.64		6.07	6.21	5.16	6.39	5.34	6.53		
1997-01-27		22.56	23.85				5.66	6.69		6.11	6.25	5.21	6.42	5.34	6.57		
1997-01-28		22.62	23.90				5.61	6.64		6.04	6.19	5.18	6.38	5.30	6.53		
1997-01-29		23.01	24.50				5.61	6.63		6.04	6.19	5.18	6.38	5.29	6.52		
1997-01-30		23.43	24.80				5.63	6.61		6.01	6.16	5.18	6.35	5.31	6.49		
1997-01-31		23.28	24.15				5.58	6.53		5.94	6.08	5.15	6.26	5.28	6.40		
1997-02-03		22.91	24.20				5.54	6.47		5.89	6.03	5.12	6.21	5.28	6.34		
1997-02-04		22.65	24.00				5.54	6.45		5.88	6.02	5.10	6.19	5.28	6.32		
1997-02-05		22.69	23.90				5.53	6.47		5.91	6.04	5.13	6.21	5.28	6.35		
1997-02-06		21.86	23.05				5.53	6.49		5.91	6.05	5.14	6.22	5.28	6.36		
1997-02-07		.	22.30				5.49	6.43		5.86	6.00	5.14	6.17	5.26	6.32		
1997-02-10		20.73	22.45				5.50	6.43		5.87	6.00	5.17	6.16	5.29	6.29		
1997-02-11		21.25	22.35				5.52	6.43		5.88	6.01	5.14	6.18	5.28	6.30		
1997-02-12		21.15	21.75				5.52	6.39		5.90	6.04	5.16	6.19	5.26	6.31		
1997-02-13		20.47	22.10				5.48	6.32		5.83	5.97	5.13	6.12	5.21	6.23		
1997-02-14		20.56	22.40				5.45	6.28		5.79	5.91	5.10	6.07	5.17	6.18		
1997-02-17		20.48	.				.	.		.	.	.	.	.	.		
1997-02-18		20.56	22.50				5.46	6.28		5.80	5.92	5.12	6.08	5.24	6.19		
1997-02-19		20.98	22.65				5.46	6.30		5.82	5.93	5.11	6.10	5.24	6.21		
1997-02-20		20.57	21.95				5.49	6.38		5.85	5.99	5.10	6.17	5.23	6.30		
1997-02-21		20.13	21.60				5.48	6.36		5.85	5.98	5.09	6.16	5.23	6.27		
1997-02-24		19.87	21.00				5.50	6.39		5.89	6.02	5.16	6.19	5.23	6.30		
1997-02-25		20.08	20.95				5.52	6.40		5.90	6.04	5.13	6.20	5.24	6.31		
1997-02-26		19.82	21.10				5.64	6.56		6.06	6.21	5.22	6.37	5.30	6.48		
1997-02-27		19.96	20.80				5.66	6.58		6.09	6.23	5.22	6.40	5.35	6.50		
1997-02-28		19.44	20.30				5.67	6.56		6.09	6.23	5.22	6.39	5.39	6.50		
1997-03-03		19.10	20.25				5.68	6.58		6.11	6.25	5.24	6.41	5.39	6.53		
1997-03-04		19.40	20.75				5.70	6.60		6.11	6.27	5.25	6.44	5.40	6.55		
1997-03-05		19.38	20.50				5.71	6.60		6.13	6.27	5.21	6.43	5.41	6.55		
1997-03-06		19.55	21.00				5.72	6.62		6.15	6.29	5.23	6.45	5.43	6.58		
1997-03-07		.	21.35				5.68	6.57		6.10	6.25	5.22	6.39	5.40	6.52		
1997-03-10		19.21	20.50				5.70	6.56		6.10	6.25	5.20	6.40	5.40	6.52		
1997-03-11		18.57	20.15				5.68	6.57		6.09	6.25	5.18	6.40	5.38	6.53		
1997-03-12		18.98	20.60				5.71	6.60		6.12	6.27	5.21	6.43	5.40	6.56		
1997-03-13		19.30	20.65				5.76	6.72		6.21	6.38	5.26	6.55	5.45	6.68		
1997-03-14		19.44	21.30				5.74	6.71		6.18	6.35	5.24	6.53	5.43	6.66		
1997-03-17		18.98	20.90				5.77	6.72		6.22	6.38	5.25	6.55	5.48	6.67		
1997-03-18		19.54	22.00				5.77	6.72		6.22	6.38	5.25	6.56	5.48	6.68		
1997-03-19		20.00	22.00				5.79	6.74		6.24	6.41	5.29	6.58	5.50	6.70		
1997-03-20		19.62	22.00				5.83	6.75		6.27	6.45	5.34	6.61	5.55	6.70		
1997-03-21		19.39	21.70				5.88	6.74		6.29	6.46	5.41	6.61	5.59	6.70		
1997-03-24		18.93	21.00				5.87	6.72		6.29	6.45	5.40	6.58	5.55	6.69		
1997-03-25		18.77	20.95				5.91	6.75		6.33	6.48	5.44	6.63	5.60	6.72		
1997-03-26		18.91	20.65				5.97	6.80		6.38	6.52	5.35	6.66	5.59	6.76		
1997-03-27		18.53	20.70				6.02	6.90		6.45	6.61	5.37	6.76	5.60	6.88		
1997-03-28		18.53	.				.	.		.	.	.	.	.	.		
1997-03-31		18.53	20.35				6.02	6.92		6.45	6.60	5.35	6.77	5.55	6.89		
1997-04-01		18.15	20.30				6.00	6.90		6.42	6.58	5.32	6.74	5.53	6.87		
1997-04-02		17.97	19.55				5.98	6.88		6.42	6.58	5.30	6.73	5.53	6.85		
1997-04-03		17.28	19.45				5.95	6.86		6.40	6.55	5.27	6.72	5.52	6.84		
1997-04-04		17.25	19.15				5.98	6.92		6.44	6.61	5.29	6.78	5.56	6.90		
1997-04-07		16.92	19.25				5.97	6.87		6.41	6.57	5.26	6.73	5.55	6.84		
1997-04-08		16.98	19.35				5.98	6.91		6.44	6.61	5.25	6.76	5.56	6.87		
1997-04-09		17.02	19.25				5.98	6.91		6.44	6.60	5.24	6.77	5.59	6.88		
1997-04-10		17.25	19.55				5.99	6.91		6.46	6.61	5.29	6.78	5.62	6.88		
1997-04-11		17.54	19.50				6.04	6.98		6.53	6.69	5.31	6.85	5.66	6.95		
1997-04-14		17.61	19.90				6.04	6.98		6.54	6.70	5.30	6.86	5.61	6.95		
1997-04-15		17.53	19.60				5.99	6.88		6.45	6.62	5.31	6.76	5.62	6.87		
1997-04-16		17.24	19.35				5.99	6.90		6.49	6.64	5.29	6.79	5.63	6.88		
1997-04-17		17.00	19.50				5.96	6.86		6.44	6.60	5.29	6.75	5.64	6.84		
1997-04-18		17.26	19.90				5.94	6.84		6.42	6.57	5.29	6.73	5.63	6.81		
1997-04-21		17.74	20.35				5.97	6.87		6.46	6.61	5.36	6.76	5.61	6.85		
1997-04-22		17.72	19.60				5.97	6.84		6.43	6.59	5.36	6.73	5.59	6.81		
1997-04-23		17.46	19.65				6.00	6.89		6.47	6.63	5.37	6.78	5.62	6.86		
1997-04-24		17.80	19.85				6.05	6.93		6.52	6.68	5.32	6.83	5.63	6.92		
1997-04-25		18.07	19.80				6.08	6.94		6.54	6.70	5.31	6.83	5.65	6.92		
1997-04-28		17.92	19.85				6.06	6.92		6.51	6.66	5.35	6.81	5.68	6.90		
1997-04-29		18.27	20.40				5.92	6.77		6.34	6.49	5.34	6.64	5.53	6.75		
1997-04-30		18.25	20.20				5.90	6.72		6.29	6.42	5.28	6.57	5.53	6.68		
1997-05-01		18.24	19.90				5.89	6.69		6.27	6.41	5.24	6.55	5.55	6.65		
1997-05-02		17.70	19.60				5.88	6.68		6.26	6.40	5.24	6.54	5.56	6.63		
1997-05-05		17.72	19.60				5.88	6.67		6.28	6.41	5.22	6.54	5.57	6.63		
1997-05-06		17.82	19.70				5.90	6.67		6.29	6.39	5.21	6.56	5.59	6.63		
1997-05-07		17.84	19.60				5.95	6.76		6.36	6.51	5.22	6.63	5.57	6.72		
1997-05-08		18.32	20.35				5.93	6.72		6.33	6.47	5.21	6.59	5.55	6.68		
1997-05-09		18.62	20.45				5.86	6.67		6.24	6.40	5.19	6.51	5.48	6.62		
1997-05-12		19.42	21.40				5.85	6.65		6.23	6.37	5.24	6.50	5.55	6.60		
1997-05-13		19.40	21.10				5.88	6.71		6.30	6.44	5.24	6.60	5.55	6.67		
1997-05-14		19.10	21.35				5.86	6.68		6.26	6.41	5.19	6.54	5.52	6.64		
1997-05-15		19.40	21.30				5.84	6.67		6.25	6.39	5.13	6.52	5.54	6.61		
1997-05-16		19.77	22.10				5.87	6.70		6.28	6.41	5.20	6.55	5.57	6.64		
1997-05-19		19.92	21.50				5.89	6.71		6.28	6.42	5.38	6.57	5.62	6.66		
1997-05-20		19.75	21.20				5.83	6.70		6.25	6.40	5.39	6.54	5.53	6.64		
1997-05-21		19.70	21.60				5.81	6.74		6.25	6.40	5.12	6.57	5.50	6.67		
1997-05-22		20.03	21.60				5.87	6.76		6.27	6.44	5.18	6.61	5.47	6.69		
1997-05-23		20.15	21.25				5.85	6.74		6.25	6.41	5.18	6.59	5.46	6.68		
1997-05-26		.	.				.	.		.	.	.	.	.	.		
1997-05-27		19.33	20.75				5.89	6.79		6.30	6.47	5.18	6.64	5.50	6.73		
1997-05-28		18.88	20.70				5.91	6.80		6.34	6.48	5.18	6.65	5.48	6.74		
1997-05-29		19.38	21.15				5.84	6.75		6.30	6.45	5.03	6.61	5.46	6.69		
1997-05-30		18.99	21.00				5.78	6.67		6.22	6.37	4.96	6.51	5.46	6.61		
1997-06-02		19.17	21.15				5.78	6.66		6.23	6.36	5.07	6.52	5.42	6.59		
1997-06-03		18.59	20.35				5.77	6.63		6.20	6.33	5.05	6.49	5.40	6.56		
1997-06-04		18.36	20.30				5.77	6.62		6.20	6.33	5.09	6.49	5.40	6.56		
1997-06-05		17.96	19.80				5.76	6.62		6.20	6.33	5.11	6.49	5.41	6.57		
1997-06-06		17.43	19.00				5.71	6.51		6.12	6.25	5.07	6.39	5.38	6.46		
1997-06-09		17.08	18.85				5.75	6.55		6.15	6.31	5.06	6.44	5.40	6.51		
1997-06-10		17.01	18.85				5.75	6.57		6.17	6.32	5.05	6.46	5.41	6.54		
1997-06-11		16.69	18.75				5.75	6.56		6.19	6.32	4.98	6.45	5.40	6.52		
1997-06-12		16.79	19.00				5.68	6.48		6.07	6.21	4.97	6.35	5.35	6.44		
1997-06-13		16.83	18.95				5.65	6.43		6.03	6.18	5.00	6.30	5.34	6.39		
1997-06-16		17.15	19.10				5.65	6.40		6.02	6.15	5.03	6.28	5.30	6.38		
1997-06-17		17.55	19.30				5.66	6.43		6.05	6.18	5.05	6.31	5.31	6.39		
1997-06-18		17.22	18.90				5.66	6.40		6.02	6.17	5.03	6.29	5.30	6.38		
1997-06-19		17.34	18.75				5.65	6.40		6.04	6.17	5.08	6.29	5.31	6.38		
1997-06-20		17.09	18.60				5.63	6.37		6.02	6.14	5.08	6.27	5.31	6.37		
1997-06-23		17.80	18.90				5.66	6.40		6.04	6.17	5.06	6.30	5.27	6.37		
1997-06-24		17.65	18.71				5.66	6.42		6.03	6.18	5.07	6.31	5.28	6.38		
1997-06-25		17.65	19.12				5.67	6.45		6.05	6.19	5.07	6.34	5.26	6.44		
1997-06-26		17.60	18.84				5.63	6.50		6.05	6.24	5.17	6.36	5.26	6.47		
1997-06-27		18.00	19.42				5.62	6.46		6.03	6.20	5.15	6.35	5.26	6.43		
1997-06-30		18.22	19.82				5.67	6.51		6.08	6.25	5.25	6.40	5.34	6.49		
1997-07-01		.	20.11				5.64	6.45		6.02	6.19	5.18	6.33	5.31	6.42		
1997-07-02		18.83	20.39				5.64	6.42		6.02	6.17	5.20	6.30	5.33	6.40		
1997-07-03		18.18	19.48				5.57	6.31		5.93	6.07	5.14	6.20	5.26	6.29		
1997-07-04		.	.				.	.		.	.	.	.	.	.		
1997-07-07		18.28	19.53				5.55	6.27		5.92	6.04	5.12	6.17	5.28	6.26		
1997-07-08		.	19.67				5.55	6.27		5.92	6.05	5.12	6.17	5.30	6.26		
1997-07-09		18.25	19.40				5.53	6.25		5.90	6.02	5.11	6.15	5.30	6.23		
1997-07-10		18.16	19.22				5.53	6.26		5.91	6.02	5.15	6.15	5.32	6.24		
1997-07-11		18.00	19.39				5.52	6.23		5.89	6.01	5.14	6.13	5.31	6.22		
1997-07-14		17.79	18.92				5.56	6.26		5.94	6.05	5.22	6.16	5.33	6.24		
1997-07-15		18.19	19.81				5.56	6.26		5.92	6.05	5.22	6.16	5.32	6.25		
1997-07-16		18.27	19.57				5.51	6.20		5.87	5.99	5.17	6.11	5.32	6.18		
1997-07-17		18.83	19.92				5.57	6.19		5.87	5.99	5.18	6.11	5.33	6.18		
1997-07-18		18.21	19.22				5.59	6.24		5.91	6.02	5.24	6.16	5.36	6.23		
1997-07-21		18.23	19.25				5.61	6.27		5.94	6.05	5.27	6.18	5.39	6.25		
1997-07-22		18.47	19.25				5.52	6.15		5.90	5.94	5.18	6.07	5.36	6.13		
1997-07-23		18.71	19.68				5.52	6.14		5.85	5.95	5.20	6.06	5.34	6.13		
1997-07-24		18.66	19.71				5.52	6.16		5.87	5.95	5.23	6.06	5.35	6.13		
1997-07-25		18.77	19.71				5.53	6.18		5.87	5.97	5.24	6.08	5.36	6.16		
1997-07-28		18.76	19.67				5.52	6.16		5.86	5.96	5.24	6.06	5.37	6.14		
1997-07-29		18.74	20.08				5.47	6.11		5.79	5.88	5.24	6.00	5.34	6.08		
1997-07-30		19.02	20.43				5.46	6.05		5.76	5.85	5.24	5.95	5.34	6.03		
1997-07-31		18.94	20.19				5.45	6.02		5.74	5.81	5.25	5.90	5.33	5.99		
1997-08-01		19.33	20.27				5.52	6.20		5.89	5.99	5.28	6.08	5.40	6.17		
1997-08-04		19.64	20.81				5.53	6.23		5.91	6.02	5.29	6.12	5.41	6.20		
1997-08-05		19.51	20.79				5.55	6.23		5.93	6.04	5.29	6.13	5.43	6.22		
1997-08-06		19.21	20.46				5.53	6.21		5.91	6.03	5.29	6.11	5.43	6.20		
1997-08-07		18.94	20.09				5.54	6.24		5.93	6.05	5.30	6.14	5.45	6.24		
1997-08-08		18.56	19.58				5.60	6.38		6.02	6.15	5.29	6.23	5.45	6.37		
1997-08-11		18.21	19.73				5.63	6.36		5.99	6.13	5.31	6.20	5.45	6.35		
1997-08-12		18.56	19.91				5.63	6.39		6.00	6.14	5.31	6.22	5.46	6.39		
1997-08-13		18.63	20.19				5.60	6.36		5.95	6.09	5.32	6.19	5.43	6.36		
1997-08-14		19.00	20.02				5.57	6.27		5.92	6.03	5.34	6.13	5.42	6.27		
1997-08-15		18.77	20.08				5.53	6.27		5.87	6.00	5.29	6.10	5.38	6.27		
1997-08-18		18.41	19.94				5.50	6.21		5.82	5.94	5.23	6.06	5.35	6.21		
1997-08-19		18.88	20.04				5.51	6.21		5.85	5.97	5.25	6.07	5.35	6.21		
1997-08-20		18.83	20.07				5.53	6.24		5.88	6.00	5.24	6.10	5.36	6.24		
1997-08-21		18.26	19.83				5.57	6.30		5.95	6.05	5.27	6.15	5.37	6.30		
1997-08-22		.	19.70				5.57	6.38		5.98	6.09	5.25	6.21	5.34	6.36		
1997-08-25		17.87	19.29				5.60	6.39		6.01	6.12	5.28	6.25	5.39	6.38		
1997-08-26		17.58	19.31				5.60	6.38		5.99	6.12	5.28	6.24	5.39	6.37		
1997-08-27		17.83	19.65				5.60	6.38		6.01	6.13	5.28	6.23	5.40	6.37		
1997-08-28		17.91	19.59				5.56	6.30		5.94	6.06	5.24	6.18	5.38	6.29		
1997-08-29		17.98	19.66				5.59	6.34		5.97	6.10	5.24	6.22	5.39	6.33		
1997-09-01		.	.				.	.		.	.	.	.	.	.		
1997-09-02		18.22	19.73				5.57	6.31		5.94	6.06	5.21	6.20	5.39	6.30		
1997-09-03		18.12	19.65				5.57	6.33		5.96	6.07	5.14	6.21	5.38	6.33		
1997-09-04		17.92	19.46				5.60	6.33		5.98	6.09	5.14	6.22	5.38	6.33		
1997-09-05		18.15	19.61				5.58	6.37		5.98	6.09	5.17	6.24	5.38	6.36		
1997-09-08		18.03	19.43				5.61	6.33		5.98	6.09	5.16	6.23	5.37	6.33		
1997-09-09		18.18	19.50				5.60	6.34		5.98	6.09	5.16	6.24	5.35	6.33		
1997-09-10		18.08	19.50				5.61	6.37		6.00	6.10	5.11	6.26	5.35	6.36		
1997-09-11		18.21	19.41				5.59	6.39		6.00	6.11	5.13	6.27	5.36	6.38		
1997-09-12		18.06	19.37				5.54	6.29		5.93	6.03	5.10	6.17	5.32	6.28		
1997-09-15		18.05	19.30				5.54	6.28		5.93	6.02	5.08	6.17	5.31	6.28		
1997-09-16		18.40	19.67				5.47	6.11		5.81	5.88	5.09	6.00	5.28	6.09		
1997-09-17		18.21	19.44				5.46	6.10		5.79	5.88	5.10	5.99	5.29	6.08		
1997-09-18		18.14	19.41				5.47	6.11		5.81	5.90	5.10	6.02	5.27	6.10		
1997-09-19		18.32	19.37				5.48	6.09		5.81	5.89	5.06	6.01	5.27	6.08		
1997-09-22		18.65	19.61				5.46	6.06		5.79	5.86	5.02	5.99	5.22	6.05		
1997-09-23		18.57	19.71				5.48	6.10		5.80	5.89	5.02	6.02	5.21	6.09		
1997-09-24		18.52	20.03				5.46	6.04		5.78	5.86	4.94	5.97	5.15	6.04		
1997-09-25		19.05	20.38				5.50	6.13		5.85	5.93	4.93	6.04	5.17	6.13		
1997-09-26		19.36	20.87				5.47	6.08		5.80	5.89	4.99	5.99	5.18	6.08		
1997-09-29		19.48	21.29				5.47	6.10		5.80	5.88	5.07	5.99	5.30	6.09		
1997-09-30		19.96	21.13				5.47	6.12		5.80	5.88	5.06	6.00	5.28	6.11		
1997-10-01		19.87	21.02				5.44	6.04		5.75	5.83	5.10	5.93	5.27	6.05		
1997-10-02		20.08	21.82				5.44	6.01		5.73	5.80	5.07	5.91	5.25	6.02		
1997-10-03		21.29	22.86				5.42	6.01		5.72	5.79	5.03	5.89	5.22	6.02		
1997-10-06		20.94	21.97				5.40	5.96		5.68	5.75	5.08	5.85	5.22	5.97		
1997-10-07		20.71	21.88				5.38	5.94		5.67	5.73	5.06	5.82	5.19	5.95		
1997-10-08		20.79	22.19				5.46	6.08		5.79	5.85	5.09	5.96	5.25	6.09		
1997-10-09		20.60	22.01				5.48	6.09		5.80	5.86	5.14	5.98	5.30	6.10		
1997-10-10		20.73	22.01				5.54	6.15		5.86	5.92	5.14	6.03	5.32	6.17		
1997-10-13		20.08	21.34				.	.		.	.	.	.	.	.		
1997-10-14		19.40	20.75				5.50	6.07		5.81	5.87	5.08	5.97	5.34	6.09		
1997-10-15		19.27	20.65				5.52	6.10		5.84	5.90	5.06	6.00	5.34	6.13		
1997-10-16		19.56	20.98				5.51	6.09		5.84	5.90	5.07	6.00	5.32	6.12		
1997-10-17		19.43	21.41				5.56	6.17		5.91	5.98	5.06	6.08	5.33	6.19		
1997-10-20		19.29	20.69				5.56	6.15		5.90	5.97	5.09	6.07	5.36	6.18		
1997-10-21		19.30	20.68				5.57	6.14		5.92	5.98	5.07	6.07	5.38	6.18		
1997-10-22		19.86	21.44				5.58	6.12		5.91	5.97	5.16	6.06	5.41	6.17		
1997-10-23		19.89	21.18				5.48	6.04		5.79	5.86	5.13	5.95	5.35	6.07		
1997-10-24		19.45	20.99				5.46	6.01		5.79	5.86	5.15	5.94	5.35	6.05		
1997-10-27		19.63	21.03				5.29	5.91		5.62	5.70	5.08	5.79	5.22	5.94		
1997-10-28		18.86	20.40				5.41	5.98		5.74	5.80	5.25	5.89	5.33	6.00		
1997-10-29		19.00	20.82				5.35	5.91		5.67	5.74	5.19	5.78	5.26	5.95		
1997-10-30		19.45	21.26				5.33	5.84		5.61	5.70	5.17	5.73	5.25	5.88		
1997-10-31		19.42	21.10				5.36	5.84		5.63	5.70	5.21	5.72	5.32	5.87		
1997-11-03		19.48	20.91				5.44	5.91		5.69	5.77	5.26	5.79	5.35	5.94		
1997-11-04		19.10	20.64				5.46	5.95		5.73	5.77	5.25	5.83	5.35	5.98		
1997-11-05		18.93	20.44				5.45	5.95		5.73	5.78	5.27	5.84	5.32	5.97		
1997-11-06		18.97	20.46				5.42	5.90		5.70	5.76	5.31	5.79	5.31	5.92		
1997-11-07		19.24	20.80				5.42	5.90		5.71	5.77	5.31	5.81	5.33	5.92		
1997-11-10		19.14	20.46				5.46	5.91		5.73	5.78	5.32	5.82	5.39	5.94		
1997-11-11		.	20.54				.	.		.	.	.	.	.	.		
1997-11-12		19.26	20.53				5.43	5.89		5.70	5.76	5.30	5.81	5.37	5.92		
1997-11-13		19.71	20.76				5.42	5.87		5.70	5.75	5.27	5.79	5.37	5.90		
1997-11-14		20.24	21.01				5.43	5.86		5.70	5.74	5.27	5.80	5.36	5.90		
1997-11-17		19.54	20.29				5.45	5.85		5.70	5.74	5.31	5.79	5.38	5.88		
1997-11-18		19.39	20.01				5.48	5.85		5.71	5.74	5.31	5.80	5.39	5.88		
1997-11-19		19.41	19.82				5.47	5.82		5.70	5.72	5.28	5.77	5.38	5.84		
1997-11-20		18.82	19.17				5.49	5.84		5.73	5.74	5.28	5.80	5.39	5.87		
1997-11-21		18.83	19.76				5.43	5.82		5.68	5.70	5.25	5.77	5.35	5.84		
1997-11-24		19.01	19.41				5.47	5.86		5.71	5.75	5.29	5.81	5.43	5.88		
1997-11-25		19.14	19.35				5.49	5.85		5.71	5.75	5.30	5.80	5.46	5.87		
1997-11-26		18.50	19.13				5.50	5.86		5.74	5.77	5.26	5.82	5.42	5.89		
1997-11-27		18.64	.				.	.		.	.	.	.	.	.		
1997-11-28		18.96	.				5.52	5.86		5.76	5.80	5.22	5.83	5.43	5.89		
1997-12-01		18.01	18.76				5.56	5.86		5.78	5.80	5.27	5.83	5.42	5.88		
1997-12-02		18.04	18.67				5.56	5.86		5.78	5.80	5.26	5.83	5.41	5.88		
1997-12-03		17.94	18.81				5.53	5.83		5.74	5.77	5.26	5.80	5.40	5.85		
1997-12-04		17.70	18.49				5.49	5.84		5.71	5.75	5.27	5.78	5.40	5.86		
1997-12-05		17.91	18.72				5.56	5.92		5.80	5.83	5.30	5.87	5.49	5.94		
1997-12-08		17.87	18.86				5.63	5.96		5.85	5.87	5.29	5.92	5.55	5.98		
1997-12-09		17.57	18.79				5.59	5.95		5.81	5.86	5.27	5.90	5.50	5.97		
1997-12-10		17.08	18.15				5.51	5.90		5.75	5.79	5.21	5.85	5.44	5.92		
1997-12-11		16.98	18.18				5.48	5.82		5.68	5.72	5.20	5.77	5.39	5.84		
1997-12-12		17.12	18.21				5.42	5.74		5.63	5.67	5.18	5.71	5.35	5.76		
1997-12-15		16.89	18.18				5.47	5.78		5.68	5.70	5.23	5.74	5.41	5.80		
1997-12-16		16.80	18.19				5.47	5.77		5.68	5.69	5.23	5.74	5.40	5.80		
1997-12-17		16.98	18.22				5.50	5.81		5.70	5.72	5.25	5.77	5.42	5.82		
1997-12-18		17.34	18.51				5.49	5.76		5.68	5.69	5.24	5.74	5.42	5.78		
1997-12-19		17.20	18.46				5.50	5.72		5.66	5.67	5.33	5.70	5.46	5.74		
1997-12-22		17.04	18.29				5.55	5.72		5.69	5.70	5.46	5.71	5.53	5.73		
1997-12-23		17.09	18.39				5.55	5.73		5.69	5.70	5.46	5.71	5.53	5.74		
1997-12-24		17.04	18.36				5.54	5.76		5.67	5.71	5.38	5.72	5.49	5.76		
1997-12-25		.	.				.	.		.	.	.	.	.	.		
1997-12-26		.	18.19				5.54	5.75		5.69	5.72	5.35	5.72	5.47	5.75		
1997-12-29		16.35	17.64				5.55	5.76		5.69	5.73	5.45	5.73	5.51	5.76		
1997-12-30		16.01	17.60				5.55	5.80		5.71	5.75	5.45	5.76	5.49	5.82		
1997-12-31		15.86	17.65				5.51	5.75		5.66	5.68	5.36	5.71	5.45	5.77		
1998-01-01		.	.				.	.		.	.	.	.	.	.		
1998-01-02		15.77	17.41				5.46	5.67		5.59	5.62	5.32	5.63	5.40	5.68		
1998-01-05		15.29	16.95				5.35	5.52		5.47	5.47	5.23	5.46	5.32	5.52		
1998-01-06		15.48	16.64				5.30	5.49		5.39	5.42	5.22	5.41	5.30	5.49		
1998-01-07		15.33	16.91				5.31	5.55		5.42	5.45	5.23	5.45	5.30	5.55		
1998-01-08		15.47	17.01				5.20	5.49		5.31	5.33	5.13	5.34	5.20	5.46		
1998-01-09		15.33	16.65				5.08	5.40		5.17	5.20	5.05	5.22	5.11	5.37		
1998-01-12		15.07	16.53				5.13	5.39		5.20	5.21	5.12	5.24	5.13	5.38		
1998-01-13		15.08	16.44				5.17	5.41		5.25	5.25	5.17	5.28	5.16	5.42		
1998-01-14		14.81	16.54				5.19	5.45		5.29	5.30	5.18	5.33	5.17	5.45		
1998-01-15		14.75	16.35				5.19	5.48		5.29	5.29	5.13	5.34	5.15	5.46		
1998-01-16		14.89	16.48				5.24	5.54		5.35	5.35	5.15	5.42	5.20	5.53		
1998-01-19		15.38	.				.	.		.	.	.	.	.	.		
1998-01-20		14.95	16.43				5.24	5.57		5.37	5.36	5.14	5.45	5.20	5.56		
1998-01-21		14.67	16.05				5.22	5.54		5.33	5.34	5.13	5.41	5.21	5.52		
1998-01-22		14.35	15.93				5.18	5.56		5.30	5.31	5.13	5.39	5.20	5.53		
1998-01-23		14.26	15.65				5.25	5.70		5.42	5.44	5.17	5.53	5.26	5.67		
1998-01-26		14.79	16.96				5.25	5.63		5.39	5.42	5.22	5.49	5.23	5.61		
1998-01-27		15.74	17.06				5.32	5.70		5.46	5.50	5.24	5.57	5.30	5.68		
1998-01-28		15.64	17.35				5.33	5.69		5.46	5.50	5.23	5.54	5.30	5.67		
1998-01-29		16.28	17.93				5.24	5.58		5.36	5.39	5.20	5.43	5.23	5.55		
1998-01-30		15.59	17.21				5.24	5.53		5.32	5.35	5.19	5.39	5.24	5.51		
1998-02-02		15.28	17.07				5.26	5.57		5.36	5.38	5.26	5.43	5.30	5.55		
1998-02-03		14.87	16.43				5.25	5.56		5.34	5.36	5.26	5.41	5.29	5.56		
1998-02-04		14.56	16.42				5.24	5.57		5.32	5.35	5.11	5.41	5.22	5.55		
1998-02-05		14.83	16.63				5.26	5.62		5.36	5.39	5.14	5.46	5.22	5.61		
1998-02-06		15.05	16.72				5.27	5.62		5.38	5.43	5.17	5.48	5.25	5.61		
1998-02-09		14.77	16.59				5.28	5.65		5.41	5.46	5.22	5.51	5.25	5.65		
1998-02-10		14.60	16.48				5.29	5.64		5.41	5.43	5.21	5.49	5.24	5.63		
1998-02-11		14.35	16.17				5.29	5.53		5.39	5.40	5.22	5.46	5.23	5.57		
1998-02-12		14.04	15.97				5.28	5.52		5.39	5.40	5.22	5.46	5.23	5.56		
1998-02-13		14.05	16.03				5.26	5.49		5.36	5.36	5.22	5.44	5.24	5.53		
1998-02-16		13.50	.				.	.		.	.	.	.	.	.		
1998-02-17		13.50	15.64				5.25	5.44		5.34	5.34	5.20	5.41	5.29	5.50		
1998-02-18		13.46	16.24				5.27	5.49		5.37	5.38	5.20	5.44	5.30	5.54		
1998-02-19		14.02	16.12				5.28	5.51		5.39	5.40	5.21	5.47	5.31	5.57		
1998-02-20		13.91	16.13				5.30	5.54		5.41	5.41	5.21	5.49	5.30	5.58		
1998-02-23		13.26	15.23				5.35	5.58		5.46	5.47	5.28	5.53	5.26	5.62		
1998-02-24		13.08	15.14				5.47	5.69		5.57	5.60	5.27	5.66	5.32	5.75		
1998-02-25		13.35	15.28				5.43	5.63		5.55	5.56	5.31	5.60	5.31	5.70		
1998-02-26		13.38	15.41				5.42	5.65		5.58	5.58	5.34	5.62	5.32	5.71		
1998-02-27		13.53	15.44				5.41	5.62		5.55	5.55	5.32	5.59	5.33	5.67		
1998-03-02		13.37	15.32				5.43	5.72		5.60	5.61	5.26	5.67	5.35	5.77		
1998-03-03		13.18	15.28				5.46	5.77		5.64	5.64	5.23	5.72	5.34	5.82		
1998-03-04		13.09	15.33				5.43	5.76		5.63	5.64	5.19	5.71	5.29	5.81		
1998-03-05		13.18	15.34				5.42	5.78		5.62	5.63	5.18	5.71	5.26	5.84		
1998-03-06		12.85	14.90				5.40	5.73		5.58	5.59	5.15	5.65	5.24	5.78		
1998-03-09		12.24	14.58				5.39	5.67		5.57	5.56	5.11	5.61	5.24	5.74		
1998-03-10		12.36	14.54				5.38	5.67		5.55	5.56	5.09	5.62	5.23	5.73		
1998-03-11		12.41	14.30				5.37	5.63		5.53	5.54	5.09	5.57	5.22	5.69		
1998-03-12		12.30	14.40				5.34	5.56		5.50	5.49	5.08	5.52	5.19	5.62		
1998-03-13		12.25	14.19				5.35	5.58		5.50	5.49	5.09	5.54	5.21	5.65		
1998-03-16		11.74	13.41				5.33	5.54		5.47	5.47	5.12	5.52	5.24	5.60		
1998-03-17		11.05	13.67				5.36	5.56		5.50	5.48	5.14	5.53	5.25	5.63		
1998-03-18		12.21	14.36				5.36	5.58		5.52	5.51	5.17	5.55	5.27	5.65		
1998-03-19		12.41	14.43				5.37	5.58		5.52	5.52	5.18	5.56	5.28	5.65		
1998-03-20		12.35	14.31				5.36	5.57		5.52	5.50	5.19	5.56	5.27	5.64		
1998-03-23		14.53	16.14				5.36	5.57		5.52	5.52	5.17	5.56	5.21	5.63		
1998-03-24		14.02	15.52				5.37	5.58		5.50	5.52	5.17	5.57	5.21	5.63		
1998-03-25		14.41	16.69				5.40	5.64		5.58	5.59	5.18	5.62	5.19	5.70		
1998-03-26		15.18	16.92				5.41	5.68		5.62	5.65	5.22	5.66	5.20	5.74		
1998-03-27		14.92	16.84				5.43	5.68		5.63	5.66	5.21	5.67	5.20	5.75		
1998-03-30		14.35	16.32				5.44	5.72		5.65	5.69	5.18	5.70	5.30	5.79		
1998-03-31		13.87	15.75				5.41	5.67		5.60	5.61	5.16	5.64	5.27	5.74		
1998-04-01		13.72	15.69				5.37	5.62		5.55	5.58	5.12	5.59	5.24	5.68		
1998-04-02		13.38	16.04				5.35	5.56		5.52	5.53	5.10	5.54	5.22	5.64		
1998-04-03		13.63	16.08				5.25	5.47		5.42	5.42	5.08	5.44	5.17	5.54		
1998-04-06		13.13	15.48				5.30	5.51		5.45	5.47	5.10	5.49	5.22	5.58		
1998-04-07		12.82	15.39				5.28	5.53		5.45	5.48	5.07	5.50	5.20	5.59		
1998-04-08		12.79	15.71				5.30	5.58		5.49	5.51	5.06	5.54	5.21	5.64		
1998-04-09		13.23	15.61				5.33	5.59		5.50	5.52	5.07	5.56	5.22	5.64		
1998-04-10		.	.				.	.		.	.	.	.	.	.		
1998-04-13		.	15.35				5.42	5.66		5.59	5.61	5.19	5.64	5.35	5.72		
1998-04-14		13.15	15.18				5.40	5.63		5.57	5.58	5.16	5.60	5.32	5.69		
1998-04-15		13.31	15.64				5.38	5.60		5.55	5.56	5.08	5.59	5.30	5.66		
1998-04-16		13.68	15.97				5.37	5.59		5.53	5.53	5.04	5.57	5.28	5.64		
1998-04-17		14.06	15.49				5.36	5.59		5.54	5.53	5.05	5.57	5.26	5.64		
1998-04-20		13.82	15.52				5.39	5.65		5.57	5.57	5.08	5.61	5.25	5.70		
1998-04-21		13.95	15.57				5.41	5.68		5.60	5.62	5.07	5.66	5.25	5.73		
1998-04-22		13.71	15.07				5.41	5.68		5.60	5.62	5.09	5.66	5.25	5.73		
1998-04-23		13.42	13.09				5.40	5.69		5.61	5.62	5.09	5.66	5.27	5.74		
1998-04-24		13.32	13.23				5.39	5.67		5.61	5.62	5.08	5.65	5.26	5.72		
1998-04-27		13.65	15.43				5.48	5.80		5.71	5.73	5.08	5.77	5.35	5.86		
1998-04-28		13.88	15.90				5.48	5.80		5.69	5.73	5.06	5.78	5.34	5.86		
1998-04-29		14.09	15.43				5.49	5.81		5.71	5.75	5.07	5.78	5.32	5.87		
1998-04-30		13.79	15.56				5.40	5.68		5.59	5.62	5.00	5.65	5.24	5.74		
1998-05-01		14.60	16.25				5.41	5.67		5.59	5.62	5.02	5.63	5.27	5.72		
1998-05-04		.	15.98				5.42	5.67		5.59	5.62	5.10	5.63	5.32	5.73		
1998-05-05		14.13	15.48				5.45	5.70		5.61	5.64	5.11	5.66	5.32	5.76		
1998-05-06		13.91	15.45				5.41	5.67		5.56	5.59	5.11	5.60	5.32	5.72		
1998-05-07		13.81	15.26				5.42	5.67		5.56	5.60	5.12	5.60	5.32	5.72		
1998-05-08		13.94	15.21				5.44	5.71		5.61	5.64	5.14	5.65	5.35	5.75		
1998-05-11		14.41	15.26				5.48	5.79		5.66	5.70	5.14	5.72	5.39	5.82		
1998-05-12		14.75	15.21				5.44	5.70		5.59	5.60	5.12	5.65	5.36	5.74		
1998-05-13		14.15	15.01				5.44	5.64		5.59	5.60	5.12	5.63	5.38	5.72		
1998-05-14		14.29	15.15				5.48	5.67		5.63	5.64	5.18	5.66	5.38	5.76		
1998-05-15		14.33	14.51				5.46	5.68		5.63	5.64	5.18	5.67	5.38	5.76		
1998-05-18		14.72	14.15				5.45	5.64		5.59	5.59	5.20	5.63	5.37	5.72		
1998-05-19		14.87	13.01				5.45	5.65		5.59	5.60	5.23	5.63	5.37	5.73		
1998-05-20		14.58	13.36				5.42	5.61		5.57	5.57	5.21	5.60	5.36	5.68		
1998-05-21		14.29	14.21				5.47	5.65		5.63	5.63	5.24	5.66	5.43	5.73		
1998-05-22		14.33	14.81				5.45	5.64		5.63	5.63	5.22	5.65	5.40	5.72		
1998-05-25		.	.				.	.		.	.	.	.	.	.		
1998-05-26		14.27	14.90				5.45	5.59		5.61	5.59	5.17	5.60	5.38	5.67		
1998-05-27		14.78	14.98				5.41	5.56		5.53	5.54	5.09	5.57	5.35	5.64		
1998-05-28		14.71	14.88				5.43	5.58		5.57	5.57	5.07	5.56	5.35	5.65		
1998-05-29		14.03	15.21				5.42	5.56		5.53	5.54	5.03	5.56	5.33	5.63		
1998-06-01		13.66	14.99				5.40	5.53		5.52	5.51	5.08	5.53	5.30	5.59		
1998-06-02		13.62	14.81				5.41	5.56		5.53	5.53	5.08	5.56	5.32	5.62		
1998-06-03		13.23	14.94				5.42	5.57		5.55	5.56	5.13	5.57	5.32	5.63		
1998-06-04		13.71	15.24				5.43	5.59		5.58	5.58	5.12	5.60	5.33	5.65		
1998-06-05		13.95	15.13				5.45	5.58		5.58	5.59	5.12	5.60	5.34	5.63		
1998-06-08		13.56	14.49				5.46	5.58		5.58	5.59	5.16	5.60	5.38	5.63		
1998-06-09		12.76	13.76				5.46	5.59		5.60	5.60	5.17	5.61	5.40	5.64		
1998-06-10		12.23	13.54				5.44	5.51		5.55	5.54	5.14	5.55	5.38	5.58		
1998-06-11		12.12	12.67				5.37	5.44		5.45	5.44	5.11	5.46	5.32	5.49		
1998-06-12		11.62	12.66				5.35	5.43		5.43	5.43	5.13	5.43	5.31	5.48		
1998-06-15		10.77	11.69				5.33	5.38		5.43	5.41	5.16	5.42	5.29	5.45		
1998-06-16		10.77	12.38				5.39	5.45		5.50	5.47	5.20	5.49	5.32	5.52		
1998-06-17		11.30	12.55				5.44	5.54		5.55	5.54	5.23	5.57	5.36	5.61		
1998-06-18		10.88	11.80				5.42	5.50		5.53	5.53	5.19	5.55	5.34	5.58		
1998-06-19		10.89	11.80				5.40	5.47		5.52	5.50	5.17	5.52	5.32	5.54		
1998-06-22		11.23	13.54				5.41	5.46		5.52	5.50	5.11	5.52	5.34	5.54		
1998-06-23		12.09	14.65				5.41	5.45		5.49	5.51	5.10	5.51	5.34	5.53		
1998-06-24		12.50	14.54				5.41	5.46		5.49	5.51	5.04	5.48	5.31	5.54		
1998-06-25		11.94	13.90				5.41	5.46		5.53	5.53	5.02	5.50	5.30	5.54		
1998-06-26		12.04	14.21				5.40	5.46		5.51	5.53	5.01	5.49	5.29	5.53		
1998-06-29		11.83	14.29				5.40	5.47		5.51	5.52	5.16	5.50	5.27	5.55		
1998-06-30		11.84	14.30				5.38	5.44		5.49	5.49	5.10	5.47	5.24	5.52		
1998-07-01		11.93	14.47				5.37	5.44		5.46	5.47	5.09	5.43	5.22	5.50		
1998-07-02		11.95	14.58				5.35	5.42		5.44	5.46	5.07	5.43	5.17	5.47		
1998-07-03		11.79	.				.	.		.	.	.	.	.	.		
1998-07-06		11.70	13.87				5.34	5.39		5.43	5.43	5.09	5.40	5.23	5.45		
1998-07-07		11.66	13.83				5.35	5.42		5.44	5.46	5.08	5.43	5.24	5.48		
1998-07-08		11.71	14.01				5.34	5.43		5.44	5.46	5.09	5.43	5.25	5.49		
1998-07-09		11.61	14.01				5.33	5.41		5.43	5.42	5.07	5.40	5.23	5.46		
1998-07-10		11.61	13.96				5.33	5.42		5.41	5.42	5.06	5.40	5.22	5.47		
1998-07-13		11.56	14.06				5.35	5.46		5.44	5.46	5.13	5.45	5.23	5.52		
1998-07-14		11.83	14.87				5.36	5.49		5.46	5.48	5.16	5.47	5.24	5.54		
1998-07-15		11.79	14.90				5.35	5.48		5.46	5.47	5.14	5.46	5.22	5.53		
1998-07-16		12.65	14.54				5.38	5.50		5.46	5.49	5.17	5.48	5.24	5.56		
1998-07-17		12.38	14.02				5.37	5.51		5.46	5.48	5.14	5.49	5.24	5.57		
1998-07-20		12.11	13.44				5.37	5.48		5.46	5.47	5.09	5.47	5.26	5.53		
1998-07-21		12.01	13.83				5.37	5.45		5.46	5.47	5.09	5.46	5.25	5.52		
1998-07-22		12.21	14.29				5.37	5.46		5.48	5.48	5.07	5.47	5.24	5.52		
1998-07-23		12.23	13.97				5.35	5.45		5.46	5.47	5.09	5.46	5.24	5.52		
1998-07-24		12.05	13.93				5.36	5.45		5.48	5.47	5.08	5.48	5.24	5.52		
1998-07-27		12.53	14.37				5.36	5.47		5.48	5.47	5.06	5.49	5.22	5.54		
1998-07-28		12.74	14.20				5.35	5.50		5.46	5.47	5.07	5.49	5.20	5.56		
1998-07-29		12.60	14.13				5.37	5.52		5.49	5.49	5.07	5.52	5.21	5.59		
1998-07-30		12.55	14.25				5.38	5.50		5.49	5.49	5.07	5.52	5.21	5.56		
1998-07-31		12.63	14.27				5.38	5.50		5.49	5.48	5.10	5.52	5.21	5.56		
1998-08-03		12.04	13.93				5.37	5.46		5.46	5.44	5.13	5.46	5.25	5.51		
1998-08-04		12.03	13.69				5.33	5.43		5.43	5.42	5.10	5.44	5.24	5.49		
1998-08-05		12.32	13.80				5.30	5.43		5.39	5.38	5.08	5.43	5.21	5.48		
1998-08-06		12.08	13.87				5.30	5.44		5.39	5.38	5.03	5.43	5.20	5.49		
1998-08-07		12.05	13.85				5.24	5.40		5.34	5.33	4.99	5.39	5.16	5.44		
1998-08-10		11.62	13.11				5.23	5.41		5.34	5.35	5.07	5.39	5.15	5.44		
1998-08-11		11.16	12.87				5.20	5.37		5.31	5.30	5.03	5.33	5.13	5.40		
1998-08-12		11.24	12.76				5.21	5.40		5.32	5.29	5.02	5.34	5.14	5.43		
1998-08-13		11.48	13.44				5.26	5.44		5.37	5.32	5.04	5.38	5.17	5.46		
1998-08-14		11.46	13.40				5.25	5.40		5.34	5.30	5.03	5.34	5.13	5.42		
1998-08-17		11.93	13.26				5.24	5.40		5.34	5.27	5.07	5.33	5.19	5.41		
1998-08-18		11.87	13.13				5.26	5.41		5.36	5.30	5.06	5.35	5.20	5.42		
1998-08-19		11.99	13.21				5.25	5.42		5.34	5.33	5.07	5.35	5.19	5.42		
1998-08-20		12.21	13.62				5.24	5.38		5.32	5.30	5.04	5.32	5.17	5.39		
1998-08-21		12.02	13.44				5.19	5.32		5.25	5.23	5.01	5.24	5.12	5.33		
1998-08-24		12.15	13.78				5.18	5.30		5.22	5.18	5.08	5.19	5.15	5.30		
1998-08-25		12.43	13.90				5.17	5.25		5.18	5.14	5.09	5.13	5.15	5.24		
1998-08-26		12.24	13.67				5.16	5.26		5.12	5.09	5.06	5.11	5.13	5.23		
1998-08-27		11.90	13.35				5.02	5.12		4.98	4.93	4.99	4.97	5.07	5.11		
1998-08-28		12.06	13.54				4.96	5.09		4.93	4.89	4.91	4.94	5.01	5.09		
1998-08-31		.	13.29				4.95	5.05		4.91	4.85	4.96	4.91	5.03	5.03		
1998-09-01		12.11	13.62				4.87	5.05		4.86	4.83	4.92	4.91	4.97	5.06		
1998-09-02		12.05	13.72				4.91	5.10		4.96	4.88	4.91	4.96	4.99	5.08		
1998-09-03		12.54	14.70				4.90	5.03		4.91	4.82	4.83	4.91	4.97	5.02		
1998-09-04		12.96	14.59				4.91	5.02		4.91	4.84	4.86	4.90	4.99	5.01		
1998-09-07		12.51	.				.	.		.	.	.	.	.	.		
1998-09-08		12.53	14.34				4.91	5.04		4.91	4.81	4.94	4.89	4.99	5.03		
1998-09-09		12.53	14.37				4.81	4.95		4.79	4.70	4.88	4.79	4.92	4.92		
1998-09-10		12.82	14.71				4.60	4.76		4.57	4.51	4.78	4.55	4.76	4.72		
1998-09-11		12.66	14.39				4.73	4.85		4.68	4.65	4.87	4.65	4.88	4.81		
1998-09-14		12.47	14.46				4.77	4.87		4.72	4.65	4.83	4.65	4.94	4.82		
1998-09-15		12.61	14.72				4.77	4.90		4.73	4.69	4.79	4.68	4.90	4.84		
1998-09-16		12.65	14.60				4.78	4.88		4.75	4.71	4.74	4.69	4.89	4.82		
1998-09-17		12.97	15.07				4.76	4.80		4.70	4.63	4.70	4.60	4.83	4.74		
1998-09-18		13.92	15.53				4.70	4.70		4.61	4.56	4.63	4.50	4.79	4.64		
1998-09-21		14.31	15.58				4.71	4.69		4.63	4.58	4.82	4.51	4.86	4.64		
1998-09-22		14.36	15.73				4.72	4.73		4.66	4.62	4.81	4.57	4.87	4.69		
1998-09-23		14.67	15.80				4.60	4.69		4.52	4.52	4.67	4.48	4.68	4.64		
1998-09-24		14.84	15.99				4.52	4.64		4.43	4.43	4.55	4.43	4.55	4.56		
1998-09-25		14.55	15.80				4.49	4.60		4.43	4.41	4.52	4.40	4.50	4.53		
1998-09-28		14.41	15.74				4.53	4.61		4.45	4.42	4.56	4.40	4.61	4.53		
1998-09-29		14.38	16.01				4.53	4.59		4.47	4.41	4.54	4.40	4.64	4.52		
1998-09-30		14.71	16.19				4.41	4.44		4.30	4.26	4.37	4.23	4.49	4.38		
1998-10-01		14.46	15.52				4.28	4.33		4.17	4.10	4.23	4.10	4.36	4.26		
1998-10-02		14.21	15.71				4.29	4.31		4.17	4.13	4.22	4.08	4.37	4.23		
1998-10-05		14.10	15.24				4.18	4.16		4.04	4.02	4.23	3.95	4.34	4.13		
1998-10-06		13.98	15.60				4.22	4.24		4.10	4.10	4.18	4.05	4.37	4.22		
1998-10-07		13.88	15.03				4.23	4.34		4.12	4.13	4.15	4.13	4.32	4.34		
1998-10-08		13.23	14.57				4.11	4.56		4.10	4.24	3.89	4.29	4.12	4.57		
1998-10-09		12.87	14.64				4.16	4.77		4.19	4.39	3.88	4.46	4.05	4.78		
1998-10-12		13.18	14.47				.	.		.	.	.	.	.	.		
1998-10-13		12.73	14.27				4.25	4.73		4.13	4.33	3.99	4.37	4.22	4.74		
1998-10-14		12.26	14.09				4.19	4.58		4.08	4.25	4.02	4.23	4.20	4.58		
1998-10-15		11.98	14.08				4.25	4.58		4.13	4.27	4.15	4.23	4.27	4.56		
1998-10-16		12.11	14.16				3.86	4.44		3.86	4.04	3.65	4.04	3.85	4.41		
1998-10-19		11.60	13.39				3.92	4.47		3.90	4.04	3.94	4.06	3.99	4.38		
1998-10-20		11.29	13.45				3.98	4.57		3.98	4.12	3.95	4.14	4.04	4.46		
1998-10-21		11.94	14.14				4.02	4.59		4.12	4.17	4.00	4.17	4.08	4.49		
1998-10-22		11.68	14.00				4.04	4.62		4.16	4.18	3.98	4.19	4.12	4.51		
1998-10-23		12.18	14.06				4.07	4.70		4.20	4.24	3.97	4.28	4.15	4.60		
1998-10-26		12.74	14.39				4.13	4.73		4.23	4.30	4.06	4.32	4.21	4.58		
1998-10-27		12.46	14.19				4.04	4.63		4.12	4.20	4.06	4.23	4.14	4.48		
1998-10-28		12.26	14.35				4.07	4.60		4.01	4.15	4.28	4.18	4.26	4.43		
1998-10-29		12.31	14.31				4.08	4.54		4.00	4.12	4.32	4.13	4.30	4.39		
1998-10-30		12.00	14.48				4.18	4.64		4.12	4.24	4.33	4.24	4.36	4.47		
1998-11-02		12.43	14.45				4.33	4.77		4.26	4.39	4.54	4.39	4.53	4.63		
1998-11-03		11.93	14.24				4.33	4.78		4.25	4.37	4.50	4.33	4.51	4.63		
1998-11-04		11.88	14.09				4.46	4.83		4.43	4.53	4.56	4.48	4.59	4.78		
1998-11-05		11.73	13.93				4.53	4.82		4.47	4.55	4.58	4.48	4.64	4.78		
1998-11-06		11.51	13.93				4.64	4.93		4.59	4.65	4.64	4.58	4.70	4.92		
1998-11-09		11.15	13.39				4.54	4.88		4.57	4.63	4.58	4.55	4.66	4.84		
1998-11-10		11.18	13.54				4.53	4.81		4.50	4.57	4.54	4.50	4.61	4.78		
1998-11-11		11.45	13.63				.	.		.	.	.	.	.	.		
1998-11-12		11.56	14.04				4.50	4.77		4.47	4.52	4.48	4.47	4.56	4.74		
1998-11-13		11.46	13.57				4.52	4.82		4.54	4.56	4.47	4.53	4.54	4.78		
1998-11-16		11.10	12.81				4.55	4.85		4.56	4.57	4.52	4.55	4.59	4.79		
1998-11-17		10.62	12.46				4.52	4.87		4.58	4.58	4.42	4.57	4.51	4.80		
1998-11-18		10.25	12.33				4.53	4.85		4.63	4.61	4.44	4.58	4.51	4.78		
1998-11-19		10.45	12.21				4.55	4.85		4.66	4.64	4.46	4.63	4.55	4.81		
1998-11-20		10.40	12.20				4.56	4.82		4.66	4.62	4.46	4.60	4.57	4.77		
1998-11-23		10.54	12.51				4.57	4.84		4.63	4.61	4.59	4.60	4.62	4.79		
1998-11-24		10.58	11.48				4.60	4.85		4.64	4.66	4.62	4.63	4.64	4.81		
1998-11-25		10.51	10.86				4.60	4.83		4.66	4.64	4.57	4.63	4.63	4.81		
1998-11-26		10.41	.				.	.		.	.	.	.	.	.		
1998-11-27		10.77	.				4.59	4.81		4.62	4.63	4.55	4.60	4.61	4.80		
1998-11-30		9.91	11.37				4.53	4.74		4.54	4.54	4.57	4.51	4.58	4.70		
1998-12-01		9.87	11.27				4.46	4.67		4.44	4.44	4.49	4.43	4.51	4.63		
1998-12-02		9.71	11.31				4.41	4.59		4.36	4.34	4.48	4.31	4.49	4.54		
1998-12-03		10.05	11.25				4.41	4.58		4.36	4.33	4.45	4.31	4.48	4.54		
1998-12-04		9.73	11.20				4.49	4.62		4.46	4.43	4.48	4.38	4.51	4.61		
1998-12-07		9.70	11.61				4.58	4.69		4.54	4.51	4.46	4.47	4.57	4.70		
1998-12-08		9.68	11.33				4.49	4.60		4.46	4.43	4.43	4.40	4.54	4.61		
1998-12-09		9.46	11.20				4.46	4.56		4.42	4.40	4.43	4.37	4.52	4.56		
1998-12-10		9.10	10.82				4.45	4.53		4.39	4.37	4.48	4.33	4.53	4.51		
1998-12-11		9.26	10.86				4.49	4.61		4.46	4.42	4.50	4.39	4.56	4.59		
1998-12-14		9.45	11.30				4.47	4.58		4.42	4.39	4.49	4.35	4.56	4.56		
1998-12-15		9.57	11.64				4.49	4.62		4.47	4.44	4.49	4.39	4.56	4.62		
1998-12-16		10.87	12.55				4.44	4.58		4.40	4.38	4.46	4.34	4.51	4.54		
1998-12-17		9.92	11.05				4.45	4.58		4.42	4.39	4.46	4.34	4.53	4.57		
1998-12-18		9.62	10.95				4.48	4.58		4.45	4.43	4.49	4.38	4.55	4.58		
1998-12-21		9.45	10.86				4.53	4.64		4.56	4.52	4.51	4.45	4.62	4.66		
1998-12-22		9.83	10.99				4.56	4.70		4.59	4.56	4.50	4.50	4.62	4.72		
1998-12-23		9.91	11.12				4.69	4.81		4.73	4.71	4.58	4.65	4.68	4.84		
1998-12-24		9.91	11.03				4.72	4.86		4.78	4.76	4.57	4.74	4.70	4.89		
1998-12-25		.	.				.	.		.	.	.	.	.	.		
1998-12-28		.	11.59				4.65	4.78		4.73	4.71	4.56	4.66	4.68	4.82		
1998-12-29		10.23	11.82				4.62	4.71		4.60	4.60	4.59	4.60	4.64	4.75		
1998-12-30		10.45	11.75				4.54	4.65		4.56	4.55	4.55	4.55	4.59	4.71		
1998-12-31	9.08	10.54	12.14				4.53	4.65		4.54	4.55	4.48	4.56	4.55	4.73		
1999-01-01	.	.	.				.	.		.	.	.	.	.	.		
1999-01-04	9.04	10.94	12.42				4.58	4.69		4.58	4.57	4.49	4.57	4.57	4.75		
1999-01-05	8.99	10.30	12.04				4.56	4.74		4.64	4.64	4.48	4.62	4.57	4.80		
1999-01-06	8.91	10.67	12.84				4.53	4.73		4.62	4.62	4.47	4.61	4.55	4.76		
1999-01-07	8.88	11.08	12.99				4.51	4.77		4.63	4.63	4.44	4.62	4.49	4.82		
1999-01-08	8.83	11.70	13.06				4.57	4.86		4.71	4.71	4.48	4.72	4.53	4.92		
1999-01-11	8.86	12.07	13.43				4.62	4.90		4.74	4.75	4.51	4.76	4.57	4.95		
1999-01-12	8.96	11.78	12.91				4.55	4.82		4.68	4.68	4.48	4.68	4.51	4.89		
1999-01-13	10.03	10.90	12.33				4.49	4.74		4.61	4.61	4.45	4.60	4.48	4.84		
1999-01-14	10.53	11.10	12.23				4.41	4.63		4.47	4.48	4.44	4.48	4.41	4.73		
1999-01-15	10.46	10.97	12.21				4.46	4.66		4.56	4.55	4.44	4.54	4.44	4.76		
1999-01-18	10.45	10.81	.				.	.		.	.	.	.	.	.		
1999-01-19	10.21	11.19	12.13				4.49	4.71		4.62	4.62	4.41	4.60	4.48	4.82		
1999-01-20	10.04	10.85	11.82				4.53	4.76		4.66	4.66	4.37	4.65	4.49	4.86		
1999-01-21	10.10	11.14	12.45				4.48	4.70		4.63	4.62	4.32	4.60	4.45	4.79		
1999-01-22	10.23	11.23	12.62				4.46	4.64		4.59	4.58	4.36	4.54	4.44	4.73		
1999-01-25	10.37	11.21	12.41				4.48	4.67		4.59	4.58	4.44	4.55	4.45	4.74		
1999-01-26	10.37	10.84	12.16				4.51	4.69		4.63	4.61	4.46	4.58	4.46	4.76		
1999-01-27	10.06	11.03	12.40				4.51	4.68		4.57	4.57	4.47	4.57	4.47	4.74		
1999-01-28	10.04	11.14	12.52				4.52	4.67		4.58	4.57	4.49	4.57	4.45	4.73		
1999-01-29	9.94	11.34	12.81				4.51	4.66		4.58	4.57	4.48	4.55	4.47	4.72		
1999-01-31	10.04																
1999-02-01	9.87	10.81	12.36				4.58	4.75		4.65	4.65	4.53	4.65	4.56	4.82		
1999-02-02	9.78	10.39	12.21				4.59	4.79		4.70	4.70	4.53	4.70	4.57	4.87		
1999-02-03	9.65	10.78	12.42				4.59	4.83		4.72	4.73	4.48	4.74	4.55	4.91		
1999-02-04	9.57	10.42	11.94				4.63	4.89		4.77	4.80	4.49	4.82	4.55	5.00		
1999-02-05	9.55	10.18	11.85				4.66	4.94		4.80	4.85	4.50	4.88	4.60	5.04		
1999-02-08	9.59	9.97	11.65				4.66	4.94		4.80	4.84	4.54	4.86	4.59	5.03		
1999-02-09	9.62	9.77	11.66				4.65	4.91		4.79	4.78	4.53	4.78	4.57	4.99		
1999-02-10	9.51	9.88	11.88				4.64	4.90		4.77	4.78	4.48	4.79	4.54	4.99		
1999-02-11	9.50	9.82	11.94				4.66	4.93		4.80	4.82	4.50	4.83	4.55	5.01		
1999-02-12	9.39	9.97	11.90				4.74	5.06		4.91	4.94	4.54	4.96	4.59	5.18		
1999-02-15	9.41	.	.				.	.		.	.	.	.	.	.		
1999-02-16	9.35	9.98	11.38				4.73	5.03		4.93	4.95	4.56	4.96	4.64	5.14		
1999-02-17	9.36	10.09	11.49				4.69	4.98		4.89	4.91	4.52	4.91	4.60	5.09		
1999-02-18	9.16	9.93	11.97				4.72	5.04		4.93	4.95	4.53	4.96	4.61	5.16		
1999-02-19	9.14	10.29	11.79				4.71	5.07		4.95	4.97	4.56	4.99	4.65	5.19		
1999-02-22	9.15	10.24	11.97				4.73	5.03		4.91	4.94	4.65	4.95	4.62	5.14		
1999-02-23	9.10	10.58	12.44				4.78	5.10		5.00	5.04	4.66	5.04	4.65	5.20		
1999-02-24	9.10	10.64	12.49				4.85	5.18		5.05	5.09	4.67	5.12	4.70	5.29		
1999-02-25	9.02	10.84	12.61				4.86	5.32		5.15	5.21	4.62	5.23	4.70	5.43		
1999-02-26	9.07	10.58	12.31				4.88	5.29		5.13	5.16	4.66	5.21	4.70	5.39		
1999-02-28	8.93																
1999-03-01	8.76	10.52	12.28				4.91	5.40		5.20	5.28	4.71	5.32	4.79	5.49		
1999-03-02	8.84	10.41	12.66				4.93	5.35		5.18	5.24	4.66	5.27	4.75	5.44		
1999-03-03	8.75	10.81	12.92				4.89	5.39		5.19	5.24	4.62	5.29	4.75	5.48		
1999-03-04	8.69	11.20	13.32				4.90	5.41		5.20	5.27	4.62	5.32	4.75	5.52		
1999-03-05	8.74	11.02	13.33				4.84	5.34		5.14	5.21	4.63	5.24	4.73	5.44		
1999-03-08	8.72	11.49	13.63				4.83	5.29		5.12	5.18	4.64	5.21	4.73	5.42		
1999-03-09	8.71	11.25	13.78				4.76	5.18		5.02	5.08	4.60	5.11	4.68	5.33		
1999-03-10	8.68	11.46	14.74				4.75	5.20		5.04	5.09	4.60	5.13	4.68	5.35		
1999-03-11	8.63	11.86	14.30				4.77	5.21		5.05	5.11	4.62	5.13	4.69	5.35		
1999-03-12	8.63	12.30	14.51				4.76	5.16		5.00	5.06	4.60	5.08	4.68	5.31		
1999-03-15	8.54	12.17	14.48				4.76	5.15		4.99	5.03	4.61	5.07	4.72	5.29		
1999-03-16	8.50	12.11	14.60				4.74	5.11		4.97	5.01	4.55	5.03	4.69	5.24		
1999-03-17	8.46	12.95	15.11				4.74	5.14		5.01	5.05	4.53	5.05	4.67	5.27		
1999-03-18	8.47	13.35	15.11				4.72	5.11		4.99	5.00	4.51	5.02	4.63	5.24		
1999-03-19	8.23	13.15	15.26				4.73	5.17		5.04	5.05	4.51	5.07	4.64	5.31		
1999-03-22	8.14	13.37	15.39				4.77	5.21		5.08	5.10	4.52	5.13	4.58	5.34		
1999-03-23	8.14	13.64	15.36				4.74	5.20		5.03	5.09	4.50	5.11	4.53	5.34		
1999-03-24	8.16	13.37	15.18				4.73	5.17		4.98	5.04	4.50	5.07	4.54	5.30		
1999-03-25	8.06	13.50	15.66				4.77	5.21		5.02	5.07	4.51	5.12	4.56	5.35		
1999-03-26	8.01	13.97	16.16				4.74	5.21		4.99	5.05	4.51	5.10	4.53	5.35		
1999-03-29	7.91	14.34	16.46				4.75	5.28		5.02	5.08	4.51	5.15	4.52	5.40		
1999-03-30	8.03	14.50	16.66				4.72	5.21		4.97	5.03	4.48	5.09	4.50	5.34		
1999-03-31	7.29	15.02	16.66				4.72	5.25		4.99	5.07	4.49	5.12	4.53	5.38		
1999-04-01	7.15	14.60	16.65				4.73	5.27		5.01	5.08	4.44	5.15	4.51	5.40		
1999-04-02	7.22	.	.				4.67	5.20		4.96	5.03	4.43	5.07	4.48	5.31		
1999-04-05	7.12	.	16.94				4.67	5.20		4.96	5.02	4.40	5.07	4.53	5.33		
1999-04-06	7.08	14.53	16.79				4.66	5.13		4.93	4.98	4.42	5.01	4.53	5.26		
1999-04-07	6.97	14.14	16.02				4.69	5.14		4.93	5.01	4.42	5.04	4.54	5.26		
1999-04-08	6.94	13.72	15.92				4.64	5.03		4.86	4.89	4.40	4.94	4.52	5.16		
1999-04-09	6.82	14.11	16.59				4.63	5.05		4.88	4.91	4.42	4.96	4.51	5.17		
1999-04-12	6.74	14.23	16.44				4.66	5.06		4.93	4.95	4.32	4.98	4.50	5.17		
1999-04-13	6.62	14.68	16.73				4.66	5.12		4.94	4.97	4.32	5.02	4.50	5.23		
1999-04-14	6.56	14.45	16.51				4.65	5.13		4.95	4.98	4.30	5.04	4.50	5.24		
1999-04-15	6.49	14.82	16.85				4.66	5.18		4.97	5.05	4.32	5.08	4.51	5.27		
1999-04-16	6.40	15.34	17.34				4.71	5.23		5.02	5.08	4.34	5.13	4.55	5.32		
1999-04-19	6.42	16.01	17.82				4.69	5.18		4.99	5.04	4.36	5.08	4.54	5.27		
1999-04-20	6.41	16.04	17.79				4.67	5.16		4.95	5.03	4.38	5.06	4.54	5.25		
1999-04-21	6.39	15.96	18.05				4.68	5.17		4.99	5.03	4.36	5.07	4.53	5.24		
1999-04-22	6.33	16.29	18.02				4.73	5.25		5.05	5.09	4.40	5.15	4.56	5.34		
1999-04-23	6.30	16.07	17.96				4.71	5.26		5.04	5.09	4.43	5.15	4.60	5.34		
1999-04-26	6.25	15.63	17.67				4.72	5.23		5.04	5.12	4.47	5.14	4.57	5.31		
1999-04-27	6.30	15.91	17.82				4.74	5.22		5.04	5.07	4.50	5.12	4.60	5.29		
1999-04-28	6.25	16.38	18.43				4.75	5.27		5.02	5.10	4.51	5.16	4.60	5.32		
1999-04-29	6.25	16.53	18.53				4.68	5.22		4.95	5.02	4.51	5.09	4.60	5.26		
1999-04-30	6.13	16.45	18.69				4.78	5.36		5.08	5.17	4.55	5.24	4.66	5.42		
1999-05-03	6.09	.	18.83				4.79	5.38		5.08	5.16	4.62	5.25	4.69	5.44		
1999-05-04	6.01	16.98	18.94				4.80	5.42		5.12	5.20	4.63	5.30	4.69	5.48		
1999-05-05	6.10	16.85	18.89				4.75	5.40		5.09	5.16	4.61	5.27	4.67	5.46		
1999-05-06	6.02	16.44	18.23				4.79	5.52		5.19	5.26	4.62	5.39	4.68	5.57		
1999-05-07	5.93	15.66	18.23				4.78	5.54		5.19	5.27	4.62	5.40	4.69	5.60		
1999-05-10	5.96	15.72	18.57				4.77	5.54		5.15	5.24	4.60	5.38	4.69	5.58		
1999-05-11	5.96	15.23	17.84				4.80	5.59		5.19	5.27	4.62	5.40	4.71	5.63		
1999-05-12	5.96	14.74	17.44				4.79	5.51		5.19	5.27	4.60	5.39	4.69	5.60		
1999-05-13	6.09	15.21	18.11				4.75	5.41		5.12	5.19	4.59	5.29	4.68	5.48		
1999-05-14	6.00	15.18	18.04				4.86	5.62		5.30	5.38	4.64	5.48	4.73	5.71		
1999-05-17	6.07	14.98	17.76				4.90	5.66		5.31	5.40	4.71	5.53	4.82	5.75		
1999-05-18	6.10	14.43	17.09				4.92	5.68		5.38	5.46	4.66	5.58	4.82	5.79		
1999-05-19	6.23	14.42	16.77				4.90	5.60		5.37	5.44	4.63	5.54	4.78	5.72		
1999-05-20	6.33	14.44	17.04				4.88	5.60		5.35	5.43	4.61	5.53	4.76	5.74		
1999-05-21	6.53	14.49	17.22				4.87	5.52		5.30	5.37	4.61	5.46	4.77	5.67		
1999-05-24	6.61	14.83	16.77				4.86	5.50		5.28	5.35	4.64	5.43	4.78	5.65		
1999-05-25	6.64	14.71	17.25				4.90	5.49		5.30	5.37	4.64	5.44	4.80	5.66		
1999-05-26	6.52	15.18	17.32				4.92	5.55		5.33	5.41	4.66	5.49	4.81	5.72		
1999-05-27	6.38	15.04	17.18				4.98	5.62		5.43	5.52	4.65	5.59	4.83	5.81		
1999-05-28	6.45	14.75	16.85				4.97	5.64		5.42	5.51	4.66	5.60	4.83	5.83		
1999-05-31	6.29	.	.				.	.		.	.	.	.	.	.		
1999-06-01	6.20	14.22	16.31				5.09	5.78		5.54	5.63	4.77	5.74	4.97	5.99		
1999-06-02	6.23	14.28	16.61				5.07	5.80		5.55	5.64	4.74	5.75	4.96	5.98		
1999-06-03	6.24	14.26	16.81				5.07	5.80		5.54	5.62	4.65	5.75	4.96	5.95		
1999-06-04	6.21	15.21	17.36				5.07	5.82		5.56	5.64	4.57	5.75	4.95	5.97		
1999-06-07	6.16	15.98	17.91				5.08	5.81		5.56	5.64	4.64	5.73	4.98	5.96		
1999-06-08	6.12	16.25	17.66				5.10	5.83		5.57	5.65	4.62	5.74	4.98	5.97		
1999-06-09	6.07	16.19	17.98				5.12	5.87		5.61	5.69	4.60	5.79	4.99	6.02		
1999-06-10	6.04	15.99	17.82				5.13	5.92		5.66	5.74	4.67	5.85	5.03	6.07		
1999-06-11	5.99	16.25	18.45				5.16	6.02		5.70	5.78	4.74	5.92	5.10	6.17		
1999-06-14	6.07	16.05	18.24				5.13	5.98		5.66	5.75	4.76	5.89	5.06	6.12		
1999-06-15	6.01	16.33	18.61				5.09	5.98		5.66	5.74	4.74	5.87	5.08	6.12		
1999-06-16	6.02	16.29	17.92				5.00	5.94		5.61	5.69	4.67	5.84	5.02	6.09		
1999-06-17	6.04	16.00	18.25				4.95	5.79		5.49	5.56	4.64	5.67	4.95	5.92		
1999-06-18	5.99	15.93	18.01				4.98	5.84		5.56	5.63	4.69	5.75	4.99	5.95		
1999-06-21	5.88	15.64	17.79				5.01	5.90		5.62	5.68	4.74	5.81	5.05	6.04		
1999-06-22	5.86	15.91	17.62				5.15	5.94		5.65	5.73	4.73	5.84	5.05	6.08		
1999-06-23	5.82	16.04	18.42				5.18	6.00		5.70	5.79	4.73	5.90	5.05	6.15		
1999-06-24	5.80	16.28	18.26				5.18	6.05		5.75	5.84	4.74	5.93	5.06	6.20		
1999-06-25	5.83	16.27	18.17				5.18	6.02		5.73	5.81	4.80	5.91	5.10	6.18		
1999-06-28	5.89	16.27	18.22				5.15	5.96		5.68	5.75	4.88	5.86	5.15	6.11		
1999-06-29	5.89	16.38	18.56				5.17	5.93		5.68	5.75	4.84	5.84	5.13	6.08		
1999-06-30	5.93	16.97	19.33				5.07	5.81		5.53	5.59	4.78	5.67	5.04	5.93		
1999-07-01	5.87	17.25	19.39				5.09	5.85		5.58	5.65	4.68	5.73	5.01	5.98		
1999-07-02	5.87	17.55	19.70				5.08	5.82		5.58	5.65	4.69	5.70	4.98	5.96		
1999-07-05	5.87	.	.				.	.		.	.	.	.	.	.		
1999-07-06	5.84	18.47	19.78				5.08	5.88		5.64	5.73	4.72	5.77	4.78	6.02		
1999-07-07	5.82	18.36	19.98				5.06	5.92		5.64	5.74	4.67	5.79	4.75	6.05		
1999-07-08	5.87	18.74	19.76				5.04	5.85		5.59	5.66	4.68	5.72	4.74	5.98		
1999-07-09	5.85	18.90	19.94				5.04	5.84		5.61	5.68	4.69	5.72	4.75	5.99		
1999-07-12	5.89	18.94	19.92				5.02	5.74		5.53	5.56	4.74	5.62	4.73	5.89		
1999-07-13	5.97	19.49	20.33				5.00	5.71		5.50	5.57	4.71	5.60	4.71	5.86		
1999-07-14	6.00	19.48	19.89				5.01	5.74		5.55	5.59	4.72	5.63	4.69	5.89		
1999-07-15	6.01	18.90	20.26				5.01	5.72		5.53	5.59	4.70	5.63	4.68	5.88		
1999-07-16	6.03	19.42	20.66				5.00	5.68		5.50	5.53	4.68	5.57	4.67	5.83		
1999-07-19	6.00	19.75	20.28				5.00	5.66		5.46	5.51	4.67	5.56	4.69	5.82		
1999-07-20	6.02	19.33	19.38				4.96	5.65		5.43	5.48	4.64	5.54	4.64	5.80		
1999-07-21	6.03	18.62	19.54				4.92	5.66		5.45	5.51	4.59	5.55	4.65	5.81		
1999-07-22	5.98	19.01	19.84				4.99	5.78		5.52	5.62	4.61	5.66	4.68	5.94		
1999-07-23	5.94	19.69	20.41				5.02	5.84		5.58	5.65	4.65	5.72	4.71	6.00		
1999-07-26	5.98	19.73	20.49				5.04	5.86		5.61	5.68	4.68	5.73	4.73	6.02		
1999-07-27	6.09	19.46	20.40				5.03	5.82		5.56	5.61	4.70	5.70	4.77	5.98		
1999-07-28	6.03	19.65	20.61				5.04	5.81		5.54	5.59	4.71	5.70	4.79	5.97		
1999-07-29	5.99	19.97	21.09				5.11	5.88		5.62	5.68	4.72	5.79	4.83	6.06		
1999-07-30	5.99	19.97	20.52				5.13	5.92		5.63	5.70	4.75	5.82	4.85	6.10		
1999-07-31	5.75																
1999-08-02	5.75	19.21	20.46				5.15	5.92		5.65	5.76	4.85	5.85	4.97	6.11		
1999-08-03	5.76	19.32	20.21				5.17	5.95		5.65	5.75	4.84	5.86	5.02	6.13		
1999-08-04	5.79	19.38	20.49				5.12	5.96		5.64	5.73	4.78	5.86	4.99	6.13		
1999-08-05	5.86	19.64	20.67				5.05	5.88		5.55	5.64	4.74	5.77	4.95	6.07		
1999-08-06	5.77	19.66	20.89				5.16	6.02		5.69	5.79	4.80	5.94	5.03	6.24		
1999-08-09	5.74	19.34	21.26				5.24	6.13		5.79	5.89	4.96	6.04	5.15	6.33		
1999-08-10	5.78	20.18	21.31				5.24	6.16		5.79	5.90	4.95	6.00	5.14	6.37		
1999-08-11	5.80	20.58	21.54				5.22	6.05		5.76	5.86	4.91	5.96	5.11	6.32		
1999-08-12	5.80	20.32	21.42				5.25	6.08		5.78	5.89	4.79	5.97	5.09	6.33		
1999-08-13	5.86	20.61	21.67				5.19	5.98		5.71	5.81	4.74	5.88	5.07	6.21		
1999-08-16	5.84	20.68	21.34				5.24	5.98		5.75	5.82	4.84	5.88	5.14	6.19		
1999-08-17	5.87	20.61	21.70				5.23	5.89		5.68	5.75	4.83	5.80	5.13	6.10		
1999-08-18	5.87	20.69	21.54				5.19	5.88		5.66	5.74	4.76	5.79	5.07	6.09		
1999-08-19	5.86	20.92	21.86				5.18	5.90		5.66	5.74	4.76	5.81	5.08	6.12		
1999-08-20	5.87	21.11	21.66				5.16	5.88		5.65	5.72	4.84	5.79	5.10	6.10		
1999-08-23	5.88	20.96	21.61				5.21	5.89		5.66	5.73	5.01	5.79	5.16	6.11		
1999-08-24	5.89	20.48	21.36				5.18	5.85		5.65	5.71	4.99	5.73	5.11	6.06		
1999-08-25	5.97	19.71	20.66				5.14	5.73		5.53	5.61	4.93	5.63	5.04	5.94		
1999-08-26	5.93	19.80	21.09				5.18	5.75		5.56	5.65	4.93	5.67	5.06	5.96		
1999-08-27	5.83	20.32	21.31				5.24	5.85		5.65	5.74	4.98	5.75	5.11	6.05		
1999-08-30	5.78	.	21.93				5.31	5.95		5.73	5.81	5.01	5.86	5.21	6.16		
1999-08-31	5.64	21.08	22.15				5.30	5.98		5.73	5.82	4.98	5.88	5.21	6.20		
1999-09-01	5.65	21.10	21.79				5.30	5.99		5.74	5.82	4.97	5.88	5.21	6.20		
1999-09-02	5.59	20.66	21.54				5.30	6.03		5.74	5.83	4.92	5.90	5.19	6.23		
1999-09-03	5.65	20.74	22.00				5.22	5.89		5.64	5.72	4.92	5.78	5.14	6.12		
1999-09-06	5.65	21.14	.				.	.		.	.	.	.	.	.		
1999-09-07	5.63	21.71	22.58				5.27	5.95		5.69	5.78	4.85	5.83	5.15	6.17		
1999-09-08	5.63	21.96	22.64				5.28	5.93		5.67	5.77	4.83	5.82	5.15	6.15		
1999-09-09	5.59	22.51	23.24				5.30	5.97		5.71	5.81	4.81	5.85	5.15	6.19		
1999-09-10	5.61	22.36	23.55				5.26	5.89		5.64	5.75	4.76	5.78	5.11	6.10		
1999-09-13	5.59	22.98	24.18				5.28	5.92		5.66	5.76	4.80	5.80	5.13	6.12		
1999-09-14	5.56	23.18	23.86				5.30	5.96		5.71	5.82	4.83	5.85	5.14	6.18		
1999-09-15	5.57	23.25	24.10				5.25	5.94		5.67	5.79	4.75	5.81	5.07	6.14		
1999-09-16	5.59	23.06	24.52				5.23	5.90		5.63	5.70	4.70	5.77	5.04	6.09		
1999-09-17	5.63	22.93	24.72				5.24	5.87		5.63	5.74	4.67	5.76	5.07	6.06		
1999-09-20	5.52	22.85	24.32				5.28	5.91		5.67	5.75	4.81	5.81	5.09	6.11		
1999-09-21	5.52	22.68	24.48				5.26	5.94		5.67	5.76	4.79	5.83	5.06	6.14		
1999-09-22	5.53	22.49	24.26				5.26	5.92		5.67	5.74	4.83	5.81	5.07	6.12		
1999-09-23	5.54	23.41	24.76				5.22	5.87		5.63	5.70	4.82	5.76	5.05	6.06		
1999-09-24	5.60	23.66	24.81				5.15	5.75		5.55	5.60	4.78	5.65	5.00	5.94		
1999-09-27	5.56	23.60	24.63				5.19	5.83		5.62	5.67	4.87	5.73	5.01	6.01		
1999-09-28	5.50	23.24	24.52				5.20	5.89		5.65	5.70	4.85	5.78	4.97	6.09		
1999-09-29	5.44	23.46	24.69				5.27	5.97		5.68	5.75	4.83	5.86	4.98	6.18		
1999-09-30	5.46	22.98	24.54				5.22	5.90		5.63	5.70	4.88	5.78	4.99	6.10		
1999-10-01	5.40	22.98	24.51				5.30	6.00		5.73	5.83	4.88	5.90	5.01	6.22		
1999-10-04	5.39	23.30	23.71				5.27	5.95		5.70	5.79	4.87	5.85	5.10	6.15		
1999-10-05	5.48	22.64	23.37				5.33	6.02		5.78	5.87	4.86	5.94	5.12	6.24		
1999-10-06	5.39	23.07	23.24				5.36	6.04		5.81	5.89	4.81	5.98	5.09	6.27		
1999-10-07	5.39	22.33	22.46				5.36	6.05		5.82	5.91	4.84	5.99	5.12	6.28		
1999-10-08	5.32	20.78	20.81				5.36	6.04		5.80	5.87	4.82	5.97	5.11	6.27		
1999-10-11	5.30	20.84	21.58				.	.		.	.	.	.	.	.		
1999-10-12	5.26	21.89	22.93				5.38	6.07		5.82	5.89	4.93	5.99	5.14	6.29		
1999-10-13	5.29	22.26	22.93				5.43	6.12		5.87	5.93	4.98	6.04	5.16	6.35		
1999-10-14	5.24	22.28	22.46				5.45	6.17		5.90	5.97	5.02	6.09	5.17	6.41		
1999-10-15	5.27	21.65	22.81				5.42	6.09		5.82	5.89	5.04	5.99	5.15	6.33		
1999-10-18	5.34	22.26	22.44				5.42	6.12		5.85	5.92	5.15	6.03	5.21	6.34		
1999-10-19	5.33	21.59	22.36				5.47	6.18		5.92	5.99	5.15	6.09	5.24	6.39		
1999-10-20	5.25	21.02	22.21				5.49	6.19		5.94	6.02	5.15	6.11	5.25	6.41		
1999-10-21	5.29	21.68	22.74				5.48	6.20		5.93	6.02	5.14	6.11	5.27	6.43		
1999-10-22	5.21	22.38	23.48				5.50	6.21		5.96	6.02	5.07	6.13	5.28	6.43		
1999-10-25	5.15	22.45	23.22				5.54	6.22		5.98	6.06	5.14	6.14	5.33	6.44		
1999-10-26	5.17	22.14	23.17				5.57	6.24		6.02	6.09	5.15	6.17	5.34	6.46		
1999-10-27	5.12	22.18	22.71				5.53	6.19		5.94	6.04	5.14	6.13	5.33	6.39		
1999-10-28	5.13	21.22	21.59				5.49	6.12		5.87	5.95	5.11	6.05	5.31	6.30		
1999-10-29	5.17	21.11	21.79				5.43	6.02		5.79	5.90	5.12	5.97	5.28	6.19		
1999-10-31	5.29																
1999-11-01	5.31	21.32	22.44				5.47	6.06		5.83	5.93	5.16	6.00	5.32	6.23		
1999-11-02	5.31	21.98	22.49				5.47	6.04		5.81	5.93	5.14	5.98	5.31	6.20		
1999-11-03	5.29	22.38	22.59				5.46	6.01		5.79	5.88	5.12	5.97	5.33	6.18		
1999-11-04	5.31	22.64	23.17				5.44	5.95		5.74	5.82	5.10	5.91	5.33	6.11		
1999-11-05	5.29	22.80	22.93				5.43	5.92		5.72	5.80	5.14	5.88	5.33	6.07		
1999-11-08	5.24	23.62	23.28				5.48	5.95		5.74	5.83	5.20	5.90	5.36	6.08		
1999-11-09	5.32	24.44	24.21				5.49	5.97		5.77	5.81	5.19	5.87	5.37	6.10		
1999-11-10	5.18	25.42	24.37				5.52	6.00		5.81	5.84	5.20	5.90	5.41	6.14		
1999-11-11	5.19	24.96	24.33				.	.		.	.	.	.	.	.		
1999-11-12	5.17	25.39	24.91				5.49	5.93		5.78	5.82	5.23	5.85	5.41	6.06		
1999-11-15	5.13	25.93	25.31				5.52	5.94		5.79	5.83	5.29	5.87	5.45	6.07		
1999-11-16	5.08	24.88	26.04				5.55	5.97		5.85	5.88	5.29	5.91	5.45	6.10		
1999-11-17	5.06	24.98	26.57				5.57	6.04		5.90	5.94	5.24	5.98	5.44	6.18		
1999-11-18	5.06	25.02	25.71				5.58	6.06		5.90	5.94	5.23	5.99	5.46	6.20		
1999-11-19	5.01	25.14	26.61				5.59	6.07		5.92	5.97	5.23	6.00	5.44	6.21		
1999-11-22	4.99	25.86	28.03				5.63	6.09		5.95	5.98	5.27	6.02	5.47	6.23		
1999-11-23	4.96	25.66	26.91				5.63	6.08		5.93	5.99	5.27	6.02	5.47	6.23		
1999-11-24	4.93	25.77	27.22				5.65	6.09		5.97	6.00	5.29	6.02	5.52	6.22		
1999-11-25	4.95	25.94	.				.	.		.	.	.	.	.	.		
1999-11-26	4.94	25.85	27.22				5.68	6.12		5.99	6.03	5.30	6.06	5.54	6.25		
1999-11-29	4.90	25.67	25.84				5.72	6.21		6.04	6.10	5.36	6.14	5.58	6.32		
1999-11-30	4.85	25.20	24.87				5.70	6.18		6.01	6.05	5.30	6.11	5.57	6.28		
1999-12-01	4.84	24.20	25.01				5.73	6.21		6.04	6.11	5.27	6.14	5.58	6.32		
1999-12-02	4.81	25.52	25.88				5.77	6.24		6.06	6.10	5.25	6.16	5.57	6.35		
1999-12-03	4.83	26.17	25.71				5.71	6.17		5.99	6.03	5.25	6.08	5.54	6.27		
1999-12-06	4.83	26.46	26.67				5.72	6.16		5.98	6.04	5.22	6.07	5.54	6.24		
1999-12-07	4.84	26.10	26.36				5.68	6.11		5.95	6.01	5.22	6.03	5.55	6.20		
1999-12-08	4.82	25.45	26.69				5.69	6.15		5.98	6.02	5.22	6.06	5.56	6.24		
1999-12-09	4.84	25.85	26.00				5.67	6.14		5.96	5.99	5.25	6.03	5.58	6.22		
1999-12-10	4.84	24.86	25.21				5.67	6.08		5.93	5.95	5.30	5.98	5.59	6.15		
1999-12-13	4.80	24.31	25.37				5.74	6.11		5.96	5.99	5.39	6.01	5.67	6.18		
1999-12-14	4.72	24.88	25.87				5.81	6.22		6.07	6.10	5.39	6.12	5.71	6.30		
1999-12-15	4.67	25.68	26.28				5.85	6.25		6.10	6.12	5.35	6.14	5.71	6.34		
1999-12-16	4.63	26.09	26.74				5.90	6.31		6.15	6.18	5.39	6.20	5.75	6.41		
1999-12-17	4.65	26.22	26.76				5.93	6.30		6.15	6.17	5.44	6.22	5.78	6.42		
1999-12-20	4.59	25.98	26.55				5.99	6.36		6.21	6.23	5.63	6.28	5.90	6.49		
1999-12-21	4.57	25.51	26.34				5.97	6.38		6.21	6.25	5.59	6.29	5.86	6.50		
1999-12-22	4.56	25.04	25.51				5.97	6.39		6.24	6.27	5.56	6.31	5.81	6.52		
1999-12-23	4.55	25.11	25.86				5.96	6.41		6.24	6.27	5.47	6.33	5.75	6.54		
1999-12-24	4.56	.	.				.	.		.	.	.	.	.	.		
1999-12-27	4.55	.	26.36				5.97	6.40		6.21	6.26	5.47	6.32	5.77	6.52		
1999-12-28	4.55	.	26.81				5.96	6.43		6.23	6.28	5.41	6.35	5.73	6.55		
1999-12-29	4.52	25.63	26.41				5.93	6.40		6.21	6.25	5.23	6.32	5.68	6.50		
1999-12-30	4.52	24.93	25.76				5.93	6.39		6.19	6.23	5.22	6.30	5.68	6.48		
1999-12-31	4.53	.	.				5.98	6.45		6.24	6.29	5.33	6.36	5.74	6.55		
2000-01-03	4.44	.	.				6.09	6.58		6.38	6.42	5.48	6.50	5.81	6.65		
2000-01-04	4.49	23.95	25.56				6.00	6.49		6.30	6.34	5.43	6.40	5.75	6.56		
2000-01-05	4.46	23.72	24.65				6.05	6.62		6.38	6.43	5.44	6.51	5.74	6.68		
2000-01-06	4.49	23.55	24.79				6.03	6.57		6.35	6.39	5.41	6.46	5.69	6.63		
2000-01-07	4.50	23.35	24.79				6.00	6.52		6.31	6.35	5.38	6.42	5.66	6.58		
2000-01-10	4.47	22.77	24.71				6.07	6.57		6.38	6.42	5.42	6.49	5.64	6.62		
2000-01-11	4.43	23.93	25.69				6.13	6.67		6.45	6.49	5.43	6.57	5.66	6.72		
2000-01-12	4.40	24.62	26.30				6.16	6.72		6.49	6.53	5.45	6.63	5.70	6.76		
2000-01-13	4.44	24.90	26.63				6.10	6.63		6.40	6.45	5.41	6.54	5.66	6.67		
2000-01-14	4.39	25.50	28.01				6.13	6.69		6.44	6.49	5.41	6.59	5.69	6.71		
2000-01-17	4.41	25.99	.				.	.		.	.	.	.	.	.		
2000-01-18	4.34	26.31	28.98				6.15	6.75		6.47	6.53	5.56	6.65	5.79	6.78		
2000-01-19	4.35	26.17	29.11				6.12	6.73		6.46	6.51	5.51	6.62	5.78	6.75		
2000-01-20	4.30	26.26	29.67				6.13	6.79		6.49	6.55	5.48	6.67	5.84	6.80		
2000-01-21	4.30	27.18	29.71				6.12	6.79		6.48	6.54	5.47	6.67	5.83	6.80		
2000-01-24	4.33	27.02	29.25				6.13	6.69		6.43	6.48	5.55	6.59	5.77	6.71		
2000-01-25	4.33	27.24	30.28				6.13	6.70		6.44	6.50	5.57	6.60	5.78	6.72		
2000-01-26	4.31	27.18	27.66				6.15	6.69		6.45	6.51	5.58	6.62	5.78	6.72		
2000-01-27	4.26	26.91	27.22				6.19	6.68		6.51	6.58	5.59	6.67	5.79	6.72		
2000-01-28	4.25	26.59	27.27				6.25	6.66		6.58	6.62	5.65	6.68	5.86	6.72		
2000-01-31	4.31	27.08	27.65				6.30	6.68		6.61	6.65	5.76	6.71	5.97	6.75		
2000-02-01	4.34	27.35	28.28				6.30	6.62		6.60	6.63	5.71	6.68	5.95	6.71		
2000-02-02	4.32	27.15	27.52				6.24	6.60		6.63	6.66	5.66	6.69	5.94	6.71		
2000-02-03	4.32	27.60	28.26				6.16	6.49		6.56	6.56	5.63	6.56	5.86	6.63		
2000-02-04	4.21	27.48	28.67				6.19	6.53		6.63	6.64	5.67	6.64	5.94	6.68		
2000-02-07	4.12	27.94	28.40				6.23	6.64		6.68	6.72	5.72	6.76	6.04	6.80		
2000-02-08	4.15	27.61	28.05				6.22	6.59		6.69	6.74	5.69	6.74	6.02	6.73		
2000-02-09	4.12	27.44	28.71				6.20	6.56		6.69	6.75	5.66	6.77	5.99	6.78		
2000-02-10	4.09	27.32	29.49				6.20	6.67		6.67	6.74	5.67	6.78	5.98	6.87		
2000-02-11	4.09	27.82	29.51				6.17	6.63		6.65	6.73	5.66	6.77	5.98	6.81		
2000-02-14	4.12	28.03	30.30				6.19	6.56		6.62	6.68	5.68	6.72	6.04	6.74		
2000-02-15	4.00	28.12	30.17				6.20	6.56		6.66	6.72	5.75	6.74	6.01	6.76		
2000-02-16	4.00	28.11	30.01				6.22	6.56		6.63	6.70	5.73	6.75	6.00	6.77		
2000-02-17	3.95	27.54	29.37				6.28	6.58		6.69	6.72	5.74	6.76	6.03	6.81		
2000-02-18	4.00	27.26	29.51				6.26	6.49		6.66	6.71	5.75	6.72	6.02	6.72		
2000-02-21	4.00	26.93	.				.	.		.	.	.	.	.	.		
2000-02-22	4.07	27.22	29.63				6.22	6.36		6.57	6.62	5.82	6.62	6.03	6.60		
2000-02-23	4.00	27.92	30.19				6.27	6.44		6.61	6.63	5.82	6.66	6.03	6.70		
2000-02-24	4.05	28.21	30.23				6.22	6.36		6.52	6.54	5.81	6.56	6.02	6.61		
2000-02-25	4.06	28.53	30.34				6.18	6.36		6.45	6.48	5.79	6.50	5.99	6.61		
2000-02-28	3.99	28.70	30.11				6.21	6.37		6.47	6.50	5.80	6.53	6.02	6.62		
2000-02-29	3.97	29.01	30.57				6.20	6.42		6.53	6.58	5.78	6.61	6.02	6.67		
2000-03-01	3.98	29.78	31.71				6.17	6.39		6.52	6.54	5.76	6.59	6.02	6.63		
2000-03-02	3.94	30.12	31.51				6.19	6.40		6.52	6.58	5.76	6.59	6.03	6.64		
2000-03-03	3.94	29.83	31.46				6.15	6.39		6.50	6.56	5.79	6.60	6.02	6.62		
2000-03-06	3.87	30.08	32.19				6.20	6.42		6.55	6.62	5.85	6.64	6.08	6.65		
2000-03-07	3.87	31.93	33.90				6.17	6.39		6.48	6.55	5.83	6.60	6.07	6.62		
2000-03-08	3.85	31.41	31.22				6.17	6.38		6.50	6.54	5.83	6.59	6.09	6.61		
2000-03-09	3.85	29.11	31.61				6.15	6.35		6.48	6.52	5.82	6.56	6.06	6.59		
2000-03-10	3.81	28.97	31.76				6.21	6.39		6.55	6.58	5.87	6.61	6.11	6.63		
2000-03-13	3.85	29.25	32.11				6.21	6.36		6.52	6.54	5.89	6.57	6.13	6.60		
2000-03-14	3.89	28.83	31.93				6.20	6.31		6.48	6.50	5.87	6.52	6.12	6.55		
2000-03-15	3.92	28.03	30.47				6.21	6.29		6.50	6.50	5.85	6.50	6.12	6.52		
2000-03-16	3.94	27.97	31.10				6.20	6.26		6.50	6.49	5.87	6.47	6.11	6.48		
2000-03-17	3.94	27.87	30.86				6.20	6.20		6.50	6.49	5.89	6.45	6.13	6.43		
2000-03-20	3.93	25.59	29.33				6.23	6.18		6.52	6.50	5.95	6.45	6.17	6.44		
2000-03-21	3.92	24.93	28.01				6.22	6.13		6.50	6.48	5.91	6.44	6.13	6.39		
2000-03-22	3.93	25.77	27.28				6.21	6.13		6.50	6.47	5.91	6.41	6.11	6.41		
2000-03-23	3.92	25.32	27.47				6.23	6.08		6.52	6.47	5.90	6.39	6.12	6.37		
2000-03-24	3.86	25.74	27.86				6.31	6.20		6.64	6.59	5.91	6.51	6.19	6.49		
2000-03-27	3.86	25.16	27.59				6.32	6.21		6.66	6.61	5.88	6.51	6.18	6.49		
2000-03-28	3.90	24.80	27.10				6.31	6.17		6.60	6.57	5.88	6.46	6.16	6.45		
2000-03-29	3.89	23.77	26.36				6.31	6.18		6.59	6.54	5.89	6.46	6.17	6.45		
2000-03-30	3.98	23.94	26.67				6.26	6.06		6.52	6.47	5.88	6.35	6.14	6.31		
2000-03-31	3.99	23.98	26.86				6.28	6.03		6.50	6.44	5.88	6.32	6.15	6.28		
2000-04-03	4.07	24.62	26.28				6.23	6.00		6.45	6.41	5.87	6.30	6.18	6.25		
2000-04-04	4.20	23.26	25.46				6.14	5.90		6.35	6.29	5.83	6.16	6.10	6.15		
2000-04-05	4.17	22.98	25.76				6.15	5.90		6.35	6.29	5.86	6.17	6.12	6.16		
2000-04-06	4.15	22.90	25.51				6.17	5.93		6.38	6.32	5.88	6.20	6.10	6.19		
2000-04-07	4.17	22.63	24.97				6.17	5.86		6.38	6.33	5.90	6.18	6.10	6.13		
2000-04-10	4.23	21.08	23.91				6.14	5.80		6.31	6.26	5.85	6.11	6.10	6.08		
2000-04-11	4.17	21.05	24.17				6.16	5.89		6.36	6.31	5.83	6.19	6.12	6.20		
2000-04-12	4.11	21.40	25.49				6.17	5.97		6.40	6.35	5.83	6.27	6.08	6.29		
2000-04-13	4.14	22.65	25.29				6.16	5.94		6.40	6.34	5.81	6.24	6.07	6.25		
2000-04-14	4.22	22.13	25.48				6.08	5.85		6.27	6.21	5.81	6.11	6.03	6.16		
2000-04-17	4.18	22.20	26.06				6.09	6.01		6.33	6.29	5.82	6.23	6.05	6.31		
2000-04-18	4.17	22.67	25.92				6.07	6.05		6.33	6.30	5.81	6.27	6.01	6.33		
2000-04-19	4.22	23.50	27.38				6.08	5.99		6.33	6.29	5.81	6.23	6.02	6.26		
2000-04-20	4.20	23.57	27.29				6.12	5.99		6.38	6.33	5.79	6.24	6.00	6.25		
2000-04-21	.	.	.				.	.		.	.	.	.	.	.		
2000-04-24	4.21	.	27.41				6.11	6.00		6.36	6.31	5.80	6.23	6.01	6.25		
2000-04-25	4.13	23.36	26.41				6.18	6.14		6.48	6.45	5.79	6.39	6.02	6.40		
2000-04-26	4.11	22.90	24.69				6.19	6.14		6.50	6.46	5.75	6.40	6.03	6.40		
2000-04-27	4.09	23.07	25.53				6.21	6.23		6.63	6.59	5.75	6.51	6.06	6.50		
2000-04-28	4.10	23.79	25.71				6.24	6.23		6.68	6.64	5.82	6.56	6.12	6.49		
2000-04-30	4.07																
2000-05-01	4.06	.	25.84				6.24	6.29		6.73	6.68	6.00	6.59	6.25	6.55		
2000-05-02	4.05	24.73	26.86				6.23	6.32		6.72	6.68	5.92	6.60	6.22	6.58		
2000-05-03	4.03	25.13	26.60				6.23	6.40		6.73	6.71	5.91	6.66	6.23	6.66		
2000-05-04	4.04	25.06	27.08				6.20	6.46		6.77	6.74	5.90	6.70	6.22	6.71		
2000-05-05	4.08	24.93	27.37				6.29	6.51		6.84	6.81	5.97	6.77	6.30	6.75		
2000-05-08	4.10	26.03	28.05				6.38	6.57		6.87	6.86	6.19	6.83	6.47	6.82		
2000-05-09	4.16	26.69	28.46				6.37	6.53		6.86	6.82	6.14	6.75	6.41	6.77		
2000-05-10	4.24	26.59	28.10				6.36	6.47		6.84	6.79	6.14	6.69	6.41	6.70		
2000-05-11	4.30	27.22	29.25				6.37	6.43		6.82	6.78	6.14	6.67	6.43	6.68		
2000-05-12	4.27	27.98	29.64				6.44	6.51		6.91	6.86	6.14	6.76	6.52	6.77		
2000-05-15	4.28	28.26	29.95				6.44	6.47		6.88	6.82	6.25	6.73	6.55	6.72		
2000-05-16	4.30	28.78	29.76				6.43	6.43		6.89	6.84	6.20	6.72	6.53	6.69		
2000-05-17	4.27	28.40	29.38				6.42	6.48		6.90	6.84	6.05	6.74	6.44	6.74		
2000-05-18	4.22	28.90	30.28				6.39	6.56		6.93	6.88	5.92	6.79	6.40	6.83		
2000-05-19	4.30	29.01	30.02				6.32	6.51		6.86	6.80	5.89	6.71	6.40	6.76		
2000-05-22	4.36	28.45	28.62				6.29	6.44		6.81	6.75	6.01	6.66	6.42	6.69		
2000-05-23	4.35	28.12	28.61				6.30	6.45		6.83	6.77	6.01	6.68	6.43	6.70		
2000-05-24	4.36	28.97	29.89				6.29	6.47		6.79	6.76	5.92	6.71	6.41	6.72		
2000-05-25	4.43	29.62	30.43				6.27	6.39		6.71	6.69	5.85	6.64	6.37	6.63		
2000-05-26	4.46	30.09	29.76				6.27	6.33		6.69	6.65	5.83	6.57	6.36	6.57		
2000-05-29	4.47	.	.				.	.		.	.	.	.	.	.		
2000-05-30	4.45	29.89	30.36				6.28	6.38		6.74	6.70	5.87	6.62	6.44	6.61		
2000-05-31	4.55	29.64	29.03				6.37	6.29		6.69	6.66	5.63	6.54	6.35	6.52		
2000-06-01	4.57	29.69	30.19				6.32	6.20		6.61	6.56	5.74	6.44	6.27	6.44		
2000-06-02	4.55	29.35	30.34				6.23	6.15		6.52	6.48	5.87	6.37	6.25	6.39		
2000-06-05	4.53	28.27	29.87				6.22	6.12		6.49	6.44	5.98	6.33	6.32	6.36		
2000-06-06	4.50	28.42	29.78				6.24	6.14		6.51	6.46	5.99	6.35	6.33	6.37		
2000-06-07	4.52	28.32	29.29				6.23	6.13		6.52	6.47	5.92	6.35	6.30	6.35		
2000-06-08	4.51	29.34	29.78				6.22	6.13		6.56	6.50	5.91	6.37	6.27	6.36		
2000-06-09	4.50	29.00	30.22				6.23	6.13		6.56	6.50	5.92	6.36	6.28	6.36		
2000-06-12	4.48	30.10	31.76				6.20	6.09		6.52	6.47	5.93	6.33	6.27	6.32		
2000-06-13	4.49	30.40	32.73				6.17	6.11		6.49	6.44	5.88	6.32	6.24	6.35		
2000-06-14	4.49	30.12	32.72				6.13	6.06		6.44	6.38	5.82	6.26	6.22	6.28		
2000-06-15	4.48	29.77	32.70				6.13	6.05		6.44	6.39	5.84	6.26	6.23	6.27		
2000-06-16	4.49	28.68	32.35				6.09	5.99		6.38	6.32	5.83	6.19	6.20	6.21		
2000-06-19	4.45	27.69	31.57				6.11	6.00		6.40	6.34	5.84	6.20	6.20	6.23		
2000-06-20	4.43	28.86	33.07				6.12	6.03		6.43	6.37	5.79	6.23	6.19	6.26		
2000-06-21	4.38	30.71	33.64				6.16	6.11		6.50	6.45	5.81	6.32	6.19	6.35		
2000-06-22	4.40	30.61	34.72				6.16	6.12		6.50	6.45	5.84	6.32	6.16	6.35		
2000-06-23	4.37	31.02	34.76				6.19	6.19		6.55	6.49	5.86	6.37	6.20	6.42		
2000-06-26	4.42	30.90	31.56				6.16	6.11		6.50	6.43	5.82	6.29	6.23	6.34		
2000-06-27	4.43	30.47	32.01				6.16	6.10		6.50	6.43	5.83	6.29	6.23	6.33		
2000-06-28	4.40	31.15	31.86				6.14	6.11		6.43	6.38	5.81	6.28	6.22	6.33		
2000-06-29	4.45	31.05	32.73				6.11	6.04		6.37	6.32	5.85	6.21	6.22	6.27		
2000-06-30	4.48	31.58	32.44				6.08	6.03		6.38	6.31	5.88	6.18	6.23	6.25		
2000-07-03	4.46	32.15	.				6.07	6.00		6.31	6.24	6.00	6.12	6.24	6.19		
2000-07-04	4.47	30.73	.				.	.		.	.	.	.	.	.		
2000-07-05	4.45	30.35	30.76				6.06	5.99		6.29	6.23	5.99	6.12	6.19	6.18		
2000-07-06	4.40	30.67	30.19				6.10	6.05		6.34	6.28	6.02	6.16	6.21	6.24		
2000-07-07	4.42	30.62	30.26				6.07	6.01		6.29	6.23	6.04	6.11	6.19	6.17		
2000-07-10	4.40	30.58	29.51				6.09	6.04		6.31	6.24	6.10	6.13	6.23	6.21		
2000-07-11	4.39	29.83	29.61				6.09	6.06		6.32	6.26	6.10	6.16	6.24	6.22		
2000-07-12	4.33	30.27	30.34				6.10	6.09		6.34	6.29	6.17	6.20	6.26	6.26		
2000-07-13	4.37	31.15	31.41				6.07	6.01		6.31	6.24	6.18	6.15	6.27	6.17		
2000-07-14	4.31	30.82	31.31				6.12	6.10		6.41	6.35	6.17	6.25	6.28	6.29		
2000-07-17	4.27	28.44	30.71				6.14	6.17		6.46	6.40	6.15	6.31	6.30	6.35		
2000-07-18	4.28	28.46	31.94				6.13	6.16		6.44	6.39	6.16	6.30	6.31	6.34		
2000-07-19	4.28	28.33	31.10				6.15	6.16		6.46	6.40	6.18	6.31	6.33	6.35		
2000-07-20	4.34	27.85	30.94				6.04	6.01		6.32	6.25	6.18	6.15	6.29	6.18		
2000-07-21	4.34	26.68	28.56				6.07	6.01		6.32	6.25	6.13	6.14	6.27	6.17		
2000-07-24	4.32	26.84	27.97				6.07	6.04		6.35	6.28	6.21	6.18	6.29	6.21		
2000-07-25	4.32	25.78	27.89				6.06	6.04		6.35	6.28	6.20	6.17	6.28	6.20		
2000-07-26	4.30	25.92	27.81				6.05	6.04		6.29	6.24	6.18	6.16	6.28	6.19		
2000-07-27	4.28	25.60	28.21				6.05	6.02		6.27	6.21	6.22	6.14	6.29	6.17		
2000-07-28	4.27	25.96	28.22				6.05	6.04		6.30	6.24	6.20	6.16	6.30	6.19		
2000-07-31	4.29	25.30	27.50				6.07	6.04		6.30	6.24	6.27	6.16	6.42	6.19		
2000-08-01	4.32	25.24	27.85				6.09	6.00		6.27	6.20	6.25	6.12	6.39	6.14		
2000-08-02	4.32	26.80	28.27				6.12	5.98		6.23	6.18	6.25	6.09	6.35	6.10		
2000-08-03	4.33	27.04	28.92				6.10	5.95		6.22	6.16	6.23	6.07	6.34	6.08		
2000-08-04	4.34	28.01	29.94				6.08	5.91		6.15	6.10	6.23	6.02	6.31	6.03		
2000-08-07	4.32	27.56	28.93				6.13	5.97		6.20	6.16	6.28	6.07	6.34	6.09		
2000-08-08	4.32	27.58	29.26				6.13	5.93		6.16	6.13	6.26	6.03	6.32	6.04		
2000-08-09	4.31	28.13	30.38				6.17	5.81		6.18	6.14	6.25	6.03	6.32	6.03		
2000-08-10	4.29	28.98	31.09				6.17	5.76		6.16	6.11	6.25	6.00	6.31	6.00		
2000-08-11	4.27	29.44	31.02				6.24	5.79		6.25	6.19	6.29	6.07	6.35	6.06		
2000-08-14	4.25	29.24	31.92				6.21	5.78		6.25	6.20	6.27	6.07	6.36	6.05		
2000-08-15	4.21	30.00	31.43				6.22	5.81		6.28	6.24	6.28	6.11	6.37	6.08		
2000-08-16	4.21	29.66	31.91				6.21	5.83		6.30	6.26	6.27	6.13	6.35	6.10		
2000-08-17	4.21	30.71	31.88				6.21	5.81		6.30	6.26	6.27	6.13	6.35	6.09		
2000-08-18	4.24	30.76	31.97				6.19	5.78		6.27	6.22	6.27	6.09	6.32	6.05		
2000-08-21	4.25	31.34	32.42				6.20	5.79		6.28	6.23	6.30	6.10	6.38	6.06		
2000-08-22	4.25	30.18	31.24				6.20	5.78		6.27	6.21	6.28	6.07	6.36	6.05		
2000-08-23	4.25	32.38	31.23				6.18	5.73		6.20	6.16	6.29	6.02	6.37	5.99		
2000-08-24	4.27	31.67	33.41				6.20	5.73		6.19	6.12	6.29	6.00	6.36	5.98		
2000-08-25	4.27	33.26	34.01				6.20	5.73		6.19	6.12	6.31	6.00	6.36	5.98		
2000-08-28	4.25	33.29	32.92				6.24	5.78		6.23	6.15	6.32	6.05	6.39	6.04		
2000-08-29	4.23	34.03	32.73				6.25	5.81		6.26	6.21	6.31	6.08	6.39	6.07		
2000-08-30	4.24	34.13	33.25				6.25	5.81		6.24	6.17	6.32	6.07	6.39	6.07		
2000-08-31	4.24	35.08	33.09				6.22	5.73		6.18	6.09	6.31	5.98	6.38	5.98		
2000-09-01	4.28	35.09	33.42				6.18	5.68		6.09	6.01	6.27	5.92	6.32	5.91		
2000-09-04	4.28	36.02	.				.	.		.	.	.	.	.	.		
2000-09-05	4.27	35.72	33.92				6.18	5.69		6.09	6.01	6.27	5.92	6.32	5.91		
2000-09-06	4.25	36.70	34.97				6.19	5.72		6.11	6.03	6.21	5.95	6.30	5.96		
2000-09-07	4.25	37.43	35.18				6.22	5.76		6.14	6.06	6.20	5.97	6.28	5.99		
2000-09-08	4.26	36.27	33.62				6.19	5.73		6.11	6.03	6.14	5.95	6.26	5.97		
2000-09-11	4.26	36.87	35.14				6.20	5.77		6.12	6.05	6.11	5.97	6.23	6.00		
2000-09-12	4.25	33.30	34.25				6.17	5.78		6.12	6.06	6.09	5.97	6.21	6.00		
2000-09-13	4.30	31.08	33.87				6.12	5.74		6.09	6.02	6.09	5.94	6.19	5.95		
2000-09-14	4.29	31.35	34.37				6.13	5.79		6.11	6.03	6.14	5.96	6.20	5.99		
2000-09-15	4.30	33.68	35.87				6.10	5.84		6.07	6.01	6.14	5.93	6.20	6.02		
2000-09-18	4.35	34.55	36.75				6.07	5.88		6.04	5.99	6.15	5.93	6.21	6.03		
2000-09-19	4.37	33.48	36.96				6.09	5.86		6.05	5.99	6.17	5.93	6.22	6.01		
2000-09-20	4.35	33.67	37.22				6.10	5.91		6.11	6.06	6.16	5.98	6.23	6.06		
2000-09-21	4.38	32.18	33.84				6.09	5.88		6.11	6.07	6.16	5.96	6.23	6.03		
2000-09-22	4.42	31.59	32.66				6.08	5.85		6.09	6.04	6.16	5.93	6.24	5.99		
2000-09-25	4.40	30.01	31.50				6.09	5.84		6.11	6.05	6.18	5.94	6.25	5.99		
2000-09-26	4.44	29.94	31.78				6.08	5.81		6.07	6.01	6.18	5.90	6.24	5.95		
2000-09-27	4.42	29.78	31.23				6.07	5.83		6.00	5.94	6.20	5.89	6.28	5.96		
2000-09-28	4.40	28.91	30.26				6.09	5.82		6.02	5.96	6.25	5.90	6.30	5.96		
2000-09-29	4.43	28.42	30.87				6.07	5.80		5.98	5.91	6.23	5.85	6.28	5.93		
2000-09-30	4.44																
2000-10-02	4.52	29.65	32.05				6.06	5.83		5.98	5.92	6.27	5.86	6.33	5.95		
2000-10-03	4.51	30.64	31.86				6.07	5.87		6.00	5.95	6.24	5.88	6.32	5.99		
2000-10-04	4.50	30.07	30.91				6.06	5.90		6.03	5.99	6.24	5.94	6.32	6.01		
2000-10-05	4.52	29.19	30.66				6.06	5.87		6.02	5.97	6.25	5.92	6.33	5.98		
2000-10-06	4.53	29.62	30.86				6.06	5.82		5.98	5.92	6.24	5.88	6.33	5.92		
2000-10-09	4.55	29.99	31.98				.	.		.	.	.	.	.	.		
2000-10-10	4.56	30.95	33.29				6.06	5.80		5.98	5.91	6.27	5.86	6.35	5.91		
2000-10-11	4.61	31.25	33.20				6.01	5.77		5.93	5.88	6.23	5.82	6.32	5.88		
2000-10-12	4.69	33.45	36.06				5.93	5.73		5.86	5.81	6.19	5.74	6.22	5.82		
2000-10-13	4.84	33.50	34.96				5.93	5.73		5.84	5.79	6.19	5.73	6.20	5.82		
2000-10-16	4.83	32.03	33.18				5.97	5.74		5.89	5.83	6.28	5.77	6.28	5.84		
2000-10-17	4.89	30.38	33.36				5.92	5.68		5.83	5.76	6.30	5.68	6.27	5.77		
2000-10-18	4.96	30.98	33.51				5.91	5.66		5.82	5.74	6.30	5.68	6.26	5.76		
2000-10-19	5.01	31.29	33.06				5.96	5.66		5.86	5.77	6.32	5.69	6.30	5.76		
2000-10-20	5.01	30.16	34.31				5.94	5.64		5.84	5.76	6.31	5.69	6.29	5.73		
2000-10-23	5.06	30.98	34.90				5.93	5.59		5.82	5.74	6.34	5.66	6.33	5.67		
2000-10-24	5.07	31.81	34.53				5.97	5.63		5.86	5.77	6.35	5.70	6.34	5.71		
2000-10-25	5.04	31.17	33.62				6.01	5.67		5.87	5.80	6.39	5.74	6.36	5.76		
2000-10-26	5.07	31.48	33.75				6.05	5.69		5.90	5.83	6.36	5.75	6.36	5.77		
2000-10-27	5.02	31.31	32.78				6.11	5.72		5.94	5.86	6.35	5.79	6.38	5.82		
2000-10-30	5.00	31.09	32.86				6.13	5.74		5.97	5.89	6.39	5.83	6.38	5.84		
2000-10-31	5.09	30.15	32.70				6.12	5.77		5.94	5.87	6.38	5.83	6.36	5.87		
2000-11-01	5.12	31.62	33.14				6.10	5.74		5.88	5.82	6.37	5.79	6.35	5.83		
2000-11-02	5.13	30.81	32.59				6.09	5.74		5.87	5.81	6.37	5.78	6.36	5.82		
2000-11-03	5.07	30.81	32.62				6.13	5.83		5.94	5.90	6.38	5.86	6.38	5.91		
2000-11-06	5.05	31.00	33.02				6.16	5.87		5.99	5.93	6.42	5.91	6.40	5.96		
2000-11-07	5.10	31.59	33.44				6.16	5.87		5.99	5.92	6.42	5.84	6.38	5.96		
2000-11-08	5.08	31.30	32.92				6.16	5.87		5.99	5.92	6.41	5.83	6.38	5.95		
2000-11-09	5.16	31.79	33.87				6.13	5.82		5.94	5.87	6.40	5.76	6.37	5.89		
2000-11-10	5.14	32.26	34.05				6.11	5.82		5.92	5.86	6.37	5.76	6.36	5.87		
2000-11-13	5.24	32.50	34.30				6.10	5.77		5.90	5.83	6.39	5.72	6.37	5.84		
2000-11-14	5.15	33.05	34.72				6.11	5.76		5.92	5.82	6.37	5.72	6.36	5.81		
2000-11-15	5.16	33.82	35.54				6.10	5.72		5.90	5.80	6.38	5.69	6.36	5.78		
2000-11-16	5.14	34.16	34.84				6.07	5.68		5.87	5.76	6.35	5.66	6.34	5.74		
2000-11-17	5.13	33.09	35.62				6.09	5.71		5.88	5.78	6.35	5.67	6.33	5.76		
2000-11-20	5.16	34.23	35.98				6.07	5.68		5.87	5.76	6.36	5.65	6.34	5.73		
2000-11-21	5.17	33.33	35.54				6.07	5.67		5.86	5.76	6.36	5.65	6.33	5.73		
2000-11-22	5.22	33.11	36.06				6.10	5.62		5.85	5.72	6.36	5.60	6.33	5.68		
2000-11-23	5.22	33.29	.				.	.		.	.	.	.	.	.		
2000-11-24	5.20	33.35	36.06				6.12	5.63		5.86	5.74	6.36	5.63	6.34	5.70		
2000-11-27	5.20	33.47	36.24				6.11	5.64		5.86	5.74	6.33	5.63	6.34	5.71		
2000-11-28	5.22	32.59	34.02				6.05	5.59		5.79	5.67	6.28	5.57	6.29	5.64		
2000-11-29	5.27	32.45	34.58				5.98	5.55		5.69	5.59	6.24	5.51	6.23	5.60		
2000-11-30	5.39	32.53	33.61				5.92	5.48		5.61	5.52	6.21	5.42	6.18	5.50		
2000-12-01	5.36	31.59	32.06				5.93	5.52		5.62	5.55	6.23	5.46	6.19	5.56		
2000-12-04	5.37	30.37	31.28				5.88	5.53		5.59	5.51	6.15	5.45	6.13	5.56		
2000-12-05	5.43	28.88	29.25				5.79	5.43		5.49	5.43	6.08	5.36	6.07	5.45		
2000-12-06	5.46	27.47	30.24				5.72	5.32		5.42	5.34	6.09	5.26	6.04	5.33		
2000-12-07	5.45	27.85	29.36				5.74	5.32		5.45	5.35	6.11	5.26	6.06	5.34		
2000-12-08	5.44	26.85	28.31				5.77	5.35		5.50	5.41	6.09	5.32	6.04	5.39		
2000-12-11	5.40	27.28	29.75				5.79	5.37		5.52	5.43	6.08	5.33	6.06	5.42		
2000-12-12	5.39	26.81	29.81				5.79	5.36		5.54	5.42	6.06	5.33	6.06	5.42		
2000-12-13	5.44	26.84	28.75				5.74	5.29		5.45	5.34	6.06	5.24	6.03	5.33		
2000-12-14	5.45	24.32	28.06				5.70	5.23		5.43	5.31	6.06	5.19	6.01	5.28		
2000-12-15	5.45	24.44	28.86				5.65	5.20		5.38	5.26	6.02	5.15	5.99	5.24		
2000-12-18	5.48	25.11	29.52				5.58	5.17		5.33	5.21	5.95	5.10	5.94	5.19		
2000-12-19	5.44	24.36	29.34				5.58	5.19		5.35	5.23	5.93	5.12	5.93	5.22		
2000-12-20	5.49	23.29	25.83				5.46	5.08		5.24	5.12	5.82	5.00	5.82	5.13		
2000-12-21	5.54	22.40	26.06				5.33	5.03		5.14	5.04	5.38	4.94	5.64	5.10		
2000-12-22	5.54	22.23	26.16				5.25	5.02		5.10	5.02	5.27	4.93	5.52	5.07		
2000-12-25	.	.	.				.	.		.	.	.	.	.	.		
2000-12-26	5.54	.	27.00				5.31	5.04		5.10	5.00	5.85	4.92	5.76	5.09		
2000-12-27	5.48	22.58	26.55				5.32	5.11		5.10	5.04	5.75	4.99	5.68	5.17		
2000-12-28	5.43	22.29	25.82				5.40	5.13		5.18	5.12	5.87	5.02	5.79	5.21		
2000-12-29	5.43	22.58	26.72				5.32	5.12		5.11	5.06	5.89	4.99	5.70	5.16		
2000-12-31	5.49																
2001-01-01	.	.	.				.	.		.	.	.	.	.	.		
2001-01-02	5.60	23.43	27.29				5.11	4.92		4.87	4.82	5.87	4.76	5.58	4.97		
2001-01-03	5.53	23.44	27.93				5.04	5.14		4.92	4.92	5.69	4.94	5.44	5.18		
2001-01-04	5.53	24.57	27.95				4.82	5.03		4.77	4.78	5.37	4.82	5.20	5.07		
2001-01-05	5.57	24.77	28.02				4.60	4.93		4.56	4.57	5.12	4.66	4.98	4.93		
2001-01-08	5.61	24.75	27.44				4.61	4.94		4.54	4.55	5.19	4.65	5.03	4.94		
2001-01-09	5.52	24.13	27.72				4.71	4.98		4.64	4.65	5.24	4.73	5.11	4.98		
2001-01-10	5.45	24.98	29.42				4.82	5.10		4.76	4.78	5.29	4.83	5.16	5.09		
2001-01-11	5.42	25.60	29.42				4.84	5.14		4.77	4.78	5.31	4.85	5.17	5.12		
2001-01-12	5.32	25.63	30.07				4.96	5.25		4.90	4.91	5.33	4.97	5.24	5.24		
2001-01-15	5.32	26.03	.				.	.		.	.	.	.	.	.		
2001-01-16	5.33	25.52	30.19				4.95	5.24		4.89	4.89	5.38	4.96	5.27	5.22		
2001-01-17	5.34	24.27	29.77				4.91	5.19		4.84	4.84	5.36	4.87	5.26	5.14		
2001-01-18	5.39	24.74	30.42				4.76	5.12		4.72	4.73	5.28	4.74	5.12	5.06		
2001-01-19	5.33	26.29	32.12				4.79	5.19		4.75	4.76	5.24	4.84	5.11	5.14		
2001-01-22	5.32	27.69	32.21				4.79	5.25		4.75	4.78	5.23	4.87	5.11	5.19		
2001-01-23	5.28	27.02	31.66				4.85	5.30		4.82	4.83	5.24	4.96	5.14	5.24		
2001-01-24	5.29	27.04	31.46				4.86	5.33		4.81	4.84	5.28	4.98	5.15	5.27		
2001-01-25	5.26	26.94	31.61				4.83	5.29		4.78	4.80	5.28	4.94	5.13	5.23		
2001-01-26	5.27	27.04	29.79				4.80	5.29		4.78	4.81	5.17	4.93	5.05	5.23		
2001-01-29	5.19	26.95	29.07				4.78	5.32		4.77	4.80	5.11	4.97	5.04	5.25		
2001-01-30	5.18	26.32	29.12				4.68	5.24		4.70	4.75	5.02	4.91	4.95	5.17		
2001-01-31	5.15	26.59	28.62				4.60	5.19		4.62	4.67	4.99	4.85	4.83	5.08		
2001-02-01	5.19	27.17	29.88				4.56	5.10		4.55	4.59	5.00	4.78	4.81	5.01		
2001-02-02	5.11	28.90	31.27				4.67	5.17		4.65	4.71	5.06	4.86	4.91	5.09		
2001-02-05	5.13	29.25	30.55				4.70	5.18		4.68	4.71	5.06	4.88	4.95	5.09		
2001-02-06	5.08	29.10	30.27				4.74	5.22		4.72	4.76	5.07	4.92	4.96	5.13		
2001-02-07	5.11	29.54	31.27				4.73	5.10		4.70	4.74	5.07	4.91	4.95	5.12		
2001-02-08	5.08	30.68	31.57				4.74	5.10		4.73	4.77	5.08	4.93	4.96	5.13		
2001-02-09	5.11	29.53	30.93				4.68	5.03		4.67	4.70	5.06	4.85	4.92	5.05		
2001-02-12	5.11	29.32	30.52				4.70	5.05		4.67	4.71	5.04	4.86	4.94	5.08		
2001-02-13	5.08	28.00	30.12				4.77	5.07		4.75	4.78	5.05	4.90	4.98	5.11		
2001-02-14	5.05	27.89	29.55				4.84	5.13		4.84	4.87	5.07	4.99	5.02	5.16		
2001-02-15	5.00	26.33	28.96				4.90	5.19		4.89	4.92	5.08	5.06	5.04	5.23		
2001-02-16	5.05	26.61	29.22				4.78	5.11		4.75	4.79	5.02	4.94	4.95	5.14		
2001-02-19	5.07	27.05	.				.	.		.	.	.	.	.	.		
2001-02-20	5.08	26.45	28.60				4.77	5.11		4.73	4.77	5.04	4.94	4.95	5.13		
2001-02-21	5.11	26.10	28.64				4.74	5.14		4.68	4.75	5.02	4.96	4.93	5.16		
2001-02-22	5.14	25.75	28.52				4.68	5.15		4.63	4.72	5.01	4.94	4.87	5.16		
2001-02-23	5.18	26.12	28.83				4.58	5.10		4.53	4.63	4.89	4.86	4.72	5.11		
2001-02-26	5.21	25.84	28.27				4.48	5.05		4.46	4.54	4.81	4.81	4.69	5.05		
2001-02-27	5.21	25.28	28.26				4.47	4.96		4.44	4.51	4.82	4.75	4.64	4.97		
2001-02-28	5.21	25.16	27.35				4.47	4.92		4.41	4.48	4.85	4.70	4.70	4.93		
2001-03-01	5.22	24.76	27.78				4.45	4.87		4.41	4.48	4.84	4.67	4.68	4.88		
2001-03-02	5.18	25.28	27.89				4.48	4.95		4.48	4.53	4.84	4.75	4.69	4.98		
2001-03-05	5.14	25.98	28.61				4.51	4.98		4.49	4.57	4.82	4.78	4.70	5.00		
2001-03-06	5.15	25.59	28.40				4.50	4.99		4.49	4.55	4.79	4.78	4.68	5.00		
2001-03-07	5.14	25.91	28.95				4.44	4.92		4.43	4.50	4.69	4.72	4.63	4.94		
2001-03-08	5.17	26.37	28.31				4.42	4.89		4.43	4.49	4.68	4.70	4.59	4.90		
2001-03-09	5.15	25.78	27.97				4.46	4.95		4.47	4.53	4.72	4.75	4.63	4.96		
2001-03-12	5.18	25.34	27.91				4.43	4.92		4.46	4.54	4.66	4.72	4.60	4.94		
2001-03-13	5.19	24.80	27.45				4.43	4.95		4.46	4.53	4.66	4.75	4.57	4.97		
2001-03-14	5.25	24.31	26.49				4.29	4.84		4.32	4.40	4.54	4.62	4.46	4.86		
2001-03-15	5.30	23.37	26.56				4.19	4.81		4.22	4.31	4.52	4.55	4.42	4.82		
2001-03-16	5.37	23.84	26.68				4.19	4.78		4.26	4.35	4.54	4.54	4.38	4.79		
2001-03-19	5.33	23.19	26.17				4.25	4.82		4.32	4.40	4.53	4.58	4.40	4.83		
2001-03-20	5.44	23.63	25.99				4.18	4.78		4.24	4.33	4.49	4.52	4.34	4.78		
2001-03-21	5.48	23.21	26.43				4.14	4.77		4.21	4.29	4.31	4.49	4.29	4.76		
2001-03-22	5.53	23.45	26.19				4.10	4.73		4.17	4.26	4.26	4.44	4.27	4.71		
2001-03-23	5.55	23.94	27.31				4.17	4.80		4.24	4.33	4.29	4.52	4.32	4.78		
2001-03-26	5.52	24.01	27.40				4.18	4.85		4.27	4.37	4.29	4.56	4.26	4.82		
2001-03-27	5.46	24.41	27.62				4.29	5.00		4.41	4.51	4.35	4.73	4.27	4.97		
2001-03-28	5.40	24.50	26.43				4.22	4.97		4.30	4.42	4.34	4.68	4.17	4.94		
2001-03-29	5.45	23.77	26.47				4.16	4.98		4.27	4.40	4.32	4.67	4.14	4.93		
2001-03-30	5.46	23.50	26.37				4.09	4.93		4.18	4.33	4.30	4.62	4.09	4.86		
2001-03-31	5.26																
2001-04-02	5.15	23.31	25.70				4.10	4.98		4.22	4.37	4.22	4.66	4.16	4.92		
2001-04-03	5.18	23.47	26.65				4.01	4.94		4.15	4.30	4.15	4.60	4.09	4.87		
2001-04-04	5.22	24.35	27.16				3.97	4.94		4.12	4.27	4.10	4.58	4.05	4.86		
2001-04-05	5.20	24.87	27.24				4.01	4.98		4.19	4.33	4.11	4.63	4.08	4.91		
2001-04-06	5.25	24.02	27.07				3.90	4.89		4.07	4.22	3.94	4.52	3.95	4.80		
2001-04-09	5.21	24.37	27.45				3.94	4.93		4.10	4.26	3.93	4.56	3.95	4.83		
2001-04-10	5.17	25.64	28.47				4.04	5.09		4.24	4.40	3.94	4.70	4.00	4.99		
2001-04-11	5.13	26.08	28.42				4.11	5.12		4.29	4.44	4.08	4.75	4.11	5.02		
2001-04-12	5.12	27.12	28.75				4.17	5.17		4.36	4.52	4.01	4.83	4.11	5.09		
2001-04-13	.	26.80	.				.	.		.	.	.	.	.	.		
2001-04-16	5.25	26.80	28.81				4.26	5.28		4.49	4.65	4.15	4.94	4.21	5.20		
2001-04-17	5.12	26.99	27.89				4.17	5.21		4.41	4.57	4.12	4.87	4.16	5.12		
2001-04-18	5.18	26.11	27.83				3.97	5.14		4.26	4.43	3.91	4.75	3.95	5.02		
2001-04-19	5.15	25.86	27.92				3.94	5.27		4.29	4.50	3.87	4.86	3.94	5.15		
2001-04-20	5.15	25.57	27.00				3.88	5.29		4.26	4.50	3.77	4.88	3.83	5.16		
2001-04-23	5.35	25.42	26.97				3.77	5.20		4.15	4.38	3.75	4.78	3.78	5.06		
2001-04-24	5.35	25.76	25.24				3.76	5.22		4.16	4.39	3.80	4.78	3.78	5.07		
2001-04-25	5.37	25.49	25.93				3.85	5.28		4.20	4.45	3.84	4.88	3.87	5.14		
2001-04-26	5.36	26.71	28.47				3.83	5.20		4.14	4.40	3.83	4.79	3.83	5.06		
2001-04-27	5.31	26.85	28.35				3.91	5.34		4.28	4.53	3.85	4.94	3.89	5.20		
2001-04-30	5.29	27.21	28.48				3.94	5.35		4.30	4.55	3.95	4.97	3.97	5.22		
2001-05-01	5.28	27.31	28.37				3.91	5.30		4.23	4.50	3.92	4.94	3.92	5.17		
2001-05-02	5.26	26.82	27.89				3.95	5.31		4.27	4.53	3.89	4.95	3.93	5.18		
2001-05-03	5.28	27.46	28.66				3.89	5.22		4.22	4.48	3.84	4.87	3.89	5.09		
2001-05-04	5.32	27.59	28.41				3.79	5.21		4.14	4.41	3.74	4.83	3.78	5.06		
2001-05-07	5.32	27.71	27.79				3.73	5.21		4.12	4.39	3.74	4.82	3.73	5.06		
2001-05-08	5.32	27.45	27.35				3.70	5.24		4.10	4.30	3.70	4.68	3.70	5.07		
2001-05-09	5.32	27.46	28.39				3.69	5.20		4.07	4.27	3.72	4.65	3.66	5.01		
2001-05-10	5.24	28.27	28.50				3.78	5.31		4.17	4.38	3.74	4.76	3.70	5.13		
2001-05-11	5.14	27.97	28.59				3.89	5.51		4.36	4.58	3.78	4.99	3.79	5.34		
2001-05-14	5.20	27.77	28.83				3.79	5.46		4.29	4.53	3.71	4.94	3.76	5.28		
2001-05-15	5.19	27.88	28.90				3.75	5.50		4.28	4.52	3.63	4.95	3.70	5.33		
2001-05-16	5.19	28.19	28.77				3.72	5.48		4.25	4.51	3.57	4.95	3.67	5.30		
2001-05-17	5.17	28.57	29.02				3.75	5.46		4.33	4.58	3.57	4.99	3.70	5.29		
2001-05-18	5.14	29.30	29.90				3.79	5.41		4.37	4.60	3.61	4.99	3.73	5.28		
2001-05-21	5.04	29.80	29.96				3.83	5.41		4.37	4.60	3.65	4.99	3.77	5.29		
2001-05-22	4.98	29.72	29.75				3.79	5.42		4.34	4.58	3.64	4.99	3.76	5.29		
2001-05-23	4.99	29.51	28.85				3.75	5.41		4.29	4.53	3.64	4.96	3.72	5.29		
2001-05-24	4.91	28.85	27.97				3.79	5.52		4.32	4.59	3.70	5.05	3.72	5.38		
2001-05-25	4.92	28.69	28.08				3.76	5.52		4.31	4.58	3.66	5.04	3.69	5.38		
2001-05-28	4.91	.	.				.	.		.	.	.	.	.	.		
2001-05-29	4.97	29.11	28.76				3.76	5.54		4.33	4.60	3.71	5.06	3.68	5.40		
2001-05-30	4.95	28.92	28.71				3.75	5.54		4.34	4.61	3.68	5.07	3.65	5.39		
2001-05-31	4.83	28.55	28.39				3.63	5.43		4.22	4.49	3.63	4.94	3.59	5.27		
2001-06-01	4.86	28.86	27.88				3.67	5.39		4.22	4.49	3.67	4.94	3.61	5.24		
2001-06-04	4.84	28.95	28.14				3.68	5.35		4.19	4.47	3.68	4.93	3.64	5.22		
2001-06-05	4.83	29.25	27.84				3.61	5.29		4.12	4.39	3.63	4.84	3.60	5.15		
2001-06-06	4.82	28.73	27.56				3.62	5.27		4.12	4.38	3.62	4.83	3.60	5.15		
2001-06-07	4.78	28.55	27.91				3.63	5.33		4.14	4.41	3.63	4.88	3.60	5.21		
2001-06-08	4.71	28.88	28.43				3.64	5.38		4.17	4.45	3.64	4.93	3.63	5.25		
2001-06-11	4.73	29.57	28.94				3.64	5.32		4.11	4.40	3.60	4.87	3.62	5.19		
2001-06-12	4.73	29.03	29.13				3.62	5.27		4.09	4.37	3.56	4.82	3.60	5.14		
2001-06-13	4.75	29.13	28.81				3.60	5.28		4.08	4.35	3.55	4.81	3.58	5.15		
2001-06-14	4.76	28.50	29.12				3.56	5.26		4.04	4.30	3.56	4.76	3.59	5.11		
2001-06-15	4.76	28.13	28.52				3.53	5.27		4.01	4.26	3.52	4.74	3.55	5.12		
2001-06-18	4.79	27.61	27.55				3.48	5.27		3.98	4.24	3.52	4.73	3.49	5.10		
2001-06-19	4.79	26.68	27.49				3.48	5.26		3.99	4.25	3.51	4.72	3.49	5.08		
2001-06-20	4.82	26.24	26.52				3.45	5.24		3.98	4.24	3.49	4.72	3.47	5.06		
2001-06-21	4.83	26.70	26.85				3.47	5.22		3.99	4.25	3.51	4.70	3.48	5.05		
2001-06-22	4.86	26.86	27.02				3.41	5.14		3.93	4.18	3.45	4.63	3.42	4.98		
2001-06-25	4.86	27.36	27.11				3.48	5.16		3.96	4.22	3.46	4.65	3.46	5.00		
2001-06-26	4.83	27.66	26.97				3.53	5.24		4.03	4.30	3.46	4.74	3.49	5.08		
2001-06-27	4.80	26.25	25.67				3.59	5.26		4.06	4.36	3.52	4.82	3.55	5.11		
2001-06-28	4.76	25.68	25.75				3.69	5.35		4.22	4.48	3.64	4.92	3.64	5.23		
2001-06-29	4.73	26.21	26.37				3.72	5.42		4.25	4.52	3.65	4.97	3.63	5.28		
2001-06-30	4.73																
2001-07-02	4.75	25.73	26.02				3.74	5.37		4.21	4.47	3.67	4.88	3.61	5.21		
2001-07-03	4.73	25.56	26.28				3.71	5.41		4.24	4.48	3.66	4.91	3.63	5.25		
2001-07-04	4.75	25.97	.				.	.		.	.	.	.	.	.		
2001-07-05	4.72	25.69	27.07				3.70	5.44		4.24	4.50	3.65	4.95	3.63	5.29		
2001-07-06	4.66	26.55	28.10				3.63	5.41		4.16	4.43	3.63	4.90	3.57	5.24		
2001-07-09	4.67	25.59	27.63				3.66	5.37		4.15	4.41	3.65	4.88	3.62	5.21		
2001-07-10	4.71	24.69	27.22				3.61	5.32		4.08	4.34	3.63	4.82	3.58	5.15		
2001-07-11	4.92	24.44	27.07				3.60	5.31		4.07	4.33	3.58	4.81	3.55	5.14		
2001-07-12	5.04	23.62	26.85				3.60	5.27		4.07	4.33	3.60	4.80	3.56	5.10		
2001-07-13	5.11	24.02	26.57				3.64	5.27		4.12	4.37	3.62	4.82	3.59	5.11		
2001-07-16	5.13	23.58	26.02				3.63	5.21		4.07	4.32	3.64	4.76	3.61	5.05		
2001-07-17	5.39	23.90	25.33				3.63	5.22		4.09	4.34	3.61	4.78	3.59	5.06		
2001-07-18	5.47	23.10	24.65				3.57	5.12		3.96	4.26	3.54	4.66	3.51	4.94		
2001-07-19	5.44	23.35	24.65				3.60	5.13		3.98	4.28	3.55	4.69	3.54	4.96		
2001-07-20	5.50	23.43	25.67				3.59	5.15		3.98	4.29	3.53	4.70	3.53	4.98		
2001-07-23	5.38	24.44	25.88				3.59	5.13		3.98	4.28	3.56	4.68	3.55	4.95		
2001-07-24	5.39	24.37	26.18				3.59	5.13		3.97	4.26	3.56	4.67	3.52	4.94		
2001-07-25	5.33	24.90	26.71				3.62	5.20		3.98	4.30	3.56	4.74	3.54	5.01		
2001-07-26	5.36	24.94	26.74				3.59	5.19		3.94	4.24	3.56	4.71	3.52	4.99		
2001-07-27	5.41	24.82	26.98				3.57	5.13		3.87	4.15	3.55	4.64	3.48	4.93		
2001-07-30	5.44	24.46	26.60				3.56	5.11		3.86	4.14	3.57	4.63	3.49	4.91		
2001-07-31	5.49	24.35	26.70				3.53	5.07	3.67	3.79	4.06	3.54	4.57	3.47	4.86		
2001-08-01	5.42	24.23	26.83				3.56	5.11	3.65	3.83	4.09	3.53	4.62	3.47	4.90		
2001-08-02	5.39	25.49	27.86				3.57	5.17	3.65	3.89	4.17	3.53	4.69	3.46	4.97		
2001-08-03	5.37	25.60	27.51				3.57	5.20	3.63	3.91	4.22	3.52	4.72	3.47	4.99		
2001-08-06	5.39	25.39	27.70				3.56	5.19	3.62	3.88	4.17	3.52	4.71	3.47	4.99		
2001-08-07	5.38	25.94	28.17				3.56	5.20	3.63	3.90	4.19	3.52	4.72	3.47	5.00		
2001-08-08	5.41	25.61	27.62				3.46	4.99	3.61	3.77	4.05	3.49	4.61	3.41	4.87		
2001-08-09	5.38	25.28	27.72				3.48	5.04	3.61	3.77	4.07	3.45	4.66	3.40	4.93		
2001-08-10	5.40	25.78	28.12				3.45	4.99	3.58	3.73	4.03	3.43	4.61	3.37	4.88		
2001-08-13	5.34	25.88	27.85				3.43	4.97	3.57	3.70	4.00	3.45	4.57	3.37	4.86		
2001-08-14	5.35	25.71	28.10				3.46	4.97	3.54	3.74	4.03	3.43	4.59	3.38	4.87		
2001-08-15	5.33	25.61	27.51				3.47	5.00	3.52	3.80	4.11	3.43	4.62	3.41	4.90		
2001-08-16	5.30	25.18	27.47				3.43	4.95	3.48	3.75	4.04	3.39	4.58	3.36	4.84		
2001-08-17	5.32	24.68	26.65				3.39	4.84	3.46	3.67	3.95	3.36	4.49	3.33	4.75		
2001-08-20	5.31	24.35	27.20				3.44	4.91	3.48	3.74	4.02	3.42	4.55	3.40	4.81		
2001-08-21	5.32	25.36	27.93				3.41	4.87	3.46	3.69	3.96	3.39	4.50	3.35	4.79		
2001-08-22	5.28	25.71	27.17				3.44	4.91	3.46	3.76	4.03	3.38	4.53	3.37	4.81		
2001-08-23	5.32	25.66	25.63				3.46	4.89	3.49	3.72	3.99	3.40	4.52	3.36	4.79		
2001-08-24	5.31	26.33	28.34				3.48	4.93	3.49	3.76	4.03	3.42	4.55	3.37	4.82		
2001-08-27	5.31	26.22	26.69				3.51	4.94	3.52	3.78	4.04	3.45	4.57	3.40	4.83		
2001-08-28	5.32	26.46	27.16				3.46	4.85	3.53	3.71	3.97	3.41	4.48	3.35	4.73		
2001-08-29	5.32	26.67	27.07				3.44	4.78	3.48	3.67	3.92	3.42	4.43	3.33	4.67		
2001-08-30	5.32	26.70	26.65				3.38	4.79	3.41	3.61	3.88	3.36	4.42	3.28	4.68		
2001-08-31	5.11	26.80	26.65				3.41	4.85	3.40	3.64	3.91	3.37	4.46	3.31	4.72		
2001-09-03	5.12	26.52	.				.	.	.	.	.	.	.	.	.		
2001-09-04	5.02	26.27	26.94				3.55	4.99	3.43	3.83	4.10	3.44	4.63	3.43	4.88		
2001-09-05	5.04	26.27	27.03				3.47	4.97	3.49	3.79	4.07	3.41	4.61	3.39	4.86		
2001-09-06	5.10	26.61	27.54				3.40	4.86	3.44	3.65	3.93	3.34	4.48	3.33	4.73		
2001-09-07	5.16	27.54	27.99				3.29	4.80	3.40	3.53	3.82	3.27	4.39	3.20	4.67		
2001-09-10	5.16	27.59	27.66				3.31	4.84	3.40	3.53	3.82	3.26	4.41	3.23	4.69		
2001-09-11	.	29.12	27.65				.	.	.	.	.	.	.	.	.		
2001-09-12	.	28.24	27.64				.	.	.	.	.	.	.	.	.		
2001-09-13	.	28.20	28.58				2.81	4.64	2.73	2.99	3.32	2.74	4.03	2.75	4.41		
2001-09-14	5.62	29.22	29.59				2.73	4.57	2.54	2.87	3.17	2.64	3.92	2.67	4.31		
2001-09-17	5.55	28.32	28.84				2.72	4.63	2.47	2.96	3.30	2.59	3.99	2.62	4.38		
2001-09-18	5.56	27.54	27.81				2.69	4.72	2.34	2.96	3.31	2.48	4.01	2.56	4.46		
2001-09-19	5.65	25.44	26.73				2.49	4.69	2.00	2.81	3.18	2.19	3.90	2.33	4.41		
2001-09-20	5.70	25.57	26.60				2.56	4.75	2.04	2.91	3.27	2.22	3.97	2.38	4.47		
2001-09-21	5.74	25.17	25.46				2.53	4.70	2.12	2.91	3.27	2.25	3.94	2.34	4.43		
2001-09-24	5.88	20.63	21.46				2.56	4.73	2.38	2.94	3.30	2.38	4.00	2.39	4.47		
2001-09-25	5.82	20.13	21.63				2.51	4.72	2.58	2.88	3.25	2.40	3.97	2.37	4.45		
2001-09-26	5.84	20.67	22.40				2.48	4.65	2.51	2.82	3.18	2.38	3.91	2.34	4.39		
2001-09-27	5.85	21.47	22.80				2.43	4.58	2.34	2.78	3.15	2.38	3.87	2.31	4.33		
2001-09-28	5.89	21.87	23.44				2.49	4.60	2.28	2.86	3.22	2.40	3.93	2.36	4.37		
2001-09-30	5.86																
2001-10-01	5.87	21.22	23.12				2.47	4.55	2.26	2.82	3.18	2.37	3.90	2.37	4.33		
2001-10-02	5.89	21.29	22.70				2.43	4.53	2.27	2.77	3.14	2.26	3.87	2.27	4.31		
2001-10-03	5.93	20.63	22.17				2.38	4.50	2.21	2.77	3.14	2.23	3.86	2.24	4.29		
2001-10-04	5.93	20.94	22.70				2.37	4.53	2.22	2.75	3.14	2.21	3.88	2.21	4.29		
2001-10-05	5.97	21.46	22.32				2.33	4.52	2.21	2.71	3.10	2.19	3.87	2.18	4.26		
2001-10-08	5.97	20.91	22.25				.	.	.	.	.	.	.	.	.		
2001-10-09	5.83	20.65	22.55				2.35	4.62	2.24	2.74	3.16	2.22	3.96	2.20	4.35		
2001-10-10	5.97	21.02	22.51				2.35	4.61	2.30	2.78	3.19	2.22	3.96	2.20	4.35		
2001-10-11	5.96	21.38	23.49				2.44	4.69	2.30	2.88	3.30	2.27	4.03	2.26	4.43		
2001-10-12	5.97	20.57	22.49				2.40	4.68	2.31	2.81	3.23	2.25	4.01	2.24	4.41		
2001-10-15	6.00	20.36	22.37				2.39	4.62	2.33	2.78	3.18	2.25	3.97	2.22	4.36		
2001-10-16	6.00	20.47	22.01				2.37	4.59	2.32	2.77	3.16	2.22	3.93	2.20	4.32		
2001-10-17	5.90	19.47	21.89				2.37	4.59	2.34	2.80	3.21	2.22	3.93	2.20	4.32		
2001-10-18	5.91	19.21	21.33				2.36	4.58	2.28	2.77	3.18	2.19	3.93	2.19	4.32		
2001-10-19	5.89	19.91	21.99				2.34	4.63	2.29	2.77	3.19	2.19	3.96	2.17	4.37		
2001-10-22	5.90	20.38	21.78				2.35	4.63	2.29	2.79	3.22	2.22	3.98	2.18	4.37		
2001-10-23	5.88	20.56	21.28				2.37	4.66	2.32	2.81	3.24	2.20	4.01	2.16	4.40		
2001-10-24	5.93	20.37	22.00				2.32	4.61	2.30	2.72	3.15	2.17	3.96	2.13	4.34		
2001-10-25	5.96	20.67	21.75				2.26	4.56	2.27	2.63	3.06	2.14	3.89	2.09	4.29		
2001-10-26	5.92	20.31	22.07				2.26	4.53	2.26	2.63	3.06	2.14	3.88	2.09	4.26		
2001-10-29	5.94	20.55	22.10				2.18	4.50	2.24	2.55	2.99	2.09	3.82	2.04	4.22		
2001-10-30	6.01	20.41	21.83				2.11	4.44	2.17	2.48	2.92	2.05	3.76	1.97	4.14		
2001-10-31	6.08	19.63	21.20				2.07	4.30	2.15	2.44	2.87	2.05	3.66	1.95	4.03		
2001-11-01	6.12	19.39	20.47				2.10	4.24	2.18	2.49	2.91	2.06	3.66	1.99	4.01		
2001-11-02	6.06	18.63	20.24				2.07	4.37	2.09	2.48	2.93	2.01	3.77	1.94	4.12		
2001-11-05	6.07	18.78	20.00				2.05	4.31	2.06	2.46	2.91	2.01	3.71	1.96	4.07		
2001-11-06	6.10	18.64	19.93				1.97	4.30	1.98	2.37	2.76	1.85	3.54	1.83	4.03		
2001-11-07	6.17	18.86	20.11				1.93	4.22	1.93	2.32	2.70	1.80	3.47	1.75	3.95		
2001-11-08	6.10	19.54	21.21				2.00	4.32	1.93	2.42	2.81	1.84	3.58	1.80	4.05		
2001-11-09	6.07	20.72	22.23				2.02	4.34	1.92	2.45	2.86	1.83	3.62	1.82	4.09		
2001-11-12	6.08	19.48	21.26				.	.	.	.	.	.	.	.	.		
2001-11-13	5.97	20.47	21.56				2.07	4.41	1.94	2.54	2.96	1.84	3.69	1.86	4.17		
2001-11-14	5.88	18.78	19.63				2.13	4.54	1.99	2.70	3.11	1.87	3.83	1.90	4.31		
2001-11-15	5.69	16.51	17.50				2.34	4.79	1.99	2.98	3.41	1.92	4.10	2.01	4.58		
2001-11-16	5.59	16.86	18.09				2.41	4.91	2.02	3.09	3.55	1.95	4.24	2.06	4.72		
2001-11-19	5.67	16.55	17.74				2.31	4.80	2.02	2.92	3.38	1.94	4.12	2.00	4.58		
2001-11-20	5.62	18.82	18.71				2.31	4.88	2.02	2.96	3.41	1.95	4.17	1.99	4.66		
2001-11-21	5.54	18.44	18.38				2.38	4.98	2.00	3.11	3.58	1.96	4.31	2.02	4.78		
2001-11-22	5.52	19.65	.				.	.	.	.	.	.	.	.	.		
2001-11-23	5.50	19.40	.				2.41	5.04	2.00	3.20	3.68	1.95	4.40	2.02	4.83		
2001-11-26	5.57	18.66	18.69				2.43	5.05	2.00	3.22	3.70	1.98	4.41	2.04	4.85		
2001-11-27	5.57	19.09	19.57				2.36	4.98	2.01	3.11	3.58	1.92	4.32	1.98	4.77		
2001-11-28	5.52	18.81	19.37				2.26	4.98	1.96	3.12	3.60	1.87	4.33	1.92	4.76		
2001-11-29	5.72	18.54	18.55				2.03	4.79	1.90	2.87	3.33	1.80	4.10	1.80	4.56		
2001-11-30	5.74	18.92	19.46				2.06	4.78	1.87	2.84	3.30	1.78	4.08	1.79	4.55		
2001-12-03	5.78	20.00	20.27				2.08	4.75	1.85	2.82	3.28	1.78	4.04	1.81	4.51		
2001-12-04	5.77	19.28	19.71				2.07	4.70	1.81	2.81	3.30	1.74	3.99	1.80	4.46		
2001-12-05	5.60	19.27	19.62				2.27	4.92	1.77	3.07	3.55	1.77	4.24	1.88	4.70		
2001-12-06	5.61	18.57	18.69				2.35	5.04	1.73	3.19	3.70	1.75	4.38	1.91	4.83		
2001-12-07	5.54	17.81	19.08				2.26	5.20	1.69	3.19	3.72	1.69	4.50	1.81	4.98		
2001-12-10	5.61	18.03	18.32				2.17	5.17	1.68	3.10	3.63	1.71	4.46	1.79	4.95		
2001-12-11	5.86	17.61	18.04				2.12	5.13	1.66	3.03	3.56	1.66	4.38	1.73	4.89		
2001-12-12	5.90	18.13	18.38				2.13	5.02	1.69	2.97	3.48	1.67	4.29	1.74	4.78		
2001-12-13	5.85	17.80	18.20				2.20	5.13	1.69	3.09	3.62	1.69	4.40	1.78	4.90		
2001-12-14	5.82	18.54	19.31				2.22	5.24	1.70	3.20	3.73	1.73	4.52	1.81	5.01		
2001-12-17	5.72	18.58	19.28				2.24	5.26	1.72	3.21	3.74	1.74	4.54	1.84	5.03		
2001-12-18	5.86	18.51	19.38				2.24	5.16	1.72	3.13	3.66	1.71	4.46	1.81	4.93		
2001-12-19	5.89	19.03	19.37				2.23	5.08	1.69	3.11	3.63	1.69	4.38	1.80	4.84		
2001-12-20	5.88	18.87	18.67				2.22	5.08	1.67	3.15	3.67	1.69	4.42	1.79	4.86		
2001-12-21	5.86	18.73	19.30				2.23	5.12	1.67	3.17	3.69	1.71	4.45	1.81	4.89		
2001-12-24	5.89	18.65	.				2.24	5.18	1.66	3.22	3.74	1.72	4.49	1.83	4.95		
2001-12-25	.	.	.				.	.	.	.	.	.	.	.	.		
2001-12-26	5.88	.	21.32				2.34	5.22	1.77	3.26	3.80	1.75	4.55	1.87	5.00		
2001-12-27	5.97	18.87	21.07				2.27	5.13	1.75	3.19	3.71	1.74	4.46	1.84	4.90		
2001-12-28	6.04	19.77	20.42				2.26	5.15	1.73	3.16	3.69	1.72	4.46	1.83	4.93		
2001-12-31	6.01	19.35	19.96				2.17	5.07	1.68	3.07	3.59	1.74	4.38	1.83	4.84		
2002-01-01	.	.	.				.	.	.	.	.	.	.	.	.		
2002-01-02	6.01	20.13	21.13				2.28	5.20	1.73	3.22	3.75	1.74	4.52	1.85	4.97		
2002-01-03	6.00	20.47	20.65				2.24	5.16	1.73	3.19	3.71	1.73	4.48	1.82	4.93		
2002-01-04	5.96	21.20	21.47				2.25	5.18	1.72	3.19	3.72	1.72	4.50	1.82	4.97		
2002-01-07	6.02	21.08	21.42				2.19	5.09	1.70	3.08	3.61	1.68	4.39	1.77	4.86		
2002-01-08	6.06	21.03	20.82				2.19	5.10	1.70	3.07	3.60	1.68	4.39	1.77	4.86		
2002-01-09	6.07	20.21	20.32				2.17	5.10	1.68	3.03	3.57	1.68	4.38	1.77	4.86		
2002-01-10	6.11	19.71	20.48				2.10	5.00	1.66	2.94	3.46	1.68	4.27	1.75	4.74		
2002-01-11	6.18	20.08	19.67				1.98	4.92	1.62	2.76	3.28	1.58	4.14	1.62	4.65		
2002-01-14	6.26	18.89	18.88				2.00	4.91	1.62	2.79	3.32	1.58	4.15	1.63	4.64		
2002-01-15	6.24	18.86	18.99				1.99	4.88	1.64	2.79	3.32	1.60	4.14	1.63	4.62		
2002-01-16	6.26	18.50	18.96				2.01	4.88	1.62	2.84	3.36	1.61	4.16	1.65	4.62		
2002-01-17	6.21	18.20	18.20				2.09	4.98	1.60	2.96	3.49	1.64	4.28	1.73	4.73		
2002-01-18	6.23	18.17	18.02				2.08	4.94	1.59	2.91	3.43	1.62	4.23	1.71	4.69		
2002-01-21	6.23	18.32	.				.	.	.	.	.	.	.	.	.		
2002-01-22	6.26	18.70	18.36				2.11	4.96	1.67	2.97	3.48	1.70	4.27	1.77	4.72		
2002-01-23	6.23	18.89	19.10				2.15	5.05	1.70	3.07	3.58	1.71	4.36	1.78	4.81		
2002-01-24	6.23	18.91	19.57				2.22	5.07	1.69	3.15	3.67	1.72	4.40	1.82	4.82		
2002-01-25	6.15	19.04	19.80				2.25	5.10	1.69	3.17	3.71	1.72	4.46	1.83	4.86		
2002-01-28	6.16	19.74	20.05				2.28	5.12	1.71	3.19	3.73	1.76	4.48	1.88	4.88		
2002-01-29	6.21	19.26	19.30				2.23	5.02	1.72	3.05	3.59	1.72	4.35	1.84	4.76		
2002-01-30	6.23	18.71	19.11				2.23	5.02	1.70	3.06	3.61	1.75	4.37	1.86	4.77		
2002-01-31	5.90	19.07	19.71				2.29	5.07	1.69	3.16	3.70	1.76	4.42	1.89	4.82		
2002-02-01	5.93	19.70	20.40				2.22	5.02	1.69	3.08	3.62	1.76	4.37	1.87	4.78		
2002-02-04	6.00	20.26	20.02				2.19	4.94	1.70	2.99	3.52	1.77	4.29	1.87	4.69		
2002-02-05	6.01	19.90	20.06				2.22	4.92	1.74	2.99	3.53	1.76	4.29	1.86	4.66		
2002-02-06	5.97	19.97	19.77				2.20	4.92	1.73	2.98	3.51	1.74	4.30	1.84	4.71		
2002-02-07	5.98	19.42	19.75				2.20	4.93	1.71	2.99	3.54	1.73	4.33	1.83	4.73		
2002-02-08	5.99	20.01	20.25				2.16	4.90	1.69	2.95	3.48	1.73	4.28	1.82	4.69		
2002-02-11	5.98	20.08	21.29				2.21	4.91	1.73	2.95	3.49	1.75	4.29	1.86	4.70		
2002-02-12	5.94	21.75	20.76				2.26	4.97	1.76	3.04	3.58	1.75	4.36	1.87	4.76		
2002-02-13	5.91	21.41	21.19				2.27	5.01	1.75	3.09	3.63	1.76	4.40	1.87	4.80		
2002-02-14	5.93	20.97	21.19				2.26	4.95	1.75	3.07	3.59	1.75	4.35	1.86	4.76		
2002-02-15	6.01	20.76	21.47				2.20	4.86	1.72	2.97	3.50	1.74	4.27	1.84	4.66		
2002-02-18	6.02	20.12	.				.	.	.	.	.	.	.	.	.		
2002-02-19	6.00	20.18	20.77				2.23	4.88	1.73	2.98	3.52	1.76	4.28	1.87	4.71		
2002-02-20	5.94	19.44	20.31				2.24	4.88	1.75	3.00	3.53	1.76	4.28	1.87	4.71		
2002-02-21	5.94	20.21	20.81				2.25	4.88	1.76	3.00	3.52	1.76	4.27	1.87	4.72		
2002-02-22	5.96	20.14	20.92				2.22	4.84	1.75	2.97	3.48	1.76	4.23	1.86	4.67		
2002-02-25	5.91	19.78	20.24				2.26	4.86	1.76	3.01	3.53	1.77	4.26	1.89	4.69		
2002-02-26	5.88	19.95	21.37				2.31	4.93	1.78	3.08	3.61	1.77	4.33	1.91	4.77		
2002-02-27	5.89	20.73	21.40				2.27	4.84	1.77	3.09	3.56	1.77	4.22	1.88	4.67		
2002-02-28	5.75	20.73	21.78				2.25	4.88	1.76	3.06	3.64	1.79	4.27	1.87	4.70		
2002-03-01	5.65	21.83	22.37				2.33	4.98	1.78	3.18	3.73	1.77	4.43	1.91	4.82		
2002-03-04	5.66	21.59	22.55				2.36	5.02	1.77	3.24	3.75	1.81	4.43	1.94	4.86		
2002-03-05	5.63	22.25	23.18				2.36	5.02	1.78	3.25	3.77	1.80	4.44	1.93	4.86		
2002-03-06	5.57	22.11	23.32				2.34	5.06	1.77	3.26	3.77	1.78	4.45	1.92	4.89		
2002-03-07	5.50	23.10	23.62				2.43	5.22	1.77	3.36	3.95	1.78	4.65	1.96	5.07		
2002-03-08	5.36	22.32	23.87				2.57	5.33	1.77	3.60	4.21	1.81	4.77	2.05	5.17		
2002-03-11	5.46	23.14	24.36				2.59	5.33	1.80	3.59	4.17	1.86	4.77	2.08	5.18		
2002-03-12	5.47	22.70	24.55				2.57	5.32	1.82	3.56	4.14	1.84	4.75	2.06	5.17		
2002-03-13	5.52	23.60	24.14				2.52	5.28	1.80	3.49	4.06	1.82	4.69	2.02	5.11		
2002-03-14	5.45	23.76	24.48				2.59	5.40	1.79	3.63	4.20	1.86	4.83	2.06	5.24		
2002-03-15	5.48	23.90	24.47				2.61	5.35	1.79	3.63	4.23	1.86	4.80	2.09	5.20		
2002-03-18	5.50	23.80	25.03				2.65	5.32	1.77	3.67	4.27	1.88	4.79	2.14	5.17		
2002-03-19	5.53	24.51	25.02				2.61	5.33	1.81	3.64	4.26	1.85	4.78	2.10	5.18		
2002-03-20	5.50	24.78	24.92				2.66	5.40	1.79	3.71	4.30	1.84	4.87	2.12	5.25		
2002-03-21	5.49	24.25	25.74				2.66	5.39	1.78	3.73	4.39	1.84	4.88	2.12	5.26		
2002-03-22	5.45	24.83	25.56				2.70	5.40	1.78	3.77	4.40	1.84	4.90	2.13	5.28		
2002-03-25	5.46	24.75	25.69				2.75	5.41	1.78	3.78	4.38	1.85	4.92	2.16	5.28		
2002-03-26	5.49	24.60	25.75				2.69	5.35	1.82	3.68	4.27	1.81	4.85	2.12	5.23		
2002-03-27	5.48	25.13	25.79				2.65	5.35	1.77	3.66	4.28	1.81	4.85	2.10	5.22		
2002-03-28	5.48	25.34	26.21				2.70	5.42	1.76	3.72	4.31	1.79	4.91	2.12	5.29		
2002-03-29	.	25.34	.				.	.	.	.	.	.	.	.	.		
2002-03-31	5.27																
2002-04-01	5.21	26.06	26.82				2.76	5.44	1.79	3.74	4.29	1.79	4.93	2.16	5.29		
2002-04-02	5.25	26.97	27.75				2.68	5.36	1.79	3.63	4.21	1.80	4.84	2.12	5.21		
2002-04-03	5.26	26.72	27.55				2.61	5.30	1.77	3.55	4.14	1.79	4.76	2.08	5.13		
2002-04-04	5.29	26.97	26.64				2.61	5.28	1.77	3.57	4.16	1.78	4.76	2.07	5.12		
2002-04-05	5.25	25.39	26.21				2.54	5.22	1.76	3.49	4.10	1.76	4.68	2.03	5.04		
2002-04-08	5.27	26.36	26.16				2.61	5.25	1.76	3.51	4.03	1.75	4.70	2.02	5.07		
2002-04-09	5.27	25.48	25.45				2.55	5.22	1.73	3.48	4.06	1.73	4.67	2.02	5.03		
2002-04-10	5.26	25.13	26.15				2.52	5.24	1.72	3.48	4.08	1.71	4.68	1.98	5.05		
2002-04-11	5.32	24.22	24.93				2.51	5.22	1.72	3.47	4.07	1.72	4.66	1.97	5.03		
2002-04-12	5.29	23.25	23.51				2.44	5.18	1.71	3.41	4.01	1.71	4.60	1.96	4.99		
2002-04-15	5.32	23.39	24.53				2.44	5.15	1.71	3.38	3.99	1.72	4.57	1.96	4.95		
2002-04-16	5.30	24.03	24.92				2.46	5.20	1.71	3.43	4.03	1.74	4.62	1.97	5.00		
2002-04-17	5.33	25.26	25.94				2.43	5.24	1.71	3.41	3.99	1.73	4.64	1.92	5.03		
2002-04-18	5.33	25.90	25.86				2.40	5.23	1.70	3.38	3.97	1.72	4.64	1.91	5.02		
2002-04-19	5.36	25.86	26.43				2.39	5.21	1.69	3.36	3.95	1.73	4.62	1.91	5.00		
2002-04-22	5.38	25.96	26.28				2.41	5.19	1.67	3.37	3.94	1.72	4.62	1.92	4.98		
2002-04-23	5.38	26.26	26.28				2.41	5.18	1.68	3.39	3.96	1.73	4.62	1.92	4.98		
2002-04-24	5.41	26.20	26.28				2.35	5.11	1.67	3.28	3.87	1.72	4.53	1.89	4.90		
2002-04-25	5.44	26.47	26.36				2.33	5.10	1.68	3.25	3.83	1.74	4.52	1.90	4.89		
2002-04-26	5.45	26.32	27.12				2.31	5.08	1.68	3.22	3.80	1.75	4.49	1.90	4.86		
2002-04-29	5.43	26.85	27.45				2.36	5.13	1.73	3.26	3.85	1.78	4.55	1.93	4.91		
2002-04-30	4.68	26.98	27.32				2.35	5.11	1.77	3.24	3.83	1.77	4.53	1.91	4.88		
2002-05-01	4.72	26.67	26.58				2.33	5.08	1.76	3.21	3.78	1.77	4.49	1.91	4.86		
2002-05-02	4.71	25.73	26.31				2.35	5.13	1.74	3.25	3.83	1.77	4.54	1.92	4.91		
2002-05-03	4.77	25.80	26.75				2.28	5.08	1.73	3.17	3.75	1.76	4.48	1.88	4.85		
2002-05-06	4.76	.	26.11				2.30	5.10	1.74	3.19	3.77	1.78	4.50	1.90	4.87		
2002-05-07	4.81	25.53	26.79				2.27	5.09	1.77	3.14	3.67	1.76	4.43	1.86	4.85		
2002-05-08	4.77	26.09	27.76				2.37	5.24	1.76	3.32	3.87	1.76	4.58	1.91	4.99		
2002-05-09	4.80	26.09	27.78				2.33	5.20	1.74	3.27	3.80	1.77	4.53	1.90	4.96		
2002-05-10	4.64	26.89	27.92				2.27	5.15	1.73	3.19	3.71	1.77	4.46	1.88	4.89		
2002-05-13	4.89	26.30	28.62				2.36	5.23	1.77	3.28	3.81	1.79	4.54	1.92	4.98		
2002-05-14	4.88	27.12	29.17				2.43	5.32	1.78	3.40	3.94	1.78	4.64	1.95	5.06		
2002-05-15	4.89	27.17	28.17				2.41	5.28	1.76	3.37	3.90	1.76	4.59	1.93	5.02		
2002-05-16	4.91	25.71	28.00				2.35	5.20	1.74	3.28	3.81	1.75	4.52	1.90	4.94		
2002-05-17	4.63	25.45	28.19				2.45	5.27	1.73	3.41	3.95	1.76	4.60	1.95	5.01		
2002-05-20	4.65	25.97	28.24				2.41	5.21	1.73	3.33	3.87	1.77	4.53	1.94	4.94		
2002-05-21	4.67	24.99	27.35				2.38	5.18	1.73	3.28	3.82	1.75	4.49	1.92	4.90		
2002-05-22	4.71	24.32	27.01				2.34	5.13	1.72	3.23	3.75	1.74	4.43	1.90	4.85		
2002-05-23	4.71	24.01	26.60				2.38	5.16	1.73	3.28	3.80	1.74	4.46	1.91	4.87		
2002-05-24	4.72	23.76	26.69				2.37	5.16	1.71	3.28	3.81	1.74	4.47	1.91	4.87		
2002-05-27	4.71	23.52	.				.	.	.	.	.	.	.	.	.		
2002-05-28	4.74	24.71	25.08				2.41	5.16	1.73	3.30	3.82	1.77	4.46	1.94	4.87		
2002-05-29	4.76	24.18	25.64				2.35	5.11	1.73	3.24	3.76	1.75	4.41	1.91	4.81		
2002-05-30	4.81	23.72	24.78				2.31	5.06	1.73	3.17	3.69	1.75	4.36	1.90	4.74		
2002-05-31	4.58	23.87	25.37				2.34	5.08	1.72	3.22	3.73	1.74	4.37	1.91	4.77		
2002-06-03	4.61	.	25.10				2.35	5.06	1.72	3.19	3.72	1.77	4.36	1.93	4.75		
2002-06-04	4.62	.	25.32				2.31	5.04	1.73	3.13	3.64	1.76	4.31	1.90	4.72		
2002-06-05	4.65	23.19	25.02				2.33	5.08	1.75	3.16	3.68	1.75	4.35	1.90	4.76		
2002-06-06	4.79	22.79	24.89				2.30	5.04	1.74	3.13	3.63	1.74	4.30	1.88	4.72		
2002-06-07	4.78	22.99	24.72				2.31	5.10	1.74	3.16	3.67	1.74	4.36	1.89	4.78		
2002-06-10	4.78	22.83	24.24				2.30	5.07	1.75	3.15	3.66	1.76	4.34	1.89	4.75		
2002-06-11	4.81	22.37	24.21				2.27	5.02	1.75	3.09	3.59	1.75	4.29	1.87	4.69		
2002-06-12	4.88	23.09	24.79				2.25	4.98	1.74	3.05	3.55	1.74	4.24	1.85	4.65		
2002-06-13	4.89	23.72	25.54				2.20	4.94	1.71	3.00	3.50	1.72	4.20	1.82	4.61		
2002-06-14	5.01	23.97	25.90				2.16	4.83	1.71	2.92	3.40	1.71	4.10	1.80	4.51		
2002-06-17	4.93	24.69	25.98				2.20	4.89	1.70	2.96	3.44	1.74	4.14	1.85	4.57		
2002-06-18	4.94	24.64	25.36				2.16	4.88	1.70	2.93	3.41	1.73	4.13	1.82	4.55		
2002-06-19	5.06	24.85	25.57				2.07	4.76	1.69	2.81	3.28	1.71	4.01	1.77	4.43		
2002-06-20	5.06	24.42	25.62				2.12	4.85	1.68	2.93	3.40	1.73	4.11	1.81	4.53		
2002-06-21	5.28	24.14	25.51				2.09	4.79	1.68	2.88	3.35	1.72	4.06	1.79	4.47		
2002-06-24	5.33	24.99	26.31				2.15	4.87	1.66	2.93	3.41	1.74	4.13	1.82	4.55		
2002-06-25	5.32	25.32	26.06				2.16	4.88	1.74	2.92	3.41	1.73	4.13	1.81	4.55		
2002-06-26	5.46	24.75	26.67				2.05	4.75	1.72	2.77	3.25	1.70	3.99	1.74	4.40		
2002-06-27	5.38	25.39	26.77				2.09	4.84	1.70	2.85	3.34	1.70	4.08	1.76	4.51		
2002-06-28	5.43	25.33	26.79				2.06	4.86	1.69	2.90	3.37	1.70	4.09	1.75	4.52		
2002-06-30	5.44																
2002-07-01	5.44	25.65	26.79				2.09	4.85	1.71	2.88	3.35	1.72	4.08	1.78	4.54		
2002-07-02	5.46	25.64	26.83				2.04	4.77	1.72	2.78	3.24	1.72	3.99	1.76	4.45		
2002-07-03	5.51	25.59	26.82				2.02	4.78	1.71	2.78	3.25	1.72	4.00	1.74	4.47		
2002-07-04	5.50	25.51	.				.	.	.	.	.	.	.	.	.		
2002-07-05	5.46	25.75	.				2.08	4.90	1.71	2.90	3.38	1.72	4.13	1.77	4.60		
2002-07-08	5.51	25.08	26.14				2.08	4.84	1.73	2.84	3.32	1.73	4.07	1.78	4.53		
2002-07-09	5.53	24.90	26.16				2.01	4.78	1.72	2.74	3.21	1.72	3.98	1.75	4.47		
2002-07-10	5.56	25.82	26.73				1.97	4.66	1.73	2.61	3.07	1.72	3.85	1.74	4.33		
2002-07-11	5.57	25.83	27.01				1.95	4.66	1.72	2.61	3.07	1.72	3.86	1.74	4.33		
2002-07-12	5.57	26.11	27.48				1.97	4.63	1.71	2.56	3.02	1.71	3.82	1.74	4.30		
2002-07-15	5.62	26.16	27.23				1.97	4.66	1.71	2.55	3.04	1.72	3.85	1.73	4.33		
2002-07-16	5.58	25.94	27.68				1.99	4.75	1.74	2.66	3.14	1.72	3.93	1.75	4.42		
2002-07-17	5.59	26.19	27.88				1.99	4.71	1.72	2.63	3.10	1.72	3.89	1.75	4.36		
2002-07-18	5.58	26.72	27.50				1.95	4.66	1.72	2.55	3.01	1.72	3.82	1.74	4.29		
2002-07-19	5.56	26.37	27.83				1.94	4.61	1.71	2.48	2.94	1.71	3.76	1.73	4.25		
2002-07-22	5.58	25.70	26.61				1.94	4.51	1.71	2.40	2.83	1.70	3.65	1.73	4.15		
2002-07-23	5.63	25.65	26.61				1.91	4.47	1.73	2.34	2.76	1.70	3.59	1.71	4.11		
2002-07-24	5.73	25.43	26.78				1.89	4.49	1.70	2.38	2.81	1.69	3.60	1.70	4.13		
2002-07-25	5.77	25.36	26.67				1.86	4.43	1.71	2.28	2.69	1.70	3.51	1.69	4.05		
2002-07-26	5.82	25.10	26.55				1.80	4.43	1.71	2.20	2.62	1.69	3.46	1.68	4.03		
2002-07-29	5.79	25.20	26.54				1.93	4.62	1.73	2.41	2.84	1.72	3.68	1.74	4.22		
2002-07-30	5.92	25.95	27.43				1.96	4.65	1.73	2.44	2.88	1.72	3.71	1.75	4.24		
2002-07-31	5.92	26.28	27.02				1.80	4.51	1.73	2.23	2.67	1.71	3.53	1.70	4.09		
2002-08-01	5.87	25.79	26.51				1.75	4.47	1.70	2.15	2.60	1.68	3.46	1.66	4.04		
2002-08-02	5.90	25.17	26.87				1.65	4.33	1.66	1.99	2.43	1.63	3.27	1.59	3.88		
2002-08-05	5.95	25.20	26.55				1.68	4.29	1.68	1.93	2.34	1.64	3.21	1.59	3.83		
2002-08-06	5.95	25.69	27.18				1.69	4.42	1.71	2.11	2.53	1.65	3.36	1.60	3.98		
2002-08-07	5.98	25.70	26.58				1.64	4.35	1.66	1.98	2.40	1.59	3.24	1.55	3.89		
2002-08-08	5.91	25.51	26.67				1.68	4.40	1.67	2.10	2.52	1.62	3.35	1.59	3.96		
2002-08-09	5.95	25.49	26.87				1.68	4.27	1.66	2.10	2.49	1.62	3.28	1.59	3.85		
2002-08-12	5.97	25.63	27.84				1.75	4.22	1.68	2.10	2.48	1.68	3.24	1.64	3.81		
2002-08-13	6.01	26.11	28.35				1.70	4.12	1.68	2.00	2.37	1.63	3.15	1.58	3.72		
2002-08-14	6.02	26.47	28.19				1.77	4.06	1.68	2.12	2.47	1.64	3.19	1.61	3.74		
2002-08-15	5.88	26.66	28.99				1.78	4.17	1.66	2.22	2.58	1.62	3.28	1.63	3.85		
2002-08-16	5.87	27.33	29.24				1.82	4.32	1.66	2.28	2.67	1.62	3.41	1.65	3.99		
2002-08-19	5.87	27.44	29.86				1.86	4.29	1.67	2.25	2.64	1.67	3.40	1.68	3.97		
2002-08-20	5.89	27.63	30.12				1.77	4.17	1.69	2.12	2.50	1.62	3.25	1.64	3.84		
2002-08-21	5.88	27.53	30.37				1.77	4.20	1.68	2.12	2.51	1.63	3.28	1.65	3.85		
2002-08-22	5.85	27.81	30.11				1.85	4.30	1.66	2.22	2.61	1.65	3.37	1.68	3.95		
2002-08-23	5.85	27.51	29.99				1.80	4.25	1.66	2.19	2.56	1.65	3.31	1.67	3.88		
2002-08-26	5.84	27.56	29.23				1.79	4.22	1.68	2.19	2.56	1.68	3.29	1.69	3.85		
2002-08-27	5.80	27.89	28.84				1.89	4.29	1.69	2.26	2.63	1.68	3.37	1.71	3.93		
2002-08-28	5.81	27.54	28.31				1.85	4.22	1.71	2.23	2.59	1.67	3.31	1.69	3.86		
2002-08-29	5.83	27.11	28.83				1.75	4.16	1.71	2.14	2.51	1.68	3.24	1.66	3.80		
2002-08-30	5.76	27.56	28.97				1.74	4.14	1.70	2.14	2.50	1.69	3.22	1.67	3.78		
2002-08-31	5.74																
2002-09-02	5.76	27.45	.				.	.	.	.	.	.	.	.	.		
2002-09-03	5.80	26.58	27.76				1.71	3.98	1.69	2.01	2.36	1.64	3.04	1.62	3.63		
2002-09-04	5.85	27.31	28.28				1.69	3.96	1.69	2.02	2.35	1.63	3.02	1.60	3.58		
2002-09-05	5.83	27.54	29.06				1.66	3.91	1.66	1.95	2.29	1.61	2.95	1.58	3.52		
2002-09-06	5.76	28.36	29.51				1.75	4.05	1.68	2.08	2.42	1.66	3.10	1.66	3.66		
2002-09-09	5.75	28.67	29.80				1.77	4.05	1.70	2.13	2.46	1.69	3.11	1.69	3.66		
2002-09-10	5.73	28.92	29.62				1.77	4.00	1.72	2.12	2.44	1.68	3.08	1.68	3.63		
2002-09-11	5.69	28.68	29.77				1.84	4.07	1.71	2.18	2.51	1.69	3.15	1.69	3.71		
2002-09-12	5.73	27.76	28.95				1.79	3.98	1.70	2.12	2.44	1.69	3.07	1.68	3.61		
2002-09-13	5.74	28.53	29.83				1.74	3.92	1.68	2.07	2.38	1.69	3.00	1.68	3.55		
2002-09-16	5.73	28.38	29.14				1.78	3.90	1.69	2.07	2.38	1.71	3.00	1.69	3.53		
2002-09-17	5.72	27.76	29.08				1.77	3.87	1.70	2.06	2.36	1.70	2.97	1.69	3.49		
2002-09-18	5.76	28.41	29.57				1.75	3.86	1.70	2.04	2.35	1.68	2.96	1.68	3.50		
2002-09-19	5.78	28.45	29.49				1.68	3.79	1.64	1.93	2.24	1.65	2.87	1.64	3.42		
2002-09-20	5.80	28.61	29.65				1.68	3.79	1.64	1.94	2.25	1.65	2.86	1.64	3.42		
2002-09-23	5.86	29.36	30.85				1.68	3.70	1.65	1.93	2.21	1.65	2.76	1.62	3.32		
2002-09-24	5.89	29.47	30.79				1.68	3.69	1.68	1.93	2.20	1.65	2.76	1.61	3.31		
2002-09-25	5.88	29.11	30.69				1.73	3.77	1.67	2.00	2.28	1.66	2.83	1.63	3.40		
2002-09-26	5.88	28.93	30.31				1.68	3.79	1.66	1.97	2.27	1.65	2.86	1.61	3.42		
2002-09-27	5.90	29.00	30.53				1.62	3.69	1.63	1.82	2.13	1.63	2.74	1.57	3.31		
2002-09-30	5.88	29.11	30.59				1.53	3.63	1.60	1.72	2.02	1.57	2.63	1.51	3.25		
2002-10-01	5.82	29.42	30.71				1.56	3.72	1.63	1.80	2.11	1.59	2.75	1.54	3.34		
2002-10-02	5.82	29.14	30.59				1.53	3.71	1.61	1.75	2.07	1.58	2.74	1.52	3.33		
2002-10-03	5.83	28.46	29.73				1.53	3.70	1.58	1.75	2.08	1.57	2.74	1.51	3.33		
2002-10-04	5.84	28.32	29.65				1.58	3.69	1.60	1.78	2.09	1.61	2.73	1.56	3.31		
2002-10-07	5.89	28.38	29.65				1.59	3.64	1.61	1.77	2.07	1.63	2.67	1.57	3.27		
2002-10-08	5.89	28.28	29.56				1.60	3.65	1.62	1.80	2.10	1.61	2.70	1.57	3.29		
2002-10-09	5.96	28.29	29.31				1.55	3.61	1.60	1.72	2.03	1.57	2.65	1.53	3.24		
2002-10-10	6.00	27.70	28.96				1.60	3.68	1.59	1.75	2.06	1.58	2.68	1.56	3.30		
2002-10-11	5.98	28.18	29.36				1.63	3.83	1.59	1.85	2.17	1.58	2.83	1.58	3.45		
2002-10-14	5.97	28.56	30.06				.	.	.	.	.	.	.	.	.		
2002-10-15	5.90	28.66	29.73				1.79	4.07	1.66	2.08	2.42	1.68	3.11	1.69	3.70		
2002-10-16	5.88	28.61	29.28				1.74	4.06	1.66	2.02	2.38	1.66	3.11	1.67	3.68		
2002-10-17	5.87	28.22	29.61				1.78	4.16	1.66	2.10	2.47	1.67	3.20	1.69	3.77		
2002-10-18	5.84	28.20	29.56				1.77	4.14	1.66	2.09	2.45	1.67	3.17	1.68	3.73		
2002-10-21	5.83	27.01	28.31				1.86	4.24	1.69	2.23	2.58	1.71	3.28	1.72	3.83		
2002-10-22	5.80	26.69	27.93				1.85	4.27	1.71	2.21	2.57	1.69	3.29	1.71	3.85		
2002-10-23	5.83	26.68	28.19				1.84	4.26	1.68	2.20	2.55	1.68	3.26	1.69	3.82		
2002-10-24	5.84	26.78	27.87				1.73	4.16	1.64	2.09	2.45	1.65	3.18	1.66	3.74		
2002-10-25	5.88	25.96	27.09				1.69	4.12	1.63	1.98	2.35	1.64	3.10	1.62	3.69		
2002-10-28	5.88	25.44	27.25				1.60	4.10	1.59	1.88	2.26	1.59	3.03	1.55	3.65		
2002-10-29	5.95	25.71	26.81				1.53	3.97	1.58	1.79	2.15	1.51	2.89	1.46	3.51		
2002-10-30	5.92	25.29	26.85				1.49	3.99	1.56	1.74	2.12	1.51	2.87	1.46	3.53		
2002-10-31	5.89	25.51	27.18				1.46	3.93	1.48	1.68	2.05	1.44	2.81	1.43	3.45		
2002-11-01	5.85	25.78	27.04				1.46	4.01	1.44	1.76	2.14	1.43	2.92	1.42	3.54		
2002-11-04	5.84	25.21	26.89				1.48	4.07	1.44	1.79	2.19	1.43	3.00	1.43	3.59		
2002-11-05	5.83	24.66	26.06				1.48	4.10	1.44	1.82	2.21	1.42	3.00	1.41	3.62		
2002-11-06	5.86	23.73	25.72				1.46	4.09	1.24	1.87	2.26	1.23	3.01	1.26	3.62		
2002-11-07	5.87	24.36	25.36				1.46	3.88	1.20	1.86	2.20	1.22	2.86	1.27	3.46		
2002-11-08	5.88	23.54	25.83				1.43	3.85	1.19	1.87	2.21	1.22	2.87	1.26	3.44		
2002-11-11	5.88	23.86	26.02				.	.	.	.	.	.	.	.	.		
2002-11-12	5.82	24.01	26.19				1.44	3.84	1.20	1.79	2.14	1.22	2.83	1.26	3.42		
2002-11-13	5.83	22.96	25.28				1.42	3.84	1.22	1.76	2.11	1.21	2.82	1.25	3.40		
2002-11-14	5.76	22.82	25.40				1.48	4.03	1.22	1.89	2.28	1.22	3.01	1.27	3.60		
2002-11-15	5.70	23.33	25.50				1.49	4.05	1.23	1.91	2.30	1.22	3.05	1.28	3.63		
2002-11-18	5.66	23.41	26.71				1.48	4.02	1.24	1.91	2.30	1.23	3.04	1.27	3.61		
2002-11-19	5.75	24.05	26.41				1.49	3.99	1.23	1.91	2.30	1.21	3.02	1.27	3.58		
2002-11-20	5.55	24.05	27.00				1.50	4.08	1.22	1.98	2.39	1.22	3.13	1.27	3.72		
2002-11-21	5.63	24.52	27.07				1.52	4.14	1.23	2.05	2.46	1.22	3.20	1.27	3.80		
2002-11-22	5.60	24.79	27.73				1.54	4.18	1.23	2.10	2.52	1.23	3.26	1.29	3.84		
2002-11-25	5.46	24.85	27.01				1.56	4.19	1.24	2.09	2.51	1.24	3.26	1.30	3.85		
2002-11-26	5.47	24.56	26.60				1.51	4.08	1.27	1.97	2.38	1.22	3.14	1.28	3.71		
2002-11-27	5.41	25.11	26.87				1.58	4.26	1.28	2.13	2.58	1.23	3.34	1.30	3.93		
2002-11-28	5.41	25.70	.				.	.	.	.	.	.	.	.	.		
2002-11-29	5.40	25.74	.				1.56	4.22	1.25	2.08	2.51	1.22	3.28	1.30	3.88		
2002-11-30	5.38																
2002-12-02	5.33	25.73	27.27				1.56	4.22	1.26	2.07	2.51	1.24	3.31	1.31	3.89		
2002-12-03	5.34	26.09	27.34				1.57	4.24	1.23	2.08	2.53	1.23	3.33	1.31	3.92		
2002-12-04	5.33	25.99	26.80				1.53	4.18	1.23	2.02	2.45	1.22	3.25	1.29	3.85		
2002-12-05	5.34	26.07	27.27				1.50	4.13	1.23	1.97	2.39	1.22	3.19	1.28	3.79		
2002-12-06	5.39	25.67	27.03				1.47	4.09	1.23	1.89	2.31	1.21	3.13	1.27	3.73		
2002-12-09	5.41	26.06	27.29				1.48	4.06	1.24	1.88	2.28	1.23	3.08	1.28	3.68		
2002-12-10	5.40	26.35	27.73				1.48	4.06	1.23	1.90	2.30	1.21	3.07	1.27	3.67		
2002-12-11	5.40	26.85	27.49				1.46	4.01	1.23	1.85	2.24	1.21	3.02	1.26	3.61		
2002-12-12	5.35	27.29	28.20				1.46	4.01	1.20	1.85	2.25	1.21	3.03	1.27	3.62		
2002-12-13	5.35	27.64	28.39				1.47	4.07	1.20	1.87	2.27	1.21	3.08	1.28	3.68		
2002-12-16	5.33	28.73	30.15				1.50	4.15	1.20	1.94	2.35	1.23	3.14	1.29	3.75		
2002-12-17	5.32	29.25	30.04				1.48	4.13	1.22	1.89	2.30	1.22	3.11	1.27	3.71		
2002-12-18	5.33	29.95	30.41				1.43	4.06	1.20	1.81	2.21	1.21	3.03	1.26	3.63		
2002-12-19	5.33	30.26	30.57				1.37	3.96	1.19	1.74	2.13	1.21	2.91	1.24	3.52		
2002-12-20	5.31	29.59	30.57				1.39	3.97	1.18	1.76	2.15	1.21	2.93	1.25	3.53		
2002-12-23	5.29	30.61	32.09				1.43	3.98	1.15	1.79	2.17	1.19	2.95	1.26	3.54		
2002-12-24	5.34	30.93	32.13				1.42	3.95	1.17	1.73	2.10	1.19	2.92	1.26	3.51		
2002-12-25	.	.	.				.	.	.	.	.	.	.	.	.		
2002-12-26	5.34	.	32.61				1.41	3.93	1.14	1.70	2.08	1.18	2.89	1.27	3.47		
2002-12-27	5.38	31.49	32.68				1.36	3.83	1.07	1.60	1.97	1.16	2.79	1.23	3.36		
2002-12-30	5.39	32.02	31.41				1.36	3.82	1.15	1.61	1.95	1.22	2.76	1.24	3.34		
2002-12-31	5.22	30.12	31.21				1.32	3.83	1.20	1.61	1.99	1.22	2.78	1.23	3.36		
2003-01-01	.	.	.				.	.	.	.	.	.	.	.	.		
2003-01-02	5.12	30.32	31.97	2.43	1.75	2.24	1.42	4.07	1.18	1.80	2.22	1.22	3.05	1.25	3.62		1.30
2003-01-03	5.10	31.43	33.26	2.43	1.75	2.25	1.41	4.05	1.18	1.79	2.20	1.22	3.03	1.25	3.60		1.28
2003-01-06	5.06	31.43	32.29	2.46	1.79	2.27	1.44	4.09	1.17	1.84	2.26	1.21	3.10	1.27	3.64		1.31
2003-01-07	5.05	30.78	31.20	2.42	1.76	2.24	1.40	4.04	1.17	1.77	2.19	1.19	3.04	1.24	3.60		1.28
2003-01-08	5.01	29.30	30.66	2.29	1.68	2.14	1.36	4.00	1.17	1.71	2.14	1.19	3.01	1.23	3.56		1.33
2003-01-09	4.93	30.26	31.95	2.41	1.82	2.23	1.44	4.19	1.18	1.87	2.33	1.20	3.23	1.25	3.77		1.41
2003-01-10	4.89	30.07	31.59	2.41	1.80	2.22	1.39	4.16	1.17	1.79	2.26	1.20	3.20	1.24	3.74		1.40
2003-01-13	4.93	30.46	32.08	2.38	1.77	2.20	1.41	4.15	1.17	1.81	2.27	1.21	3.17	1.26	3.72		1.40
2003-01-14	4.94	31.36	32.42	2.34	1.72	2.13	1.40	4.10	1.18	1.76	2.21	1.19	3.10	1.24	3.66		1.38
2003-01-15	4.91	31.73	33.23	2.30	1.69	2.10	1.37	4.10	1.17	1.75	2.21	1.20	3.10	1.23	3.65		1.41
2003-01-16	4.90	32.29	33.58	2.31	1.71	2.14	1.37	4.10	1.17	1.75	2.21	1.18	3.11	1.22	3.65		1.40
2003-01-17	4.95	31.57	33.88	2.25	1.60	2.06	1.34	4.05	1.17	1.70	2.15	1.18	3.05	1.21	3.60		1.45
2003-01-20	4.95	32.23	.	.	.	.	.	.	.	.	.	.	.	.	.		.
2003-01-21	4.99	31.72	34.62	2.23	1.62	2.05	1.33	4.01	1.17	1.67	2.11	1.19	3.00	1.22	3.55		1.38
2003-01-22	5.05	32.07	34.32	2.23	1.60	2.04	1.31	3.95	1.17	1.66	2.09	1.17	2.94	1.19	3.49		1.34
2003-01-23	5.05	31.40	33.90	2.20	1.55	2.00	1.33	3.98	1.16	1.69	2.12	1.17	2.97	1.20	3.52		1.42
2003-01-24	5.07	31.62	34.98	2.14	1.47	1.93	1.31	3.94	1.14	1.66	2.08	1.16	2.93	1.19	3.48		1.46
2003-01-27	5.06	31.02	32.43	2.16	1.50	1.94	1.31	3.98	1.15	1.70	2.13	1.17	2.97	1.19	3.53		1.47
2003-01-28	5.06	30.73	32.70	2.19	1.52	1.98	1.34	4.00	1.19	1.70	2.13	1.18	2.99	1.20	3.54		1.47
2003-01-29	5.03	31.26	33.54	2.21	1.55	1.98	1.36	4.06	1.18	1.77	2.21	1.18	3.07	1.20	3.61		1.52
2003-01-30	5.03	31.42	33.78	2.20	1.56	2.00	1.30	4.00	1.17	1.70	2.15	1.18	3.02	1.19	3.56		1.46
2003-01-31	4.69	31.57	33.51	2.19	1.53	1.97	1.31	4.00	1.17	1.72	2.16	1.18	3.02	1.19	3.55		1.49
2003-02-03	4.62	30.95	32.84	2.20	1.53	2.00	1.34	4.01	1.16	1.72	2.17	1.18	3.05	1.21	3.58		1.52
2003-02-04	4.64	31.13	33.61	2.12	1.45	1.90	1.33	3.96	1.18	1.68	2.12	1.16	2.99	1.19	3.53		1.54
2003-02-05	4.63	31.77	33.91	2.12	1.46	1.91	1.34	4.02	1.18	1.73	2.18	1.18	3.07	1.20	3.60		1.61
2003-02-06	4.64	31.81	34.36	2.09	1.40	1.85	1.32	3.97	1.17	1.68	2.13	1.17	3.02	1.19	3.55		1.62
2003-02-07	4.65	32.23	35.05	2.07	1.37	1.84	1.28	3.96	1.17	1.63	2.08	1.17	2.97	1.18	3.51		1.60
2003-02-10	4.63	32.47	34.46	2.06	1.37	1.84	1.33	3.99	1.17	1.68	2.13	1.17	3.03	1.20	3.57		1.66
2003-02-11	4.60	32.51	35.43	2.05	1.38	1.84	1.30	3.98	1.19	1.65	2.10	1.18	3.00	1.19	3.55		1.62
2003-02-12	4.60	32.46	35.83	2.04	1.32	1.79	1.29	3.93	1.18	1.62	2.05	1.18	2.92	1.19	3.48		1.60
2003-02-13	4.65	33.23	36.63	2.01	1.29	1.76	1.27	3.89	1.18	1.57	1.99	1.17	2.85	1.18	3.42		1.56
2003-02-14	4.63	33.26	36.61	2.03	1.29	1.78	1.30	3.95	1.19	1.62	2.05	1.18	2.91	1.19	3.48		1.62
2003-02-17	4.62	33.06	.	.	.	.	.	.	.	.	.	.	.	.	.		.
2003-02-18	4.61	33.26	36.88	2.05	1.29	1.78	1.31	3.94	1.19	1.66	2.08	1.19	2.92	1.20	3.48		1.63
2003-02-19	4.63	33.16	37.02	1.99	1.25	1.75	1.29	3.88	1.19	1.61	2.03	1.18	2.87	1.19	3.41		1.62
2003-02-20	4.63	32.76	36.45	1.91	1.13	1.64	1.29	3.85	1.19	1.59	2.00	1.19	2.82	1.20	3.38		1.69
2003-02-21	4.61	32.76	36.76	1.93	1.13	1.64	1.31	3.90	1.20	1.63	2.04	1.19	2.86	1.20	3.42		1.73
2003-02-24	4.59	33.41	37.29	1.87	1.04	1.59	1.28	3.86	1.21	1.60	2.00	1.21	2.82	1.21	3.38		1.78
2003-02-25	4.61	33.64	36.06	1.84	1.00	1.53	1.27	3.81	1.25	1.58	1.98	1.20	2.77	1.20	3.34		1.77
2003-02-26	4.62	33.46	37.96	1.84	1.01	1.55	1.27	3.78	1.26	1.57	1.96	1.21	2.75	1.20	3.30		1.74
2003-02-27	4.61	34.09	36.83	1.82	0.98	1.54	1.27	3.76	1.24	1.58	1.96	1.21	2.75	1.20	3.29		1.77
2003-02-28	4.56	34.00	36.76	1.77	0.94	1.48	1.24	3.71	1.21	1.53	1.91	1.20	2.69	1.19	3.24		1.75
2003-03-03	4.56	33.40	36.10	1.77	0.93	1.47	1.26	3.68	1.20	1.52	1.89	1.20	2.66	1.21	3.21		1.73
2003-03-04	4.56	34.37	36.95	1.77	0.90	1.45	1.24	3.65	1.23	1.49	1.85	1.19	2.62	1.20	3.17		1.72
2003-03-05	4.57	33.92	36.86	1.75	0.90	1.44	1.22	3.63	1.21	1.46	1.82	1.18	2.58	1.18	3.14		1.68
2003-03-06	4.53	34.39	37.21	1.74	0.90	1.43	1.22	3.67	1.20	1.47	1.85	1.18	2.63	1.18	3.18		1.73
2003-03-07	4.56	34.47	37.76	1.72	0.82	1.39	1.15	3.63	1.16	1.39	1.77	1.12	2.56	1.11	3.14		1.74
2003-03-10	4.60	34.94	37.18	1.69	0.79	1.36	1.09	3.59	1.13	1.35	1.73	1.08	2.51	1.06	3.08		1.72
2003-03-11	4.59	34.06	36.81	1.68	0.78	1.34	1.12	3.60	1.15	1.38	1.76	1.10	2.54	1.07	3.11		1.76
2003-03-12	4.62	34.16	37.87	1.68	0.78	1.34	1.14	3.60	1.15	1.45	1.82	1.10	2.57	1.08	3.13		1.79
2003-03-13	4.55	33.98	36.05	1.73	0.88	1.43	1.24	3.74	1.15	1.59	1.98	1.12	2.75	1.14	3.31		1.87
2003-03-14	4.59	31.48	35.41	1.89	1.15	1.52	1.22	3.72	1.14	1.56	1.95	1.13	2.72	1.14	3.27		1.57
2003-03-17	4.59	30.35	34.92	1.97	1.15	1.60	1.24	3.82	1.16	1.63	2.03	1.15	2.82	1.15	3.37		1.67
2003-03-18	4.56	28.55	31.55	2.08	1.30	1.72	1.35	3.91	1.19	1.72	2.12	1.14	2.93	1.19	3.46		1.63
2003-03-19	4.55	28.40	30.01	2.15	1.39	1.81	1.32	3.98	1.19	1.72	2.14	1.16	2.98	1.18	3.53		1.59
2003-03-20	4.57	28.00	28.62	2.20	1.35	1.85	1.34	4.01	1.19	1.75	2.18	1.17	3.02	1.19	3.56		1.67
2003-03-21	4.52	25.59	27.18	2.29	1.42	1.94	1.36	4.11	1.18	1.80	2.25	1.18	3.12	1.20	3.67		1.70
2003-03-24	4.57	26.54	29.51	2.18	1.32	1.83	1.32	3.98	1.18	1.71	2.14	1.17	2.98	1.19	3.55		1.66
2003-03-25	4.62	27.28	33.42	2.17	1.33	1.81	1.28	3.97	1.21	1.69	2.12	1.18	2.97	1.19	3.54		1.64
2003-03-26	4.62	25.98	28.71	2.15	1.29	1.81	1.27	3.96	1.19	1.68	2.11	1.18	2.94	1.18	3.52		1.65
2003-03-27	4.62	27.29	30.31	2.10	1.21	1.75	1.25	3.95	1.18	1.62	2.05	1.16	2.92	1.17	3.50		1.71
2003-03-28	4.59	27.66	30.21	2.09	1.14	1.72	1.22	3.92	1.15	1.56	1.99	1.14	2.86	1.15	3.45		1.72
2003-03-31	4.62	28.05	31.14	2.03	1.13	1.66	1.19	3.83	1.16	1.51	1.93	1.14	2.78	1.13	3.35		1.65
2003-04-01	4.59	27.94	29.48	2.02	1.14	1.63	1.16	3.84	1.17	1.50	1.92	1.12	2.78	1.10	3.35		1.64
2003-04-02	4.50	26.29	28.55	2.11	1.23	1.74	1.22	3.94	1.17	1.60	2.03	1.13	2.89	1.12	3.48		1.66
2003-04-03	4.47	26.75	29.05	2.12	1.23	1.74	1.18	3.93	1.17	1.55	1.99	1.11	2.87	1.10	3.45		1.64
2003-04-04	4.45	25.62	28.41	2.16	1.25	1.75	1.18	3.96	1.17	1.55	2.00	1.11	2.88	1.10	3.48		1.63
2003-04-07	4.34	25.27	27.76	2.21	1.38	1.86	1.25	4.03	1.19	1.65	2.10	1.17	2.99	1.17	3.55		1.61
2003-04-08	4.35	24.88	27.97	2.18	1.34	1.80	1.21	3.95	1.19	1.59	2.03	1.15	2.91	1.15	3.47		1.57
2003-04-09	4.36	25.11	28.93	2.13	1.32	1.81	1.22	3.93	1.17	1.55	1.99	1.13	2.87	1.13	3.44		1.55
2003-04-10	4.35	25.16	27.20	2.16	1.25	1.82	1.25	3.95	1.18	1.60	2.03	1.14	2.89	1.16	3.46		1.64
2003-04-11	4.32	24.39	28.28	2.23	1.33	1.86	1.30	4.00	1.18	1.65	2.09	1.17	2.95	1.19	3.49		1.62
2003-04-14	4.28	24.72	28.41	2.22	1.36	1.87	1.33	4.04	1.19	1.74	2.17	1.20	3.02	1.22	3.55		1.66
2003-04-15	4.25	24.74	29.46	2.18	1.34	1.86	1.32	3.98	1.17	1.69	2.12	1.18	2.96	1.21	3.49		1.62
2003-04-16	4.22	24.86	29.16	2.20	1.37	1.86	1.31	3.96	1.15	1.67	2.10	1.17	2.95	1.20	3.48		1.58
2003-04-17	4.21	25.36	30.10	2.22	1.41	1.90	1.34	3.98	1.14	1.71	2.15	1.18	2.99	1.20	3.50		1.58
2003-04-18	.	25.76	.	.	.	.	.	.	.	.	.	.	.	.	.		.
2003-04-21	4.19	25.76	30.76	2.25	1.46	1.95	1.35	4.00	1.14	1.71	2.16	1.18	3.03	1.22	3.54		1.57
2003-04-22	4.16	25.72	29.92	2.27	1.50	1.97	1.34	4.01	1.14	1.70	2.14	1.18	3.01	1.21	3.53		1.51
2003-04-23	4.14	24.56	28.04	2.26	1.48	1.97	1.33	4.02	1.14	1.70	2.14	1.17	3.02	1.21	3.54		1.54
2003-04-24	4.14	24.06	27.52	2.22	1.46	1.92	1.28	3.93	1.13	1.62	2.05	1.15	2.92	1.18	3.45		1.46
2003-04-25	4.12	24.29	25.92	2.18	1.42	1.90	1.26	3.91	1.13	1.57	2.00	1.14	2.88	1.17	3.42		1.46
2003-04-28	4.09	23.42	25.25	2.16	1.42	1.87	1.28	3.92	1.13	1.59	2.02	1.14	2.90	1.18	3.43		1.48
2003-04-29	4.04	23.23	25.32	2.22	1.47	1.93	1.28	3.96	1.14	1.62	2.06	1.15	2.94	1.18	3.47		1.47
2003-04-30	3.99	23.60	26.09	2.16	1.40	1.88	1.22	3.89	1.13	1.51	1.95	1.13	2.85	1.15	3.39		1.45
2003-05-01	4.01	23.79	26.05	2.13	1.52	1.82	1.21	3.88	1.09	1.50	1.93	1.10	2.82	1.13	3.37		1.30
2003-05-02	3.91	23.73	25.74	2.19	1.56	1.86	1.27	3.94	1.07	1.56	2.00	1.12	2.90	1.16	3.45		1.34
2003-05-05	3.89	23.59	26.43	2.19	1.37	1.86	1.27	3.92	1.08	1.55	1.98	1.13	2.87	1.17	3.41		1.50
2003-05-06	3.91	23.91	25.65	2.17	1.34	1.82	1.19	3.84	1.09	1.45	1.87	1.10	2.76	1.12	3.31		1.42
2003-05-07	3.93	24.01	26.24	2.02	1.26	1.74	1.21	3.72	1.08	1.45	1.83	1.11	2.64	1.14	3.19		1.38
2003-05-08	3.93	24.48	26.94	2.00	1.28	1.67	1.24	3.70	1.06	1.49	1.82	1.09	2.62	1.14	3.17		1.34
2003-05-09	3.92	25.55	27.65	2.00	1.21	1.70	1.22	3.69	1.07	1.45	1.81	1.11	2.61	1.14	3.17		1.40
2003-05-12	3.90	25.69	27.34	1.96	1.21	1.68	1.22	3.64	1.07	1.46	1.81	1.10	2.58	1.13	3.12		1.37
2003-05-13	3.88	25.45	28.51	1.94	1.19	1.67	1.23	3.63	1.02	1.47	1.82	1.09	2.58	1.12	3.12		1.39
2003-05-14	3.87	25.98	29.21	1.87	1.15	1.58	1.20	3.53	0.95	1.41	1.72	1.06	2.47	1.10	3.02		1.32
2003-05-15	3.86	26.77	28.57	1.86	1.13	1.57	1.21	3.53	0.98	1.46	1.78	1.06	2.52	1.11	3.07		1.39
2003-05-16	3.91	27.18	29.07	1.84	1.12	1.55	1.15	3.46	0.98	1.38	1.69	1.05	2.43	1.06	3.00		1.31
2003-05-19	3.95	27.23	28.84	1.85	1.07	1.57	1.14	3.46	1.01	1.35	1.66	1.05	2.41	1.06	2.98		1.34
2003-05-20	3.93	26.69	29.29	1.73	0.99	1.44	1.10	3.38	1.02	1.31	1.62	1.04	2.34	1.04	2.89		1.35
2003-05-21	3.92	27.58	29.51	1.73	1.03	1.44	1.15	3.39	1.14	1.38	1.67	1.06	2.37	1.08	2.91		1.34
2003-05-22	3.91	27.32	29.09	1.71	1.02	1.45	1.14	3.34	1.13	1.36	1.65	1.08	2.32	1.08	2.87		1.30
2003-05-23	3.89	27.14	29.74	1.72	1.02	1.43	1.14	3.34	1.14	1.38	1.65	1.08	2.33	1.08	2.87		1.31
2003-05-26	3.89	26.78	.	.	.	.	.	.	.	.	.	.	.	.	.		.
2003-05-27	3.89	26.55	29.24	1.80	1.09	1.51	1.13	3.41	1.15	1.33	1.63	1.09	2.34	1.09	2.93		1.25
2003-05-28	3.84	26.48	28.46	1.83	1.12	1.55	1.15	3.44	1.21	1.35	1.62	1.12	2.35	1.11	2.94		1.23
2003-05-29	3.83	26.39	29.15	1.76	1.04	1.47	1.11	3.34	1.18	1.30	1.56	1.10	2.27	1.08	2.84		1.23
2003-05-30	3.78	26.58	29.56	1.77	1.04	1.47	1.13	3.37	1.16	1.33	1.58	1.11	2.30	1.09	2.87		1.26
2003-05-31	3.71																
2003-06-02	3.67	27.56	30.72	1.83	1.08	1.51	1.15	3.43	1.17	1.33	1.61	1.14	2.37	1.12	2.94		1.29
2003-06-03	3.67	27.99	30.78	1.76	1.00	1.42	1.07	3.34	1.17	1.20	1.51	1.08	2.25	1.05	2.82		1.25
2003-06-04	3.66	27.49	29.81	1.73	0.94	1.41	1.04	3.30	1.15	1.20	1.46	1.05	2.19	1.03	2.78		1.25
2003-06-05	3.61	28.16	30.84	1.75	0.94	1.40	1.07	3.34	1.12	1.25	1.52	1.04	2.25	1.03	2.83		1.31
2003-06-06	3.52	28.38	31.26	1.76	0.96	1.41	1.08	3.37	1.14	1.27	1.53	1.05	2.29	1.03	2.87		1.33
2003-06-09	3.55	28.62	31.36	1.68	0.88	1.33	1.04	3.29	1.14	1.19	1.45	1.03	2.20	1.00	2.79		1.32
2003-06-10	3.55	28.44	31.72	1.61	0.81	1.26	0.98	3.20	1.10	1.13	1.38	0.97	2.12	0.95	2.69		1.31
2003-06-11	3.54	28.97	32.17	1.62	0.80	1.26	1.00	3.21	1.07	1.16	1.42	0.94	2.16	0.95	2.72		1.36
2003-06-12	3.55	28.48	31.41	1.57	0.78	1.24	0.95	3.18	1.02	1.13	1.38	0.92	2.10	0.90	2.68		1.32
2003-06-13	3.56	27.39	30.63	1.51	0.71	1.17	0.90	3.13	0.92	1.10	1.34	0.86	2.08	0.86	2.63		1.37
2003-06-16	3.51	27.50	31.14	1.59	0.79	1.24	0.95	3.18	0.93	1.18	1.44	0.87	2.14	0.88	2.71		1.35
2003-06-17	3.43	27.14	31.08	1.70	0.91	1.34	1.00	3.27	0.93	1.25	1.53	0.90	2.26	0.91	2.81		1.35
2003-06-18	3.44	26.43	30.28	1.79	0.98	1.44	0.96	3.37	0.90	1.27	1.59	0.89	2.34	0.89	2.90		1.36
2003-06-19	3.48	26.21	29.86	1.74	0.89	1.39	0.88	3.35	0.83	1.17	1.50	0.81	2.28	0.82	2.87		1.39
2003-06-20	3.49	27.13	30.63	1.77	0.92	1.41	0.94	3.40	0.81	1.22	1.55	0.83	2.31	0.85	2.90		1.39
2003-06-23	3.52	27.13	30.22	1.71	0.88	1.36	0.94	3.32	0.83	1.17	1.47	0.85	2.24	0.87	2.82		1.36
2003-06-24	3.56	26.96	30.05	1.68	0.84	1.33	0.91	3.29	0.82	1.14	1.44	0.83	2.21	0.84	2.78		1.37
2003-06-25	3.59	27.34	31.65	1.71	0.87	1.31	1.05	3.38	0.92	1.30	1.57	0.92	2.32	0.94	2.90		1.45
2003-06-26	3.46	27.06	28.97	1.85	1.02	1.50	1.11	3.55	0.86	1.41	1.73	0.91	2.49	0.96	3.07		1.47
2003-06-27	3.44	27.45	29.18	1.90	1.04	1.54	1.09	3.58	0.80	1.38	1.72	0.87	2.52	0.95	3.09		1.48
2003-06-30	3.43	28.88	30.15	1.90	1.01	1.52	1.09	3.54	0.81	1.32	1.66	0.90	2.46	0.98	3.03		1.45
2003-07-01	3.45	28.33	30.41	1.92	1.03	1.52	1.07	3.56	0.89	1.30	1.66	0.89	2.48	0.96	3.06		1.45
2003-07-02	3.43	28.20	30.29	1.96	1.04	1.53	1.06	3.56	0.87	1.30	1.65	0.87	2.47	0.95	3.05		1.43
2003-07-03	3.46	28.63	30.39	2.09	1.11	1.60	1.07	3.67	0.87	1.32	1.69	0.87	2.55	0.95	3.15		1.44
2003-07-04	3.47	27.97	.	.	.	.	.	.	.	.	.	.	.	.	.		.
2003-07-07	3.47	27.23	30.08	2.14	1.19	1.68	1.08	3.74	0.90	1.36	1.76	0.92	2.63	0.97	3.22		1.44
2003-07-08	3.44	27.95	30.32	2.12	1.24	1.74	1.09	3.75	0.92	1.39	1.79	0.92	2.65	0.96	3.23		1.41
2003-07-09	3.48	28.21	30.87	2.00	1.17	1.66	1.09	3.73	0.90	1.37	1.77	0.90	2.63	0.95	3.21		1.46
2003-07-10	3.47	29.37	31.04	1.94	1.14	1.61	1.07	3.70	0.89	1.33	1.72	0.89	2.59	0.95	3.17		1.45
2003-07-11	3.48	29.36	31.33	1.88	1.10	1.58	1.06	3.66	0.89	1.29	1.67	0.89	2.52	0.95	3.12		1.42
2003-07-14	3.46	28.52	31.20	1.92	1.13	1.58	1.07	3.74	0.88	1.35	1.74	0.91	2.60	0.96	3.20		1.47
2003-07-15	3.33	28.87	31.60	2.06	1.28	1.74	1.10	3.94	0.88	1.45	1.89	0.92	2.81	0.97	3.40		1.53
2003-07-16	3.35	28.51	31.20	2.08	1.31	1.77	1.12	3.97	0.85	1.49	1.94	0.91	2.87	0.97	3.44		1.56
2003-07-17	3.32	28.59	31.44	2.05	1.31	1.76	1.11	3.98	0.84	1.47	1.93	0.90	2.88	0.96	3.45		1.57
2003-07-18	3.32	29.20	31.96	2.04	1.28	1.72	1.12	4.00	0.84	1.51	1.98	0.91	2.93	0.96	3.49		1.65
2003-07-21	3.25	28.01	31.67	2.21	1.47	1.89	1.17	4.19	0.86	1.61	2.11	0.93	3.10	0.99	3.67		1.63
2003-07-22	3.22	28.40	30.20	2.19	1.48	1.89	1.12	4.17	0.89	1.57	2.10	0.93	3.07	0.97	3.64		1.59
2003-07-23	3.24	27.67	30.13	2.11	1.37	1.80	1.11	4.12	0.90	1.54	2.04	0.93	3.04	0.97	3.60		1.67
2003-07-24	3.18	27.73	30.72	2.18	1.41	1.84	1.13	4.20	0.91	1.54	2.05	0.93	3.08	0.98	3.66		1.67
2003-07-25	3.24	28.30	30.31	2.14	1.34	1.81	1.13	4.22	0.92	1.52	2.06	0.93	3.10	0.98	3.69		1.76
2003-07-28	3.15	27.71	29.98	2.27	1.49	1.93	1.17	4.31	0.97	1.61	2.17	0.97	3.21	1.01	3.79		1.72
2003-07-29	3.18	28.27	30.21	2.38	1.63	2.05	1.17	4.42	0.99	1.67	2.26	0.99	3.33	1.01	3.90		1.70
2003-07-30	3.22	28.31	30.69	2.32	1.54	1.98	1.17	4.34	0.94	1.64	2.21	0.98	3.27	1.01	3.85		1.73
2003-07-31	3.05	28.68	30.56	2.41	1.63	2.09	1.28	4.49	0.91	1.80	2.33	0.96	3.38	1.02	3.98		1.75
2003-08-01	3.06	29.63	32.23	2.40	1.62	2.11	1.31	4.44	0.91	1.85	2.38	0.95	3.37	1.05	4.01		1.75
2003-08-04	3.18	29.91	31.80	2.34	1.52	1.99	1.24	4.35	0.91	1.71	2.24	0.97	3.24	1.05	3.86		1.72
2003-08-05	3.17	30.37	32.34	2.43	1.62	2.11	1.32	4.47	0.93	1.88	2.44	0.96	3.37	1.05	3.98		1.75
2003-08-06	3.27	30.01	31.77	2.34	1.53	1.99	1.28	4.32	0.92	1.78	2.36	0.95	3.25	1.04	3.82		1.72
2003-08-07	3.32	30.06	32.41	2.29	1.41	1.96	1.26	4.30	0.91	1.74	2.30	0.95	3.19	1.04	3.78		1.78
2003-08-08	3.30	30.59	32.23	2.27	1.43	1.93	1.22	4.27	0.91	1.72	2.27	0.96	3.17	1.03	3.76		1.74
2003-08-11	3.21	30.05	31.91	2.31	1.44	1.93	1.30	4.38	0.92	1.81	2.35	0.96	3.26	1.06	3.86		1.82
2003-08-12	3.22	30.13	31.91	2.29	1.42	1.93	1.25	4.37	0.93	1.71	2.29	0.95	3.23	1.04	3.85		1.81
2003-08-13	3.17	29.66	30.85	2.41	1.55	2.06	1.31	4.58	0.95	1.86	2.47	0.96	3.43	1.05	4.06		1.88
2003-08-14	3.14	28.96	30.85	2.38	1.53	2.03	1.31	4.55	0.96	1.86	2.47	0.96	3.42	1.06	4.05		1.89
2003-08-15	3.18	29.18	31.01	2.36	1.50	2.03	1.30	4.55	0.92	1.85	2.47	0.95	3.42	1.05	4.04		1.92
2003-08-18	3.14	29.88	30.81	2.33	1.49	1.99	1.33	4.49	0.97	1.87	2.46	0.96	3.37	1.06	3.99		1.88
2003-08-19	3.15	29.18	30.76	2.24	1.40	1.89	1.29	4.38	0.96	1.81	2.37	0.96	3.27	1.04	3.89		1.87
2003-08-20	3.09	29.28	30.96	2.26	1.41	1.90	1.30	4.45	0.94	1.84	2.43	0.96	3.35	1.04	3.96		1.94
2003-08-21	3.05	29.95	31.78	2.29	1.45	1.92	1.37	4.53	0.95	1.98	2.56	0.97	3.51	1.07	4.07		2.06
2003-08-22	3.04	30.22	31.64	2.26	1.42	1.90	1.35	4.48	0.96	1.97	2.54	0.98	3.47	1.06	4.03		2.05
2003-08-25	3.01	29.98	31.43	2.31	1.49	1.96	1.35	4.53	0.97	2.02	2.59	1.02	3.52	1.07	4.08		2.03
2003-08-26	2.98	30.08	32.01	2.28	1.47	1.95	1.32	4.50	1.01	1.96	2.55	1.01	3.50	1.06	4.05		2.03
2003-08-27	2.99	30.05	31.18	2.36	1.54	2.00	1.38	4.54	1.00	2.05	2.61	1.00	3.55	1.06	4.11		2.01
2003-08-28	3.02	30.10	31.41	2.29	1.44	1.94	1.34	4.42	0.99	1.93	2.48	0.99	3.42	1.06	3.96		1.98
2003-08-29	3.01	30.38	31.76	2.29	1.47	1.94	1.35	4.45	0.98	1.95	2.51	0.98	3.46	1.06	4.00		1.99
2003-08-31	2.94																
2003-09-01	2.94	29.64	.	.	.	.	.	.	.	.	.	.	.	.	.		.
2003-09-02	2.91	28.08	29.57	2.43	1.63	2.07	1.39	4.61	0.98	2.04	2.62	0.98	3.63	1.07	4.17		2.00
2003-09-03	2.86	27.89	29.43	2.40	1.58	2.06	1.36	4.60	0.98	2.02	2.62	0.97	3.61	1.04	4.15		2.03
2003-09-04	2.91	27.49	28.87	2.32	1.49	1.98	1.33	4.52	0.96	1.91	2.51	0.97	3.50	1.05	4.04		2.01
2003-09-05	3.00	27.72	28.93	2.17	1.31	1.80	1.24	4.35	0.95	1.72	2.28	0.96	3.28	1.03	3.83		1.97
2003-09-08	2.96	28.47	28.85	2.24	1.38	1.86	1.27	4.41	0.95	1.75	2.33	0.97	3.32	1.05	3.88		1.94
2003-09-09	2.94	27.64	29.22	2.21	1.34	1.84	1.23	4.37	0.95	1.71	2.29	0.96	3.28	1.03	3.85		1.94
2003-09-10	2.96	27.76	29.41	2.18	1.28	1.80	1.20	4.28	0.94	1.64	2.19	0.96	3.18	1.02	3.73		1.90
2003-09-11	2.92	27.48	28.86	2.22	1.32	1.84	1.22	4.35	0.93	1.71	2.27	0.96	3.24	1.02	3.79		1.92
2003-09-12	2.96	26.52	28.26	2.18	1.27	1.78	1.20	4.27	0.91	1.66	2.19	0.96	3.15	1.02	3.72		1.88
2003-09-15	2.94	26.38	28.15	2.18	1.25	1.78	1.20	4.28	0.91	1.63	2.17	0.96	3.12	1.03	3.71		1.87
2003-09-16	2.94	26.28	27.60	2.26	1.32	1.84	1.22	4.29	0.91	1.63	2.16	0.93	3.12	1.02	3.72		1.80
2003-09-17	2.97	25.76	27.00	2.20	1.29	1.79	1.19	4.20	0.90	1.63	2.13	0.95	3.06	1.02	3.64		1.77
2003-09-18	2.91	25.56	27.26	2.18	1.30	1.82	1.23	4.19	0.89	1.68	2.16	0.96	3.09	1.02	3.66		1.79
2003-09-19	2.89	25.51	26.93	2.17	1.30	1.79	1.23	4.17	0.88	1.70	2.20	0.95	3.11	1.02	3.66		1.81
2003-09-22	2.89	25.82	26.97	2.21	1.32	1.82	1.24	4.26	0.88	1.70	2.21	0.95	3.16	1.04	3.73		1.84
2003-09-23	2.95	25.74	27.00	2.19	1.29	1.80	1.24	4.24	0.89	1.68	2.20	0.93	3.13	1.03	3.70		1.84
2003-09-24	2.95	26.81	28.19	2.13	1.21	1.72	1.22	4.16	0.89	1.66	2.15	0.95	3.07	1.02	3.62		1.86
2003-09-25	2.98	27.04	28.29	2.07	1.14	1.67	1.21	4.12	0.88	1.65	2.14	0.94	3.05	1.02	3.59		1.91
2003-09-26	2.98	27.02	28.21	1.99	1.04	1.57	1.21	4.04	0.87	1.60	2.06	0.94	2.95	1.02	3.49		1.91
2003-09-29	2.98	27.77	28.35	2.03	1.07	1.60	1.21	4.09	0.87	1.61	2.07	0.96	2.98	1.03	3.54		1.91
2003-09-30	2.95	28.09	29.19	1.95	0.99	1.53	1.15	3.96	0.87	1.50	1.95	0.95	2.85	1.01	3.41		1.86
2003-10-01	2.91	27.98	29.43	1.96	1.00	1.53	1.13	3.96	0.88	1.47	1.93	0.95	2.84	1.00	3.40		1.84
2003-10-02	2.87	28.90	29.83	2.01	1.07	1.60	1.14	4.03	0.86	1.48	1.96	0.94	2.90	1.00	3.48		1.83
2003-10-03	2.79	29.14	30.37	2.16	1.23	1.73	1.20	4.21	0.87	1.65	2.17	0.94	3.12	1.01	3.69		1.89
2003-10-06	2.80	29.75	30.40	2.11	1.19	1.69	1.15	4.17	0.87	1.60	2.11	0.94	3.06	0.97	3.63		1.87
2003-10-07	2.81	29.35	30.48	2.17	1.24	1.75	1.21	4.27	0.85	1.67	2.19	0.92	3.15	1.01	3.73		1.91
2003-10-08	2.75	28.96	29.60	2.18	1.25	1.77	1.21	4.27	0.88	1.65	2.17	0.91	3.14	1.00	3.72		1.89
2003-10-09	2.69	30.21	30.97	2.20	1.25	1.77	1.22	4.32	0.90	1.69	2.20	0.91	3.17	1.00	3.77		1.92
2003-10-10	2.66	31.13	32.01	2.14	1.18	1.69	1.21	4.29	0.89	1.65	2.18	0.92	3.15	1.00	3.72		1.97
2003-10-13	2.65	31.00	31.91	.	.	.	.	.	.	.	.	.	.	.	.		.
2003-10-14	2.60	31.45	31.68	2.18	1.23	1.74	1.23	4.37	0.89	1.73	2.25	0.93	3.23	1.01	3.82		2.00
2003-10-15	2.55	31.23	31.74	2.20	1.28	1.80	1.27	4.43	0.90	1.79	2.32	0.93	3.30	1.01	3.88		2.02
2003-10-16	2.53	31.05	31.51	2.21	1.32	1.84	1.34	4.47	0.90	1.96	2.47	0.93	3.40	1.03	3.97		2.08
2003-10-17	2.53	30.27	30.61	2.14	1.26	1.75	1.31	4.41	0.90	1.90	2.41	0.93	3.33	1.02	3.90		2.07
2003-10-20	2.57	29.78	30.37	2.13	1.27	1.74	1.32	4.41	0.90	1.88	2.42	0.95	3.33	1.04	3.89		2.06
2003-10-21	2.58	29.61	30.19	2.12	1.27	1.74	1.32	4.38	0.92	1.89	2.41	0.93	3.31	1.04	3.86		2.04
2003-10-22	2.62	29.25	30.00	2.07	1.24	1.68	1.28	4.29	0.92	1.80	2.33	0.96	3.21	1.03	3.77		1.97
2003-10-23	2.62	29.63	30.31	2.03	1.23	1.67	1.30	4.34	0.92	1.84	2.37	0.96	3.24	1.03	3.81		2.01
2003-10-24	2.66	30.01	29.99	1.92	1.14	1.56	1.27	4.24	0.92	1.76	2.26	0.95	3.13	1.03	3.68		1.99
2003-10-27	2.66	29.38	29.95	1.96	1.19	1.59	1.31	4.30	0.95	1.83	2.35	0.98	3.21	1.05	3.75		2.02
2003-10-28	2.68	28.99	29.57	1.91	1.11	1.53	1.25	4.23	0.98	1.71	2.23	0.96	3.11	1.03	3.67		2.00
2003-10-29	2.66	28.56	28.95	1.98	1.17	1.59	1.29	4.31	0.98	1.79	2.32	0.96	3.20	1.04	3.76		2.03
2003-10-30	2.59	27.47	28.67	1.97	1.24	1.64	1.32	4.36	0.97	1.86	2.39	0.96	3.29	1.04	3.83		2.05
2003-10-31	2.67	27.88	29.24	1.93	1.21	1.59	1.31	4.33	0.96	1.85	2.36	0.96	3.27	1.04	3.80		2.06
2003-11-03	2.60	27.78	28.81	1.97	1.27	1.64	1.33	4.40	0.97	1.90	2.44	0.96	3.34	1.05	3.88		2.07
2003-11-04	2.62	27.32	28.86	1.93	1.22	1.60	1.31	4.33	0.97	1.86	2.40	0.95	3.28	1.03	3.81		2.06
2003-11-05	2.59	27.90	30.29	2.02	1.34	1.70	1.35	4.38	0.96	1.94	2.46	0.96	3.35	1.05	3.88		2.01
2003-11-06	2.55	28.52	30.25	2.08	1.41	1.76	1.38	4.45	0.95	2.01	2.55	0.96	3.43	1.06	3.96		2.02
2003-11-07	2.51	28.73	30.73	2.10	1.42	1.78	1.40	4.48	0.95	2.04	2.60	0.96	3.47	1.07	3.99		2.05
2003-11-10	2.52	28.82	31.01	2.09	1.40	1.77	1.39	4.49	0.92	2.06	2.63	0.97	3.49	1.07	4.00		2.09
2003-11-11	2.52	28.88	31.21	.	.	.	.	.	.	.	.	.	.	.	.		.
2003-11-12	2.53	28.58	31.37	2.04	1.36	1.73	1.39	4.44	0.92	2.05	2.59	0.95	3.45	1.06	3.95		2.09
2003-11-13	2.57	29.01	31.89	1.94	1.24	1.61	1.33	4.30	0.91	1.92	2.45	0.94	3.29	1.04	3.79		2.05
2003-11-14	2.62	29.78	32.31	1.87	1.17	1.53	1.31	4.22	0.92	1.84	2.36	0.95	3.19	1.04	3.70		2.02
2003-11-17	2.63	28.98	31.75	1.82	1.12	1.49	1.29	4.18	0.93	1.80	2.31	0.96	3.14	1.04	3.68		2.02
2003-11-18	2.64	29.26	33.16	1.83	1.14	1.50	1.30	4.17	0.95	1.83	2.32	0.96	3.14	1.04	3.66		2.00
2003-11-19	2.62	30.13	32.84	1.91	1.22	1.58	1.32	4.24	0.94	1.90	2.42	0.95	3.22	1.03	3.75		2.00
2003-11-20	2.62	29.88	32.87	1.92	1.23	1.58	1.28	4.16	0.93	1.83	2.35	0.95	3.14	1.01	3.67		1.91
2003-11-21	2.62	29.79	32.26	1.93	1.23	1.61	1.29	4.15	0.93	1.84	2.35	0.94	3.15	1.02	3.67		1.92
2003-11-24	2.59	27.99	29.99	1.99	1.26	1.65	1.33	4.23	0.94	1.94	2.44	0.96	3.24	1.04	3.76		1.98
2003-11-25	2.59	27.62	30.02	1.92	1.21	1.60	1.32	4.19	0.97	1.89	2.40	0.95	3.20	1.03	3.72		1.99
2003-11-26	2.57	28.23	30.33	1.96	1.26	1.65	1.35	4.25	0.97	1.97	2.48	0.94	3.27	1.04	3.79		2.01
2003-11-27	2.56	28.90	.	.	.	.	.	.	.	.	.	.	.	.	.		.
2003-11-28	2.49	28.95	.	2.03	1.36	1.73	1.39	4.34	0.96	2.06	2.56	0.93	3.38	1.04	3.89		2.02
2003-11-30	2.47																
2003-12-01	2.44	28.17	29.89	2.08	1.42	1.77	1.41	4.40	0.96	2.12	2.64	0.95	3.46	1.06	3.98		2.04
2003-12-02	2.44	29.10	30.74	2.05	1.38	1.75	1.38	4.38	0.96	2.07	2.60	0.94	3.43	1.04	3.95		2.05
2003-12-03	2.43	29.26	30.61	2.08	1.40	1.77	1.39	4.41	0.96	2.09	2.63	0.94	3.46	1.04	3.98		2.06
2003-12-04	2.42	29.25	31.24	2.04	1.35	1.72	1.38	4.38	0.94	2.06	2.61	0.93	3.42	1.04	3.93		2.07
2003-12-05	2.50	28.87	30.68	1.92	1.20	1.59	1.30	4.23	0.93	1.88	2.42	0.92	3.23	1.01	3.76		2.03
2003-12-08	2.45	30.52	32.08	1.96	1.22	1.63	1.33	4.29	0.94	1.94	2.48	0.93	3.28	1.03	3.81		2.06
2003-12-09	2.41	30.27	31.72	2.00	1.24	1.67	1.35	4.32	0.93	1.97	2.51	0.93	3.33	1.04	3.85		2.09
2003-12-10	2.40	30.02	31.92	1.97	1.19	1.65	1.33	4.30	0.92	1.94	2.48	0.93	3.28	1.03	3.82		2.09
2003-12-11	2.44	29.79	32.01	1.90	1.10	1.55	1.27	4.27	0.87	1.83	2.37	0.90	3.21	0.99	3.76		2.11
2003-12-12	2.47	30.24	33.06	1.91	1.13	1.57	1.28	4.26	0.88	1.84	2.40	0.91	3.23	0.99	3.75		2.10
2003-12-15	2.44	30.89	33.17	1.98	1.18	1.62	1.30	4.28	0.87	1.88	2.41	0.90	3.26	1.01	3.79		2.08
2003-12-16	2.42	30.64	32.94	1.99	1.19	1.63	1.28	4.24	0.88	1.83	2.37	0.91	3.21	1.00	3.74		2.02
2003-12-17	2.43	31.01	33.36	1.96	1.18	1.60	1.26	4.19	0.85	1.83	2.37	0.90	3.18	0.99	3.70		2.00
2003-12-18	2.42	30.79	33.72	1.94	1.20	1.60	1.24	4.16	0.86	1.85	2.38	0.89	3.17	0.96	3.67		1.97
2003-12-19	2.40	31.03	32.81	1.95	1.18	1.60	1.25	4.15	0.87	1.82	2.35	0.88	3.16	0.96	3.67		1.98
2003-12-22	2.38	28.78	31.71	1.98	1.21	1.63	1.27	4.18	0.88	1.84	2.37	0.90	3.19	0.99	3.70		1.98
2003-12-23	2.34	28.30	32.03	2.03	1.26	1.67	1.31	4.28	0.89	1.96	2.47	0.90	3.30	1.00	3.81		2.04
2003-12-24	2.36	29.45	32.99	1.96	1.19	1.60	1.28	4.20	0.87	1.83	2.36	0.90	3.20	1.00	3.72		2.01
2003-12-25	.	.	.	.	.	.	.	.	.	.	.	.	.	.	.		.
2003-12-26	2.40	.	.	1.94	1.16	1.57	1.27	4.17	0.76	1.82	2.33	0.87	3.17	0.99	3.67		2.01
2003-12-29	2.38	29.17	32.51	1.99	1.21	1.63	1.31	4.24	0.79	1.86	2.37	0.90	3.23	1.03	3.76		2.02
2003-12-30	2.36	30.10	33.01	2.01	1.23	1.65	1.28	4.29	0.88	1.86	2.39	0.94	3.26	1.02	3.80		2.03
2003-12-31	2.38	30.30	32.51	2.00	1.22	1.62	1.26	4.27	0.90	1.84	2.37	0.95	3.25	1.02	3.77		2.03
2004-01-01	.	.	.	.	.	.	.	.	.	.	.	.	.	.	.		.
2004-01-02	2.32	29.55	.	2.06	1.28	1.70	1.31	4.38	0.88	1.94	2.47	0.93	3.36	1.02	3.90		2.08
2004-01-05	2.30	32.30	33.71	2.06	1.30	1.69	1.35	4.41	0.88	1.95	2.51	0.91	3.39	1.05	3.92		2.09
2004-01-06	2.31	31.20	33.54	1.97	1.21	1.60	1.30	4.29	0.88	1.84	2.38	0.91	3.26	1.03	3.80		2.05
2004-01-07	2.32	30.99	33.57	1.94	1.20	1.57	1.29	4.27	0.88	1.84	2.36	0.91	3.25	1.02	3.76		2.05
2004-01-08	2.30	31.11	34.27	1.99	1.25	1.60	1.29	4.27	0.87	1.85	2.37	0.88	3.24	1.01	3.76		1.99
2004-01-09	2.36	31.91	34.38	1.89	1.12	1.49	1.21	4.11	0.87	1.68	2.17	0.87	3.05	0.97	3.58		1.93
2004-01-12	2.34	31.41	34.92	1.89	1.11	1.49	1.21	4.11	0.88	1.68	2.18	0.89	3.04	0.98	3.58		1.93
2004-01-13	2.34	32.55	34.26	1.83	1.03	1.43	1.18	4.05	0.86	1.63	2.12	0.89	2.98	0.97	3.51		1.95
2004-01-14	2.35	31.84	34.62	1.85	1.05	1.44	1.19	4.01	0.85	1.65	2.13	0.88	2.96	0.96	3.49		1.91
2004-01-15	2.35	31.43	33.61	1.82	1.01	1.42	1.18	3.99	0.82	1.67	2.16	0.88	2.97	0.96	3.48		1.96
2004-01-16	2.35	31.26	35.16	1.83	1.02	1.42	1.21	4.04	0.80	1.70	2.19	0.89	3.03	0.97	3.54		2.01
2004-01-19	2.34	31.67	.	.	.	.	.	.	.	.	.	.	.	.	.		.
2004-01-20	2.34	32.26	36.21	1.84	1.01	1.41	1.21	4.08	0.80	1.69	2.21	0.89	3.05	0.98	3.58		2.04
2004-01-21	2.35	31.95	35.53	1.79	0.96	1.37	1.19	4.05	0.82	1.69	2.20	0.89	3.02	0.96	3.55		2.06
2004-01-22	2.36	31.42	35.12	1.76	0.94	1.34	1.19	3.99	0.74	1.66	2.14	0.88	2.96	0.96	3.49		2.02
2004-01-23	2.38	32.08	34.94	1.82	1.01	1.41	1.21	4.09	0.79	1.71	2.22	0.90	3.06	0.96	3.59		2.05
2004-01-26	2.33	31.15	34.41	1.89	1.07	1.46	1.23	4.16	0.82	1.75	2.27	0.90	3.13	0.99	3.66		2.06
2004-01-27	2.36	31.05	33.99	1.84	0.98	1.41	1.21	4.11	0.89	1.70	2.21	0.91	3.07	0.98	3.60		2.09
2004-01-28	2.32	30.77	33.63	1.92	1.09	1.50	1.26	4.22	0.89	1.87	2.39	0.94	3.22	1.00	3.72		2.13
2004-01-29	2.35	29.47	32.86	1.91	1.07	1.49	1.29	4.22	0.87	1.88	2.39	0.94	3.22	1.02	3.74		2.15
2004-01-30	2.39	29.53	33.16	1.85	1.01	1.43	1.28	4.16	0.85	1.84	2.35	0.92	3.17	1.01	3.68		2.16
2004-01-31	2.47																
2004-02-02	2.50	30.30	34.02	1.84	0.96	1.40	1.29	4.18	0.87	1.83	2.36	0.94	3.18	1.03	3.70		2.22
2004-02-03	2.52	30.07	34.20	1.81	0.93	1.37	1.27	4.13	0.93	1.78	2.30	0.94	3.12	1.02	3.65		2.19
2004-02-04	2.49	29.63	33.06	1.82	0.95	1.39	1.27	4.15	0.91	1.80	2.32	0.94	3.15	1.01	3.67		2.20
2004-02-05	2.48	29.02	33.26	1.85	0.99	1.44	1.29	4.20	0.89	1.85	2.40	0.94	3.21	1.02	3.72		2.22
2004-02-06	2.53	29.26	32.49	1.79	0.95	1.37	1.26	4.12	0.89	1.77	2.29	0.93	3.12	1.01	3.63		2.17
2004-02-09	2.53	29.10	32.91	1.76	0.92	1.33	1.25	4.09	0.89	1.76	2.26	0.94	3.08	1.02	3.60		2.16
2004-02-10	2.51	30.06	34.03	1.79	0.96	1.37	1.27	4.13	0.91	1.82	2.33	0.95	3.13	1.02	3.64		2.17
2004-02-11	2.51	30.33	33.93	1.75	0.88	1.32	1.23	4.05	0.89	1.73	2.23	0.93	3.03	1.00	3.56		2.15
2004-02-12	2.52	30.17	34.03	1.77	0.90	1.34	1.24	4.10	0.90	1.75	2.26	0.93	3.07	1.00	3.58		2.17
2004-02-13	2.52	30.96	34.51	1.74	0.85	1.28	1.21	4.05	0.90	1.70	2.19	0.92	3.01	0.98	3.54		2.16
2004-02-16	2.51	31.08	.	.	.	.	.	.	.	.	.	.	.	.	.		.
2004-02-17	2.50	31.43	35.13	1.75	0.84	1.30	1.21	4.05	0.90	1.70	2.20	0.95	3.02	1.00	3.54		2.18
2004-02-18	2.51	31.57	35.42	1.75	0.84	1.31	1.23	4.05	0.93	1.72	2.22	0.94	3.03	1.00	3.55		2.19
2004-02-19	2.49	31.63	35.81	1.76	0.82	1.30	1.23	4.05	0.93	1.70	2.20	0.94	3.02	1.00	3.54		2.20
2004-02-20	2.50	31.22	35.80	1.79	0.84	1.32	1.26	4.10	0.93	1.75	2.25	0.94	3.08	1.01	3.59		2.24
2004-02-23	2.50	31.89	35.75	1.76	0.80	1.28	1.22	4.05	0.95	1.69	2.21	0.97	3.03	1.02	3.55		2.23
2004-02-24	2.51	31.60	35.85	1.74	0.78	1.26	1.23	4.04	0.97	1.69	2.20	0.97	3.01	1.02	3.53		2.23
2004-02-25	2.51	32.46	37.28	1.71	0.74	1.22	1.23	4.02	0.96	1.67	2.16	0.96	2.98	1.02	3.51		2.24
2004-02-26	2.50	32.45	35.45	1.69	0.72	1.20	1.23	4.05	0.97	1.69	2.18	0.96	3.01	1.02	3.54		2.29
2004-02-27	2.52	32.94	36.08	1.61	0.63	1.11	1.21	3.99	0.95	1.66	2.13	0.96	3.01	1.01	3.48		2.38
2004-02-29	2.55																
2004-03-01	2.51	33.34	36.85	1.55	0.58	1.05	1.23	4.00	0.97	1.67	2.15	0.97	2.98	1.02	3.49		2.40
2004-03-02	2.47	34.15	36.60	1.58	0.62	1.09	1.26	4.05	0.98	1.74	2.21	0.97	3.04	1.03	3.55		2.42
2004-03-03	2.46	33.32	35.80	1.59	0.64	1.10	1.26	4.07	0.97	1.74	2.23	0.97	3.06	1.02	3.57		2.42
2004-03-04	2.48	33.45	36.81	1.60	0.67	1.12	1.25	4.04	0.97	1.73	2.21	0.96	3.02	1.02	3.53		2.35
2004-03-05	2.56	34.40	37.31	1.46	0.53	0.99	1.16	3.85	0.95	1.57	2.02	0.94	2.81	0.99	3.32		2.28
2004-03-08	2.56	34.27	36.53	1.43	0.49	0.94	1.15	3.78	0.95	1.52	1.95	0.96	2.74	1.01	3.26		2.25
2004-03-09	2.53	33.72	36.29	1.40	0.48	0.92	1.15	3.73	0.98	1.51	1.92	0.96	2.68	1.00	3.20		2.20
2004-03-10	2.52	32.83	36.21	1.45	0.53	0.97	1.17	3.74	0.97	1.54	1.94	0.96	2.71	1.00	3.21		2.18
2004-03-11	2.53	33.22	36.95	1.50	0.57	1.02	1.15	3.74	0.96	1.52	1.95	0.97	2.72	1.00	3.23		2.15
2004-03-12	2.54	32.76	36.21	1.52	0.59	1.04	1.18	3.78	0.96	1.54	1.95	0.96	2.73	1.01	3.24		2.14
2004-03-15	2.54	34.39	37.44	1.47	0.54	0.99	1.18	3.78	0.94	1.56	1.97	0.96	2.74	1.02	3.25		2.20
2004-03-16	2.55	34.72	37.36	1.40	0.45	0.92	1.17	3.70	0.97	1.51	1.89	0.96	2.65	1.01	3.17		2.20
2004-03-17	2.56	34.95	38.21	1.36	0.39	0.87	1.18	3.71	0.94	1.53	1.92	0.93	2.66	1.01	3.18		2.27
2004-03-18	2.51	34.43	37.81	1.37	0.40	0.88	1.17	3.76	0.93	1.55	1.96	0.93	2.72	1.00	3.25		2.32
2004-03-19	2.49	34.33	38.09	1.44	0.48	0.95	1.19	3.80	0.93	1.56	1.97	0.94	2.75	1.01	3.28		2.27
2004-03-22	2.51	33.57	37.12	1.42	0.45	0.93	1.17	3.74	0.94	1.52	1.93	0.95	2.69	1.02	3.22		2.24
2004-03-23	2.49	34.40	37.81	1.41	0.45	0.92	1.17	3.73	0.96	1.52	1.92	0.95	2.69	1.01	3.21		2.24
2004-03-24	2.48	34.14	37.06	1.38	0.41	0.88	1.16	3.73	0.95	1.50	1.91	0.93	2.68	1.00	3.21		2.27
2004-03-25	2.48	33.32	35.67	1.40	0.44	0.91	1.15	3.75	0.95	1.51	1.91	0.94	2.70	0.99	3.23		2.26
2004-03-26	2.46	32.51	35.61	1.47	0.51	0.99	1.19	3.85	0.94	1.59	2.00	0.95	2.81	1.00	3.33		2.30
2004-03-29	2.43	32.04	35.41	1.50	0.55	1.02	1.21	3.91	0.95	1.63	2.05	0.96	2.86	1.02	3.39		2.31
2004-03-30	2.42	33.04	36.15	1.52	0.57	1.04	1.21	3.91	0.97	1.63	2.05	0.96	2.86	1.01	3.39		2.29
2004-03-31	2.43	32.29	35.75	1.48	0.51	0.99	1.20	3.86	0.96	1.60	1.99	0.95	2.80	1.01	3.33		2.29
2004-04-01	2.39	32.59	34.47	1.48	0.53	1.01	1.23	3.91	0.95	1.65	2.06	0.93	2.87	1.02	3.38		2.34
2004-04-02	2.33	31.19	34.39	1.69	0.77	1.25	1.30	4.15	0.93	1.86	2.33	0.95	3.15	1.03	3.66		2.38
2004-04-05	2.31	31.17	34.29	1.75	0.84	1.32	1.34	4.24	0.94	1.91	2.40	0.94	3.24	1.06	3.76		2.40
2004-04-06	2.33	31.48	35.09	1.73	0.82	1.30	1.31	4.19	0.94	1.86	2.35	0.94	3.19	1.04	3.70		2.37
2004-04-07	2.33	33.07	36.28	1.82	0.91	1.39	1.31	4.19	0.94	1.87	2.36	0.95	3.19	1.04	3.71		2.28
2004-04-08	2.29	33.98	37.14	1.80	0.88	1.37	1.32	4.21	0.93	1.88	2.37	0.93	3.22	1.04	3.73		2.34
2004-04-09	.	34.03	.	.	.	.	.	.	.	.	.	.	.	.	.		.
2004-04-12	2.29	34.51	37.79	1.81	0.91	1.38	1.34	4.25	0.92	1.91	2.41	0.94	3.26	1.06	3.78		2.35
2004-04-13	2.24	34.15	37.09	1.88	0.98	1.46	1.39	4.35	0.91	2.01	2.52	0.94	3.37	1.08	3.89		2.39
2004-04-14	2.23	33.54	36.62	1.91	1.01	1.49	1.48	4.40	0.92	2.13	2.60	0.95	3.44	1.13	3.95		2.43
2004-04-15	2.25	33.72	37.74	1.93	1.03	1.49	1.46	4.42	0.92	2.10	2.59	0.95	3.45	1.12	3.96		2.42
2004-04-16	2.26	33.85	37.70	1.87	0.95	1.43	1.40	4.37	0.91	2.03	2.53	0.94	3.39	1.08	3.90		2.44
2004-04-19	2.27	34.71	37.46	1.87	0.96	1.45	1.43	4.39	0.92	2.07	2.58	0.96	3.42	1.11	3.93		2.46
2004-04-20	2.25	33.56	37.61	1.97	1.07	1.55	1.46	4.43	0.93	2.11	2.62	0.97	3.45	1.13	3.97		2.38
2004-04-21	2.29	33.23	36.61	1.96	1.07	1.54	1.52	4.45	0.93	2.22	2.71	0.99	3.52	1.17	4.01		2.45
2004-04-22	2.34	33.24	37.70	1.98	1.10	1.56	1.49	4.40	0.81	2.15	2.64	0.97	3.46	1.14	3.95		2.36
2004-04-23	2.27	33.78	37.22	2.12	1.29	1.74	1.59	4.48	0.87	2.29	2.78	0.98	3.58	1.20	4.07		2.29
2004-04-26	2.29	34.18	37.02	2.03	1.20	1.66	1.57	4.46	0.88	2.28	2.78	0.99	3.57	1.19	4.05		2.37
2004-04-27	2.33	34.11	37.49	2.00	1.14	1.63	1.53	4.43	0.91	2.21	2.74	0.98	3.52	1.17	4.01		2.38
2004-04-28	2.36	35.02	37.23	2.10	1.26	1.72	1.54	4.50	0.87	2.30	2.82	0.97	3.60	1.16	4.08		2.34
2004-04-29	2.42	34.66	37.50	2.15	1.32	1.78	1.55	4.55	0.85	2.34	2.88	0.97	3.66	1.15	4.14		2.34
2004-04-30	2.48	35.23	37.31	2.11	1.29	1.75	1.55	4.53	0.83	2.31	2.86	0.98	3.63	1.17	4.11		2.34
2004-05-03	2.51	34.97	38.26	2.09	1.28	1.73	1.60	4.53	0.83	2.34	2.86	1.00	3.63	1.21	4.11		2.35
2004-05-04	2.53	36.07	38.86	2.10	1.26	1.74	1.57	4.56	0.93	2.32	2.88	1.00	3.66	1.19	4.15		2.40
2004-05-05	2.55	36.58	39.69	2.10	1.29	1.76	1.56	4.61	0.90	2.34	2.91	0.99	3.71	1.17	4.18		2.42
2004-05-06	2.62	37.05	39.41	2.15	1.34	1.80	1.61	4.63	0.89	2.39	2.94	1.00	3.72	1.21	4.20		2.38
2004-05-07	2.64	37.25	39.98	2.24	1.50	1.93	1.83	4.79	0.90	2.64	3.19	1.07	3.96	1.35	4.41		2.46
2004-05-10	2.71	35.83	38.90	2.25	1.53	1.95	1.85	4.81	0.89	2.61	3.18	1.08	3.95	1.36	4.41		2.42
2004-05-11	2.73	36.97	40.30	2.21	1.49	1.91	1.83	4.79	0.91	2.61	3.19	1.05	3.94	1.35	4.39		2.45
2004-05-12	2.75	37.95	40.30	2.17	1.42	1.86	1.81	4.83	0.90	2.62	3.19	1.04	3.96	1.33	4.41		2.54
2004-05-13	2.73	38.30	40.94	2.18	1.43	1.86	1.84	4.85	0.88	2.67	3.24	1.00	4.01	1.34	4.46		2.58
2004-05-14	2.73	39.04	41.42	2.16	1.41	1.84	1.81	4.79	0.87	2.59	3.16	0.99	3.92	1.34	4.39		2.51
2004-05-17	2.75	38.88	41.53	2.07	1.33	1.75	1.80	4.70	0.90	2.51	3.07	1.06	3.83	1.35	4.29		2.50
2004-05-18	2.69	38.43	40.32	2.05	1.33	1.75	1.83	4.74	0.91	2.58	3.13	1.05	3.87	1.37	4.34		2.54
2004-05-19	2.66	38.35	41.61	2.03	1.32	1.74	1.85	4.79	0.91	2.61	3.18	1.04	3.93	1.38	4.39		2.61
2004-05-20	2.70	38.89	40.92	1.96	1.25	1.67	1.81	4.72	0.90	2.55	3.12	1.03	3.86	1.36	4.33		2.61
2004-05-21	2.68	37.60	39.83	2.04	1.34	1.75	1.84	4.76	0.91	2.60	3.18	1.03	3.91	1.39	4.37		2.57
2004-05-24	2.65	39.22	42.03	2.01	1.27	1.71	1.86	4.75	0.92	2.59	3.17	1.07	3.90	1.41	4.36		2.63
2004-05-25	2.64	38.46	41.45	2.03	1.29	1.72	1.84	4.73	0.95	2.58	3.16	1.07	3.89	1.41	4.34		2.60
2004-05-26	2.66	38.05	40.60	1.99	1.23	1.66	1.81	4.67	0.94	2.52	3.08	1.08	3.81	1.39	4.27		2.58
2004-05-27	2.68	37.03	39.25	1.97	1.19	1.62	1.77	4.60	0.94	2.46	3.02	1.06	3.74	1.37	4.20		2.55
2004-05-28	2.66	37.00	39.90	2.00	1.26	1.68	1.83	4.66	0.94	2.54	3.10	1.08	3.81	1.39	4.26		2.55
2004-05-31	2.68	37.00	.	.	.	.	.	.	.	.	.	.	.	.	.		.
2004-06-01	2.67	39.05	42.33	1.97	1.22	1.63	1.89	4.71	0.97	2.60	3.14	1.17	3.86	1.44	4.31		2.64
2004-06-02	2.66	37.99	39.96	2.04	1.29	1.71	1.92	4.74	0.97	2.65	3.19	1.17	3.91	1.45	4.35		2.62
2004-06-03	2.66	36.26	39.29	2.05	1.31	1.73	1.91	4.71	0.96	2.63	3.17	1.17	3.89	1.45	4.34		2.58
2004-06-04	2.63	35.97	38.44	2.11	1.37	1.78	1.97	4.78	0.96	2.70	3.25	1.21	3.97	1.51	4.41		2.60
2004-06-07	2.61	35.57	38.72	2.11	1.37	1.78	1.96	4.78	0.97	2.67	3.22	1.24	3.95	1.54	4.39		2.58
2004-06-08	2.61	35.47	37.18	2.15	1.43	1.83	2.02	4.78	1.03	2.73	3.24	1.27	3.96	1.56	4.40		2.53
2004-06-09	2.60	34.69	37.60	2.20	1.47	1.87	2.14	4.82	1.03	2.79	3.31	1.27	4.01	1.61	4.44		2.54
2004-06-10	2.62	35.75	38.45	2.18	1.45	1.87	2.14	4.81	1.02	2.81	3.32	1.30	4.00	1.65	4.43		2.55
2004-06-11	2.61	35.23	.	.	.	.	.	.	.	.	.	.	.	.	.		.
2004-06-14	2.61	35.22	37.58	2.26	1.55	1.94	2.25	4.89	1.07	2.97	3.45	1.41	4.10	1.77	4.51		2.55
2004-06-15	2.63	34.66	37.18	2.16	1.38	1.79	2.16	4.69	1.09	2.77	3.26	1.34	3.90	1.68	4.31		2.52
2004-06-16	2.62	34.56	37.33	2.18	1.43	1.82	2.24	4.74	1.05	2.84	3.31	1.30	3.96	1.69	4.36		2.53
2004-06-17	2.59	35.58	38.51	2.16	1.42	1.80	2.21	4.71	1.02	2.81	3.28	1.28	3.93	1.66	4.33		2.51
2004-06-18	2.59	35.43	38.68	2.15	1.40	1.79	2.24	4.72	1.03	2.81	3.28	1.29	3.94	1.68	4.34		2.54
2004-06-21	2.59	34.82	37.69	2.16	1.40	1.80	2.17	4.70	1.04	2.80	3.26	1.33	3.91	1.70	4.33		2.51
2004-06-22	2.57	34.95	38.11	2.17	1.41	1.81	2.21	4.72	1.08	2.80	3.28	1.32	3.92	1.69	4.34		2.51
2004-06-23	2.56	34.81	37.56	2.18	1.42	1.81	2.15	4.71	1.08	2.78	3.25	1.29	3.90	1.69	4.33		2.48
2004-06-24	2.59	34.71	37.81	2.15	1.40	1.79	2.11	4.66	1.10	2.74	3.21	1.29	3.85	1.68	4.27		2.45
2004-06-25	2.57	34.25	37.34	2.16	1.43	1.81	2.14	4.66	1.10	2.74	3.20	1.31	3.85	1.69	4.27		2.42
2004-06-28	2.54	33.24	36.25	2.23	1.52	1.90	2.30	4.76	1.12	2.86	3.32	1.38	3.97	1.77	4.37		2.45
2004-06-29	2.54	32.61	35.60	2.20	1.50	1.87	2.20	4.70	1.19	2.83	3.28	1.38	3.92	1.75	4.33		2.42
2004-06-30	2.57	33.22	36.92	2.10	1.38	1.75	2.09	4.62	1.17	2.70	3.16	1.33	3.81	1.68	4.24		2.43
2004-07-01	2.58	35.58	38.56	2.04	1.30	1.70	2.07	4.57	1.01	2.64	3.08	1.22	3.74	1.64	4.18		2.44
2004-07-02	2.60	35.36	38.37	1.96	1.21	1.60	2.02	4.48	1.07	2.54	2.96	1.30	3.62	1.61	4.08		2.41
2004-07-05	2.60	35.73	.	.	.	.	.	.	.	.	.	.	.	.	.		.
2004-07-06	2.55	36.47	39.56	1.97	1.23	1.62	2.15	4.49	1.11	2.56	2.99	1.34	3.65	1.68	4.10		2.42
2004-07-07	2.56	35.62	39.18	2.00	1.23	1.64	2.00	4.50	1.16	2.56	2.99	1.30	3.67	1.64	4.10		2.44
2004-07-08	2.59	37.13	40.27	2.02	1.22	1.63	1.99	4.49	1.14	2.55	2.97	1.27	3.65	1.63	4.09		2.43
2004-07-09	2.59	37.58	39.90	2.02	1.23	1.64	2.00	4.49	1.14	2.55	2.96	1.28	3.64	1.63	4.08		2.41
2004-07-12	2.60	37.73	39.30	2.02	1.24	1.64	2.02	4.46	1.16	2.53	2.96	1.34	3.62	1.67	4.06		2.38
2004-07-13	2.56	36.68	39.55	2.03	1.26	1.66	2.05	4.50	1.19	2.58	3.00	1.34	3.66	1.69	4.10		2.40
2004-07-14	2.53	37.51	40.98	2.02	1.27	1.67	2.08	4.50	1.17	2.62	3.02	1.34	3.68	1.69	4.10		2.41
2004-07-15	2.52	38.41	40.70	2.01	1.27	1.66	2.11	4.50	1.15	2.64	3.04	1.35	3.69	1.68	4.10		2.42
2004-07-16	2.51	38.49	41.10	1.94	1.19	1.59	2.08	4.38	1.15	2.54	2.93	1.35	3.56	1.66	3.99		2.37
2004-07-19	2.48	39.07	41.55	1.96	1.21	1.61	2.10	4.38	1.16	2.56	2.94	1.35	3.57	1.68	3.99		2.36
2004-07-20	2.44	38.96	40.86	2.05	1.32	1.72	2.13	4.47	1.22	2.67	3.06	1.36	3.68	1.70	4.09		2.36
2004-07-21	2.42	38.48	40.63	2.05	1.35	1.72	2.14	4.50	1.21	2.71	3.10	1.35	3.72	1.71	4.13		2.37
2004-07-22	2.46	39.16	41.51	2.03	1.34	1.71	2.12	4.48	1.21	2.69	3.09	1.37	3.71	1.71	4.11		2.37
2004-07-23	2.44	39.59	41.82	2.00	1.31	1.69	2.12	4.45	1.23	2.69	3.08	1.38	3.69	1.71	4.08		2.38
2004-07-26	2.43	39.75	41.45	2.05	1.37	1.74	2.18	4.49	1.29	2.75	3.13	1.45	3.73	1.78	4.13		2.36
2004-07-27	2.42	40.09	41.83	2.15	1.47	1.85	2.19	4.62	1.35	2.82	3.23	1.46	3.85	1.79	4.25		2.38
2004-07-28	2.42	41.08	42.81	2.11	1.42	1.80	2.17	4.61	1.32	2.78	3.19	1.46	3.82	1.78	4.23		2.40
2004-07-29	2.40	40.93	42.69	2.07	1.37	1.76	2.15	4.60	1.29	2.75	3.16	1.45	3.80	1.77	4.23		2.43
2004-07-30	2.41	41.47	43.72	2.01	1.30	1.70	2.13	4.50	1.27	2.68	3.09	1.45	3.71	1.77	4.13		2.41
2004-07-31	2.45																
2004-08-02	2.45	41.35	43.83	2.00	1.26	1.66	2.12	4.48	1.28	2.66	3.06	1.50	3.68	1.78	4.10		2.42
2004-08-03	2.45	41.82	44.13	1.98	1.24	1.65	2.11	4.45	1.37	2.66	3.05	1.48	3.67	1.77	4.08		2.43
2004-08-04	2.44	41.75	42.73	2.00	1.27	1.67	2.11	4.45	1.34	2.66	3.05	1.49	3.66	1.76	4.08		2.39
2004-08-05	2.42	42.49	44.39	1.96	1.23	1.63	2.09	4.43	1.34	2.64	3.04	1.48	3.64	1.75	4.05		2.41
2004-08-06	2.47	42.63	43.95	1.82	1.06	1.46	1.91	4.24	1.36	2.40	2.79	1.44	3.40	1.67	3.84		2.34
2004-08-09	2.44	43.21	44.86	1.85	1.08	1.49	1.97	4.28	1.40	2.45	2.86	1.51	3.45	1.73	3.88		2.37
2004-08-10	2.42	42.50	44.51	1.90	1.17	1.55	2.01	4.32	1.42	2.55	2.94	1.50	3.52	1.75	3.94		2.35
2004-08-11	2.41	42.45	44.72	1.86	1.13	1.51	2.00	4.30	1.40	2.54	2.91	1.44	3.51	1.73	3.92		2.38
2004-08-12	2.40	43.50	45.52	1.81	1.07	1.45	1.99	4.27	1.31	2.52	2.89	1.43	3.47	1.73	3.89		2.40
2004-08-13	2.41	44.13	46.61	1.77	1.01	1.40	1.97	4.22	1.32	2.47	2.85	1.44	3.42	1.72	3.85		2.41
2004-08-16	2.38	44.35	46.02	1.82	1.06	1.45	2.01	4.26	1.36	2.51	2.87	1.49	3.45	1.77	3.89		2.39
2004-08-17	2.38	44.05	46.75	1.82	1.06	1.46	1.98	4.21	1.38	2.44	2.81	1.48	3.39	1.75	3.83		2.33
2004-08-18	2.36	44.12	47.36	1.83	1.09	1.48	1.97	4.23	1.37	2.44	2.82	1.49	3.41	1.74	3.85		2.32
2004-08-19	2.30	44.84	48.66	1.76	1.00	1.41	1.96	4.22	1.35	2.43	2.80	1.48	3.39	1.73	3.84		2.39
2004-08-20	2.29	45.46	47.60	1.79	1.06	1.45	1.98	4.24	1.34	2.46	2.83	1.49	3.42	1.74	3.86		2.36
2004-08-23	2.26	44.39	46.00	1.86	1.13	1.51	2.03	4.28	1.33	2.50	2.87	1.54	3.46	1.80	3.90		2.33
2004-08-24	2.23	42.99	45.68	1.87	1.16	1.52	2.03	4.28	1.39	2.50	2.87	1.54	3.46	1.80	3.91		2.30
2004-08-25	2.26	42.39	43.83	1.88	1.17	1.54	2.03	4.26	1.38	2.51	2.88	1.54	3.46	1.79	3.89		2.29
2004-08-26	2.26	40.65	43.06	1.86	1.14	1.51	2.02	4.22	1.40	2.48	2.85	1.55	3.42	1.79	3.85		2.28
2004-08-27	2.26	40.72	43.11	1.86	1.14	1.51	2.03	4.23	1.43	2.48	2.85	1.56	3.43	1.80	3.86		2.29
2004-08-30	2.26	40.78	42.32	1.83	1.12	1.49	2.04	4.19	1.45	2.47	2.82	1.61	3.40	1.83	3.82		2.28
2004-08-31	2.26	39.80	42.23	1.78	1.06	1.43	1.99	4.13	1.45	2.41	2.75	1.59	3.33	1.79	3.76		2.27
2004-09-01	2.25	40.96	43.89	1.77	1.04	1.42	1.99	4.13	1.43	2.41	2.74	1.58	3.32	1.79	3.76		2.28
2004-09-02	2.24	42.39	44.04	1.83	1.08	1.47	2.02	4.20	1.46	2.46	2.80	1.60	3.40	1.80	3.83		2.32
2004-09-03	2.18	41.07	43.94	1.88	1.16	1.54	2.12	4.30	1.49	2.61	2.94	1.65	3.52	1.87	3.93		2.36
2004-09-06	2.19	40.40	.	.	.	.	.	.	.	.	.	.	.	.	.		.
2004-09-07	2.20	40.19	43.18	1.86	1.14	1.52	2.13	4.26	1.53	2.58	2.91	1.66	3.48	1.91	3.89		2.34
2004-09-08	2.20	39.91	42.77	1.82	1.10	1.47	2.09	4.18	1.57	2.50	2.83	1.65	3.40	1.88	3.80		2.30
2004-09-09	2.21	41.45	44.53	1.83	1.11	1.48	2.09	4.22	1.57	2.50	2.85	1.64	3.41	1.88	3.84		2.30
2004-09-10	2.22	41.03	42.84	1.83	1.14	1.49	2.08	4.19	1.60	2.50	2.84	1.66	3.40	1.87	3.79		2.26
2004-09-13	2.22	40.63	43.86	1.81	1.11	1.47	2.10	4.16	1.59	2.50	2.83	1.66	3.38	1.89	3.78		2.27
2004-09-14	2.21	41.34	44.62	1.81	1.11	1.47	2.08	4.15	1.57	2.47	2.81	1.66	3.35	1.88	3.76		2.24
2004-09-15	2.19	42.03	43.83	1.86	1.16	1.52	2.09	4.18	1.56	2.51	2.84	1.67	3.39	1.88	3.80		2.23
2004-09-16	2.21	40.68	44.03	1.81	1.12	1.48	2.06	4.08	1.55	2.44	2.75	1.67	3.29	1.87	3.69		2.17
2004-09-17	2.16	43.08	45.63	1.85	1.17	1.52	2.11	4.14	1.58	2.53	2.83	1.71	3.35	1.90	3.75		2.18
2004-09-20	2.17	43.60	46.33	1.80	1.09	1.45	2.10	4.07	1.60	2.46	2.75	1.73	3.28	1.92	3.68		2.19
2004-09-21	2.16	44.56	47.11	1.80	1.14	1.46	2.12	4.05	1.62	2.49	2.79	1.72	3.28	1.93	3.66		2.14
2004-09-22	2.16	45.66	48.41	1.73	1.09	1.40	2.12	4.00	1.53	2.50	2.78	1.71	3.26	1.93	3.62		2.17
2004-09-23	2.15	46.53	48.37	1.76	1.11	1.43	2.16	4.02	1.53	2.57	2.83	1.72	3.30	1.95	3.66		2.19
2004-09-24	2.16	46.13	48.86	1.78	1.13	1.45	2.20	4.04	1.53	2.62	2.88	1.73	3.33	1.99	3.69		2.20
2004-09-27	2.20	46.87	49.56	1.72	1.04	1.39	2.20	4.01	1.59	2.59	2.84	1.74	3.29	2.00	3.65		2.25
2004-09-28	2.21	47.52	49.76	1.70	1.00	1.36	2.18	4.02	1.62	2.55	2.80	1.72	3.28	1.99	3.66		2.28
2004-09-29	2.16	46.54	49.53	1.76	1.07	1.42	2.20	4.10	1.52	2.61	2.89	1.72	3.37	1.99	3.75		2.30
2004-09-30	2.21	47.76	49.56	1.77	1.05	1.41	2.21	4.14	1.47	2.63	2.89	1.71	3.38	2.00	3.79		2.33
2004-10-01	2.19	46.86	50.16	1.83	1.09	1.47	2.21	4.21	1.52	2.63	2.92	1.71	3.44	2.00	3.85		2.35
2004-10-04	2.18	46.99	49.85	1.86	1.13	1.49	2.25	4.19	1.54	2.65	2.93	1.71	3.44	2.04	3.84		2.31
2004-10-05	2.17	47.10	51.08	1.84	1.11	1.47	2.23	4.18	1.57	2.65	2.93	1.71	3.44	2.03	3.83		2.33
2004-10-06	2.15	47.95	51.98	1.90	1.18	1.54	2.26	4.23	1.56	2.70	2.99	1.71	3.51	2.04	3.88		2.33
2004-10-07	2.13	48.98	52.56	1.89	1.18	1.53	2.26	4.26	1.56	2.72	3.01	1.70	3.53	2.03	3.92		2.35
2004-10-08	2.17	49.41	53.40	1.78	1.07	1.43	2.21	4.15	1.56	2.61	2.88	1.71	3.39	2.01	3.80		2.32
2004-10-11	2.16	50.75	53.65	.	.	.	.	.	.	.	.	.	.	.	.		.
2004-10-12	2.15	51.28	53.49	1.75	1.04	1.39	2.20	4.12	1.59	2.56	2.84	1.72	3.35	2.02	3.77		2.31
2004-10-13	2.11	50.42	53.86	1.72	1.00	1.36	2.17	4.09	1.59	2.53	2.80	1.72	3.32	2.00	3.74		2.32
2004-10-14	2.15	51.31	54.69	1.68	0.94	1.32	2.15	4.03	1.60	2.48	2.76	1.74	3.26	1.99	3.68		2.32
2004-10-15	2.12	51.02	54.89	1.70	0.97	1.34	2.18	4.07	1.59	2.53	2.80	1.76	3.31	2.00	3.72		2.34
2004-10-18	2.12	49.16	53.59	1.71	0.99	1.35	2.21	4.07	1.61	2.55	2.82	1.81	3.31	2.05	3.72		2.32
2004-10-19	2.10	49.21	53.28	1.70	0.99	1.35	2.22	4.07	1.63	2.57	2.84	1.82	3.32	2.05	3.73		2.33
2004-10-20	2.13	50.78	54.93	1.66	0.92	1.29	2.20	4.01	1.62	2.53	2.78	1.82	3.26	2.04	3.66		2.34
2004-10-21	2.10	51.06	54.51	1.62	0.85	1.24	2.23	4.01	1.64	2.57	2.83	1.85	3.29	2.06	3.68		2.44
2004-10-22	2.11	52.28	55.83	1.64	0.83	1.23	2.23	4.00	1.65	2.55	2.79	1.85	3.26	2.07	3.66		2.43
2004-10-25	2.13	51.68	55.52	1.63	0.83	1.22	2.24	3.99	1.73	2.54	2.78	1.90	3.25	2.10	3.63		2.42
2004-10-26	2.12	52.04	56.37	1.63	0.81	1.23	2.24	4.01	1.82	2.54	2.80	1.91	3.26	2.10	3.65		2.45
2004-10-27	2.09	49.99	52.52	1.73	0.90	1.32	2.30	4.11	1.78	2.63	2.89	1.92	3.37	2.13	3.76		2.47
2004-10-28	2.07	48.88	50.95	1.68	0.85	1.26	2.29	4.09	1.71	2.59	2.86	1.91	3.34	2.14	3.74		2.49
2004-10-29	2.08	48.16	51.78	1.63	0.81	1.22	2.28	4.05	1.73	2.56	2.82	1.91	3.30	2.13	3.70		2.49
2004-10-31	2.09																
2004-11-01	2.08	46.84	50.10	1.67	0.84	1.25	2.34	4.11	1.79	2.61	2.89	1.99	3.36	2.20	3.76		2.52
2004-11-02	2.08	46.25	49.60	1.61	0.78	1.19	2.33	4.10	1.86	2.60	2.86	1.97	3.34	2.19	3.75		2.56
2004-11-03	2.05	46.14	50.90	1.61	0.78	1.18	2.32	4.09	1.83	2.60	2.85	1.96	3.35	2.18	3.74		2.57
2004-11-04	2.04	45.32	48.80	1.65	0.84	1.23	2.34	4.10	1.85	2.63	2.89	1.98	3.37	2.19	3.76		2.53
2004-11-05	1.93	44.37	49.65	1.71	0.91	1.29	2.44	4.21	1.86	2.80	3.04	2.03	3.51	2.27	3.88		2.60
2004-11-08	1.91	44.78	49.10	1.72	0.92	1.30	2.47	4.22	1.88	2.80	3.08	2.07	3.51	2.30	3.88		2.59
2004-11-09	1.90	43.27	47.40	1.74	0.96	1.33	2.46	4.22	1.89	2.80	3.05	2.08	3.53	2.29	3.88		2.57
2004-11-10	1.89	42.57	48.70	1.75	0.97	1.35	2.47	4.25	1.88	2.82	3.07	2.08	3.56	2.29	3.89		2.59
2004-11-11	1.89	42.22	47.50	.	.	.	.	.	.	.	.	.	.	.	.		.
2004-11-12	1.88	41.33	47.30	1.71	0.94	1.30	2.49	4.20	1.91	2.86	3.10	2.08	3.53	2.31	3.89		2.59
2004-11-15	1.86	39.32	46.95	1.67	0.91	1.26	2.53	4.20	1.92	2.89	3.12	2.12	3.53	2.34	3.89		2.62
2004-11-16	1.84	40.48	46.10	1.68	0.92	1.28	2.54	4.21	1.93	2.91	3.14	2.14	3.56	2.36	3.91		2.64
2004-11-17	1.85	40.27	46.85	1.63	0.86	1.22	2.50	4.14	1.90	2.85	3.07	2.13	3.47	2.33	3.83		2.61
2004-11-18	1.83	40.80	46.30	1.64	0.88	1.24	2.51	4.12	1.91	2.86	3.08	2.13	3.48	2.34	3.81		2.60
2004-11-19	1.81	42.29	48.90	1.67	0.93	1.27	2.56	4.20	1.98	2.95	3.17	2.15	3.57	2.36	3.91		2.64
2004-11-22	1.84	42.26	48.48	1.62	0.89	1.23	2.60	4.18	1.98	2.95	3.18	2.20	3.56	2.43	3.90		2.67
2004-11-23	1.83	43.03	48.74	1.65	0.93	1.26	2.60	4.19	1.99	2.98	3.20	2.19	3.58	2.41	3.92		2.65
2004-11-24	1.82	42.62	49.14	1.64	0.93	1.26	2.60	4.20	1.98	3.01	3.23	2.18	3.61	2.40	3.93		2.68
2004-11-25	1.79	43.12	.	.	.	.	.	.	.	.	.	.	.	.	.		.
2004-11-26	1.81	42.87	.	1.66	0.94	1.27	2.61	4.24	2.01	3.03	3.25	2.21	3.64	2.40	3.98		2.70
2004-11-29	1.81	44.05	49.71	1.74	0.98	1.34	2.66	4.34	2.02	3.07	3.31	2.23	3.72	2.46	4.06		2.74
2004-11-30	1.89	44.23	49.16	1.75	0.96	1.34	2.63	4.36	2.07	3.02	3.29	2.23	3.72	2.44	4.07		2.76
2004-12-01	1.89	41.19	45.56	1.79	0.99	1.37	2.60	4.38	2.06	3.01	3.28	2.22	3.72	2.40	4.08		2.73
2004-12-02	1.86	38.49	43.31	1.83	1.03	1.41	2.62	4.40	2.06	3.04	3.30	2.22	3.75	2.41	4.10		2.72
2004-12-03	1.91	38.57	42.56	1.73	0.93	1.30	2.58	4.27	2.06	2.94	3.19	2.21	3.61	2.39	3.96		2.68
2004-12-06	1.90	38.43	42.96	1.70	0.93	1.29	2.60	4.24	2.09	2.93	3.17	2.25	3.59	2.44	3.94		2.66
2004-12-07	1.89	37.11	41.51	1.69	0.94	1.30	2.60	4.23	2.08	2.95	3.19	2.25	3.60	2.43	3.94		2.66
2004-12-08	1.92	36.90	41.96	1.62	0.87	1.22	2.59	4.14	2.08	2.91	3.12	2.24	3.53	2.42	3.85		2.66
2004-12-09	1.93	38.33	42.41	1.64	0.90	1.24	2.59	4.19	2.07	2.93	3.15	2.24	3.54	2.42	3.87		2.64
2004-12-10	1.93	37.24	40.71	1.66	0.93	1.27	2.61	4.16	2.07	2.95	3.15	2.25	3.52	2.44	3.85		2.59
2004-12-13	1.94	36.77	41.06	1.65	0.92	1.26	2.66	4.16	2.04	2.98	3.18	2.24	3.54	2.50	3.85		2.62
2004-12-14	1.93	37.03	41.76	1.62	0.89	1.24	2.65	4.14	2.01	2.99	3.17	2.21	3.53	2.48	3.83		2.64
2004-12-15	1.93	41.53	44.21	1.57	0.83	1.18	2.64	4.09	1.98	2.97	3.14	2.21	3.48	2.47	3.78		2.65
2004-12-16	1.89	41.49	44.16	1.64	0.90	1.26	2.66	4.19	1.93	3.01	3.21	2.20	3.58	2.47	3.89		2.68
2004-12-17	1.86	43.06	46.31	1.64	0.90	1.25	2.67	4.21	1.95	3.03	3.22	2.20	3.59	2.48	3.91		2.69
2004-12-20	1.86	42.67	45.57	1.62	0.89	1.25	2.72	4.21	1.97	3.06	3.23	2.22	3.59	2.54	3.91		2.70
2004-12-21	1.86	42.76	45.76	1.59	0.86	1.22	2.72	4.18	1.92	3.05	3.22	2.20	3.57	2.54	3.89		2.71
2004-12-22	1.85	40.44	44.05	1.63	0.89	1.26	2.71	4.21	1.84	3.04	3.21	2.18	3.57	2.53	3.91		2.68
2004-12-23	1.85	40.29	42.19	1.62	0.88	1.24	2.70	4.23	1.83	3.02	3.21	2.19	3.58	2.54	3.92		2.70
2004-12-24	.	39.60	.	.	.	.	.	.	.	.	.	.	.	.	.		.
2004-12-27	1.83	39.60	41.26	1.67	0.94	1.29	2.78	4.30	1.90	3.07	3.26	2.26	3.65	2.63	3.99		2.71
2004-12-28	1.82	40.24	41.78	1.69	0.95	1.31	2.77	4.31	1.88	3.08	3.27	2.25	3.66	2.62	4.00		2.71
2004-12-29	1.81	38.93	43.69	1.73	0.99	1.34	2.77	4.33	1.76	3.12	3.32	2.22	3.69	2.60	4.03		2.70
2004-12-30	1.82	39.80	43.36	1.70	0.97	1.31	2.76	4.27	1.68	3.10	3.27	2.22	3.64	2.59	3.97		2.67
2004-12-31	1.82	40.38	.	1.68	0.99	1.31	2.75	4.24	1.89	3.08	3.25	2.22	3.63	2.59	3.94		2.64
2005-01-03	1.82	.	42.16	1.70	1.02	1.33	2.79	4.23	1.99	3.10	3.28	2.32	3.64	2.63	3.94		2.62
2005-01-04	1.77	40.75	43.96	1.78	1.10	1.40	2.82	4.29	2.05	3.20	3.38	2.33	3.72	2.63	4.02		2.62
2005-01-05	1.78	41.00	43.41	1.79	1.13	1.42	2.83	4.29	2.04	3.22	3.39	2.33	3.73	2.63	4.02		2.60
2005-01-06	1.81	43.25	45.51	1.76	1.12	1.41	2.82	4.29	2.04	3.18	3.36	2.31	3.71	2.63	4.01		2.59
2005-01-07	1.80	43.28	45.32	1.80	1.16	1.45	2.82	4.29	2.03	3.20	3.40	2.32	3.73	2.63	4.03		2.57
2005-01-10	1.79	44.71	45.31	1.77	1.13	1.42	2.86	4.29	2.07	3.23	3.41	2.36	3.75	2.67	4.03		2.62
2005-01-11	1.81	43.45	45.66	1.76	1.13	1.42	2.86	4.26	2.03	3.24	3.41	2.34	3.73	2.67	4.00		2.60
2005-01-12	1.81	43.75	46.46	1.73	1.12	1.40	2.84	4.25	2.01	3.22	3.38	2.34	3.72	2.64	4.00		2.60
2005-01-13	1.80	45.76	48.11	1.70	1.08	1.36	2.84	4.20	2.06	3.21	3.36	2.35	3.68	2.65	3.95		2.60
2005-01-14	1.79	45.26	48.41	1.72	1.13	1.39	2.87	4.23	2.06	3.24	3.41	2.37	3.71	2.68	3.97		2.58
2005-01-17	1.77	45.10	.	.	.	.	.	.	.	.	.	.	.	.	.		.
2005-01-18	1.78	45.18	48.46	1.71	1.15	1.40	2.90	4.21	2.05	3.26	3.42	2.39	3.72	2.71	3.97		2.57
2005-01-19	1.78	45.16	47.61	1.70	1.17	1.40	2.88	4.20	1.95	3.26	3.42	2.37	3.73	2.69	3.97		2.56
2005-01-20	1.79	44.06	47.01	1.70	1.16	1.41	2.85	4.17	1.89	3.21	3.38	2.35	3.68	2.67	3.94		2.52
2005-01-21	1.82	45.88	48.31	1.69	1.14	1.39	2.83	4.16	2.02	3.16	3.33	2.36	3.65	2.66	3.92		2.51
2005-01-24	1.81	45.74	48.61	1.68	1.13	1.39	2.86	4.14	2.05	3.20	3.36	2.37	3.65	2.69	3.90		2.52
2005-01-25	1.80	46.14	49.43	1.74	1.16	1.44	2.88	4.20	2.13	3.23	3.39	2.39	3.71	2.70	3.97		2.55
2005-01-26	1.78	45.94	48.80	1.72	1.15	1.43	2.90	4.21	2.16	3.27	3.43	2.41	3.73	2.71	3.98		2.58
2005-01-27	1.76	46.51	48.80	1.72	1.16	1.43	2.91	4.22	2.16	3.28	3.45	2.44	3.75	2.72	4.00		2.59
2005-01-28	1.78	44.75	47.15	1.65	1.11	1.35	2.89	4.16	2.12	3.25	3.41	2.46	3.69	2.71	3.93		2.58
2005-01-31	1.78	44.51	48.25	1.65	1.13	1.36	2.96	4.14	2.06	3.29	3.43	2.51	3.71	2.79	3.92		2.58
2005-02-01	1.80	45.12	47.10	1.67	1.15	1.38	2.95	4.15	2.23	3.29	3.43	2.51	3.71	2.77	3.93		2.56
2005-02-02	1.77	44.17	46.65	1.70	1.18	1.41	2.95	4.15	2.22	3.32	3.47	2.51	3.73	2.76	3.93		2.55
2005-02-03	1.76	43.13	46.40	1.73	1.20	1.45	2.96	4.18	2.18	3.34	3.51	2.48	3.76	2.76	3.97		2.56
2005-02-04	1.77	43.26	46.45	1.65	1.11	1.36	2.93	4.09	2.20	3.29	3.44	2.47	3.68	2.75	3.88		2.57
2005-02-07	1.74	42.70	45.35	1.62	1.11	1.34	2.96	4.07	2.27	3.31	3.46	2.51	3.67	2.78	3.87		2.56
2005-02-08	1.72	42.79	45.40	1.57	1.07	1.30	2.97	4.05	2.34	3.33	3.47	2.49	3.68	2.78	3.86		2.61
2005-02-09	1.74	42.49	45.45	1.49	0.95	1.20	2.93	4.00	2.34	3.24	3.38	2.51	3.58	2.77	3.79		2.63
2005-02-10	1.74	44.04	47.05	1.57	0.99	1.25	2.96	4.07	2.35	3.29	3.43	2.51	3.65	2.78	3.86		2.66
2005-02-11	1.74	44.41	47.15	1.57	1.00	1.26	3.00	4.10	2.36	3.34	3.48	2.55	3.70	2.83	3.90		2.70
2005-02-14	1.72	44.51	47.50	1.54	0.98	1.24	3.03	4.08	2.37	3.38	3.51	2.59	3.70	2.84	3.88		2.72
2005-02-15	1.72	44.91	47.30	1.61	1.06	1.30	3.03	4.10	2.40	3.37	3.51	2.59	3.71	2.86	3.91		2.65
2005-02-16	1.70	45.42	48.35	1.65	1.10	1.35	3.05	4.16	2.39	3.41	3.56	2.57	3.78	2.86	3.97		2.68
2005-02-17	1.69	45.42	47.50	1.65	1.08	1.34	3.03	4.19	2.40	3.38	3.55	2.58	3.78	2.85	3.99		2.70
2005-02-18	1.66	45.86	48.45	1.67	1.08	1.36	3.09	4.27	2.39	3.45	3.62	2.61	3.86	2.90	4.07		2.78
2005-02-21	1.66	46.09	.	.	.	.	.	.	.	.	.	.	.	.	.		.
2005-02-22	1.65	47.60	51.00	1.67	1.07	1.36	3.12	4.29	2.43	3.46	3.62	2.67	3.88	2.94	4.09		2.81
2005-02-23	1.66	48.16	51.73	1.64	1.06	1.33	3.12	4.27	2.47	3.46	3.63	2.67	3.87	2.94	4.08		2.81
2005-02-24	1.62	49.24	52.05	1.65	1.10	1.34	3.13	4.29	2.48	3.52	3.67	2.69	3.91	2.94	4.10		2.81
2005-02-25	1.61	50.05	52.20	1.64	1.11	1.34	3.15	4.27	2.50	3.54	3.68	2.74	3.91	2.95	4.09		2.80
2005-02-28	1.61	50.13	51.75	1.70	1.18	1.40	3.20	4.36	2.51	3.59	3.75	2.76	4.00	3.01	4.18		2.82
2005-03-01	1.59	50.47	51.67	1.69	1.17	1.39	3.20	4.38	2.55	3.59	3.76	2.75	4.02	3.00	4.19		2.85
2005-03-02	1.60	51.05	53.00	1.69	1.14	1.38	3.19	4.38	2.54	3.57	3.75	2.74	4.00	3.00	4.20		2.86
2005-03-03	1.59	52.89	53.60	1.69	1.15	1.38	3.19	4.39	2.55	3.59	3.76	2.76	4.02	3.00	4.20		2.87
2005-03-04	1.59	52.10	53.70	1.65	1.12	1.35	3.20	4.32	2.56	3.57	3.73	2.76	3.97	3.01	4.15		2.85
2005-03-07	1.56	51.87	53.90	1.63	1.13	1.33	3.22	4.31	2.59	3.61	3.76	2.76	3.99	3.02	4.15		2.86
2005-03-08	1.54	53.29	54.55	1.67	1.16	1.37	3.23	4.38	2.61	3.62	3.79	2.75	4.05	3.03	4.22		2.89
2005-03-09	1.52	54.11	54.75	1.77	1.23	1.47	3.24	4.52	2.60	3.66	3.87	2.76	4.16	3.03	4.35		2.93
2005-03-10	1.56	53.04	53.52	1.76	1.25	1.46	3.25	4.48	2.60	3.68	3.87	2.75	4.13	3.04	4.29		2.88
2005-03-11	1.55	53.15	54.40	1.82	1.34	1.52	3.28	4.56	2.60	3.73	3.94	2.76	4.22	3.06	4.39		2.88
2005-03-14	1.57	53.68	54.90	1.82	1.34	1.52	3.32	4.52	2.62	3.75	3.95	2.80	4.20	3.10	4.36		2.86
2005-03-15	1.61	53.97	55.05	1.82	1.34	1.52	3.32	4.54	2.70	3.75	3.96	2.81	4.22	3.10	4.38		2.88
2005-03-16	1.66	54.61	56.50	1.79	1.29	1.48	3.30	4.52	2.68	3.72	3.92	2.80	4.18	3.09	4.35		2.89
2005-03-17	1.71	56.03	56.40	1.73	1.23	1.43	3.29	4.47	2.68	3.70	3.89	2.79	4.14	3.08	4.30		2.91
2005-03-18	1.70	55.97	56.80	1.77	1.26	1.46	3.32	4.51	2.70	3.72	3.91	2.81	4.18	3.11	4.34		2.92
2005-03-21	1.73	55.79	56.70	1.80	1.28	1.49	3.33	4.53	2.72	3.72	3.93	2.85	4.18	3.13	4.35		2.90
2005-03-22	1.73	55.39	55.95	1.87	1.37	1.57	3.40	4.63	2.77	3.86	4.06	2.89	4.31	3.17	4.45		2.94
2005-03-23	1.80	51.52	49.43	1.92	1.44	1.62	3.38	4.61	2.72	3.84	4.05	2.83	4.30	3.14	4.45		2.86
2005-03-24	1.82	52.35	49.70	1.90	1.45	1.61	3.41	4.60	2.70	3.88	4.06	2.84	4.30	3.16	4.44		2.85
2005-03-25	.	.	.	.	.	.	.	.	.	.	.	.	.	.	.		.
2005-03-28	1.82	51.75	54.06	1.94	1.48	1.65	3.43	4.64	2.69	3.90	4.09	2.84	4.33	3.19	4.48		2.85
2005-03-29	1.85	51.42	54.26	1.91	1.45	1.63	3.41	4.60	2.70	3.87	4.05	2.84	4.30	3.17	4.44		2.85
2005-03-30	1.87	50.63	53.96	1.89	1.42	1.59	3.39	4.56	2.71	3.86	4.03	2.83	4.26	3.15	4.40		2.84
2005-03-31	1.93	53.22	55.31	1.79	1.31	1.49	3.35	4.50	2.63	3.80	3.96	2.79	4.18	3.13	4.33		2.87
2005-04-01	1.92	54.14	57.26	1.77	1.28	1.47	3.34	4.46	2.66	3.75	3.90	2.80	4.13	3.13	4.29		2.85
2005-04-04	1.96	55.92	56.86	1.79	1.28	1.48	3.34	4.47	2.64	3.74	3.90	2.80	4.13	3.14	4.30		2.85
2005-04-05	1.93	54.53	55.83	1.81	1.32	1.50	3.34	4.48	2.63	3.75	3.91	2.79	4.15	3.13	4.31		2.83
2005-04-06	1.92	54.08	55.88	1.80	1.30	1.49	3.31	4.44	2.60	3.70	3.86	2.76	4.09	3.11	4.26		2.79
2005-04-07	1.90	52.57	54.16	1.85	1.36	1.54	3.32	4.49	2.61	3.72	3.89	2.77	4.13	3.12	4.30		2.77
2005-04-08	1.86	51.83	53.46	1.84	1.37	1.55	3.35	4.50	2.61	3.77	3.94	2.79	4.17	3.14	4.32		2.80
2005-04-11	1.88	51.21	53.71	1.82	1.35	1.52	3.37	4.45	2.60	3.75	3.91	2.76	4.13	3.17	4.28		2.78
2005-04-12	1.89	51.53	51.54	1.73	1.29	1.44	3.34	4.38	2.62	3.71	3.85	2.76	4.05	3.16	4.20		2.76
2005-04-13	1.88	49.67	50.21	1.74	1.31	1.46	3.32	4.38	2.62	3.66	3.83	2.77	4.03	3.15	4.20		2.72
2005-04-14	1.92	50.21	51.11	1.72	1.26	1.45	3.30	4.37	2.62	3.60	3.76	2.78	3.99	3.14	4.17		2.73
2005-04-15	1.98	49.52	50.61	1.67	1.20	1.39	3.26	4.27	2.63	3.54	3.68	2.79	3.90	3.12	4.09		2.70
2005-04-18	2.04	48.58	50.52	1.66	1.19	1.38	3.29	4.27	2.67	3.55	3.69	2.90	3.90	3.15	4.08		2.71
2005-04-19	2.04	50.79	52.33	1.62	1.13	1.33	3.26	4.21	2.73	3.50	3.64	2.91	3.85	3.13	4.02		2.72
2005-04-20	2.01	51.53	52.45	1.60	1.11	1.31	3.25	4.22	2.65	3.52	3.65	2.87	3.86	3.11	4.03		2.75
2005-04-21	1.97	51.73	52.49	1.66	1.17	1.37	3.31	4.32	2.59	3.65	3.77	2.88	3.97	3.13	4.13		2.80
2005-04-22	1.96	53.51	54.16	1.61	1.11	1.32	3.30	4.26	2.64	3.62	3.73	2.93	3.92	3.14	4.08		2.81
2005-04-25	1.95	53.10	53.16	1.63	1.15	1.34	3.34	4.26	2.67	3.64	3.75	2.93	3.94	3.19	4.08		2.79
2005-04-26	1.94	52.47	54.33	1.66	1.17	1.37	3.35	4.28	2.70	3.67	3.77	2.91	3.96	3.18	4.10		2.79
2005-04-27	1.97	51.29	51.37	1.65	1.17	1.37	3.33	4.25	2.65	3.64	3.75	2.89	3.92	3.17	4.06		2.75
2005-04-28	1.98	50.74	51.92	1.58	1.11	1.30	3.30	4.19	2.60	3.59	3.67	2.88	3.85	3.15	3.99		2.74
2005-04-29	1.97	50.61	49.20	1.61	1.17	1.35	3.33	4.21	2.70	3.66	3.73	2.90	3.90	3.17	4.03		2.73
2005-04-30	2.00																
2005-05-02	1.99	50.89	50.94	1.61	1.18	1.35	3.34	4.21	2.68	3.64	3.71	2.93	3.88	3.19	4.02		2.70
2005-05-03	1.95	49.48	49.60	1.64	1.24	1.39	3.35	4.21	2.65	3.68	3.73	2.91	3.90	3.19	4.03		2.66
2005-05-04	1.93	50.36	50.22	1.63	1.21	1.38	3.32	4.20	2.59	3.63	3.70	2.87	3.87	3.17	4.01		2.66
2005-05-05	1.93	49.81	51.12	1.62	1.18	1.36	3.29	4.19	2.60	3.58	3.65	2.81	3.82	3.14	3.98		2.64
2005-05-06	1.89	49.70	51.30	1.69	1.27	1.44	3.37	4.28	2.64	3.73	3.80	2.87	3.95	3.19	4.09		2.68
2005-05-09	1.88	49.71	52.04	1.69	1.28	1.43	3.40	4.29	2.66	3.76	3.83	2.91	3.99	3.22	4.11		2.71
2005-05-10	1.91	50.61	51.76	1.65	1.24	1.40	3.37	4.23	2.60	3.69	3.79	2.90	3.93	3.20	4.04		2.69
2005-05-11	1.95	48.91	50.39	1.64	1.24	1.40	3.35	4.21	2.60	3.68	3.78	2.87	3.91	3.18	4.01		2.67
2005-05-12	1.94	47.40	48.83	1.66	1.27	1.41	3.34	4.18	2.58	3.66	3.75	2.88	3.87	3.17	3.99		2.60
2005-05-13	1.97	46.85	48.65	1.66	1.30	1.43	3.29	4.12	2.47	3.61	3.71	2.83	3.83	3.13	3.95		2.53
2005-05-16	1.98	46.42	48.64	1.66	1.30	1.43	3.33	4.13	2.48	3.61	3.71	2.89	3.83	3.18	3.90		2.53
2005-05-17	2.00	47.31	48.97	1.64	1.28	1.41	3.32	4.12	2.60	3.61	3.71	2.88	3.82	3.17	3.88		2.54
2005-05-18	2.02	47.35	46.99	1.65	1.28	1.41	3.29	4.07	2.60	3.56	3.67	2.86	3.77	3.15	3.83		2.49
2005-05-19	1.98	46.92	47.00	1.69	1.34	1.46	3.31	4.11	2.63	3.64	3.73	2.87	3.84	3.14	3.86		2.50
2005-05-20	1.96	46.91	47.25	1.67	1.33	1.45	3.35	4.13	2.66	3.69	3.77	2.90	3.88	3.17	3.89		2.55
2005-05-23	1.96	47.28	48.68	1.65	1.33	1.42	3.35	4.07	2.69	3.65	3.73	2.97	3.83	3.19	3.83		2.50
2005-05-24	1.97	47.29	49.14	1.62	1.30	1.39	3.32	4.04	2.82	3.61	3.68	2.94	3.78	3.17	3.80		2.48
2005-05-25	1.95	49.24	50.37	1.66	1.31	1.42	3.32	4.08	2.79	3.61	3.68	2.95	3.81	3.17	3.85		2.50
2005-05-26	1.92	49.71	50.89	1.69	1.35	1.47	3.31	4.08	2.77	3.64	3.72	2.94	3.82	3.15	3.92		2.47
2005-05-27	1.91	49.42	51.65	1.67	1.32	1.44	3.31	4.08	2.77	3.64	3.72	2.97	3.82	3.14	3.92		2.50
2005-05-30	1.91	49.33	.	.	.	.	.	.	.	.	.	.	.	.	.		.
2005-05-31	1.95	49.30	52.08	1.63	1.29	1.41	3.32	4.00	2.80	3.60	3.65	2.99	3.76	3.18	3.86		2.47
2005-06-01	1.97	50.46	54.40	1.54	1.19	1.32	3.25	3.91	2.79	3.50	3.55	2.97	3.63	3.12	3.74		2.44
2005-06-02	1.94	51.30	53.46	1.55	1.23	1.35	3.26	3.89	2.80	3.52	3.56	2.97	3.65	3.13	3.74		2.42
2005-06-03	1.91	51.90	55.08	1.61	1.31	1.41	3.28	3.98	2.82	3.57	3.63	3.01	3.73	3.13	3.83		2.42
2005-06-06	1.93	52.61	54.46	1.60	1.30	1.40	3.30	3.96	2.83	3.59	3.64	3.02	3.73	3.15	3.82		2.43
2005-06-07	1.94	51.62	53.84	1.60	1.31	1.40	3.28	3.92	2.82	3.57	3.62	3.02	3.70	3.14	3.78		2.39
2005-06-08	1.94	51.92	52.51	1.63	1.34	1.44	3.30	3.95	2.83	3.60	3.65	3.02	3.73	3.15	3.81		2.39
2005-06-09	1.94	51.36	54.36	1.64	1.37	1.47	3.31	3.98	2.81	3.64	3.68	2.99	3.76	3.14	3.84		2.39
2005-06-10	1.91	51.98	53.55	1.74	1.47	1.56	3.33	4.05	2.82	3.71	3.75	3.01	3.84	3.14	3.92		2.37
2005-06-13	1.90	52.00	55.47	1.76	1.49	1.59	3.38	4.09	2.82	3.71	3.77	3.03	3.87	3.22	3.96		2.38
2005-06-14	1.89	53.52	55.03	1.79	1.50	1.61	3.39	4.13	2.78	3.71	3.78	3.01	3.89	3.22	3.99		2.39
2005-06-15	1.87	54.12	55.53	1.79	1.52	1.62	3.39	4.12	2.78	3.72	3.79	3.00	3.90	3.22	3.99		2.38
2005-06-16	1.87	54.30	56.48	1.75	1.48	1.57	3.38	4.09	2.76	3.70	3.76	2.98	3.87	3.21	3.96		2.39
2005-06-17	1.85	56.92	58.40	1.72	1.45	1.54	3.39	4.09	2.79	3.72	3.76	2.99	3.88	3.23	3.97		2.43
2005-06-20	1.83	57.10	59.19	1.74	1.46	1.56	3.42	4.11	2.81	3.72	3.78	3.02	3.88	3.26	3.98		2.42
2005-06-21	1.86	57.36	58.90	1.72	1.44	1.54	3.42	4.06	2.85	3.71	3.75	3.02	3.84	3.28	3.93		2.40
2005-06-22	1.88	56.06	58.27	1.68	1.40	1.50	3.37	3.95	2.84	3.62	3.65	3.03	3.72	3.25	3.81		2.32
2005-06-23	1.86	57.03	59.23	1.68	1.40	1.51	3.39	3.96	2.79	3.63	3.66	3.07	3.74	3.27	3.82		2.34
2005-06-24	1.87	57.21	59.63	1.65	1.37	1.48	3.38	3.92	2.78	3.59	3.63	3.09	3.69	3.27	3.78		2.32
2005-06-27	1.87	58.50	59.78	1.62	1.34	1.44	3.42	3.90	2.85	3.60	3.62	3.15	3.69	3.33	3.77		2.35
2005-06-28	1.84	57.75	58.32	1.67	1.40	1.50	3.46	3.97	2.99	3.65	3.68	3.14	3.76	3.35	3.84		2.36
2005-06-29	1.83	55.42	57.23	1.69	1.42	1.52	3.44	3.99	2.95	3.65	3.69	3.13	3.77	3.33	3.85		2.35
2005-06-30	1.84	55.36	56.63	1.67	1.41	1.52	3.45	3.94	2.99	3.66	3.67	3.13	3.72	3.34	3.80		2.31
2005-07-01	1.80	56.41	59.11	1.75	1.50	1.60	3.51	4.06	3.02	3.76	3.77	3.17	3.84	3.38	3.92		2.34
2005-07-04	1.80	57.13	.	.	.	.	.	.	.	.	.	.	.	.	.		.
2005-07-05	1.78	57.86	59.71	1.80	1.55	1.65	3.55	4.11	3.03	3.79	3.82	3.22	3.90	3.43	3.98		2.35
2005-07-06	1.79	58.38	61.24	1.78	1.52	1.62	3.53	4.08	3.04	3.77	3.80	3.19	3.86	3.41	3.95		2.34
2005-07-07	1.81	57.55	60.76	1.77	1.50	1.62	3.48	4.05	3.00	3.71	3.75	3.15	3.83	3.37	3.92		2.33
2005-07-08	1.78	59.00	59.71	1.83	1.56	1.67	3.52	4.11	2.99	3.78	3.82	3.17	3.89	3.39	3.98		2.33
2005-07-11	1.75	56.10	59.23	1.81	1.55	1.66	3.58	4.11	2.98	3.81	3.85	3.19	3.91	3.46	3.99		2.36
2005-07-12	1.74	58.95	60.49	1.83	1.57	1.68	3.59	4.15	3.02	3.82	3.88	3.21	3.94	3.48	4.03		2.37
2005-07-13	1.72	58.33	60.00	1.87	1.61	1.72	3.59	4.17	3.03	3.84	3.89	3.22	3.96	3.46	4.04		2.35
2005-07-14	1.71	56.79	57.83	1.94	1.71	1.81	3.60	4.19	3.04	3.86	3.91	3.23	3.98	3.47	4.06		2.27
2005-07-15	1.70	56.98	58.36	1.95	1.75	1.82	3.61	4.18	3.04	3.86	3.92	3.26	3.98	3.48	4.06		2.23
2005-07-18	1.69	56.25	57.12	1.98	1.79	1.86	3.66	4.22	3.06	3.89	3.94	3.30	4.01	3.54	4.10		2.22
2005-07-19	1.70	56.75	57.61	1.92	1.74	1.80	3.65	4.20	3.13	3.88	3.93	3.31	3.99	3.54	4.07		2.25
2005-07-20	1.70	56.39	56.73	1.90	1.72	1.78	3.66	4.17	3.11	3.90	3.93	3.30	3.99	3.54	4.06		2.27
2005-07-21	1.68	55.59	57.31	1.95	1.77	1.84	3.72	4.28	3.13	3.96	4.01	3.35	4.09	3.60	4.16		2.32
2005-07-22	1.70	56.98	57.75	1.89	1.72	1.78	3.72	4.23	3.16	3.92	3.97	3.38	4.04	3.61	4.11		2.32
2005-07-25	1.69	57.51	58.16	1.94	1.76	1.82	3.77	4.25	3.20	3.95	3.99	3.44	4.06	3.68	4.14		2.30
2005-07-26	1.69	58.58	59.05	1.92	1.76	1.81	3.76	4.24	3.25	3.95	4.00	3.43	4.06	3.67	4.14		2.30
2005-07-27	1.69	58.34	59.12	1.92	1.78	1.82	3.77	4.27	3.23	3.99	4.04	3.40	4.09	3.67	4.16		2.31
2005-07-28	1.68	58.28	59.91	1.86	1.73	1.77	3.75	4.20	3.25	3.96	4.00	3.41	4.04	3.66	4.10		2.31
2005-07-29	1.65	59.77	60.71	1.92	1.80	1.84	3.80	4.28	3.25	4.02	4.06	3.42	4.12	3.69	4.19		2.32
2005-07-31	1.70																
2005-08-01	1.70	60.56	61.51	1.95	1.79	1.84	3.83	4.32	3.30	4.04	4.09	3.48	4.16	3.73	4.22		2.37
2005-08-02	1.70	60.13	61.87	1.99	1.80	1.88	3.84	4.34	3.35	4.06	4.10	3.49	4.17	3.73	4.24		2.37
2005-08-03	1.69	60.04	60.76	1.93	1.75	1.82	3.82	4.30	3.34	4.02	4.07	3.46	4.13	3.72	4.20		2.38
2005-08-04	1.67	60.62	61.60	1.94	1.77	1.83	3.83	4.32	3.34	4.04	4.09	3.47	4.15	3.72	4.22		2.38
2005-08-05	1.64	60.73	62.44	2.00	1.83	1.90	3.87	4.40	3.35	4.11	4.16	3.52	4.24	3.75	4.30		2.41
2005-08-08	1.65	62.56	63.92	2.02	1.85	1.91	3.93	4.42	3.38	4.16	4.22	3.54	4.28	3.82	4.34		2.43
2005-08-09	1.66	62.79	63.13	2.02	1.86	1.90	3.90	4.41	3.37	4.13	4.19	3.52	4.25	3.79	4.31		2.39
2005-08-10	1.65	63.77	64.80	2.01	1.85	1.92	3.90	4.40	3.38	4.13	4.18	3.51	4.24	3.78	4.30		2.39
2005-08-11	1.66	65.90	65.67	1.97	1.80	1.87	3.89	4.32	3.31	4.10	4.14	3.51	4.18	3.78	4.24		2.38
2005-08-12	1.68	67.26	66.71	1.91	1.73	1.81	3.88	4.24	3.32	4.05	4.08	3.52	4.11	3.79	4.16		2.38
2005-08-15	1.66	66.68	66.21	1.92	1.74	1.82	3.91	4.27	3.28	4.08	4.11	3.54	4.15	3.82	4.20		2.41
2005-08-16	1.68	65.10	66.11	1.87	1.68	1.76	3.88	4.23	3.32	4.03	4.06	3.54	4.10	3.80	4.15		2.42
2005-08-17	1.67	63.41	63.29	1.91	1.73	1.82	3.89	4.28	3.31	4.07	4.10	3.52	4.15	3.80	4.20		2.42
2005-08-18	1.68	61.75	63.47	1.86	1.68	1.77	3.86	4.21	3.30	4.01	4.04	3.50	4.08	3.78	4.13		2.40
2005-08-19	1.68	64.21	65.51	1.85	1.66	1.76	3.89	4.21	3.33	4.03	4.05	3.52	4.08	3.81	4.13		2.42
2005-08-22	1.68	65.87	65.46	1.86	1.67	1.77	3.89	4.22	3.34	4.03	4.06	3.53	4.08	3.82	4.14		2.41
2005-08-23	1.69	65.16	65.81	1.85	1.65	1.75	3.88	4.20	3.34	4.01	4.03	3.53	4.07	3.81	4.12		2.42
2005-08-24	1.69	65.25	67.10	1.83	1.64	1.73	3.87	4.19	3.34	3.99	4.03	3.53	4.06	3.81	4.11		2.42
2005-08-25	1.70	65.88	67.29	1.80	1.62	1.71	3.87	4.18	3.34	4.00	4.03	3.54	4.06	3.81	4.11		2.44
2005-08-26	1.68	66.23	66.05	1.81	1.65	1.73	3.90	4.20	3.36	4.06	4.07	3.55	4.09	3.82	4.13		2.44
2005-08-29	1.69	64.77	67.41	1.79	1.63	1.71	3.91	4.20	3.42	4.06	4.07	3.54	4.08	3.83	4.13		2.45
2005-08-30	1.71	66.15	69.91	1.71	1.52	1.62	3.85	4.16	3.40	3.97	4.01	3.54	4.03	3.79	4.08		2.51
2005-08-31	1.74	66.80	68.63	1.65	1.43	1.56	3.77	4.02	3.41	3.84	3.83	3.52	3.87	3.74	3.93		2.44
2005-09-01	1.74	66.79	69.50	1.61	1.38	1.51	3.66	4.02	3.35	3.72	3.80	3.48	3.85	3.62	3.91		2.47
2005-09-02	1.73	65.95	66.91	1.59	1.32	1.47	3.67	4.03	3.38	3.75	3.79	3.46	3.85	3.63	3.92		2.53
2005-09-05	1.73	64.16	.	.	.	.	.	.	.	.	.	.	.	.	.		.
2005-09-06	1.71	64.16	65.83	1.65	1.40	1.54	3.73	4.09	3.39	3.80	3.83	3.52	3.89	3.70	3.97		2.49
2005-09-07	1.68	63.60	64.38	1.69	1.43	1.58	3.77	4.15	3.36	3.87	3.89	3.49	3.93	3.73	4.01		2.50
2005-09-08	1.67	61.66	64.80	1.68	1.38	1.55	3.77	4.15	3.31	3.87	3.89	3.48	3.94	3.73	4.03		2.56
2005-09-09	1.66	62.62	64.21	1.64	1.32	1.51	3.78	4.14	3.32	3.88	3.90	3.49	3.94	3.73	4.01		2.62
2005-09-12	1.63	60.69	63.29	1.69	1.37	1.56	3.83	4.18	3.33	3.92	3.93	3.51	3.98	3.79	4.06		2.61
2005-09-13	1.64	61.31	63.18	1.67	1.34	1.53	3.81	4.14	3.30	3.88	3.88	3.47	3.93	3.77	4.01		2.59
2005-09-14	1.63	61.70	65.20	1.68	1.36	1.54	3.81	4.17	3.25	3.90	3.91	3.42	3.96	3.76	4.04		2.60
2005-09-15	1.61	61.90	64.64	1.71	1.37	1.56	3.81	4.22	3.23	3.90	3.93	3.45	3.99	3.77	4.08		2.62
2005-09-16	1.59	60.48	62.91	1.73	1.40	1.58	3.86	4.26	3.23	3.97	4.00	3.50	4.05	3.81	4.13		2.65
2005-09-19	1.60	64.04	67.21	1.70	1.35	1.54	3.87	4.25	3.23	3.93	3.95	3.58	4.02	3.84	4.11		2.67
2005-09-20	1.59	62.98	66.24	1.74	1.43	1.58	3.92	4.26	3.29	4.00	4.01	3.61	4.06	3.89	4.14		2.63
2005-09-21	1.61	64.31	66.96	1.68	1.36	1.53	3.88	4.19	3.02	3.96	3.96	3.41	4.01	3.83	4.08		2.65
2005-09-22	1.61	64.64	67.07	1.67	1.36	1.52	3.86	4.19	2.99	3.95	3.95	3.47	3.99	3.81	4.07		2.63
2005-09-23	1.59	62.17	64.67	1.74	1.43	1.59	3.89	4.25	3.06	4.02	4.03	3.48	4.07	3.82	4.14		2.64
2005-09-26	1.57	61.73	65.98	1.78	1.48	1.64	3.95	4.30	3.19	4.07	4.08	3.52	4.11	3.88	4.18		2.63
2005-09-27	1.56	62.56	64.94	1.77	1.47	1.63	3.95	4.30	3.15	4.08	4.09	3.49	4.13	3.87	4.20		2.66
2005-09-28	1.56	62.81	66.36	1.73	1.44	1.59	3.95	4.26	3.12	4.09	4.09	3.46	4.11	3.87	4.17		2.67
2005-09-29	1.54	62.02	66.83	1.75	1.45	1.61	3.97	4.29	3.09	4.13	4.13	3.54	4.14	3.89	4.20		2.69
2005-09-30	1.54	61.70	66.21	1.78	1.46	1.64	4.01	4.34	3.15	4.18	4.18	3.55	4.18	3.93	4.23		2.72
2005-10-03	1.52	61.64	65.36	1.84	1.54	1.70	4.09	4.39	3.22	4.21	4.23	3.61	4.25	4.02	4.31		2.71
2005-10-04	1.53	59.17	63.74	1.87	1.56	1.71	4.09	4.38	3.35	4.22	4.22	3.63	4.24	4.02	4.30		2.68
2005-10-05	1.54	59.33	62.56	1.86	1.57	1.72	4.07	4.36	3.34	4.21	4.20	3.58	4.23	4.00	4.28		2.66
2005-10-06	1.60	57.20	61.81	1.91	1.64	1.78	4.07	4.37	3.34	4.20	4.21	3.61	4.23	4.00	4.28		2.59
2005-10-07	1.61	57.29	61.81	1.90	1.64	1.76	4.06	4.35	3.35	4.18	4.19	3.63	4.23	4.00	4.28		2.59
2005-10-10	1.61	57.01	60.71	.	.	.	.	.	.	.	.	.	.	.	.		.
2005-10-11	1.59	58.10	63.84	1.92	1.67	1.79	4.14	4.39	3.41	4.22	4.23	3.73	4.27	4.10	4.32		2.60
2005-10-12	1.61	59.91	64.13	1.96	1.71	1.83	4.14	4.45	3.49	4.24	4.27	3.70	4.32	4.10	4.37		2.61
2005-10-13	1.67	59.48	63.05	1.96	1.73	1.84	4.14	4.48	3.50	4.24	4.27	3.75	4.32	4.09	4.38		2.59
2005-10-14	1.70	58.45	62.61	1.98	1.71	1.83	4.15	4.48	3.49	4.27	4.30	3.78	4.34	4.08	4.40		2.63
2005-10-17	1.68	59.81	64.26	1.94	1.68	1.81	4.21	4.50	3.53	4.29	4.31	3.86	4.36	4.17	4.41		2.68
2005-10-18	1.65	58.85	62.94	1.92	1.66	1.79	4.19	4.49	3.57	4.27	4.30	3.85	4.34	4.15	4.40		2.68
2005-10-19	1.69	58.13	62.11	1.92	1.66	1.80	4.18	4.47	3.57	4.25	4.28	3.86	4.32	4.15	4.38		2.66
2005-10-20	1.67	57.04	61.04	1.92	1.68	1.81	4.20	4.46	3.46	4.27	4.29	3.85	4.33	4.16	4.38		2.65
2005-10-21	1.70	56.94	61.05	1.89	1.66	1.79	4.18	4.39	3.48	4.22	4.23	3.87	4.26	4.16	4.31		2.60
2005-10-24	1.68	57.64	60.63	1.93	1.71	1.84	4.22	4.45	3.51	4.25	4.28	3.92	4.32	4.20	4.37		2.61
2005-10-25	1.64	58.72	62.83	2.05	1.81	1.94	4.26	4.54	3.71	4.34	4.36	3.93	4.41	4.21	4.46		2.60
2005-10-26	1.62	58.56	60.85	2.06	1.84	1.96	4.27	4.60	3.70	4.38	4.42	3.90	4.46	4.21	4.52		2.62
2005-10-27	1.65	58.10	61.03	2.01	1.81	1.93	4.26	4.57	3.72	4.36	4.39	3.88	4.43	4.20	4.49		2.62
2005-10-28	1.64	59.47	61.30	2.01	1.82	1.93	4.28	4.58	3.75	4.40	4.42	3.93	4.46	4.22	4.51		2.64
2005-10-31	1.64	58.47	59.80	2.00	1.81	1.91	4.31	4.57	3.77	4.40	4.41	3.98	4.45	4.26	4.49		2.64
2005-11-01	1.62	56.69	59.85	2.00	1.84	1.92	4.31	4.58	3.78	4.42	4.44	3.96	4.47	4.25	4.51		2.63
2005-11-02	1.62	58.53	59.75	2.02	1.87	1.96	4.31	4.61	3.77	4.43	4.46	3.94	4.50	4.25	4.54		2.63
2005-11-03	1.61	59.55	61.70	2.03	1.91	1.97	4.33	4.65	3.81	4.47	4.50	3.94	4.55	4.27	4.59		2.64
2005-11-04	1.63	60.48	60.60	2.06	1.90	1.99	4.34	4.66	3.80	4.47	4.50	3.98	4.56	4.27	4.60		2.66
2005-11-07	1.64	58.19	59.40	2.03	1.91	1.97	4.36	4.65	3.81	4.47	4.50	3.96	4.55	4.31	4.59		2.64
2005-11-08	1.65	57.89	59.70	2.01	1.90	1.96	4.34	4.57	3.88	4.43	4.47	3.96	4.49	4.30	4.52		2.59
2005-11-09	1.62	57.71	59.65	2.08	1.99	2.04	4.37	4.64	3.91	4.49	4.53	3.99	4.55	4.32	4.58		2.56
2005-11-10	1.63	55.85	57.80	2.07	2.02	2.04	4.34	4.55	3.89	4.44	4.48	3.97	4.49	4.30	4.51		2.47
2005-11-11	1.63	54.30	57.45	.	.	.	.	.	.	.	.	.	.	.	.		.
2005-11-14	1.61	54.10	57.60	2.14	2.10	2.12	4.40	4.61	3.93	4.50	4.52	4.02	4.54	4.35	4.57		2.44
2005-11-15	1.61	54.45	57.05	2.12	2.08	2.10	4.38	4.56	4.01	4.47	4.50	4.01	4.51	4.34	4.52		2.43
2005-11-16	1.63	53.68	57.85	2.07	2.03	2.06	4.34	4.49	4.00	4.42	4.43	4.00	4.43	4.30	4.45		2.40
2005-11-17	1.63	53.80	56.20	2.04	2.00	2.03	4.32	4.46	3.98	4.37	4.39	4.01	4.39	4.30	4.42		2.39
2005-11-18	1.61	52.84	56.30	2.09	2.05	2.08	4.34	4.50	3.95	4.40	4.41	4.01	4.43	4.31	4.45		2.38
2005-11-21	1.62	53.36	57.75	2.08	1.99	2.06	4.33	4.46	3.93	4.39	4.39	4.00	4.39	4.30	4.42		2.40
2005-11-22	1.63	54.21	58.30	2.03	1.93	2.00	4.26	4.43	3.94	4.32	4.33	3.93	4.34	4.23	4.37		2.41
2005-11-23	1.61	53.73	58.35	2.08	1.97	2.04	4.31	4.47	3.94	4.36	4.36	3.95	4.38	4.29	4.41		2.41
2005-11-24	1.61	53.41	.	.	.	.	.	.	.	.	.	.	.	.	.		.
2005-11-25	1.61	53.15	.	2.05	1.94	2.01	4.29	4.43	3.91	4.33	4.33	3.95	4.34	4.27	4.37		2.40
2005-11-28	1.60	52.91	57.36	2.04	1.94	2.00	4.32	4.41	3.94	4.33	4.32	3.98	4.32	4.31	4.35		2.38
2005-11-29	1.58	53.24	56.46	2.11	2.03	2.08	4.35	4.48	3.99	4.40	4.40	3.98	4.40	4.32	4.42		2.37
2005-11-30	1.62	53.25	57.33	2.12	2.07	2.10	4.34	4.49	4.00	4.42	4.41	3.95	4.42	4.31	4.45		2.35
2005-12-01	1.61	53.65	58.46	2.15	2.08	2.12	4.36	4.52	3.99	4.45	4.44	3.97	4.45	4.32	4.47		2.37
2005-12-02	1.61	54.91	59.31	2.16	2.09	2.13	4.35	4.52	4.00	4.43	4.43	3.99	4.45	4.31	4.48		2.36
2005-12-05	1.60	56.05	59.91	2.17	2.09	2.13	4.39	4.57	4.01	4.47	4.48	4.04	4.50	4.35	4.53		2.41
2005-12-06	1.62	55.68	59.96	2.12	2.06	2.09	4.36	4.49	3.84	4.42	4.41	4.04	4.42	4.33	4.44		2.36
2005-12-07	1.61	55.17	59.21	2.18	2.12	2.15	4.35	4.52	3.84	4.42	4.42	4.03	4.43	4.32	4.46		2.31
2005-12-08	1.64	56.26	60.66	2.14	2.08	2.12	4.30	4.47	3.67	4.37	4.36	3.94	4.36	4.27	4.39		2.28
2005-12-09	1.62	57.18	59.41	2.18	2.13	2.15	4.33	4.54	3.62	4.43	4.43	3.94	4.44	4.27	4.47		2.31
2005-12-12	1.61	57.23	61.36	2.17	2.12	2.15	4.38	4.56	3.59	4.45	4.45	3.90	4.46	4.34	4.49		2.34
2005-12-13	1.62	59.16	61.36	2.16	2.10	2.12	4.37	4.54	3.61	4.43	4.43	3.91	4.44	4.34	4.47		2.34
2005-12-14	1.63	59.59	60.86	2.10	2.04	2.07	4.32	4.45	3.61	4.37	4.36	3.89	4.36	4.30	4.38		2.32
2005-12-15	1.62	59.67	60.01	2.12	2.06	2.09	4.33	4.47	3.60	4.37	4.37	3.93	4.38	4.31	4.41		2.32
2005-12-16	1.64	58.11	58.01	2.11	2.08	2.08	4.32	4.45	3.56	4.37	4.35	3.93	4.36	4.30	4.39		2.28
2005-12-19	1.63	56.09	57.31	2.11	2.09	2.09	4.38	4.45	3.56	4.38	4.37	3.96	4.37	4.37	4.39		2.28
2005-12-20	1.62	56.08	57.81	2.12	2.10	2.10	4.39	4.47	3.55	4.42	4.41	3.95	4.40	4.37	4.41		2.30
2005-12-21	1.62	56.05	58.56	2.14	2.13	2.12	4.38	4.49	3.56	4.43	4.43	3.98	4.42	4.35	4.44		2.29
2005-12-22	1.62	57.30	58.08	2.11	2.10	2.10	4.35	4.44	3.55	4.40	4.38	3.98	4.38	4.32	4.39		2.28
2005-12-23	1.63	56.28	58.08	2.07	2.06	2.06	4.33	4.38	3.48	4.37	4.34	3.99	4.32	4.32	4.33		2.26
2005-12-26	.	56.54	.	.	.	.	.	.	.	.	.	.	.	.	.		.
2005-12-27	1.63	.	58.16	2.05	2.05	2.04	4.35	4.34	3.51	4.35	4.31	3.98	4.30	4.35	4.31		2.25
2005-12-28	1.63	56.91	59.81	2.10	2.09	2.09	4.34	4.38	3.57	4.37	4.34	3.95	4.32	4.33	4.34		2.23
2005-12-29	1.63	57.72	60.26	2.07	2.07	2.06	4.35	4.37	3.67	4.38	4.35	4.01	4.33	4.34	4.34		2.26
2005-12-30	1.61	58.34	61.06	2.06	2.05	2.06	4.38	4.39	4.01	4.41	4.37	4.08	4.35	4.37	4.36		2.30
2005-12-31	1.66																
2006-01-02	.	.	.	.	.	.	.	.	.	.	.	.	.	.	.	100.9386	.
2006-01-03	1.66	61.51	63.11	2.03	2.00	2.03	4.38	4.37	4.05	4.34	4.30	4.16	4.30	4.40	4.32	100.8318	2.30
2006-01-04	1.65	61.25	63.41	2.01	1.97	2.01	4.35	4.36	4.03	4.31	4.28	4.19	4.28	4.37	4.31	100.4582	2.31
2006-01-05	1.64	61.68	62.81	2.04	2.01	2.04	4.36	4.36	4.05	4.32	4.29	4.20	4.29	4.37	4.31	100.3368	2.28
2006-01-06	1.62	62.43	64.21	2.05	1.99	2.04	4.38	4.38	4.06	4.36	4.32	4.22	4.32	4.39	4.33	100.1888	2.33
2006-01-09	1.61	62.51	63.56	2.05	1.97	2.03	4.39	4.38	4.09	4.36	4.32	4.23	4.32	4.40	4.34	99.9677	2.35
2006-01-10	1.60	62.32	63.41	2.06	1.98	2.03	4.42	4.43	4.15	4.41	4.36	4.29	4.36	4.42	4.38	100.0931	2.38
2006-01-11	1.59	61.54	63.91	2.07	2.00	2.03	4.44	4.46	4.16	4.44	4.39	4.30	4.39	4.45	4.41	100.0905	2.39
2006-01-12	1.60	62.95	63.96	2.01	1.94	1.99	4.42	4.42	4.16	4.39	4.35	4.32	4.35	4.43	4.37	99.8573	2.41
2006-01-13	1.62	61.58	63.86	1.97	1.90	1.93	4.40	4.36	4.13	4.34	4.29	4.33	4.28	4.43	4.30	100.0169	2.38
2006-01-16	1.62	62.34	.	.	.	.	.	.	.	.	.	.	.	.	.	100.0261	.
2006-01-17	1.74	63.22	66.36	1.95	1.87	1.89	4.42	4.34	4.11	4.33	4.28	4.38	4.27	4.47	4.29	100.0930	2.40
2006-01-18	1.63	63.60	65.76	1.97	1.88	1.91	4.42	4.34	4.04	4.33	4.29	4.35	4.28	4.46	4.30	100.2684	2.40
2006-01-19	1.60	63.64	66.86	1.97	1.90	1.93	4.43	4.38	3.98	4.37	4.32	4.35	4.31	4.47	4.33	100.1294	2.41
2006-01-20	1.59	64.92	68.16	1.94	1.84	1.88	4.44	4.37	3.95	4.37	4.32	4.35	4.31	4.48	4.32	99.9051	2.47
2006-01-23	1.59	64.56	68.06	1.94	1.84	1.88	4.45	4.36	3.98	4.35	4.31	4.38	4.30	4.50	4.31	99.7974	2.46
2006-01-24	1.58	63.82	66.83	1.97	1.87	1.92	4.46	4.40	4.24	4.37	4.33	4.40	4.32	4.51	4.34	99.6786	2.45
2006-01-25	1.55	62.61	65.60	2.03	1.98	2.02	4.51	4.49	4.22	4.46	4.41	4.42	4.41	4.54	4.43	99.5800	2.43
2006-01-26	1.54	62.93	65.80	2.01	1.97	2.02	4.52	4.53	4.17	4.49	4.45	4.45	4.44	4.54	4.46	99.5745	2.47
2006-01-27	1.54	64.95	67.81	2.02	1.93	1.98	4.54	4.52	4.19	4.51	4.46	4.45	4.45	4.55	4.47	99.4336	2.52
2006-01-30	1.53	65.14	68.36	2.03	1.92	1.99	4.59	4.54	4.18	4.52	4.47	4.48	4.46	4.62	4.49	99.4179	2.54
2006-01-31	1.59	63.19	67.86	2.00	1.89	1.95	4.58	4.53	4.37	4.54	4.49	4.47	4.47	4.59	4.49	99.3163	2.58
2006-02-01	1.56	65.64	66.61	2.02	1.94	1.98	4.60	4.57	4.33	4.59	4.54	4.47	4.51	4.60	4.52	99.3884	2.57
2006-02-02	1.55	63.49	64.71	2.04	1.96	2.01	4.61	4.57	4.32	4.59	4.54	4.48	4.51	4.62	4.53	99.6530	2.55
2006-02-03	1.55	62.54	65.41	2.00	1.93	1.97	4.62	4.54	4.31	4.59	4.54	4.48	4.50	4.63	4.51	99.6522	2.57
2006-02-06	1.54	63.32	65.11	2.00	1.93	1.97	4.66	4.55	4.32	4.62	4.57	4.48	4.51	4.68	4.52	99.3857	2.58
2006-02-07	1.54	61.64	63.01	2.02	1.95	2.00	4.65	4.57	4.33	4.61	4.57	4.49	4.52	4.67	4.54	99.5170	2.57
2006-02-08	1.54	60.82	62.51	2.07	2.01	2.04	4.66	4.56	4.34	4.64	4.61	4.50	4.55	4.67	4.55	99.7386	2.54
2006-02-09	1.54	60.70	62.66	2.05	2.00	2.02	4.66	4.54	4.32	4.66	4.62	4.52	4.55	4.67	4.55	99.5299	2.55
2006-02-10	1.52	59.66	62.01	2.09	2.02	2.05	4.70	4.59	4.36	4.69	4.67	4.53	4.59	4.70	4.59	99.4846	2.57
2006-02-13	1.50	59.16	61.26	2.08	2.03	2.06	4.70	4.58	4.38	4.68	4.66	4.55	4.58	4.71	4.58	99.5516	2.55
2006-02-14	1.50	58.27	59.61	2.14	2.09	2.12	4.71	4.62	4.42	4.69	4.68	4.55	4.61	4.72	4.61	99.4829	2.52
2006-02-15	1.50	57.67	57.61	2.13	2.08	2.11	4.70	4.61	4.39	4.71	4.68	4.55	4.60	4.70	4.60	99.5362	2.52
2006-02-16	1.50	56.78	58.61	2.10	2.03	2.08	4.69	4.59	4.38	4.69	4.67	4.55	4.59	4.69	4.59	99.4909	2.56
2006-02-17	1.51	58.34	59.76	2.03	1.95	2.00	4.68	4.54	4.39	4.66	4.64	4.54	4.55	4.69	4.54	99.3351	2.60
2006-02-20	1.51	60.05	.	.	.	.	.	.	.	.	.	.	.	.	.	99.3451	.
2006-02-21	1.49	59.35	61.21	2.04	1.97	2.01	4.73	4.57	4.42	4.71	4.68	4.56	4.59	4.73	4.58	99.3046	2.62
2006-02-22	1.51	58.71	59.03	2.01	1.93	1.98	4.69	4.53	4.44	4.68	4.66	4.57	4.57	4.70	4.55	99.5821	2.64
2006-02-23	1.47	58.71	58.03	2.03	1.97	2.00	4.73	4.56	4.44	4.72	4.70	4.59	4.63	4.73	4.58	99.4597	2.66
2006-02-24	1.47	60.13	61.46	2.02	1.94	1.98	4.73	4.58	4.45	4.74	4.70	4.60	4.64	4.73	4.60	99.3628	2.70
2006-02-27	1.45	59.44	61.01	2.04	1.96	2.01	4.76	4.59	4.48	4.74	4.71	4.62	4.66	4.76	4.61	99.3357	2.70
2006-02-28	1.47	59.78	61.37	2.02	1.93	1.99	4.73	4.55	4.47	4.69	4.67	4.62	4.61	4.74	4.57	99.2097	2.68
2006-03-01	1.46	61.12	62.01	2.02	1.92	1.98	4.74	4.59	4.45	4.71	4.68	4.60	4.63	4.75	4.60	99.1791	2.71
2006-03-02	1.44	62.27	63.36	2.05	1.94	2.00	4.74	4.64	4.45	4.72	4.72	4.62	4.68	4.75	4.66	99.2731	2.74
2006-03-03	1.44	62.69	63.61	2.07	1.95	2.02	4.75	4.68	4.45	4.76	4.75	4.62	4.71	4.75	4.69	99.4597	2.76
2006-03-06	1.44	61.41	62.46	2.14	2.03	2.09	4.77	4.74	4.44	4.77	4.77	4.60	4.76	4.77	4.74	99.6004	2.73
2006-03-07	1.49	59.79	61.51	2.16	2.05	2.11	4.77	4.74	4.47	4.77	4.79	4.60	4.76	4.77	4.75	100.0204	2.71
2006-03-08	1.51	58.42	60.06	2.20	2.09	2.16	4.76	4.73	4.45	4.72	4.77	4.58	4.75	4.77	4.74	100.3699	2.66
2006-03-09	1.52	58.82	60.51	2.20	2.09	2.15	4.76	4.74	4.44	4.72	4.77	4.60	4.75	4.77	4.74	100.1352	2.66
2006-03-10	1.52	59.04	59.91	2.23	2.15	2.19	4.77	4.76	4.46	4.74	4.80	4.62	4.77	4.78	4.76	100.0695	2.62
2006-03-13	1.52	60.99	61.81	2.24	2.17	2.20	4.80	4.77	4.45	4.74	4.81	4.61	4.78	4.83	4.78	100.0895	2.61
2006-03-14	1.54	62.39	63.01	2.17	2.07	2.13	4.75	4.71	4.49	4.66	4.72	4.59	4.68	4.80	4.69	99.8920	2.61
2006-03-15	1.52	63.12	62.11	2.18	2.07	2.13	4.77	4.73	4.50	4.69	4.72	4.63	4.69	4.81	4.70	99.7253	2.62
2006-03-16	1.54	62.07	63.46	2.12	1.98	2.05	4.72	4.65	4.49	4.62	4.62	4.62	4.60	4.77	4.61	99.5801	2.62
2006-03-17	1.52	63.54	62.81	2.16	2.00	2.09	4.74	4.68	4.50	4.65	4.64	4.64	4.62	4.78	4.63	99.7016	2.62
2006-03-20	1.53	62.30	60.31	2.15	2.01	2.09	4.74	4.66	4.56	4.65	4.62	4.66	4.61	4.79	4.62	99.7758	2.60
2006-03-21	1.50	59.96	60.41	2.23	2.11	2.17	4.79	4.71	4.67	4.72	4.71	4.69	4.68	4.82	4.69	100.0085	2.57
2006-03-22	1.51	61.23	60.03	2.23	2.13	2.17	4.78	4.70	4.67	4.74	4.72	4.69	4.69	4.81	4.70	100.2427	2.56
2006-03-23	1.48	61.76	62.13	2.24	2.15	2.19	4.80	4.73	4.66	4.77	4.74	4.67	4.73	4.81	4.73	100.2447	2.58
2006-03-24	1.53	62.78	63.90	2.20	2.11	2.15	4.76	4.67	4.66	4.72	4.67	4.65	4.66	4.78	4.66	100.3237	2.55
2006-03-27	1.51	62.59	63.75	2.23	2.14	2.18	4.77	4.70	4.66	4.72	4.69	4.63	4.69	4.80	4.69	100.5220	2.55
2006-03-28	1.50	64.31	65.65	2.30	2.22	2.25	4.82	4.79	4.71	4.81	4.79	4.65	4.79	4.83	4.79	100.5828	2.57
2006-03-29	1.51	64.88	66.00	2.32	2.24	2.27	4.83	4.81	4.69	4.82	4.81	4.63	4.79	4.83	4.79	100.6095	2.55
2006-03-30	1.49	65.95	66.70	2.35	2.25	2.31	4.84	4.86	4.67	4.84	4.84	4.61	4.83	4.84	4.83	100.4592	2.58
2006-03-31	1.53	66.06	66.25	2.35	2.24	2.30	4.82	4.86	4.65	4.82	4.83	4.63	4.82	4.81	4.83	100.2465	2.58
2006-04-03	1.52	67.28	66.07	2.36	2.26	2.32	4.86	4.88	4.66	4.86	4.85	4.67	4.85	4.86	4.86	100.0934	2.59
2006-04-04	1.52	65.93	65.75	2.38	2.27	2.33	4.85	4.87	4.64	4.84	4.83	4.68	4.82	4.85	4.84	99.9411	2.55
2006-04-05	1.53	66.74	66.76	2.34	2.23	2.29	4.82	4.84	4.62	4.81	4.79	4.67	4.79	4.83	4.80	99.9956	2.56
2006-04-06	1.52	67.58	67.22	2.38	2.25	2.32	4.85	4.90	4.65	4.84	4.83	4.68	4.84	4.85	4.86	100.2834	2.59
2006-04-07	1.52	67.11	67.02	2.43	2.31	2.37	4.86	4.97	4.64	4.89	4.89	4.69	4.89	4.85	4.92	100.5029	2.58
2006-04-10	1.53	68.20	68.29	2.41	2.29	2.35	4.89	4.97	4.64	4.89	4.89	4.69	4.89	4.89	4.92	100.3339	2.60
2006-04-11	1.55	68.52	69.03	2.37	2.23	2.31	4.88	4.93	4.63	4.88	4.86	4.70	4.86	4.88	4.88	100.3236	2.63
2006-04-12	1.53	69.54	68.53	2.41	2.25	2.34	4.91	4.98	4.62	4.91	4.90	4.70	4.91	4.91	4.93	100.3808	2.66
2006-04-13	1.51	69.39	69.53	2.48	2.31	2.41	4.95	5.05	4.54	4.96	4.96	4.70	4.97	4.94	5.00	100.5398	2.66
2006-04-14	.	.	.	.	.	.	.	.	.	.	.	.	.	.	.	100.4692	.
2006-04-17	1.53	.	70.30	2.43	2.25	2.35	4.93	5.01	4.55	4.91	4.91	4.72	4.93	4.93	4.96	100.3593	2.68
2006-04-18	1.55	70.97	71.28	2.38	2.18	2.30	4.88	4.99	4.54	4.84	4.86	4.72	4.87	4.90	4.92	100.0775	2.69
2006-04-19	1.52	72.69	72.07	2.38	2.16	2.29	4.89	5.04	4.54	4.86	4.87	4.73	4.91	4.90	4.96	99.9691	2.75
2006-04-20	1.51	72.57	71.96	2.42	2.20	2.32	4.90	5.04	4.55	4.89	4.89	4.73	4.92	4.90	4.97	100.0615	2.72
2006-04-21	1.51	73.94	73.73	2.39	2.19	2.30	4.90	5.01	4.58	4.90	4.89	4.75	4.92	4.90	4.95	100.1627	2.73
2006-04-24	1.52	73.96	70.19	2.39	2.21	2.31	4.92	4.99	4.58	4.89	4.88	4.75	4.90	4.93	4.94	99.9308	2.69
2006-04-25	1.48	72.86	67.43	2.47	2.38	2.39	4.95	5.07	4.63	4.95	4.94	4.79	4.98	4.96	5.02	99.9974	2.60
2006-04-26	1.48	73.46	71.71	2.51	2.39	2.43	4.98	5.12	4.65	4.99	4.99	4.79	5.02	4.98	5.06	100.2516	2.63
2006-04-27	1.51	71.79	70.76	2.45	2.33	2.36	4.93	5.09	4.64	4.91	4.92	4.78	4.95	4.93	5.00	99.9848	2.62
2006-04-28	1.50	72.15	71.80	2.39	2.25	2.29	4.90	5.07	4.60	4.87	4.87	4.77	4.92	4.91	4.98	99.8708	2.67
2006-04-30	1.52																
2006-05-01	1.49	73.37	73.75	2.42	2.27	2.33	4.97	5.14	4.61	4.94	4.95	4.82	4.99	4.98	5.04	99.7445	2.72
2006-05-02	1.51	74.45	74.62	2.43	2.27	2.34	4.96	5.12	4.66	4.92	4.94	4.81	4.98	4.98	5.03	99.5777	2.71
2006-05-03	1.49	73.73	72.26	2.47	2.30	2.37	4.98	5.15	4.65	4.94	4.96	4.82	5.01	5.00	5.06	99.3563	2.71
2006-05-04	1.49	71.84	69.98	2.49	2.34	2.40	5.00	5.16	4.61	4.97	4.99	4.80	5.03	5.01	5.08	99.4231	2.69
2006-05-05	1.50	71.22	70.09	2.45	2.29	2.35	4.98	5.12	4.61	4.94	4.96	4.83	4.99	5.00	5.03	99.3060	2.70
2006-05-08	1.48	68.26	69.75	2.45	2.32	2.36	5.01	5.12	4.64	4.97	4.99	4.87	5.01	5.03	5.05	99.0923	2.69
2006-05-09	1.48	70.60	70.71	2.43	2.29	2.35	5.01	5.13	4.72	4.97	4.98	4.88	5.01	5.03	5.05	99.1010	2.72
2006-05-10	1.48	69.83	72.15	2.43	2.30	2.34	5.02	5.13	4.69	5.01	5.00	4.88	5.03	5.03	5.06	98.7758	2.73
2006-05-11	1.47	72.20	73.00	2.43	2.26	2.33	4.99	5.14	4.64	4.99	5.01	4.82	5.04	4.99	5.07	99.0151	2.78
2006-05-12	1.48	71.30	71.87	2.47	2.30	2.37	5.00	5.19	4.64	5.01	5.03	4.85	5.08	5.00	5.12	99.5796	2.78
2006-05-15	1.51	68.69	69.25	2.47	2.33	2.39	5.01	5.15	4.68	4.99	5.01	4.86	5.04	5.02	5.08	100.2076	2.71
2006-05-16	1.53	68.66	69.40	2.44	2.30	2.35	4.98	5.10	4.76	4.96	4.97	4.83	4.99	4.99	5.03	99.9190	2.69
2006-05-17	1.52	67.52	68.65	2.47	2.32	2.38	4.99	5.16	4.75	4.97	5.00	4.83	5.03	5.00	5.08	100.0802	2.71
2006-05-18	1.57	67.39	69.63	2.41	2.27	2.32	4.96	5.08	4.75	4.94	4.94	4.83	4.96	4.98	5.00	100.5597	2.69
2006-05-19	1.57	66.93	68.44	2.43	2.31	2.34	4.98	5.05	4.75	4.96	4.95	4.82	4.96	5.00	4.98	100.5503	2.65
2006-05-22	1.61	66.52	69.23	2.43	2.31	2.35	4.99	5.04	4.74	4.94	4.94	4.83	4.94	5.02	4.96	101.1884	2.63
2006-05-23	1.60	68.97	70.78	2.44	2.30	2.36	5.00	5.07	4.75	4.97	4.97	4.84	4.98	5.02	5.00	100.7116	2.68
2006-05-24	1.66	68.45	69.47	2.42	2.29	2.34	4.97	5.03	4.74	4.94	4.92	4.82	4.93	4.99	4.96	101.3769	2.64
2006-05-25	1.66	68.51	70.92	2.46	2.33	2.38	5.00	5.07	4.74	4.98	4.97	4.82	4.97	5.01	4.99	101.0048	2.64
2006-05-26	1.66	69.88	71.35	2.44	2.30	2.36	5.00	5.06	4.75	4.96	4.94	4.84	4.95	5.02	4.97	100.7400	2.65
2006-05-29	1.65	69.16	.	.	.	.	.	.	.	.	.	.	.	.	.	100.7260	.
2006-05-30	1.63	69.82	71.85	2.45	2.32	2.37	5.02	5.09	4.76	4.99	4.99	4.84	4.99	5.04	5.01	101.1031	2.67
2006-05-31	1.66	67.57	71.42	2.48	2.36	2.40	5.07	5.12	4.75	5.04	5.03	4.86	5.04	5.08	5.06	101.1469	2.68
2006-06-01	1.66	68.77	70.11	2.46	2.34	2.39	5.05	5.11	4.75	5.04	5.02	4.83	5.03	5.06	5.05	101.1206	2.69
2006-06-02	1.70	68.42	72.73	2.37	2.24	2.30	4.98	5.00	4.75	4.92	4.91	4.81	4.90	5.01	4.92	101.2204	2.66
2006-06-05	1.67	69.13	72.50	2.40	2.29	2.32	5.02	5.02	4.77	4.99	4.95	4.85	4.95	5.04	4.97	100.8855	2.66
2006-06-06	1.68	68.25	72.43	2.44	2.33	2.37	5.03	5.01	4.80	4.99	4.96	4.86	4.95	5.05	4.96	101.2285	2.62
2006-06-07	1.68	67.17	70.90	2.48	2.38	2.42	5.05	5.02	4.80	5.02	4.99	4.86	4.97	5.06	4.98	101.2495	2.59
2006-06-08	1.71	65.76	70.25	2.47	2.37	2.40	5.04	5.00	4.78	5.01	4.97	4.87	4.95	5.06	4.96	101.7426	2.58
2006-06-09	1.71	69.13	71.62	2.45	2.35	2.38	5.05	4.98	4.78	5.01	4.96	4.88	4.95	5.07	4.95	101.5206	2.60
2006-06-12	1.71	68.62	70.28	2.45	2.37	2.39	5.09	4.99	4.78	5.02	4.97	4.93	4.95	5.13	4.96	101.5988	2.58
2006-06-13	1.75	65.67	68.48	2.44	2.37	2.38	5.09	4.97	4.72	5.02	4.96	4.89	4.93	5.13	4.94	101.8580	2.56
2006-06-14	1.73	65.52	69.12	2.50	2.42	2.44	5.15	5.05	4.68	5.11	5.06	4.90	5.03	5.17	5.04	101.8213	2.61
2006-06-15	1.72	66.04	69.78	2.52	2.44	2.47	5.15	5.10	4.60	5.14	5.10	4.85	5.08	5.16	5.08	101.6127	2.64
2006-06-16	1.71	65.01	69.75	2.54	2.47	2.50	5.18	5.13	4.63	5.16	5.13	4.88	5.10	5.19	5.10	101.5043	2.63
2006-06-19	1.70	66.40	69.21	2.58	2.51	2.53	5.23	5.14	4.67	5.19	5.15	4.93	5.12	5.25	5.13	101.7215	2.61
2006-06-20	1.71	67.57	69.30	2.58	2.52	2.54	5.23	5.15	4.70	5.19	5.16	4.92	5.13	5.24	5.14	101.7019	2.61
2006-06-21	1.74	68.17	70.07	2.59	2.53	2.55	5.22	5.16	4.66	5.20	5.16	4.92	5.14	5.23	5.14	101.5689	2.61
2006-06-22	1.73	69.60	70.62	2.61	2.56	2.56	5.24	5.20	4.55	5.23	5.21	4.92	5.18	5.24	5.18	101.6227	2.62
2006-06-23	1.76	69.91	70.50	2.64	2.58	2.60	5.27	5.23	4.61	5.27	5.23	4.98	5.21	5.27	5.21	101.7721	2.63
2006-06-26	1.79	69.85	71.63	2.67	2.61	2.63	5.30	5.25	4.73	5.27	5.25	5.03	5.22	5.32	5.23	101.7215	2.61
2006-06-27	1.81	71.26	72.05	2.63	2.58	2.59	5.28	5.21	4.86	5.24	5.22	5.05	5.19	5.31	5.20	101.7062	2.61
2006-06-28	1.80	71.76	72.15	2.68	2.64	2.64	5.30	5.25	4.79	5.29	5.26	5.01	5.23	5.31	5.23	101.6616	2.59
2006-06-29	1.82	73.02	73.50	2.61	2.57	2.57	5.25	5.22	4.68	5.21	5.19	5.01	5.17	5.26	5.18	101.5947	2.60
2006-06-30	1.81	73.20	73.94	2.54	2.47	2.49	5.21	5.15	4.54	5.16	5.13	5.01	5.10	5.24	5.11	100.9491	2.63
2006-07-03	1.79	73.94	.	2.56	2.49	2.51	5.26	5.15	4.69	5.17	5.14	5.08	5.11	5.31	5.12	100.5186	2.62
2006-07-04	1.79	73.17	.	.	.	.	.	.	.	.	.	.	.	.	.	100.4834	.
2006-07-05	1.75	72.88	75.20	2.63	2.57	2.58	5.29	5.23	4.81	5.24	5.21	5.01	5.19	5.32	5.19	100.6877	2.62
2006-07-06	1.77	73.12	75.00	2.59	2.52	2.55	5.28	5.19	4.80	5.22	5.17	5.00	5.15	5.31	5.16	100.5411	2.63
2006-07-07	1.77	74.14	73.76	2.55	2.47	2.50	5.25	5.14	4.83	5.17	5.13	5.02	5.10	5.28	5.10	100.1710	2.63
2006-07-10	1.75	72.39	73.50	2.56	2.49	2.52	5.27	5.13	4.86	5.17	5.13	5.06	5.10	5.32	5.10	99.9202	2.61
2006-07-11	1.75	73.14	74.05	2.53	2.48	2.50	5.26	5.10	4.90	5.17	5.11	5.05	5.07	5.30	5.08	100.1185	2.59
2006-07-12	1.73	73.04	74.99	2.54	2.49	2.52	5.26	5.10	4.92	5.17	5.12	5.06	5.08	5.30	5.09	100.3028	2.59
2006-07-13	1.76	75.23	76.70	2.51	2.46	2.48	5.22	5.08	4.88	5.12	5.07	5.05	5.04	5.27	5.05	100.4434	2.58
2006-07-14	1.78	76.13	76.80	2.50	2.44	2.46	5.20	5.07	4.87	5.08	5.05	5.06	5.02	5.26	5.03	100.5886	2.58
2006-07-17	1.77	75.12	75.70	2.49	2.45	2.47	5.24	5.07	4.91	5.12	5.07	5.11	5.04	5.30	5.04	100.6019	2.59
2006-07-18	1.74	75.32	73.87	2.55	2.52	2.53	5.28	5.13	4.94	5.19	5.13	5.13	5.10	5.33	5.10	100.5329	2.58
2006-07-19	1.76	71.62	72.79	2.49	2.45	2.46	5.22	5.06	4.91	5.12	5.06	5.11	5.02	5.28	5.02	100.3661	2.57
2006-07-20	1.76	72.56	74.00	2.45	2.40	2.43	5.18	5.03	4.87	5.06	5.01	5.08	4.98	5.24	4.99	100.0948	2.58
2006-07-21	1.75	72.96	73.52	2.49	2.42	2.45	5.19	5.05	4.88	5.08	5.02	5.10	4.99	5.25	5.00	100.1385	2.57
2006-07-24	1.74	72.09	74.29	2.49	2.44	2.47	5.21	5.05	4.91	5.10	5.03	5.10	4.99	5.27	5.00	100.2351	2.55
2006-07-25	1.72	72.49	73.46	2.48	2.45	2.46	5.21	5.07	5.01	5.11	5.05	5.13	5.02	5.25	5.03	100.2067	2.57
2006-07-26	1.72	73.76	73.82	2.44	2.41	2.43	5.16	5.04	5.00	5.06	5.02	5.11	4.99	5.21	5.00	100.2549	2.58
2006-07-27	1.71	75.36	74.50	2.47	2.41	2.45	5.16	5.07	5.02	5.07	5.01	5.10	4.98	5.20	5.00	99.9503	2.57
2006-07-28	1.73	73.95	73.30	2.41	2.38	2.40	5.10	5.00	4.98	4.98	4.94	5.07	4.92	5.15	4.94	99.9577	2.54
2006-07-31	1.74	74.75	74.56	2.41	2.37	2.40	5.11	4.99	5.02	4.97	4.93	5.10	4.91	5.18	4.93	99.9390	2.54
2006-08-01	1.73	76.39	74.93	2.40	2.35	2.38	5.11	4.99	5.20	4.97	4.91	5.12	4.90	5.18	4.92	100.2889	2.55
2006-08-02	1.74	77.63	76.16	2.36	2.30	2.34	5.11	4.96	5.20	4.97	4.90	5.10	4.88	5.18	4.90	100.1724	2.58
2006-08-03	1.72	76.28	75.59	2.35	2.31	2.34	5.12	4.96	5.18	4.98	4.92	5.11	4.90	5.19	4.91	100.2694	2.59
2006-08-04	1.74	76.53	74.78	2.30	2.25	2.28	5.07	4.91	5.15	4.91	4.86	5.09	4.84	5.15	4.85	99.9851	2.59
2006-08-07	1.71	77.82	77.05	2.29	2.25	2.27	5.12	4.93	5.18	4.96	4.89	5.12	4.86	5.20	4.87	99.8841	2.61
2006-08-08	1.71	77.93	76.29	2.27	2.23	2.26	5.08	4.93	5.19	4.91	4.86	5.10	4.85	5.16	4.86	99.9729	2.62
2006-08-09	1.70	78.26	76.28	2.28	2.21	2.25	5.07	4.92	5.14	4.91	4.88	5.07	4.86	5.15	4.87	99.6894	2.65
2006-08-10	1.69	75.69	74.17	2.30	2.24	2.28	5.08	4.93	5.12	4.93	4.89	5.05	4.86	5.16	4.87	99.7860	2.62
2006-08-11	1.66	75.19	74.38	2.33	2.27	2.30	5.12	4.97	5.12	4.96	4.93	5.07	4.91	5.20	4.92	99.6657	2.64
2006-08-14	1.66	73.78	73.33	2.36	2.31	2.34	5.17	5.00	5.15	5.01	4.98	5.12	4.95	5.24	4.96	99.7472	2.64
2006-08-15	1.68	73.57	72.95	2.32	2.27	2.30	5.11	4.93	5.18	4.94	4.91	5.10	4.88	5.19	4.89	99.7737	2.61
2006-08-16	1.69	72.67	71.64	2.28	2.25	2.26	5.06	4.87	5.16	4.87	4.83	5.07	4.81	5.16	4.82	99.4556	2.56
2006-08-17	1.66	70.42	70.12	2.28	2.27	2.28	5.08	4.87	5.15	4.89	4.84	5.09	4.82	5.18	4.82	99.3616	2.55
2006-08-18	1.67	71.30	70.93	2.26	2.23	2.25	5.08	4.84	5.13	4.87	4.82	5.10	4.78	5.19	4.78	99.6214	2.55
2006-08-21	1.66	72.42	72.45	2.23	2.22	2.23	5.07	4.82	5.15	4.85	4.79	5.11	4.77	5.18	4.77	99.4740	2.55
2006-08-22	1.65	72.06	72.55	2.22	2.21	2.22	5.07	4.82	5.17	4.87	4.79	5.10	4.77	5.17	4.77	99.4858	2.56
2006-08-23	1.64	71.12	71.45	2.25	2.25	2.26	5.07	4.82	5.17	4.87	4.81	5.09	4.77	5.17	4.78	99.6355	2.52
2006-08-24	1.66	71.40	72.02	2.28	2.29	2.29	5.07	4.81	5.16	4.88	4.80	5.09	4.78	5.17	4.78	99.9651	2.49
2006-08-25	1.66	72.58	72.13	2.24	2.26	2.26	5.06	4.79	5.17	4.86	4.79	5.11	4.76	5.16	4.76	100.1198	2.50
2006-08-28	1.65	69.44	70.47	2.28	2.31	2.30	5.08	4.80	5.17	4.88	4.80	5.10	4.77	5.18	4.77	100.0350	2.46
2006-08-29	1.65	67.01	69.74	2.29	2.30	2.31	5.06	4.79	5.19	4.87	4.79	5.07	4.77	5.16	4.77	99.8641	2.47
2006-08-30	1.66	67.15	70.20	2.28	2.31	2.30	5.03	4.76	5.16	4.83	4.76	5.05	4.72	5.14	4.72	99.7472	2.41
2006-08-31	1.69	67.66	70.38	2.24	2.26	2.26	5.01	4.74	5.12	4.79	4.71	5.05	4.70	5.11	4.70	99.8264	2.44
2006-09-01	1.68	70.49	69.24	2.25	2.28	2.27	4.99	4.73	5.07	4.77	4.70	5.02	4.68	5.10	4.69	99.7405	2.40
2006-09-04	1.68	68.62	.	.	.	.	.	.	.	.	.	.	.	.	.	99.7164	.
2006-09-05	1.66	65.94	68.70	2.31	2.34	2.33	5.02	4.78	4.96	4.80	4.73	5.00	4.73	5.13	4.74	99.4136	2.39
2006-09-06	1.65	65.41	67.75	2.32	2.34	2.34	5.02	4.80	4.89	4.82	4.76	4.97	4.75	5.12	4.76	99.7172	2.41
2006-09-07	1.66	64.52	67.37	2.34	2.38	2.36	5.02	4.80	4.89	4.82	4.76	4.97	4.74	5.13	4.75	99.9099	2.36
2006-09-08	1.67	64.30	66.30	2.35	2.39	2.37	5.00	4.78	4.83	4.80	4.73	4.93	4.71	5.10	4.72	99.9731	2.32
2006-09-11	1.66	62.41	65.42	2.38	2.43	2.42	5.03	4.80	4.85	4.83	4.77	4.93	4.74	5.13	4.75	100.2390	2.31
2006-09-12	1.67	62.23	63.81	2.36	2.41	2.40	5.02	4.78	4.75	4.82	4.74	4.90	4.71	5.12	4.73	100.1271	2.30
2006-09-13	1.68	61.28	64.09	2.35	2.39	2.38	4.99	4.77	4.78	4.80	4.72	4.91	4.70	5.08	4.72	100.0043	2.31
2006-09-14	1.66	60.75	63.27	2.35	2.39	2.38	5.02	4.79	4.81	4.83	4.77	4.95	4.74	5.12	4.75	99.9281	2.35
2006-09-15	1.66	60.23	63.30	2.38	2.45	2.42	5.03	4.80	4.77	4.87	4.79	4.96	4.76	5.11	4.77	99.8021	2.31
2006-09-18	1.65	61.47	63.84	2.39	2.46	2.43	5.04	4.81	4.76	4.88	4.80	4.94	4.77	5.12	4.78	99.7558	2.31
2006-09-19	1.69	62.52	61.77	2.35	2.42	2.38	4.99	4.74	4.72	4.79	4.72	4.94	4.69	5.09	4.69	99.7803	2.27
2006-09-20	1.69	59.09	60.00	2.39	2.48	2.43	5.00	4.73	4.73	4.81	4.73	4.93	4.70	5.09	4.70	99.7501	2.22
2006-09-21	1.72	59.27	61.62	2.31	2.40	2.35	4.93	4.65	4.72	4.71	4.61	4.92	4.60	5.04	4.61	99.7766	2.20
2006-09-22	1.76	58.81	59.79	2.27	2.35	2.30	4.90	4.60	4.73	4.67	4.58	4.93	4.55	5.02	4.56	100.0568	2.20
2006-09-25	1.76	57.89	60.74	2.24	2.32	2.27	4.88	4.56	4.72	4.63	4.54	4.88	4.51	5.01	4.51	100.1830	2.19
2006-09-26	1.74	58.53	60.63	2.25	2.32	2.29	4.91	4.59	4.64	4.68	4.59	4.88	4.55	5.02	4.55	99.9565	2.23
2006-09-27	1.74	57.60	62.96	2.26	2.32	2.29	4.89	4.60	4.60	4.66	4.59	4.88	4.56	5.01	4.56	99.7919	2.24
2006-09-28	1.72	60.68	62.46	2.27	2.33	2.30	4.90	4.63	4.53	4.68	4.60	4.87	4.57	5.01	4.58	99.8599	2.24
2006-09-29	1.71	59.09	62.90	2.27	2.34	2.30	4.91	4.64	4.60	4.71	4.62	4.89	4.59	5.02	4.60	99.7441	2.25
2006-09-30	1.75																
2006-10-02	1.76	58.80	60.96	2.27	2.31	2.28	4.90	4.62	4.67	4.66	4.59	4.88	4.56	5.02	4.57	99.6996	2.25
2006-10-03	1.74	56.28	58.64	2.29	2.35	2.30	4.90	4.62	4.71	4.67	4.59	4.90	4.56	5.02	4.57	99.8510	2.21
2006-10-04	1.76	55.82	59.53	2.27	2.33	2.28	4.87	4.57	4.78	4.60	4.53	4.93	4.50	5.00	4.52	99.9047	2.17
2006-10-05	1.72	57.93	60.02	2.31	2.38	2.33	4.90	4.61	4.81	4.65	4.58	4.94	4.55	5.03	4.56	99.7790	2.17
2006-10-06	1.68	56.90	59.68	2.37	2.46	2.40	4.94	4.70	4.76	4.74	4.67	4.95	4.64	5.05	4.65	99.8769	2.18
2006-10-09	1.68	59.25	59.93	.	.	.	.	.	.	.	.	.	.	.	.	99.8962	.
2006-10-10	1.67	57.80	58.50	2.42	2.51	2.46	5.00	4.75	4.81	4.82	4.75	5.00	4.71	5.10	4.71	99.9802	2.20
2006-10-11	1.66	57.75	57.56	2.45	2.54	2.49	5.02	4.78	4.90	4.85	4.78	5.02	4.75	5.11	4.75	99.9088	2.21
2006-10-12	1.66	57.87	58.23	2.44	2.54	2.48	5.03	4.79	4.93	4.85	4.78	5.06	4.74	5.13	4.74	99.6894	2.20
2006-10-13	1.64	58.97	58.69	2.47	2.57	2.50	5.05	4.81	4.93	4.87	4.79	5.05	4.77	5.13	4.77	99.3822	2.20
2006-10-16	1.65	58.22	59.91	2.45	2.56	2.48	5.05	4.79	5.01	4.85	4.78	5.09	4.76	5.15	4.76	99.3331	2.20
2006-10-17	1.65	60.13	58.91	2.46	2.56	2.49	5.04	4.78	5.06	4.83	4.77	5.09	4.73	5.15	4.74	99.3380	2.17
2006-10-18	1.64	58.51	57.66	2.46	2.58	2.50	5.04	4.77	5.05	4.85	4.77	5.09	4.74	5.14	4.73	99.2200	2.16
2006-10-19	1.62	57.74	58.55	2.49	2.61	2.54	5.05	4.79	5.02	4.85	4.79	5.10	4.75	5.16	4.75	99.1728	2.14
2006-10-20	1.61	57.94	57.35	2.49	2.61	2.54	5.05	4.79	5.00	4.87	4.80	5.09	4.76	5.14	4.76	99.2257	2.15
2006-10-23	1.59	56.56	56.74	2.53	2.65	2.57	5.09	4.83	5.05	4.90	4.84	5.12	4.80	5.18	4.80	99.3079	2.15
2006-10-24	1.60	56.56	57.55	2.52	2.63	2.56	5.10	4.83	5.15	4.91	4.84	5.13	4.81	5.19	4.81	99.2394	2.18
2006-10-25	1.61	58.79	59.09	2.44	2.55	2.49	5.08	4.78	5.14	4.88	4.79	5.12	4.75	5.18	4.75	99.1293	2.20
2006-10-26	1.62	58.76	60.27	2.41	2.52	2.46	5.06	4.73	5.16	4.81	4.74	5.12	4.69	5.18	4.70	98.8521	2.17
2006-10-27	1.63	57.99	60.75	2.37	2.48	2.42	5.02	4.68	5.14	4.76	4.68	5.11	4.64	5.15	4.64	98.6728	2.16
2006-10-30	1.61	57.08	58.41	2.39	2.51	2.44	5.03	4.68	5.15	4.78	4.68	5.10	4.64	5.16	4.64	98.7210	2.13
2006-10-31	1.66	56.13	58.72	2.34	2.47	2.40	4.99	4.61	5.18	4.71	4.62	5.08	4.57	5.13	4.57	98.7145	2.10
2006-11-01	1.67	56.37	58.64	2.29	2.41	2.34	4.95	4.57	5.19	4.66	4.56	5.07	4.52	5.10	4.52	98.6035	2.11
2006-11-02	1.65	56.26	57.87	2.32	2.44	2.38	4.97	4.60	5.18	4.67	4.60	5.07	4.55	5.13	4.56	98.8016	2.11
2006-11-03	1.58	56.55	59.13	2.40	2.52	2.45	5.06	4.72	5.18	4.82	4.74	5.09	4.70	5.18	4.70	98.6935	2.18
2006-11-06	1.60	57.02	60.11	2.36	2.48	2.41	5.06	4.71	5.17	4.82	4.74	5.09	4.69	5.18	4.69	98.8346	2.21
2006-11-07	1.62	56.99	58.94	2.32	2.44	2.37	5.03	4.66	5.20	4.77	4.69	5.08	4.63	5.16	4.63	98.6837	2.19
2006-11-08	1.61	57.18	59.93	2.29	2.41	2.34	5.02	4.64	5.20	4.75	4.65	5.10	4.61	5.16	4.61	98.7823	2.20
2006-11-09	1.61	59.72	61.18	2.28	2.41	2.34	5.02	4.62	5.19	4.75	4.66	5.09	4.60	5.16	4.60	98.7560	2.19
2006-11-10	1.62	59.18	59.66	2.25	2.37	2.31	5.01	4.59	5.20	4.73	4.63	5.10	4.57	5.16	4.57	98.8169	2.20
2006-11-13	1.60	56.88	58.59	2.29	2.42	2.35	5.03	4.61	5.17	4.76	4.66	5.09	4.60	5.16	4.60	98.9148	2.18
2006-11-14	1.62	57.90	58.28	2.28	2.41	2.34	5.01	4.57	5.24	4.74	4.63	5.09	4.57	5.15	4.57	98.7936	2.16
2006-11-15	1.58	57.97	58.79	2.30	2.45	2.37	5.04	4.61	5.24	4.80	4.69	5.09	4.62	5.16	4.62	98.8785	2.17
2006-11-16	1.56	59.50	56.23	2.38	2.53	2.44	5.06	4.66	5.22	4.85	4.75	5.09	4.67	5.17	4.66	98.7984	2.14
2006-11-17	1.60	57.01	55.90	2.33	2.48	2.39	5.02	4.61	5.19	4.76	4.67	5.09	4.60	5.14	4.60	99.1447	2.12
2006-11-20	1.60	57.38	56.42	2.33	2.47	2.39	5.02	4.60	5.19	4.76	4.66	5.08	4.60	5.15	4.59	99.0839	2.13
2006-11-21	1.61	59.53	58.01	2.31	2.43	2.37	5.02	4.58	5.26	4.75	4.65	5.07	4.58	5.15	4.58	99.1641	2.15
2006-11-22	1.61	58.66	57.28	2.30	2.42	2.35	5.01	4.57	5.25	4.74	4.63	5.05	4.57	5.15	4.57	99.0449	2.15
2006-11-23	1.61	59.70	.	.	.	.	.	.	.	.	.	.	.	.	.	99.0446	.
2006-11-24	1.61	60.72	.	2.27	2.38	2.33	5.00	4.55	5.21	4.73	4.62	5.04	4.55	5.13	4.55	99.0448	2.17
2006-11-27	1.61	60.52	60.30	2.24	2.33	2.29	5.00	4.54	5.22	4.71	4.60	5.05	4.54	5.14	4.54	99.0955	2.21
2006-11-28	1.63	61.22	60.97	2.21	2.28	2.26	4.98	4.51	5.27	4.67	4.57	5.04	4.50	5.13	4.50	99.0368	2.22
2006-11-29	1.61	62.13	62.45	2.22	2.28	2.26	4.98	4.52	5.26	4.69	4.58	5.04	4.51	5.13	4.51	98.8181	2.23
2006-11-30	1.69	64.36	62.97	2.16	2.21	2.19	4.94	4.46	5.22	4.62	4.52	5.03	4.45	5.10	4.45	98.6817	2.24
2006-12-01	1.71	64.74	63.43	2.10	2.12	2.13	4.87	4.43	5.21	4.52	4.43	5.03	4.39	5.05	4.39	98.5994	2.27
2006-12-04	1.69	63.97	62.39	2.11	2.13	2.14	4.87	4.43	5.13	4.52	4.43	5.01	4.39	5.04	4.39	98.5191	2.26
2006-12-05	1.67	63.65	62.40	2.11	2.12	2.14	4.86	4.45	4.88	4.52	4.43	4.99	4.39	5.03	4.40	98.1753	2.27
2006-12-06	1.64	63.70	62.20	2.14	2.17	2.17	4.90	4.48	4.91	4.59	4.48	4.99	4.44	5.05	4.44	98.0325	2.27
2006-12-07	1.64	63.17	62.54	2.15	2.18	2.18	4.90	4.49	4.92	4.58	4.48	4.98	4.45	5.05	4.45	97.9886	2.27
2006-12-08	1.61	63.67	62.06	2.21	2.25	2.24	4.95	4.56	4.89	4.68	4.57	4.97	4.53	5.08	4.54	98.0478	2.28
2006-12-11	1.62	62.59	61.26	2.17	2.21	2.20	4.94	4.52	4.85	4.67	4.55	4.93	4.50	5.07	4.50	98.1308	2.29
2006-12-12	1.62	62.58	61.06	2.15	2.18	2.17	4.91	4.49	4.87	4.61	4.49	4.93	4.45	5.06	4.45	98.0752	2.27
2006-12-13	1.59	61.89	61.34	2.22	2.26	2.26	4.95	4.58	4.86	4.70	4.60	4.94	4.54	5.07	4.55	98.0114	2.28
2006-12-14	1.58	62.85	62.48	2.23	2.26	2.26	4.97	4.60	4.87	4.73	4.63	4.96	4.58	5.08	4.58	97.8747	2.32
2006-12-15	1.58	62.91	63.40	2.29	2.32	2.31	4.96	4.60	4.78	4.73	4.62	4.91	4.57	5.07	4.57	97.8765	2.25
2006-12-18	1.57	62.81	62.19	2.31	2.35	2.35	4.97	4.60	4.80	4.71	4.62	4.96	4.57	5.09	4.57	98.0756	2.22
2006-12-19	1.56	62.19	62.87	2.31	2.34	2.34	4.96	4.60	4.84	4.71	4.62	4.96	4.57	5.08	4.57	98.2508	2.23
2006-12-20	1.56	63.13	63.08	2.32	2.35	2.35	4.96	4.60	4.87	4.71	4.62	4.96	4.57	5.08	4.57	98.0285	2.22
2006-12-21	1.58	62.13	62.05	2.29	2.33	2.33	4.93	4.55	4.84	4.66	4.57	4.97	4.52	5.06	4.52	98.1350	2.19
2006-12-22	1.55	61.92	61.81	2.35	2.38	2.38	4.96	4.63	4.82	4.71	4.64	4.99	4.59	5.08	4.60	98.1375	2.21
2006-12-25	.	.	.	.	.	.	.	.	.	.	.	.	.	.	.	98.1626	.
2006-12-26	1.56	.	61.07	2.34	2.37	2.37	4.97	4.61	4.81	4.71	4.63	4.99	4.58	5.11	4.59	98.2080	2.21
2006-12-27	1.53	60.70	60.31	2.39	2.44	2.43	4.99	4.66	4.75	4.77	4.69	4.97	4.64	5.10	4.64	98.2120	2.20
2006-12-28	1.51	59.41	60.39	2.41	2.46	2.45	5.01	4.70	4.74	4.82	4.72	5.00	4.69	5.10	4.69	98.0680	2.23
2006-12-29	1.50	58.96	60.85	2.41	2.44	2.45	5.00	4.71	4.75	4.82	4.74	5.02	4.70	5.09	4.70	97.9028	2.26
2006-12-31	1.55																
2007-01-01	.	.	.	.	.	.	.	.	.	.	.	.	.	.	.	97.9053	.
2007-01-02	1.57	58.49	60.77	2.38	2.41	2.42	5.00	4.68	4.79	4.80	4.71	5.07	4.68	5.11	4.68	.	2.27
2007-01-03	1.57	56.63	58.31	2.36	2.39	2.40	4.98	4.67	4.84	4.76	4.69	5.05	4.66	5.09	4.66	97.7035	2.27
2007-01-04	1.58	54.58	55.65	2.36	2.39	2.39	4.95	4.62	4.80	4.71	4.63	5.04	4.61	5.07	4.61	98.0830	2.22
2007-01-05	1.56	52.82	56.29	2.38	2.41	2.41	4.98	4.65	4.81	4.76	4.68	5.05	4.65	5.09	4.65	98.3432	2.24
2007-01-08	1.56	52.82	56.08	2.38	2.42	2.42	5.01	4.66	4.87	4.78	4.70	5.08	4.66	5.13	4.66	98.4444	2.24
2007-01-09	1.56	52.38	55.65	2.39	2.43	2.42	5.02	4.66	4.90	4.79	4.70	5.08	4.65	5.13	4.65	98.5622	2.22
2007-01-10	1.57	52.11	53.95	2.42	2.46	2.46	5.02	4.69	4.94	4.81	4.72	5.09	4.68	5.13	4.68	98.6234	2.22
2007-01-11	1.55	51.68	51.91	2.43	2.50	2.50	5.05	4.74	4.99	4.86	4.78	5.11	4.73	5.15	4.73	98.4398	2.23
2007-01-12	1.55	49.95	52.96	2.49	2.53	2.53	5.06	4.77	4.98	4.88	4.81	5.09	4.76	5.15	4.76	98.4610	2.23
2007-01-15	1.54	.	.	.	.	.	.	.	.	.	.	.	.	.	.	98.4590	.
2007-01-16	1.55	51.28	51.23	2.48	2.52	2.51	5.06	4.75	5.00	4.86	4.79	5.11	4.74	5.16	4.74	98.4107	2.22
2007-01-17	1.52	51.19	52.30	2.50	2.54	2.53	5.08	4.79	5.01	4.91	4.83	5.12	4.78	5.16	4.78	98.1395	2.24
2007-01-18	1.52	50.83	50.51	2.47	2.52	2.49	5.07	4.75	4.97	4.89	4.80	5.12	4.75	5.16	4.75	98.1092	2.23
2007-01-19	1.52	52.29	51.98	2.47	2.53	2.51	5.09	4.78	4.96	4.93	4.83	5.14	4.78	5.17	4.78	98.0354	2.25
2007-01-22	1.53	54.34	51.11	2.44	2.48	2.47	5.09	4.76	4.98	4.91	4.82	5.13	4.77	5.18	4.76	98.1471	2.29
2007-01-23	1.51	53.93	53.61	2.46	2.50	2.49	5.10	4.81	5.02	4.94	4.85	5.14	4.81	5.18	4.81	98.2637	2.31
2007-01-24	1.51	55.11	54.24	2.44	2.47	2.46	5.09	4.81	4.99	4.93	4.85	5.13	4.81	5.17	4.81	98.1675	2.34
2007-01-25	1.49	55.67	53.49	2.48	2.52	2.51	5.11	4.87	4.97	4.98	4.90	5.14	4.85	5.18	4.85	98.1975	2.33
2007-01-26	1.50	55.29	55.38	2.48	2.51	2.50	5.12	4.88	4.94	4.99	4.91	5.13	4.87	5.18	4.87	98.3819	2.36
2007-01-29	1.49	54.71	54.01	2.50	2.52	2.53	5.12	4.90	4.95	4.99	4.93	5.14	4.89	5.19	4.89	98.5558	2.37
2007-01-30	1.52	54.69	57.03	2.46	2.47	2.49	5.11	4.88	4.99	4.98	4.90	5.13	4.86	5.18	4.86	98.4919	2.39
2007-01-31	1.56	56.52	58.17	2.40	2.40	2.42	5.09	4.83	5.00	4.94	4.85	5.12	4.82	5.16	4.82	98.4165	2.42
2007-02-01	1.55	56.74	57.35	2.42	2.43	2.44	5.09	4.84	4.99	4.96	4.88	5.13	4.84	5.16	4.84	98.1654	2.41
2007-02-02	1.56	56.93	59.01	2.42	2.40	2.45	5.08	4.83	5.01	4.94	4.87	5.14	4.82	5.16	4.82	98.1837	2.42
2007-02-05	1.55	58.67	58.69	2.41	2.40	2.43	5.08	4.81	5.06	4.92	4.84	5.15	4.80	5.16	4.80	97.9806	2.40
2007-02-06	1.55	58.04	58.91	2.40	2.38	2.42	5.07	4.77	5.14	4.90	4.80	5.14	4.76	5.16	4.76	97.8759	2.38
2007-02-07	1.55	58.35	57.75	2.40	2.38	2.42	5.06	4.74	5.15	4.87	4.77	5.15	4.74	5.16	4.73	97.8915	2.36
2007-02-08	1.55	57.24	59.76	2.39	2.37	2.41	5.06	4.73	5.15	4.87	4.77	5.16	4.73	5.16	4.73	97.9789	2.36
2007-02-09	1.52	57.21	59.86	2.43	2.41	2.45	5.08	4.79	5.15	4.92	4.82	5.15	4.78	5.17	4.78	97.8853	2.37
2007-02-12	1.51	55.52	57.76	2.46	2.46	2.49	5.10	4.80	5.16	4.94	4.84	5.18	4.80	5.18	4.80	98.1418	2.34
2007-02-13	1.52	56.12	58.98	2.46	2.45	2.48	5.10	4.82	5.24	4.95	4.85	5.17	4.81	5.17	4.81	98.1168	2.36
2007-02-14	1.54	55.05	58.00	2.38	2.38	2.41	5.06	4.74	5.23	4.87	4.77	5.16	4.72	5.16	4.72	97.8360	2.34
2007-02-15	1.54	54.25	57.92	2.38	2.38	2.41	5.04	4.70	5.23	4.83	4.73	5.17	4.68	5.15	4.69	97.8072	2.30
2007-02-16	1.53	56.78	59.38	2.36	2.36	2.38	5.05	4.69	5.23	4.83	4.73	5.17	4.68	5.15	4.68	97.8542	2.32
2007-02-19	1.53	.	.	.	.	.	.	.	.	.	.	.	.	.	.	97.8324	.
2007-02-20	1.53	55.91	58.32	2.36	2.35	2.38	5.04	4.68	5.23	4.81	4.71	5.19	4.67	5.16	4.67	97.8798	2.32
2007-02-21	1.52	57.74	59.40	2.33	2.34	2.36	5.05	4.69	5.27	4.82	4.74	5.18	4.68	5.16	4.68	97.8890	2.34
2007-02-22	1.51	58.62	60.28	2.35	2.33	2.37	5.07	4.73	5.26	4.87	4.77	5.19	4.72	5.17	4.72	97.8697	2.39
2007-02-23	1.53	60.38	60.28	2.30	2.26	2.32	5.05	4.68	5.25	4.82	4.71	5.18	4.67	5.17	4.67	97.9786	2.41
2007-02-26	1.54	60.34	61.41	2.26	2.21	2.26	5.05	4.63	5.23	4.77	4.67	5.19	4.62	5.18	4.62	98.0857	2.41
2007-02-27	1.61	60.28	61.46	2.14	2.07	2.13	4.93	4.50	5.22	4.59	4.50	5.14	4.46	5.10	4.46	98.3303	2.39
2007-02-28	1.66	59.39	61.78	2.20	2.12	2.19	4.96	4.56	5.24	4.65	4.55	5.16	4.52	5.12	4.53	98.4152	2.40
2007-03-01	1.66	61.18	61.97	2.19	2.11	2.18	4.95	4.56	5.25	4.63	4.54	5.15	4.50	5.11	4.51	98.4774	2.39
2007-03-02	1.69	61.92	61.58	2.15	2.06	2.14	4.90	4.52	5.23	4.56	4.48	5.12	4.46	5.07	4.47	98.4797	2.40
2007-03-05	1.73	59.78	60.05	2.17	2.06	2.15	4.89	4.51	5.22	4.53	4.47	5.10	4.45	5.08	4.46	98.5792	2.39
2007-03-06	1.73	59.68	60.66	2.19	2.08	2.17	4.92	4.53	5.24	4.58	4.52	5.14	4.48	5.10	4.49	98.3878	2.40
2007-03-07	1.73	61.13	61.85	2.16	2.05	2.14	4.90	4.50	5.24	4.54	4.48	5.12	4.45	5.09	4.46	98.3761	2.40
2007-03-08	1.71	60.90	61.63	2.17	2.06	2.15	4.91	4.51	5.24	4.56	4.49	5.10	4.45	5.08	4.46	98.3235	2.39
2007-03-09	1.66	60.25	60.06	2.25	2.13	2.23	4.98	4.59	5.22	4.66	4.58	5.10	4.55	5.13	4.55	98.2124	2.42
2007-03-12	1.68	60.59	58.94	2.22	2.10	2.20	4.96	4.56	5.22	4.62	4.55	5.09	4.50	5.13	4.51	98.2988	2.40
2007-03-13	1.71	61.52	58.03	2.15	2.01	2.11	4.90	4.50	5.23	4.52	4.45	5.09	4.41	5.10	4.43	98.2998	2.40
2007-03-14	1.70	60.89	58.15	2.18	2.03	2.13	4.91	4.53	5.24	4.54	4.47	5.06	4.44	5.10	4.46	98.4219	2.41
2007-03-15	1.70	60.40	57.52	2.17	2.04	2.13	4.93	4.54	5.21	4.57	4.50	5.05	4.46	5.12	4.47	98.3119	2.42
2007-03-16	1.70	60.93	57.06	2.16	2.03	2.12	4.95	4.55	5.18	4.58	4.51	5.04	4.47	5.13	4.49	98.2637	2.44
2007-03-19	1.68	60.49	56.65	2.18	2.04	2.14	4.96	4.58	5.17	4.61	4.54	5.06	4.50	5.13	4.51	98.2414	2.46
2007-03-20	1.68	60.11	56.41	2.17	2.02	2.12	4.94	4.56	5.22	4.60	4.51	5.06	4.47	5.12	4.49	98.0214	2.45
2007-03-21	1.69	60.18	56.98	2.14	1.99	2.10	4.89	4.53	5.24	4.51	4.44	5.05	4.43	5.08	4.45	97.7879	2.44
2007-03-22	1.64	61.57	60.21	2.17	2.02	2.12	4.91	4.60	5.23	4.58	4.51	5.06	4.49	5.08	4.52	97.5501	2.47
2007-03-23	1.63	63.10	61.07	2.19	2.03	2.14	4.93	4.62	5.24	4.60	4.54	5.08	4.52	5.10	4.54	97.6137	2.49
2007-03-26	1.64	64.43	61.77	2.16	2.00	2.11	4.91	4.60	5.22	4.56	4.50	5.06	4.48	5.09	4.51	97.6589	2.48
2007-03-27	1.62	64.25	62.98	2.16	1.99	2.10	4.91	4.62	5.20	4.58	4.51	5.08	4.50	5.09	4.53	97.6484	2.51
2007-03-28	1.63	66.15	64.11	2.17	1.98	2.11	4.90	4.62	5.18	4.53	4.49	5.06	4.50	5.08	4.53	97.7518	2.52
2007-03-29	1.62	67.19	66.10	2.18	2.00	2.12	4.90	4.64	5.05	4.58	4.52	5.05	4.53	5.06	4.55	97.6840	2.53
2007-03-30	1.60	68.47	65.94	2.21	2.03	2.15	4.90	4.65	5.07	4.58	4.54	5.04	4.54	5.06	4.58	97.6325	2.51
2007-03-31	1.63																
2007-04-02	1.63	68.94	66.03	2.21	2.04	2.15	4.92	4.65	5.12	4.60	4.53	5.04	4.54	5.09	4.57	97.6025	2.50
2007-04-03	1.62	68.00	64.59	2.25	2.09	2.20	4.93	4.67	5.15	4.63	4.57	5.05	4.56	5.09	4.59	97.4321	2.47
2007-04-04	1.62	68.09	64.40	2.23	2.06	2.17	4.92	4.66	5.16	4.61	4.55	5.07	4.55	5.08	4.58	97.3994	2.49
2007-04-05	1.61	69.15	64.26	2.22	2.06	2.16	4.93	4.68	5.10	4.63	4.57	5.04	4.57	5.07	4.60	97.3022	2.51
2007-04-06	.	.	.	2.27	2.12	2.22	4.98	4.76	5.10	4.75	4.68	5.05	4.67	5.10	4.69	97.2764	2.55
2007-04-09	1.56	.	61.51	2.27	2.14	2.23	4.98	4.75	5.08	4.73	4.67	5.02	4.66	5.11	4.68	97.2456	2.52
2007-04-10	1.58	67.64	61.92	2.27	2.12	2.22	4.97	4.73	5.00	4.71	4.64	5.03	4.63	5.10	4.65	97.3963	2.51
2007-04-11	1.57	68.60	61.98	2.28	2.14	2.23	4.97	4.74	5.01	4.73	4.66	5.04	4.66	5.10	4.67	97.2911	2.52
2007-04-12	1.57	67.79	63.87	2.28	2.14	2.23	4.97	4.74	5.00	4.73	4.66	5.03	4.66	5.10	4.67	97.2938	2.52
2007-04-13	1.56	68.78	63.63	2.31	2.18	2.26	4.98	4.76	4.98	4.76	4.71	5.02	4.68	5.09	4.70	97.1540	2.50
2007-04-16	1.56	67.10	63.63	2.30	2.18	2.25	4.97	4.74	4.97	4.74	4.68	5.01	4.67	5.09	4.69	97.1324	2.49
2007-04-17	1.58	66.34	63.14	2.29	2.17	2.24	4.93	4.69	4.94	4.68	4.61	5.01	4.61	5.07	4.62	97.1268	2.44
2007-04-18	1.58	65.09	63.14	2.26	2.15	2.23	4.91	4.66	4.94	4.64	4.57	5.00	4.56	5.04	4.58	97.0946	2.41
2007-04-19	1.56	66.17	61.81	2.27	2.13	2.22	4.91	4.68	4.93	4.64	4.58	4.99	4.57	5.04	4.60	97.0962	2.44
2007-04-20	1.56	66.34	63.56	2.27	2.13	2.22	4.91	4.68	4.93	4.64	4.58	4.99	4.57	5.05	4.60	96.9896	2.44
2007-04-23	1.55	66.80	65.33	2.25	2.09	2.19	4.90	4.66	4.93	4.62	4.55	4.98	4.55	5.04	4.57	96.9816	2.46
2007-04-24	1.57	67.94	64.10	2.21	2.09	2.15	4.88	4.63	4.92	4.58	4.52	4.98	4.51	5.03	4.54	97.0567	2.42
2007-04-25	1.55	67.44	65.33	2.22	2.10	2.16	4.90	4.66	4.94	4.63	4.55	4.97	4.55	5.03	4.57	96.7263	2.45
2007-04-26	1.53	67.51	65.08	2.26	2.13	2.19	4.92	4.69	4.91	4.67	4.60	4.96	4.59	5.04	4.61	96.7928	2.46
2007-04-27	1.53	67.28	66.45	2.25	2.12	2.18	4.91	4.71	4.85	4.67	4.61	4.95	4.59	5.03	4.62	96.7951	2.47
2007-04-30	1.60	67.23	65.78	2.20	2.06	2.13	4.89	4.63	4.80	4.60	4.54	4.91	4.51	5.03	4.55	96.8521	2.45
2007-05-01	1.59	67.40	64.43	2.19	2.07	2.12	4.89	4.64	4.69	4.63	4.56	4.90	4.54	5.01	4.57	96.8746	2.47
2007-05-02	1.59	65.57	63.78	2.22	2.08	2.15	4.90	4.65	4.72	4.65	4.57	4.91	4.55	5.02	4.58	96.8362	2.47
2007-05-03	1.57	64.85	63.23	2.25	2.14	2.18	4.93	4.68	4.74	4.71	4.62	4.90	4.59	5.03	4.61	96.6786	2.45
2007-05-04	1.60	65.14	61.89	2.24	2.13	2.17	4.91	4.65	4.74	4.68	4.59	4.90	4.55	5.03	4.58	96.5595	2.42
2007-05-07	1.59	62.70	61.48	2.27	2.18	2.21	4.92	4.64	4.76	4.68	4.58	4.89	4.55	5.03	4.57	96.3698	2.37
2007-05-08	1.59	63.55	62.26	2.27	2.16	2.21	4.91	4.63	4.76	4.68	4.58	4.90	4.54	5.02	4.56	96.3650	2.38
2007-05-09	1.56	63.50	61.54	2.29	2.20	2.24	4.90	4.67	4.75	4.73	4.64	4.88	4.58	4.99	4.60	96.2607	2.38
2007-05-10	1.57	64.63	61.85	2.27	2.15	2.20	4.86	4.65	4.77	4.70	4.60	4.87	4.56	4.95	4.58	96.2937	2.41
2007-05-11	1.57	65.18	62.35	2.30	2.20	2.23	4.85	4.67	4.75	4.71	4.62	4.87	4.58	4.91	4.60	96.2348	2.38
2007-05-14	1.56	65.86	62.55	2.32	2.20	2.25	4.87	4.69	4.72	4.73	4.65	4.85	4.61	4.94	4.63	96.1162	2.41
2007-05-15	1.56	66.74	63.16	2.37	2.28	2.32	4.85	4.71	4.79	4.75	4.66	4.83	4.63	4.91	4.65	96.1098	2.35
2007-05-16	1.56	66.83	62.57	2.38	2.28	2.32	4.82	4.71	4.73	4.73	4.66	4.75	4.62	4.86	4.64	96.0423	2.34
2007-05-17	1.53	69.08	64.83	2.41	2.32	2.35	4.86	4.76	4.80	4.78	4.71	4.81	4.68	4.90	4.69	96.0494	2.36
2007-05-18	1.52	69.26	64.93	2.46	2.37	2.41	4.92	4.81	4.78	4.82	4.75	4.84	4.74	4.98	4.75	96.0851	2.37
2007-05-21	1.52	69.51	66.25	2.43	2.36	2.38	4.95	4.79	4.85	4.81	4.74	4.88	4.71	5.01	4.73	95.9707	2.35
2007-05-22	1.50	70.05	64.91	2.48	2.42	2.43	4.96	4.83	5.01	4.83	4.77	4.93	4.76	5.02	4.78	95.7780	2.34
2007-05-23	1.50	71.01	65.10	2.50	2.44	2.45	4.96	4.86	5.00	4.85	4.79	4.91	4.79	5.01	4.80	95.7879	2.35
2007-05-24	1.50	71.96	63.62	2.48	2.43	2.42	4.94	4.86	4.99	4.85	4.80	4.91	4.79	4.99	4.80	96.0615	2.36
2007-05-25	1.51	70.72	64.59	2.49	2.43	2.44	4.93	4.86	4.97	4.85	4.81	4.88	4.80	4.97	4.82	95.7993	2.37
2007-05-28	.	.	.	.	.	.	.	.	.	.	.	.	.	.	.	95.7847	.
2007-05-29	1.50	69.31	63.19	2.54	2.50	2.49	4.96	4.88	4.95	4.88	4.83	4.90	4.82	5.00	4.83	95.8093	2.32
2007-05-30	1.51	67.64	63.47	2.52	2.50	2.48	4.96	4.88	4.94	4.89	4.85	4.85	4.83	4.99	4.84	95.9151	2.33
2007-05-31	1.54	68.18	64.02	2.54	2.53	2.50	4.95	4.90	4.78	4.92	4.88	4.73	4.86	4.96	4.87	95.7060	2.33
2007-06-01	1.52	68.65	65.09	2.57	2.58	2.55	4.98	4.95	4.80	4.97	4.94	4.79	4.92	4.98	4.92	95.5426	2.34
2007-06-04	1.53	70.90	66.17	2.55	2.55	2.52	4.99	4.93	4.78	4.97	4.92	4.81	4.91	4.99	4.91	95.6402	2.36
2007-06-05	1.51	71.36	65.63	2.60	2.61	2.57	4.99	4.98	4.75	4.99	4.97	4.83	4.96	4.99	4.96	95.7480	2.35
2007-06-06	1.54	71.50	65.97	2.58	2.57	2.55	4.96	4.97	4.78	4.97	4.94	4.80	4.94	4.95	4.94	96.0501	2.37
2007-06-07	1.52	72.36	66.93	2.70	2.67	2.68	4.99	5.11	4.80	5.03	5.03	4.80	5.05	4.97	5.07	96.2528	2.38
2007-06-08	1.58	70.04	64.78	2.69	2.68	2.67	4.96	5.12	4.76	5.01	5.03	4.77	5.06	4.93	5.08	96.6467	2.38
2007-06-11	1.57	68.85	65.93	2.72	2.69	2.69	4.98	5.14	4.70	5.01	5.03	4.73	5.07	4.96	5.10	96.4206	2.38
2007-06-12	1.55	68.56	65.36	2.83	2.79	2.80	5.01	5.26	4.65	5.08	5.13	4.72	5.18	4.97	5.21	96.3465	2.39
2007-06-13	1.58	69.24	66.17	2.75	2.74	2.73	4.98	5.20	4.62	5.08	5.10	4.66	5.13	4.94	5.16	96.4696	2.39
2007-06-14	1.57	71.18	67.62	2.77	2.74	2.75	4.98	5.23	4.51	5.10	5.13	4.65	5.16	4.93	5.19	96.3312	2.42
2007-06-15	1.57	71.63	68.04	2.73	2.68	2.71	4.93	5.16	4.46	5.05	5.07	4.56	5.10	4.87	5.12	95.8755	2.42
2007-06-18	1.57	72.33	69.06	2.73	2.68	2.70	4.95	5.15	4.47	5.01	5.05	4.63	5.07	4.93	5.10	95.6967	2.39
2007-06-19	1.58	72.17	69.15	2.67	2.62	2.65	4.92	5.09	4.44	4.94	4.98	4.65	5.00	4.91	5.03	95.6338	2.38
2007-06-20	1.56	70.55	68.50	2.73	2.68	2.71	4.97	5.14	4.42	4.97	5.01	4.74	5.05	4.97	5.09	95.7688	2.37
2007-06-21	1.57	71.81	68.35	2.74	2.69	2.72	4.96	5.16	4.17	4.98	5.01	4.70	5.06	4.96	5.10	95.9219	2.37
2007-06-22	1.58	72.04	68.85	2.70	2.63	2.67	4.94	5.14	4.29	4.92	4.97	4.73	5.02	4.95	5.07	95.8564	2.39
2007-06-25	1.61	71.36	68.83	2.67	2.60	2.64	4.96	5.09	4.43	4.87	4.92	4.82	4.97	5.01	5.01	95.9632	2.37
2007-06-26	1.61	71.41	67.78	2.70	2.64	2.68	4.97	5.10	4.53	4.90	4.95	4.82	4.99	5.01	5.03	96.0741	2.35
2007-06-27	1.64	71.84	68.98	2.70	2.64	2.67	4.93	5.09	4.24	4.91	4.93	4.77	4.97	4.95	5.02	96.1787	2.33
2007-06-28	1.63	71.96	69.61	2.73	2.66	2.69	4.95	5.12	4.08	4.96	4.98	4.78	5.02	4.95	5.06	95.8729	2.36
2007-06-29	1.67	72.22	70.47	2.65	2.59	2.62	4.91	5.03	4.28	4.87	4.89	4.82	4.92	4.93	4.96	95.7818	2.33
2007-06-30	1.71																
2007-07-02	1.73	72.90	71.11	2.61	2.56	2.59	4.97	5.00	4.55	4.86	4.86	4.95	4.90	5.02	4.93	95.5634	2.34
2007-07-03	1.69	74.26	71.41	2.68	2.61	2.65	4.98	5.05	4.77	4.89	4.90	4.95	4.95	5.02	4.99	95.4902	2.34
2007-07-04	1.69	.	.	.	.	.	.	.	.	.	.	.	.	.	.	95.4891	.
2007-07-05	1.65	75.40	71.81	2.76	2.69	2.73	5.02	5.16	4.76	4.99	5.00	4.95	5.05	5.03	5.10	95.5804	2.36
2007-07-06	1.65	76.58	72.80	2.79	2.72	2.76	5.00	5.19	4.71	4.99	5.02	4.95	5.10	5.01	5.14	95.5201	2.38
2007-07-09	1.66	77.10	72.14	2.75	2.68	2.72	5.03	5.16	4.68	4.97	5.00	4.97	5.07	5.05	5.11	95.4844	2.39
2007-07-10	1.73	77.88	72.80	2.64	2.57	2.61	4.97	5.03	4.74	4.85	4.87	4.95	4.93	5.03	4.97	95.3838	2.36
2007-07-11	1.73	77.44	72.58	2.71	2.63	2.68	4.99	5.09	4.73	4.89	4.90	4.95	4.98	5.04	5.02	95.3922	2.35
2007-07-12	1.71	78.24	72.55	2.74	2.67	2.72	5.02	5.13	4.73	4.94	4.97	4.97	5.03	5.05	5.08	95.2881	2.36
2007-07-13	1.72	78.12	73.89	2.73	2.67	2.72	5.01	5.11	4.72	4.94	4.95	4.97	5.01	5.05	5.05	95.1792	2.34
2007-07-16	1.75	78.17	74.11	2.69	2.66	2.69	5.01	5.05	4.75	4.89	4.89	4.98	4.95	5.08	4.99	95.1439	2.29
2007-07-17	1.73	77.59	74.03	2.73	2.71	2.73	5.02	5.08	4.77	4.91	4.92	4.96	4.98	5.08	5.02	95.0961	2.27
2007-07-18	1.77	78.00	75.03	2.64	2.61	2.64	4.98	5.02	4.77	4.84	4.86	4.96	4.91	5.05	4.95	95.0692	2.30
2007-07-19	1.77	78.37	75.90	2.65	2.63	2.65	5.00	5.04	4.78	4.87	4.88	4.98	4.94	5.06	4.98	94.9051	2.31
2007-07-20	1.82	79.09	75.53	2.60	2.57	2.60	4.96	4.96	4.76	4.79	4.78	4.97	4.85	5.05	4.90	95.0717	2.28
2007-07-23	1.83	78.36	74.65	2.63	2.62	2.64	5.00	4.97	4.88	4.80	4.81	5.02	4.86	5.10	4.90	94.8274	2.24
2007-07-24	1.88	75.88	73.38	2.58	2.58	2.59	4.97	4.94	5.05	4.77	4.76	5.02	4.82	5.08	4.87	94.9226	2.24
2007-07-25	1.92	75.21	75.74	2.56	2.55	2.57	4.95	4.92	5.04	4.74	4.74	4.99	4.80	5.05	4.85	95.2599	2.25
2007-07-26	2.06	77.28	74.96	2.47	2.43	2.48	4.83	4.79	4.98	4.56	4.54	4.92	4.61	4.96	4.68	95.6534	2.18
2007-07-27	2.12	76.58	77.03	2.48	2.45	2.49	4.82	4.80	4.89	4.56	4.53	4.85	4.60	4.94	4.68	95.9576	2.15
2007-07-30	2.18	76.07	76.82	2.49	2.47	2.50	4.87	4.82	4.95	4.59	4.57	4.96	4.64	5.00	4.71	95.7922	2.17
2007-07-31	2.23	77.01	78.20	2.44	2.43	2.45	4.85	4.78	5.13	4.56	4.55	4.96	4.60	4.99	4.67	95.6247	2.17
2007-08-01	2.24	77.11	76.49	2.44	2.43	2.46	4.82	4.76	5.05	4.56	4.53	4.89	4.60	4.96	4.66	95.8131	2.17
2007-08-02	2.23	76.14	76.84	2.46	2.47	2.48	4.83	4.77	5.02	4.59	4.57	4.89	4.62	4.95	4.68	95.6953	2.15
2007-08-03	2.26	75.36	75.41	2.44	2.41	2.45	4.76	4.71	4.94	4.46	4.45	4.85	4.52	4.91	4.59	95.7606	2.11
2007-08-06	2.25	72.69	72.03	2.46	2.44	2.47	4.76	4.72	4.92	4.46	4.45	4.88	4.52	4.92	4.60	95.8330	2.08
2007-08-07	2.23	70.42	72.25	2.51	2.51	2.52	4.84	4.77	5.05	4.56	4.55	4.94	4.60	4.98	4.66	95.8601	2.09
2007-08-08	2.15	70.73	72.23	2.58	2.58	2.60	4.89	4.84	5.04	4.64	4.64	4.95	4.69	5.01	4.75	95.6992	2.11
2007-08-09	2.21	70.08	71.62	2.54	2.50	2.56	4.74	4.79	4.70	4.49	4.51	4.81	4.58	4.86	4.66	95.9597	2.08
2007-08-10	2.24	69.57	71.49	2.56	2.52	2.57	4.69	4.81	4.38	4.47	4.51	4.57	4.59	4.80	4.68	96.2427	2.07
2007-08-13	2.23	71.30	71.60	2.52	2.50	2.54	4.75	4.78	4.61	4.46	4.49	4.74	4.57	4.90	4.65	96.1587	2.07
2007-08-14	2.28	69.29	72.40	2.49	2.44	2.50	4.67	4.73	4.62	4.39	4.42	4.64	4.51	4.81	4.60	96.4940	2.07
2007-08-15	2.35	71.30	73.36	2.46	2.37	2.46	4.41	4.69	4.18	4.27	4.31	4.21	4.41	4.48	4.52	96.8351	2.04
2007-08-16	2.47	68.77	70.99	2.39	2.27	2.38	4.18	4.60	3.13	4.08	4.15	3.79	4.26	4.22	4.39	97.7924	1.99
2007-08-17	2.47	69.80	71.90	2.45	2.32	2.44	4.19	4.68	3.03	4.18	4.25	3.76	4.35	4.19	4.47	97.2658	2.03
2007-08-20	2.54	68.37	71.12	2.44	2.33	2.44	4.15	4.64	2.47	4.11	4.19	3.12	4.32	4.17	4.44	97.0690	1.99
2007-08-21	2.60	67.88	69.49	2.38	2.28	2.37	4.07	4.60	3.17	4.05	4.12	3.59	4.27	4.08	4.41	97.1686	1.99
2007-08-22	2.55	67.73	69.30	2.42	2.33	2.42	4.10	4.63	3.12	4.15	4.19	3.67	4.34	4.08	4.46	96.8693	2.01
2007-08-23	2.53	68.73	69.86	2.39	2.33	2.40	4.19	4.62	3.79	4.20	4.24	3.89	4.36	4.19	4.47	96.8585	2.03
2007-08-24	2.49	69.49	71.17	2.40	2.39	2.42	4.31	4.63	4.24	4.30	4.31	4.24	4.42	4.32	4.50	96.6483	2.03
2007-08-27	2.48	68.85	71.98	2.38	2.36	2.39	4.55	4.60	4.74	4.28	4.28	4.63	4.39	4.69	4.47	96.5540	2.03
2007-08-28	2.53	69.66	71.79	2.33	2.29	2.35	4.36	4.53	4.60	4.13	4.14	4.40	4.25	4.48	4.36	96.7931	1.96
2007-08-29	2.53	70.48	73.52	2.38	2.32	2.39	4.24	4.57	4.02	4.14	4.19	3.98	4.31	4.30	4.41	96.7078	1.99
2007-08-30	2.55	71.46	73.37	2.32	2.26	2.34	4.17	4.51	3.69	4.08	4.14	3.84	4.21	4.21	4.33	96.6687	1.95
2007-08-31	2.55	72.29	73.98	2.34	2.28	2.36	4.19	4.54	4.02	4.15	4.16	4.01	4.25	4.21	4.36	96.4944	1.97
2007-09-03	2.55	.	.	.	.	.	.	.	.	.	.	.	.	.	.	96.4984	.
2007-09-04	2.56	74.22	75.07	2.36	2.29	2.37	4.39	4.56	4.55	4.13	4.16	4.47	4.26	4.52	4.38	96.4986	1.97
2007-09-05	2.62	74.72	75.74	2.29	2.19	2.30	4.28	4.48	4.41	4.03	4.05	4.36	4.16	4.41	4.29	96.6908	1.97
2007-09-06	2.58	76.21	76.34	2.32	2.23	2.32	4.30	4.51	4.28	4.08	4.09	4.29	4.20	4.42	4.32	96.4624	1.97
2007-09-07	2.67	75.08	76.70	2.19	2.07	2.18	4.10	4.38	4.03	3.90	3.92	4.07	4.03	4.20	4.17	96.6490	1.96
2007-09-10	2.69	74.97	77.53	2.14	2.02	2.13	4.09	4.34	3.93	3.87	3.89	3.96	4.00	4.20	4.13	96.6601	1.98
2007-09-11	2.67	76.23	78.16	2.16	2.06	2.15	4.16	4.37	4.13	3.95	3.97	4.11	4.07	4.27	4.19	96.4144	2.01
2007-09-12	2.65	77.15	79.85	2.18	2.07	2.16	4.12	4.41	4.00	3.95	3.99	4.03	4.11	4.20	4.23	96.1787	2.04
2007-09-13	2.60	77.84	80.05	2.24	2.15	2.22	4.20	4.49	4.04	4.08	4.11	4.08	4.22	4.27	4.33	96.0386	2.07
2007-09-14	2.61	78.27	79.14	2.20	2.11	2.18	4.16	4.47	3.85	4.05	4.07	4.01	4.18	4.22	4.30	96.1148	2.07
2007-09-17	2.59	77.99	80.55	2.21	2.13	2.19	4.23	4.48	3.82	4.08	4.11	4.15	4.21	4.31	4.32	96.3110	2.08
2007-09-18	2.58	77.00	81.51	2.19	2.09	2.17	4.08	4.50	3.87	4.00	4.04	4.01	4.19	4.12	4.32	96.1447	2.10
2007-09-19	2.53	78.47	81.99	2.21	2.08	2.18	4.06	4.53	3.62	4.00	4.06	3.93	4.20	4.09	4.33	95.5669	2.12
2007-09-20	2.46	78.48	83.85	2.34	2.22	2.31	4.10	4.69	3.46	4.10	4.19	3.79	4.35	4.11	4.49	95.3221	2.13
2007-09-21	2.48	78.91	83.38	2.31	2.18	2.27	4.09	4.64	3.24	4.06	4.15	3.74	4.31	4.10	4.44	95.2555	2.13
2007-09-24	2.46	77.87	82.51	2.33	2.21	2.30	4.09	4.63	3.35	4.05	4.14	3.84	4.31	4.11	4.44	95.2001	2.10
2007-09-25	2.48	76.82	81.20	2.34	2.19	2.30	4.04	4.63	3.34	4.00	4.09	3.79	4.26	4.06	4.41	95.2640	2.07
2007-09-26	2.46	76.21	80.31	2.34	2.19	2.30	4.03	4.63	3.25	3.97	4.07	3.73	4.27	4.06	4.43	95.1369	2.08
2007-09-27	2.50	78.88	82.86	2.27	2.11	2.23	4.03	4.58	3.30	3.95	4.02	3.71	4.22	4.07	4.37	95.0672	2.11
2007-09-28	2.52	80.97	81.64	2.27	2.12	2.24	4.05	4.59	3.43	3.97	4.03	3.82	4.23	4.09	4.38	94.9144	2.11
2007-09-30	2.56																
2007-10-01	2.58	78.33	80.31	2.26	2.11	2.23	4.11	4.56	3.52	4.02	4.05	3.92	4.24	4.15	4.37	94.8210	2.13
2007-10-02	2.58	76.87	80.00	2.23	2.08	2.20	4.10	4.54	3.63	3.98	4.01	3.96	4.20	4.16	4.34	94.8413	2.12
2007-10-03	2.58	77.80	79.97	2.25	2.11	2.22	4.11	4.55	3.67	4.02	4.07	3.96	4.24	4.16	4.37	94.7058	2.13
2007-10-04	2.63	77.84	81.48	2.24	2.09	2.20	4.10	4.54	3.63	4.00	4.06	3.96	4.22	4.15	4.35	94.8000	2.13
2007-10-05	2.57	79.05	81.20	2.34	2.19	2.31	4.16	4.65	3.58	4.08	4.16	4.00	4.33	4.20	4.46	94.5594	2.14
2007-10-08	2.56	76.94	78.97	.	.	.	.	.	.	.	.	.	.	.	.	94.5801	.
2007-10-09	2.52	77.82	80.23	2.34	2.20	2.31	4.23	4.67	3.72	4.15	4.21	4.06	4.38	4.28	4.49	94.4064	2.18
2007-10-10	2.48	77.85	81.30	2.33	2.19	2.30	4.23	4.65	3.81	4.15	4.21	4.06	4.37	4.27	4.49	94.4508	2.18
2007-10-11	2.44	80.83	83.05	2.32	2.17	2.29	4.22	4.66	3.98	4.13	4.18	4.12	4.36	4.27	4.48	94.2920	2.19
2007-10-12	2.41	80.82	83.73	2.36	2.22	2.33	4.28	4.70	4.12	4.23	4.27	4.20	4.42	4.31	4.53	94.3971	2.20
2007-10-15	2.41	82.50	86.19	2.34	2.18	2.31	4.33	4.69	4.25	4.22	4.25	4.30	4.40	4.40	4.52	94.4146	2.22
2007-10-16	2.43	84.43	87.58	2.31	2.11	2.27	4.26	4.66	4.14	4.12	4.17	4.25	4.34	4.33	4.47	94.5707	2.23
2007-10-17	2.48	85.24	87.19	2.22	2.01	2.17	4.11	4.57	3.74	4.00	4.04	4.01	4.22	4.17	4.36	94.4707	2.21
2007-10-18	2.51	85.03	89.48	2.20	1.96	2.14	4.03	4.52	3.21	3.93	3.98	3.76	4.17	4.09	4.31	94.4854	2.21
2007-10-19	2.56	84.25	88.58	2.09	1.84	2.03	3.98	4.41	3.45	3.80	3.85	3.86	4.03	4.07	4.19	94.3729	2.19
2007-10-22	2.56	82.72	87.60	2.11	1.88	2.05	4.05	4.42	3.69	3.85	3.88	4.00	4.08	4.15	4.21	94.6208	2.20
2007-10-23	2.55	82.31	86.45	2.11	1.89	2.06	4.01	4.41	3.98	3.81	3.86	3.98	4.06	4.12	4.20	94.4732	2.17
2007-10-24	2.59	83.47	88.30	2.07	1.83	1.99	3.91	4.36	3.83	3.74	3.79	3.85	3.99	4.00	4.14	94.4985	2.16
2007-10-25	2.59	85.40	92.09	2.04	1.79	1.96	3.93	4.37	3.92	3.74	3.78	3.94	4.01	4.02	4.15	94.2955	2.22
2007-10-26	2.58	84.71	91.73	2.05	1.80	1.98	3.96	4.41	3.97	3.77	3.79	3.96	4.04	4.05	4.19	94.0566	2.24
2007-10-29	2.57	89.87	93.45	2.04	1.79	1.96	4.00	4.39	3.96	3.79	3.84	4.01	4.04	4.10	4.19	93.7789	2.25
2007-10-30	2.58	89.87	90.33	2.06	1.81	1.98	3.98	4.40	4.03	3.82	3.85	3.96	4.06	4.07	4.20	93.7246	2.25
2007-10-31	2.58	89.87	94.16	2.14	1.90	2.06	4.04	4.48	4.01	3.94	3.94	3.94	4.16	4.09	4.29	93.5798	2.26
2007-11-01	2.67	90.36	93.53	2.00	1.74	1.92	3.89	4.36	3.90	3.77	3.80	3.81	4.02	3.95	4.16	93.5842	2.28
2007-11-02	2.71	92.11	95.81	1.92	1.62	1.83	3.74	4.31	3.73	3.66	3.68	3.61	3.93	3.79	4.09	93.6693	2.31
2007-11-05	2.71	92.16	94.06	1.94	1.61	1.84	3.86	4.35	3.86	3.69	3.71	3.71	3.96	3.94	4.12	93.7362	2.35
2007-11-06	2.72	93.99	96.65	1.93	1.59	1.83	3.83	4.38	3.99	3.70	3.73	3.76	3.99	3.90	4.15	93.5368	2.40
2007-11-07	2.75	94.85	96.46	1.91	1.54	1.81	3.71	4.34	3.77	3.61	3.60	3.49	3.92	3.76	4.09	93.5305	2.38
2007-11-08	2.81	94.40	95.51	1.88	1.47	1.76	3.61	4.28	3.56	3.47	3.46	3.38	3.81	3.67	4.00	93.6485	2.34
2007-11-09	2.86	92.32	96.36	1.82	1.40	1.70	3.57	4.23	3.42	3.42	3.44	3.27	3.77	3.64	3.96	93.8413	2.37
2007-11-12	2.86	91.56	94.40	.	.	.	.	.	.	.	.	.	.	.	.	93.8499	.
2007-11-13	2.87	89.09	91.18	1.86	1.46	1.75	3.68	4.26	3.73	3.54	3.52	3.50	3.84	3.76	4.01	94.0441	2.38
2007-11-14	2.88	90.73	94.02	1.88	1.50	1.77	3.65	4.28	3.86	3.57	3.53	3.41	3.86	3.70	4.03	93.8527	2.36
2007-11-15	2.95	90.32	93.37	1.81	1.39	1.68	3.49	4.17	3.74	3.35	3.35	3.30	3.71	3.56	3.90	94.1165	2.32
2007-11-16	2.98	91.99	94.81	1.80	1.37	1.67	3.49	4.15	3.78	3.33	3.30	3.40	3.68	3.57	3.88	94.1308	2.31
2007-11-19	3.04	91.59	95.75	1.70	1.26	1.58	3.43	4.07	3.74	3.18	3.16	3.40	3.57	3.55	3.78	94.3418	2.31
2007-11-20	3.11	94.13	99.16	1.68	1.20	1.55	3.32	4.06	3.65	3.14	3.15	3.25	3.52	3.41	3.74	94.2004	2.32
2007-11-21	3.21	94.97	98.57	1.62	1.11	1.48	3.18	4.00	3.54	2.99	3.03	3.09	3.40	3.28	3.65	94.4813	2.29
2007-11-22	3.21	.	.	.	.	.	.	.	.	.	.	.	.	.	.	94.4612	.
2007-11-23	3.22	95.33	98.24	1.63	1.14	1.48	3.28	4.01	3.64	3.07	3.10	3.23	3.42	3.39	3.67	94.3372	2.28
2007-11-26	3.32	94.88	97.66	1.45	0.96	1.31	3.20	3.83	3.53	2.92	2.93	3.13	3.23	3.33	3.48	94.3601	2.27
2007-11-27	3.33	93.23	94.39	1.58	1.11	1.44	3.26	3.95	3.68	3.05	3.04	3.16	3.38	3.37	3.61	94.3689	2.27
2007-11-28	3.26	91.64	90.71	1.71	1.25	1.58	3.31	4.03	3.52	3.17	3.21	3.05	3.50	3.38	3.72	94.1451	2.25
2007-11-29	3.32	92.34	90.98	1.61	1.16	1.48	3.22	3.94	3.38	3.06	3.11	2.99	3.42	3.30	3.64	94.0301	2.26
2007-11-30	3.34	88.71	88.60	1.63	1.17	1.50	3.26	3.97	3.63	3.04	3.09	3.15	3.41	3.37	3.64	93.8414	2.24
2007-12-03	3.38	87.85	89.29	1.57	1.08	1.43	3.15	3.89	3.55	2.90	2.93	3.06	3.28	3.28	3.53	93.9638	2.20
2007-12-04	3.39	89.97	88.31	1.59	1.11	1.46	3.11	3.89	3.16	2.90	2.92	3.07	3.28	3.22	3.54	94.0017	2.17
2007-12-05	3.40	90.70	87.45	1.66	1.15	1.52	3.13	3.92	3.15	2.90	2.91	3.07	3.28	3.24	3.55	93.7313	2.13
2007-12-06	3.37	88.46	90.25	1.77	1.25	1.60	3.20	4.02	3.09	3.03	3.03	3.09	3.39	3.29	3.66	93.7446	2.14
2007-12-07	3.31	88.46	88.23	1.86	1.37	1.70	3.24	4.12	3.04	3.12	3.15	3.12	3.51	3.30	3.77	93.5736	2.14
2007-12-10	3.29	87.33	87.72	1.89	1.40	1.72	3.26	4.15	3.05	3.17	3.19	3.05	3.54	3.31	3.80	93.5209	2.14
2007-12-11	3.38	87.77	90.12	1.73	1.22	1.58	3.09	3.98	2.89	2.94	2.99	2.94	3.32	3.17	3.59	93.4765	2.10
2007-12-12	3.30	91.69	94.41	1.78	1.26	1.61	3.16	4.05	2.89	3.07	3.12	2.88	3.41	3.20	3.68	93.4783	2.15
2007-12-13	3.28	92.57	92.35	1.87	1.35	1.71	3.22	4.18	2.70	3.21	3.22	2.87	3.54	3.22	3.80	93.5741	2.19
2007-12-14	3.26	91.86	91.31	1.90	1.39	1.73	3.28	4.24	2.61	3.31	3.32	2.88	3.63	3.26	3.88	93.7400	2.24
2007-12-17	3.28	90.32	90.69	1.86	1.32	1.68	3.34	4.20	2.78	3.24	3.25	3.07	3.57	3.39	3.83	94.0128	2.25
2007-12-18	3.32	90.71	89.93	1.80	1.27	1.63	3.31	4.14	2.76	3.19	3.20	3.04	3.53	3.37	3.78	93.9898	2.26
2007-12-19	3.33	90.98	91.11	1.73	1.21	1.56	3.26	4.06	2.66	3.12	3.13	2.91	3.46	3.33	3.71	93.9677	2.25
2007-12-20	3.36	91.06	90.88	1.74	1.22	1.57	3.20	4.04	2.42	3.09	3.09	2.92	3.45	3.26	3.70	93.9438	2.23
2007-12-21	3.31	91.03	93.19	1.84	1.32	1.66	3.31	4.18	2.44	3.19	3.20	3.00	3.58	3.38	3.84	93.7581	2.26
2007-12-24	3.27	91.59	94.00	1.88	1.37	1.71	3.46	4.23	2.75	3.24	3.25	3.33	3.65	3.57	3.89	93.6337	2.28
2007-12-25	.	.	.	.	.	.	.	.	.	.	.	.	.	.	.	93.6331	.
2007-12-26	3.25	.	95.89	1.95	1.43	1.77	3.49	4.30	3.04	3.31	3.32	3.32	3.72	3.58	3.96	93.5792	2.29
2007-12-27	3.27	95.66	96.63	1.85	1.31	1.68	3.37	4.21	2.85	3.24	3.23	3.17	3.64	3.43	3.88	93.5213	2.33
2007-12-28	3.34	95.92	96.03	1.78	1.23	1.60	3.34	4.11	2.57	3.12	3.13	3.18	3.52	3.45	3.77	93.5288	2.29
2007-12-31	3.39	93.68	95.95	1.73	1.18	1.55	3.34	4.04	2.76	3.05	3.07	3.36	3.45	3.49	3.70	93.4692	2.27
2008-01-01	.	.	.	.	.	.	.	.	.	.	.	.	.	.	.	93.4677	.
2008-01-02	3.47	97.01	99.64	1.59	1.00	1.41	3.17	3.91	3.09	2.88	2.89	3.26	3.28	3.32	3.54	93.4300	2.28
2008-01-03	3.47	98.45	99.17	1.58	0.98	1.39	3.13	3.91	3.19	2.83	2.85	3.24	3.26	3.29	3.54	93.1922	2.28
2008-01-04	3.51	96.87	97.90	1.56	0.93	1.36	3.06	3.88	3.22	2.74	2.75	3.20	3.18	3.22	3.47	93.2788	2.25
2008-01-07	3.51	94.19	95.08	1.57	0.94	1.36	3.11	3.86	3.27	2.76	2.76	3.27	3.16	3.29	3.46	93.3055	2.22
2008-01-08	3.51	96.37	96.43	1.57	0.95	1.36	3.09	3.86	3.31	2.76	2.76	3.25	3.16	3.27	3.47	93.1333	2.21
2008-01-09	3.56	96.76	95.64	1.56	0.94	1.35	3.04	3.82	3.34	2.69	2.69	3.22	3.10	3.22	3.40	93.2774	2.16
2008-01-10	3.55	92.80	93.92	1.68	1.04	1.44	3.04	3.91	3.37	2.71	2.74	3.24	3.16	3.21	3.49	93.2449	2.12
2008-01-11	3.59	91.86	92.74	1.56	0.91	1.30	2.91	3.82	3.23	2.59	2.61	3.09	3.06	3.07	3.38	93.0197	2.15
2008-01-14	3.63	92.58	94.23	1.53	0.89	1.28	2.90	3.81	3.20	2.58	2.61	3.19	3.08	3.07	3.39	92.8573	2.19
2008-01-15	3.65	90.87	91.87	1.45	0.84	1.20	2.87	3.72	3.15	2.53	2.55	3.17	3.00	3.05	3.30	92.8211	2.16
2008-01-16	3.68	88.10	90.80	1.50	0.89	1.26	2.86	3.74	3.14	2.51	2.55	3.14	3.00	3.05	3.32	93.0587	2.11
2008-01-17	3.72	88.96	90.11	1.43	0.84	1.20	2.81	3.66	3.07	2.44	2.46	3.07	2.90	3.01	3.22	93.0946	2.06
2008-01-18	3.77	89.66	90.55	1.42	0.82	1.18	2.69	3.66	2.63	2.36	2.39	2.86	2.86	2.86	3.20	93.3082	2.04
2008-01-21	3.78	.	.	.	.	.	.	.	.	.	.	.	.	.	.	93.3719	.
2008-01-22	3.91	88.11	89.64	1.28	0.67	1.05	2.29	3.52	2.15	2.08	2.12	2.35	2.64	2.41	3.01	93.3232	1.97
2008-01-23	4.01	87.06	87.65	1.31	0.72	1.07	2.19	3.51	2.07	2.09	2.12	2.21	2.64	2.25	3.01	93.4641	1.92
2008-01-24	3.87	87.69	89.98	1.44	0.86	1.20	2.40	3.68	2.19	2.25	2.30	2.37	2.85	2.48	3.21	93.0505	1.99
2008-01-25	3.87	90.96	90.37	1.34	0.76	1.10	2.34	3.61	2.07	2.23	2.28	2.30	2.81	2.41	3.15	92.9002	2.05
2008-01-28	3.87	90.91	90.99	1.33	0.75	1.09	2.30	3.61	2.12	2.20	2.27	2.34	2.80	2.36	3.15	92.8216	2.05
2008-01-29	3.83	92.49	91.66	1.37	0.77	1.11	2.33	3.69	2.13	2.29	2.33	2.28	2.87	2.36	3.23	92.6359	2.10
2008-01-30	3.80	92.46	92.34	1.45	0.84	1.19	2.30	3.78	1.93	2.30	2.44	2.21	2.96	2.29	3.32	92.6189	2.12
2008-01-31	3.89	91.58	91.67	1.33	0.67	1.04	2.11	3.67	1.64	2.17	2.27	1.96	2.82	2.07	3.19	92.4228	2.15
2008-02-01	3.90	91.41	89.03	1.31	0.66	1.04	2.13	3.62	1.75	2.09	2.22	2.10	2.75	2.15	3.13	92.3079	2.09
2008-02-04	3.88	91.09	90.07	1.38	0.74	1.11	2.17	3.68	2.15	2.08	2.23	2.27	2.78	2.22	3.18	92.2761	2.04
2008-02-05	3.93	89.60	88.32	1.34	0.68	1.07	2.06	3.61	2.22	1.93	2.08	2.19	2.66	2.13	3.08	92.4722	1.98
2008-02-06	3.91	88.73	87.16	1.36	0.71	1.08	2.05	3.61	2.12	1.96	2.11	2.10	2.67	2.10	3.08	92.4162	1.96
2008-02-07	3.91	88.55	88.07	1.47	0.80	1.18	2.08	3.74	2.19	1.99	2.21	2.17	2.79	2.13	3.21	92.4445	1.99
2008-02-08	3.96	91.45	91.77	1.36	0.67	1.07	2.05	3.64	2.24	1.93	2.10	2.23	2.69	2.12	3.11	92.4091	2.02
2008-02-11	3.99	93.93	93.56	1.32	0.62	1.02	2.06	3.62	2.35	1.93	2.10	2.31	2.67	2.13	3.09	92.4551	2.05
2008-02-12	3.96	94.28	92.82	1.36	0.65	1.06	2.06	3.66	2.55	1.94	2.13	2.31	2.71	2.12	3.13	92.2912	2.06
2008-02-13	3.98	93.82	93.28	1.42	0.68	1.11	2.03	3.70	2.50	1.91	2.11	2.28	2.71	2.10	3.14	92.3723	2.03
2008-02-14	3.95	95.92	95.42	1.57	0.78	1.25	2.05	3.85	2.50	1.93	2.18	2.31	2.81	2.12	3.28	92.2713	2.03
2008-02-15	3.97	96.96	95.57	1.48	0.68	1.15	2.02	3.76	2.40	1.91	2.15	2.21	2.76	2.07	3.21	92.2391	2.08
2008-02-18	3.97	.	.	.	.	.	.	.	.	.	.	.	.	.	.	92.2386	.
2008-02-19	3.95	97.03	99.99	1.56	0.78	1.23	2.11	3.89	2.37	2.06	2.31	2.28	2.93	2.14	3.37	92.0591	2.15
2008-02-20	3.93	97.88	100.86	1.55	0.77	1.23	2.16	3.93	2.40	2.14	2.43	2.25	3.02	2.17	3.45	92.2210	2.25
2008-02-21	4.01	97.52	98.57	1.43	0.63	1.10	2.05	3.77	2.35	1.98	2.23	2.20	2.80	2.10	3.24	92.0169	2.17
2008-02-22	4.03	96.07	99.03	1.44	0.64	1.10	2.08	3.79	2.33	1.98	2.24	2.20	2.81	2.14	3.26	91.9272	2.17
2008-02-25	3.96	97.43	99.40	1.53	0.71	1.19	2.13	3.91	2.34	2.13	2.39	2.20	2.98	2.13	3.41	92.0107	2.27
2008-02-26	3.98	99.05	100.83	1.44	0.60	1.10	2.07	3.88	2.34	2.04	2.32	2.14	2.92	2.09	3.36	91.7161	2.32
2008-02-27	3.97	98.28	99.59	1.42	0.57	1.08	2.02	3.85	2.21	2.01	2.25	1.98	2.89	2.02	3.33	91.3629	2.32
2008-02-28	4.03	99.83	102.60	1.26	0.39	0.91	1.92	3.71	2.08	1.87	2.10	1.90	2.73	1.95	3.17	91.1245	2.34
2008-02-29	4.18	100.90	101.78	1.10	0.20	0.74	1.77	3.53	2.07	1.65	1.87	1.85	2.50	1.83	2.96	91.4093	2.30
2008-03-03	4.20	101.83	102.42	1.08	0.19	0.74	1.74	3.54	1.99	1.61	1.84	1.70	2.48	1.80	2.96	91.4510	2.29
2008-03-04	4.20	98.60	99.72	1.15	0.20	0.80	1.72	3.63	2.01	1.65	1.86	1.66	2.53	1.76	3.02	91.4498	2.33
2008-03-05	4.18	100.95	104.45	1.16	0.23	0.80	1.72	3.70	1.91	1.66	1.91	1.53	2.59	1.75	3.10	91.3300	2.36
2008-03-06	4.22	103.47	105.51	1.07	0.13	0.70	1.59	3.62	1.73	1.53	1.77	1.39	2.50	1.61	3.00	91.4397	2.37
2008-03-07	4.27	104.66	105.12	1.01	0.08	0.65	1.55	3.56	1.65	1.53	1.75	1.45	2.45	1.56	2.94	91.7364	2.37
2008-03-10	4.34	105.33	107.90	0.90	0.01	0.55	1.46	3.46	1.63	1.47	1.67	1.35	2.37	1.45	2.84	91.8264	2.36
2008-03-11	4.28	106.78	108.73	1.05	0.20	0.69	1.67	3.60	1.82	1.74	1.93	1.48	2.61	1.64	3.04	91.6002	2.41
2008-03-12	4.33	107.99	109.86	0.95	0.12	0.59	1.58	3.49	1.68	1.63	1.81	1.48	2.49	1.56	2.93	91.4433	2.37
2008-03-13	4.37	109.18	110.21	1.05	0.15	0.68	1.54	3.56	1.56	1.63	1.84	1.35	2.53	1.50	2.99	91.4984	2.38
2008-03-14	4.45	109.16	110.03	1.01	0.12	0.64	1.37	3.44	1.20	1.47	1.65	1.18	2.37	1.32	2.84	91.6134	2.25
2008-03-17	4.54	104.41	105.74	1.05	0.13	0.69	1.32	3.34	1.16	1.35	1.52	1.11	2.23	1.31	2.71	91.8496	2.10
2008-03-18	4.48	105.35	109.57	1.08	0.21	0.72	1.40	3.48	0.71	1.58	1.74	0.92	2.42	1.32	2.88	91.4239	2.21
2008-03-19	4.51	102.65	103.25	1.04	0.22	0.68	1.33	3.38	0.26	1.54	1.68	0.61	2.36	1.22	2.80	91.3437	2.14
2008-03-20	4.51	99.78	102.57	1.02	0.22	0.66	1.33	3.34	0.37	1.59	1.71	0.63	2.36	1.20	2.78	91.6021	2.14
2008-03-21	.	.	.	.	.	.	.	.	.	.	.	.	.	.	.	91.4291	.
2008-03-24	4.41	100.93	101.70	1.24	0.47	0.88	1.68	3.56	0.67	1.84	1.99	1.24	2.64	1.60	3.04	91.3834	2.17
2008-03-25	4.43	99.91	101.78	1.25	0.48	0.90	1.64	3.51	1.47	1.79	1.93	1.29	2.61	1.56	3.00	91.2050	2.13
2008-03-26	4.44	102.83	105.83	1.24	0.42	0.88	1.56	3.51	1.36	1.71	1.86	1.29	2.55	1.48	2.96	91.2178	2.13
2008-03-27	4.44	103.89	107.56	1.23	0.40	0.86	1.57	3.56	1.32	1.73	1.88	1.30	2.61	1.49	3.02	91.1554	2.21
2008-03-28	4.47	102.68	105.59	1.13	0.30	0.76	1.56	3.47	1.29	1.67	1.80	1.33	2.51	1.50	2.91	91.2291	2.21
2008-03-31	4.58	102.33	101.54	1.11	0.27	0.75	1.55	3.45	1.22	1.62	1.79	1.38	2.46	1.51	2.88	91.1059	2.19
2008-04-01	4.49	98.69	100.92	1.22	0.44	0.87	1.62	3.57	1.55	1.80	1.94	1.40	2.65	1.53	3.04	90.9518	2.21
2008-04-02	4.45	98.85	104.83	1.26	0.51	0.90	1.67	3.60	1.55	1.88	2.05	1.41	2.72	1.56	3.09	90.8465	2.21
2008-04-03	4.44	102.31	103.92	1.28	0.54	0.92	1.68	3.61	1.56	1.91	2.08	1.40	2.75	1.56	3.11	90.9393	2.21
2008-04-04	4.49	102.21	106.09	1.18	0.45	0.83	1.63	3.50	1.50	1.83	1.98	1.35	2.63	1.53	2.99	90.8737	2.18
2008-04-07	4.42	105.98	108.91	1.23	0.52	0.89	1.72	3.57	1.42	1.95	2.10	1.45	2.75	1.61	3.09	90.7470	2.23
2008-04-08	4.39	105.05	108.54	1.26	0.53	0.91	1.68	3.58	1.34	1.87	2.06	1.41	2.72	1.58	3.08	90.8015	2.19
2008-04-09	4.42	107.46	110.89	1.19	0.42	0.83	1.60	3.49	1.06	1.77	1.95	1.31	2.59	1.51	2.97	90.7345	2.17
2008-04-10	4.39	107.37	110.07	1.26	0.47	0.92	1.61	3.55	0.98	1.84	2.02	1.27	2.66	1.49	3.05	90.4990	2.19
2008-04-11	4.42	107.15	110.14	1.19	0.40	0.85	1.52	3.49	0.90	1.76	1.94	1.19	2.57	1.40	2.97	90.5596	2.17
2008-04-14	4.41	108.32	111.71	1.23	0.43	0.88	1.53	3.53	0.85	1.78	1.97	1.08	2.60	1.41	3.00	90.4138	2.17
2008-04-15	4.35	110.84	113.77	1.28	0.48	0.93	1.56	3.60	0.84	1.84	2.05	1.10	2.68	1.42	3.08	90.5153	2.20
2008-04-16	4.27	110.95	114.80	1.41	0.60	1.03	1.65	3.72	0.86	1.98	2.20	1.12	2.82	1.49	3.21	90.3461	2.22
2008-04-17	4.21	111.34	114.80	1.44	0.68	1.06	1.77	3.75	0.87	2.13	2.31	1.23	2.90	1.58	3.27	90.3152	2.22
2008-04-18	4.15	110.67	116.56	1.45	0.71	1.08	1.85	3.77	0.90	2.19	2.35	1.35	2.95	1.68	3.29	90.4479	2.24
2008-04-21	4.16	111.35	117.48	1.44	0.70	1.07	1.86	3.75	0.90	2.20	2.37	1.34	2.95	1.68	3.28	90.5342	2.25
2008-04-22	4.12	113.54	119.17	1.43	0.72	1.06	1.84	3.74	0.72	2.24	2.43	1.27	2.96	1.64	3.29	90.4013	2.24
2008-04-23	4.11	115.34	119.28	1.44	0.73	1.08	1.83	3.77	0.78	2.22	2.45	1.26	2.98	1.64	3.32	90.3071	2.25
2008-04-24	4.04	114.85	117.10	1.56	0.89	1.20	1.91	3.87	0.81	2.41	2.61	1.26	3.15	1.66	3.44	90.4364	2.26
2008-04-25	3.99	116.62	119.64	1.60	0.89	1.23	1.97	3.91	0.80	2.44	2.64	1.34	3.20	1.73	3.49	90.5655	2.31
2008-04-28	4.00	115.70	118.78	1.56	0.84	1.19	1.95	3.86	0.94	2.36	2.58	1.43	3.14	1.74	3.44	90.4997	2.30
2008-04-29	3.99	113.86	115.67	1.56	0.82	1.18	1.94	3.85	1.28	2.35	2.55	1.46	3.11	1.74	3.42	90.7714	2.29
2008-04-30	4.03	111.12	113.70	1.50	0.77	1.13	1.85	3.77	1.17	2.29	2.49	1.43	3.03	1.64	3.34	90.7168	2.26
2008-05-01	4.02	107.30	112.60	1.52	0.79	1.17	1.94	3.78	1.23	2.37	2.53	1.45	3.06	1.73	3.36	90.6166	2.27
2008-05-02	3.94	111.92	116.36	1.53	0.86	1.22	1.97	3.89	1.25	2.47	2.64	1.50	3.18	1.72	3.48	90.5623	2.32
2008-05-05	3.94	115.68	119.94	1.53	0.85	1.19	1.98	3.88	1.34	2.42	2.62	1.53	3.14	1.76	3.45	90.5577	2.29
2008-05-06	3.92	119.88	121.82	1.55	0.84	1.23	1.96	3.93	1.53	2.38	2.62	1.63	3.15	1.76	3.51	90.6859	2.31
2008-05-07	3.92	120.27	123.56	1.51	0.80	1.20	1.94	3.87	1.57	2.31	2.56	1.67	3.09	1.75	3.45	91.1074	2.29
2008-05-08	3.96	119.85	123.77	1.43	0.69	1.12	1.91	3.79	1.55	2.25	2.47	1.66	2.99	1.74	3.34	91.2989	2.30
2008-05-09	3.97	123.54	125.94	1.39	0.66	1.09	1.91	3.77	1.60	2.25	2.50	1.69	2.98	1.74	3.33	91.3617	2.32
2008-05-12	3.95	122.89	124.02	1.41	0.70	1.10	2.01	3.78	1.73	2.30	2.54	1.77	3.00	1.87	3.34	91.1567	2.30
2008-05-13	3.85	123.11	125.83	1.51	0.85	1.21	2.08	3.90	1.86	2.47	2.70	1.83	3.17	1.89	3.49	91.2282	2.32
2008-05-14	3.81	121.18	124.21	1.49	0.86	1.20	2.11	3.92	1.86	2.53	2.78	1.82	3.22	1.90	3.50	91.3938	2.36
2008-05-15	3.85	122.76	124.25	1.40	0.75	1.10	2.08	3.83	1.84	2.45	2.70	1.83	3.10	1.90	3.39	91.2504	2.35
2008-05-16	3.83	122.98	126.50	1.41	0.75	1.11	2.09	3.85	1.85	2.47	2.71	1.84	3.12	1.91	3.43	90.9483	2.37
2008-05-19	3.82	122.19	127.15	1.36	0.69	1.07	2.07	3.83	1.93	2.42	2.67	1.82	3.09	1.89	3.40	90.8016	2.40
2008-05-20	3.83	124.12	128.93	1.31	0.60	1.01	2.05	3.78	1.97	2.34	2.58	1.86	3.02	1.90	3.35	90.9270	2.42
2008-05-21	3.79	127.28	132.99	1.30	0.62	0.99	2.07	3.81	1.95	2.41	2.68	1.86	3.09	1.90	3.38	90.6417	2.47
2008-05-22	3.73	129.04	130.04	1.41	0.77	1.12	2.15	3.92	1.97	2.56	2.83	1.86	3.24	1.95	3.52	90.6909	2.47
2008-05-23	3.78	129.72	131.58	1.36	0.73	1.07	2.11	3.85	1.92	2.46	2.73	1.86	3.15	1.94	3.43	90.7269	2.42
2008-05-26	3.78	.	.	.	.	.	.	.	.	.	.	.	.	.	.	90.7217	.
2008-05-27	3.76	128.92	128.81	1.46	0.85	1.18	2.15	3.93	1.91	2.55	2.82	1.89	3.25	1.94	3.52	90.8223	2.40
2008-05-28	3.69	128.93	131.00	1.58	0.97	1.30	2.21	4.03	2.07	2.62	2.93	1.89	3.36	2.00	3.63	90.6105	2.39
2008-05-29	3.66	129.33	126.70	1.62	1.01	1.35	2.16	4.08	2.02	2.67	2.94	1.90	3.41	1.93	3.68	90.4276	2.40
2008-05-30	3.67	127.85	127.35	1.58	1.01	1.32	2.22	4.06	1.98	2.66	2.93	1.89	3.41	2.01	3.68	90.3024	2.40
2008-05-31	3.71																
2008-06-02	3.76	128.50	127.75	1.51	0.88	1.24	2.17	3.98	1.94	2.51	2.82	1.85	3.28	1.99	3.56	90.3029	2.40
2008-06-03	3.79	126.28	124.33	1.51	0.85	1.23	2.14	3.92	1.96	2.45	2.75	1.85	3.21	2.00	3.50	90.2137	2.36
2008-06-04	3.80	121.72	122.30	1.59	0.94	1.32	2.14	3.98	1.85	2.47	2.78	1.84	3.26	1.99	3.55	90.5130	2.32
2008-06-05	3.74	122.36	127.93	1.63	0.97	1.36	2.15	4.06	1.79	2.52	2.84	1.85	3.34	2.00	3.63	90.4731	2.37
2008-06-06	3.79	132.81	138.51	1.47	0.75	1.18	2.12	3.94	1.75	2.40	2.73	1.85	3.20	2.00	3.50	90.5390	2.45
2008-06-09	3.72	134.43	134.44	1.54	0.93	1.27	2.29	4.02	1.80	2.73	3.03	1.89	3.41	2.12	3.65	90.5268	2.48
2008-06-10	3.70	135.24	131.38	1.62	1.06	1.36	2.53	4.11	2.00	2.91	3.20	2.02	3.54	2.24	3.77	90.7100	2.48
2008-06-11	3.76	134.52	136.43	1.62	0.98	1.35	2.47	4.10	1.91	2.83	3.16	1.96	3.49	2.18	3.73	90.7536	2.51
2008-06-12	3.68	132.11	136.91	1.73	1.14	1.46	2.62	4.23	1.92	3.03	3.35	2.00	3.68	2.28	3.90	90.7272	2.54
2008-06-13	3.68	134.29	134.84	1.77	1.17	1.51	2.64	4.27	1.86	3.05	3.38	1.99	3.73	2.30	3.95	90.7651	2.56
2008-06-16	3.71	133.90	134.52	1.76	1.15	1.49	2.68	4.25	1.89	3.02	3.33	2.07	3.73	2.42	3.94	90.5123	2.58
2008-06-17	3.73	131.27	133.99	1.75	1.11	1.47	2.58	4.23	1.82	2.94	3.25	1.99	3.66	2.33	3.89	90.2231	2.55
2008-06-18	3.77	129.12	136.54	1.68	1.00	1.40	2.53	4.16	1.70	2.89	3.19	1.93	3.57	2.29	3.81	90.1950	2.57
2008-06-19	3.74	131.84	131.88	1.75	1.12	1.49	2.58	4.22	1.59	2.99	3.28	1.91	3.67	2.29	3.89	90.2556	2.55
2008-06-20	3.78	134.28	134.78	1.72	1.04	1.44	2.49	4.16	1.49	2.88	3.17	1.87	3.57	2.23	3.81	90.1690	2.53
2008-06-23	3.79	134.54	135.98	1.75	1.09	1.48	2.57	4.19	1.55	2.98	3.27	1.87	3.65	2.31	3.87	90.3640	2.56
2008-06-24	3.86	135.37	136.49	1.64	0.95	1.36	2.53	4.10	1.58	2.87	3.14	1.83	3.52	2.25	3.76	90.2768	2.57
2008-06-25	3.89	131.59	133.92	1.65	0.97	1.37	2.48	4.12	1.49	2.82	3.11	1.81	3.54	2.22	3.78	90.2998	2.57
2008-06-26	3.98	136.82	138.91	1.55	0.80	1.26	2.39	4.07	1.42	2.68	2.97	1.74	3.44	2.16	3.69	90.2695	2.64
2008-06-27	4.02	139.38	139.69	1.48	0.74	1.18	2.35	3.99	1.29	2.65	2.92	1.68	3.36	2.12	3.62	90.4501	2.62
2008-06-30	4.03	138.40	139.96	1.48	0.71	1.17	2.36	3.99	1.60	2.63	2.91	1.90	3.34	2.17	3.61	90.4731	2.63
2008-07-01	4.07	140.67	141.06	1.49	0.67	1.15	2.38	4.01	1.92	2.63	2.90	1.87	3.33	2.13	3.62	90.7144	2.66
2008-07-02	4.09	141.24	143.74	1.43	0.61	1.08	2.35	3.99	1.87	2.60	2.87	1.82	3.31	2.10	3.60	90.4351	2.70
2008-07-03	4.15	143.95	145.31	1.42	0.56	1.05	2.30	3.99	1.86	2.54	2.82	1.84	3.28	2.09	3.59	90.4375	2.72
2008-07-04	4.15	.	.	.	.	.	.	.	.	.	.	.	.	.	.	90.4229	.
2008-07-07	4.22	139.62	141.38	1.43	0.60	1.06	2.26	3.95	1.80	2.47	2.78	1.87	3.23	2.10	3.53	90.3157	2.63
2008-07-08	4.28	134.15	136.06	1.45	0.67	1.08	2.26	3.91	1.86	2.47	2.78	1.86	3.19	2.09	3.49	90.2837	2.52
2008-07-09	4.29	133.91	135.88	1.39	0.57	1.02	2.21	3.85	1.82	2.41	2.71	1.82	3.11	2.05	3.42	89.9614	2.54
2008-07-10	4.32	135.81	141.47	1.40	0.53	1.01	2.20	3.83	1.48	2.44	2.72	1.67	3.10	2.01	3.40	90.0105	2.57
2008-07-11	4.25	143.68	144.96	1.48	0.67	1.11	2.30	3.96	1.38	2.59	2.88	1.62	3.27	2.02	3.55	89.9657	2.60
2008-07-14	4.27	142.43	145.16	1.43	0.62	1.07	2.23	3.90	1.41	2.47	2.79	1.52	3.20	1.95	3.49	89.8888	2.58
2008-07-15	4.35	136.02	138.68	1.40	0.57	1.03	2.15	3.87	1.49	2.39	2.70	1.39	3.12	1.90	3.43	89.8521	2.55
2008-07-16	4.32	133.31	134.63	1.48	0.64	1.11	2.16	3.97	1.36	2.44	2.75	1.37	3.20	1.89	3.52	89.7194	2.56
2008-07-17	4.26	134.16	129.43	1.60	0.81	1.24	2.26	4.07	1.31	2.58	2.89	1.43	3.35	1.92	3.65	89.6188	2.54
2008-07-18	4.23	129.34	128.94	1.65	0.92	1.30	2.26	4.11	1.28	2.66	2.97	1.48	3.42	1.91	3.71	89.6155	2.50
2008-07-21	4.21	129.34	131.43	1.66	0.94	1.32	2.30	4.09	1.32	2.66	2.97	1.48	3.41	1.93	3.69	89.6592	2.47
2008-07-22	4.22	127.18	127.25	1.71	1.06	1.40	2.33	4.14	1.50	2.74	3.05	1.55	3.48	1.95	3.75	89.5483	2.42
2008-07-23	4.17	126.86	123.73	1.80	1.22	1.52	2.40	4.16	1.59	2.81	3.10	1.59	3.51	1.91	3.77	89.3369	2.29
2008-07-24	4.26	125.43	124.62	1.69	1.09	1.42	2.26	4.03	1.69	2.61	2.92	1.65	3.37	1.90	3.64	89.2928	2.28
2008-07-25	4.23	124.70	122.59	1.79	1.21	1.52	2.35	4.13	1.72	2.70	3.01	1.75	3.45	1.95	3.73	89.1519	2.24
2008-07-28	4.30	125.67	124.72	1.70	1.09	1.44	2.28	4.06	1.68	2.59	2.90	1.73	3.34	1.92	3.64	89.4300	2.25
2008-07-29	4.29	125.77	122.21	1.76	1.21	1.51	2.36	4.09	1.73	2.65	2.95	1.72	3.39	1.96	3.68	89.4227	2.18
2008-07-30	4.28	122.46	126.74	1.71	1.14	1.46	2.33	4.07	1.66	2.64	2.93	1.70	3.36	1.90	3.65	89.3890	2.22
2008-07-31	4.39	124.10	124.17	1.65	1.09	1.40	2.27	3.99	1.55	2.52	2.81	1.68	3.25	1.89	3.56	89.4899	2.16
2008-08-01	4.40	124.16	125.03	1.63	1.06	1.39	2.25	3.97	1.52	2.51	2.79	1.66	3.23	1.88	3.54	89.3981	2.17
2008-08-04	4.40	121.87	121.45	1.64	1.09	1.42	2.27	3.98	1.61	2.53	2.81	1.75	3.23	1.97	3.55	89.4053	2.14
2008-08-05	4.41	116.50	118.71	1.74	1.18	1.53	2.26	4.04	1.73	2.54	2.83	1.75	3.28	1.97	3.60	89.4060	2.10
2008-08-06	4.39	114.47	118.57	1.79	1.22	1.59	2.26	4.06	1.53	2.56	2.85	1.64	3.30	1.92	3.62	89.4717	2.08
2008-08-07	4.44	116.94	119.84	1.68	1.07	1.46	2.17	3.92	1.53	2.43	2.72	1.66	3.16	1.92	3.48	89.7483	2.09
2008-08-08	4.47	113.03	115.42	1.72	1.17	1.51	2.19	3.94	1.63	2.51	2.80	1.70	3.21	1.95	3.51	90.3387	2.04
2008-08-11	4.45	110.54	114.44	1.80	1.26	1.60	2.27	3.99	1.77	2.56	2.84	1.87	3.27	2.05	3.57	90.3680	2.01
2008-08-12	4.51	108.98	113.10	1.72	1.17	1.52	2.18	3.91	1.73	2.45	2.73	1.86	3.16	2.05	3.47	90.5792	1.99
2008-08-13	4.50	110.68	115.96	1.75	1.20	1.54	2.19	3.94	1.80	2.50	2.77	1.85	3.21	2.00	3.51	90.7239	2.01
2008-08-14	4.52	111.82	115.05	1.67	1.13	1.47	2.14	3.89	1.76	2.45	2.72	1.89	3.15	2.00	3.46	90.6993	2.02
2008-08-15	4.56	108.80	113.46	1.66	1.16	1.47	2.12	3.84	1.73	2.40	2.67	1.85	3.11	1.99	3.42	90.9134	1.95
2008-08-18	4.58	109.33	112.92	1.67	1.15	1.47	2.15	3.82	1.77	2.35	2.62	1.82	3.07	2.03	3.39	90.8318	1.92
2008-08-19	4.58	109.02	114.39	1.68	1.15	1.48	2.11	3.83	1.83	2.32	2.61	1.80	3.07	1.97	3.39	91.0308	1.92
2008-08-20	4.62	108.72	115.48	1.60	1.06	1.39	2.06	3.79	1.74	2.25	2.54	1.71	3.00	1.90	3.34	90.8385	1.94
2008-08-21	4.60	117.24	121.23	1.61	1.06	1.41	2.10	3.84	1.73	2.33	2.62	1.72	3.08	1.95	3.40	90.5561	2.02
2008-08-22	4.59	113.99	114.48	1.69	1.20	1.50	2.17	3.87	1.67	2.42	2.70	1.70	3.14	1.97	3.45	90.6387	1.94
2008-08-25	4.64	109.74	114.85	1.64	1.16	1.44	2.12	3.79	1.66	2.33	2.62	1.74	3.04	1.96	3.36	90.9422	1.88
2008-08-26	4.64	112.20	116.31	1.63	1.16	1.44	2.19	3.79	1.67	2.35	2.64	1.71	3.06	1.95	3.37	91.0335	1.90
2008-08-27	4.65	113.05	118.17	1.58	1.10	1.38	2.16	3.77	1.58	2.31	2.58	1.67	3.02	1.93	3.34	90.9368	1.92
2008-08-28	4.64	113.54	115.58	1.62	1.15	1.42	2.19	3.79	1.63	2.37	2.62	1.74	3.09	1.98	3.42	91.2170	1.94
2008-08-29	4.64	113.49	115.55	1.68	1.21	1.48	2.17	3.83	1.63	2.36	2.60	1.72	3.10	1.97	3.45	91.4021	1.89
2008-08-31	4.66																
2008-09-01	4.66	.	.	.	.	.	.	.	.	.	.	.	.	.	.	91.4553	.
2008-09-02	4.71	104.94	109.63	1.69	1.28	1.50	2.12	3.74	1.64	2.26	2.51	1.72	3.00	1.93	3.37	92.1942	1.72
2008-09-03	4.76	103.88	109.38	1.71	1.29	1.52	2.08	3.71	1.57	2.26	2.48	1.70	2.95	1.90	3.29	92.4207	1.66
2008-09-04	4.82	103.41	107.99	1.70	1.28	1.51	2.04	3.64	1.56	2.20	2.41	1.69	2.87	1.89	3.21	92.6517	1.59
2008-09-05	4.86	102.51	106.47	1.71	1.31	1.53	2.07	3.66	1.53	2.23	2.44	1.68	2.91	1.90	3.24	92.8532	1.60
2008-09-08	4.83	101.08	106.35	1.68	1.34	1.52	2.12	3.66	1.59	2.30	2.49	1.71	2.96	1.92	3.26	92.6300	1.62
2008-09-09	4.92	98.94	103.23	1.69	1.38	1.54	2.06	3.62	1.59	2.23	2.43	1.66	2.90	1.89	3.21	92.8451	1.52
2008-09-10	4.96	96.00	102.66	1.70	1.39	1.55	2.06	3.65	1.58	2.22	2.42	1.65	2.91	1.87	3.23	93.1642	1.52
2008-09-11	5.03	96.01	100.95	1.67	1.36	1.52	2.01	3.64	1.53	2.18	2.38	1.61	2.87	1.85	3.21	93.6361	1.51
2008-09-12	5.06	94.37	101.19	1.79	1.47	1.64	2.02	3.74	1.37	2.23	2.45	1.49	2.97	1.84	3.32	92.9339	1.50
2008-09-15	5.36	90.45	95.52	1.70	1.36	1.53	1.66	3.47	0.36	1.78	2.01	1.02	2.59	1.55	2.99	93.6696	1.23
2008-09-16	5.62	85.85	91.49	1.85	1.61	1.71	1.72	3.48	0.23	1.89	2.12	0.84	2.64	1.52	3.02	94.0457	1.03
2008-09-17	5.92	86.09	97.39	1.81	1.48	1.64	1.50	3.41	0.07	1.64	1.91	0.03	2.52	1.03	2.93	94.2180	1.04
2008-09-18	6.16	90.89	97.50	1.94	1.65	1.78	1.53	3.54	0.26	1.78	2.05	0.23	2.67	0.79	3.08	94.5084	1.02
2008-09-19	6.01	93.46	104.05	1.85	1.64	1.74	2.05	3.78	0.75	2.16	2.42	0.99	3.01	1.54	3.37	93.4396	1.37
2008-09-22	6.02	100.43	122.61	1.85	1.60	1.73	2.06	3.83	0.76	2.13	2.41	1.28	3.04	1.76	3.42	93.0406	1.44
2008-09-23	6.19	100.72	107.85	1.99	1.78	1.89	2.01	3.85	0.30	2.11	2.40	0.80	3.03	1.63	3.41	93.3965	1.25
2008-09-24	6.33	102.09	106.84	2.05	1.82	1.96	1.90	3.80	0.13	2.03	2.26	0.49	2.91	1.45	3.31	93.8379	1.09
2008-09-25	6.40	100.45	111.54	2.09	1.91	2.00	1.97	3.88	0.39	2.16	2.42	0.76	3.09	1.57	3.44	93.7263	1.18
2008-09-26	6.54	100.88	106.77	2.10	1.90	2.01	1.81	3.85	0.21	2.11	2.38	0.87	3.05	1.54	3.41	94.0829	1.15
2008-09-29	6.80	95.96	96.29	2.03	1.76	1.94	1.60	3.61	0.16	1.70	1.96	0.94	2.70	1.49	3.12	94.7358	0.94
2008-09-30	6.98	93.52	100.70	2.25	2.01	2.15	1.78	3.85	1.02	2.00	2.28	0.92	2.98	1.60	3.38	94.8675	0.97
2008-10-01	7.14	92.19	98.23	2.26	1.92	2.16	1.72	3.77	0.66	1.82	2.12	0.85	2.87	1.49	3.29	95.0667	0.95
2008-10-02	7.29	88.88	93.84	2.17	1.75	2.03	1.45	3.66	0.21	1.62	1.91	0.63	2.68	1.21	3.13	95.7517	0.93
2008-10-03	7.40	88.95	93.91	2.18	1.68	2.02	1.41	3.63	0.15	1.60	1.86	0.51	2.64	1.14	3.09	95.8391	0.96
2008-10-06	7.74	84.71	88.15	2.21	1.70	2.03	1.23	3.48	0.19	1.43	1.69	0.54	2.45	1.12	2.92	97.9849	0.75
2008-10-07	7.94	83.17	90.18	2.32	1.83	2.16	1.27	3.50	0.39	1.47	1.69	0.82	2.45	1.14	2.91	99.1858	0.62
2008-10-08	8.21	80.77	88.94	2.69	2.27	2.61	1.28	3.72	0.23	1.65	1.88	0.68	2.70	1.07	3.15	102.1460	0.43
2008-10-09	8.44	81.65	86.50	2.79	2.32	2.64	1.33	3.84	0.19	1.65	1.93	0.60	2.79	1.07	3.25	100.0357	0.47
2008-10-10	8.99	74.58	77.44	2.97	2.57	2.90	1.08	3.89	0.07	1.62	1.87	0.25	2.77	0.84	3.27	101.3589	0.20
2008-10-13	9.02	74.37	81.17	.	.	.	.	.	.	.	.	.	.	.	.	101.2877	.
2008-10-14	9.40	74.98	78.69	3.05	2.77	3.04	1.22	4.08	0.07	1.82	2.06	0.34	3.01	1.07	3.48	99.0010	0.24
2008-10-15	9.67	66.86	74.38	3.02	2.76	3.01	1.14	4.04	0.05	1.64	1.91	0.22	2.90	0.92	3.40	100.1546	0.14
2008-10-16	10.13	64.14	69.81	3.02	2.88	3.08	1.29	3.99	0.12	1.61	1.90	0.46	2.84	1.18	3.33	101.8109	-0.04
2008-10-17	10.37	66.05	71.90	2.87	2.79	2.99	1.34	3.98	0.13	1.64	1.90	0.83	2.83	1.25	3.30	100.9025	0.04
2008-10-20	10.60	67.45	74.08	2.76	2.73	2.95	1.69	3.91	0.53	1.71	2.00	1.24	2.82	1.74	3.26	100.6261	0.09
2008-10-21	11.00	65.99	71.29	2.63	2.75	2.95	1.74	3.76	0.71	1.58	1.86	1.10	2.63	1.61	3.08	101.9028	-0.12
2008-10-22	11.41	62.95	66.92	2.59	2.80	2.97	1.64	3.65	0.60	1.53	1.79	1.05	2.56	1.53	3.00	103.7906	-0.24
2008-10-23	12.07	65.06	67.17	2.67	2.96	3.10	1.61	3.63	0.39	1.54	1.76	0.98	2.57	1.51	3.00	103.6683	-0.39
2008-10-24	12.84	60.57	63.34	3.02	3.44	3.52	1.60	3.76	0.33	1.57	1.80	0.89	2.64	1.43	3.09	104.1996	-0.80
2008-10-27	13.27	59.34	61.92	3.02	3.74	3.74	1.57	3.79	0.31	1.59	1.83	0.84	2.67	1.36	3.12	103.5856	-1.07
2008-10-28	13.63	58.87	62.80	3.06	3.79	3.82	1.53	3.89	0.42	1.65	1.85	0.77	2.75	1.25	3.21	103.5964	-1.04
2008-10-29	13.86	64.00	67.45	3.05	3.73	3.79	1.41	3.93	0.41	1.58	1.79	0.62	2.77	1.10	3.24	102.3745	-0.96
2008-10-30	13.70	60.86	65.79	3.06	3.65	3.78	1.36	4.00	0.14	1.59	1.82	0.41	2.84	1.00	3.30	101.0788	-0.81
2008-10-31	13.33	60.00	68.10	3.14	3.76	3.90	1.34	4.01	0.12	1.56	1.80	0.46	2.80	0.94	3.29	101.0073	-0.96
2008-11-03	13.29	60.32	63.93	3.09	3.66	3.85	1.31	3.96	0.20	1.45	1.69	0.49	2.71	1.07	3.21	101.0867	-0.95
2008-11-04	13.08	62.78	70.41	2.88	3.45	3.65	1.28	3.81	0.29	1.39	1.59	0.48	2.56	1.03	3.06	100.1450	-0.89
2008-11-05	12.72	61.09	65.41	2.76	3.40	3.56	1.22	3.73	0.16	1.36	1.64	0.40	2.50	0.90	2.99	100.4372	-0.90
2008-11-06	12.80	56.14	60.72	2.81	3.48	3.64	1.17	3.75	0.13	1.28	1.63	0.32	2.46	0.83	3.01	101.6843	-1.02
2008-11-07	12.74	56.84	61.06	2.86	3.56	3.81	1.20	3.83	0.13	1.33	1.71	0.31	2.56	0.83	3.11	101.3041	-1.00
2008-11-10	12.67	57.08	62.19	2.84	3.52	3.78	1.16	3.82	0.11	1.27	1.78	0.29	2.51	0.91	3.06	101.2144	-1.01
2008-11-11	12.71	54.76	59.38	.	.	.	.	.	.	.	.	.	.	.	.	101.2476	.
2008-11-12	12.80	52.47	55.95	2.79	3.46	3.74	1.03	3.75	0.10	1.19	1.60	0.18	2.37	0.75	3.00	102.6907	-1.09
2008-11-13	12.99	51.32	58.31	2.95	3.50	3.85	1.16	3.84	0.08	1.24	1.62	0.22	2.43	0.93	3.07	103.4648	-1.07
2008-11-14	13.02	50.70	57.18	2.87	3.43	3.72	1.14	3.72	0.06	1.22	1.53	0.15	2.33	0.90	2.94	102.7365	-1.10
2008-11-17	13.09	50.82	55.14	2.85	3.44	3.71	1.08	3.68	0.06	1.22	1.53	0.12	2.32	0.81	2.92	103.1172	-1.12
2008-11-18	13.24	49.10	54.42	2.92	3.51	3.80	1.05	3.53	0.10	1.15	1.44	0.12	2.22	0.76	2.79	103.5109	-1.29
2008-11-19	13.32	48.35	53.64	2.98	3.61	3.91	0.97	3.38	0.09	1.09	1.36	0.07	2.08	0.66	2.64	103.8846	-1.53
2008-11-20	13.44	45.79	48.86	3.06	3.73	4.01	0.87	3.10	0.05	1.00	1.20	0.03	1.94	0.52	2.43	105.0782	-1.79
2008-11-21	13.57	44.91	49.22	3.15	3.96	4.17	0.83	3.20	0.03	1.09	1.35	0.02	2.02	0.45	2.53	105.8386	-1.94
2008-11-24	13.59	49.51	53.63	3.11	4.19	4.27	0.95	3.35	0.01	1.31	1.53	0.13	2.24	0.54	2.71	104.6720	-1.95
2008-11-25	13.59	47.51	50.02	2.79	4.12	3.96	0.95	3.11	0.04	1.15	1.41	0.10	2.06	0.53	2.49	104.1167	-2.06
2008-11-26	13.57	49.39	54.20	2.68	4.24	3.86	0.93	2.99	0.02	1.09	1.38	0.05	2.01	0.48	2.43	103.7813	-2.23
2008-11-27	13.57	.	.	.	.	.	.	.	.	.	.	.	.	.	.	103.7808	.
2008-11-28	13.52	47.72	55.21	2.60	4.17	3.78	0.90	2.93	0.02	1.00	1.27	0.01	1.93	0.44	2.35	104.2278	-2.24
2008-11-30	13.62																
2008-12-01	13.63	47.58	49.34	2.38	2.03	2.19	0.81	2.72	0.09	0.90	1.16	0.07	1.71	0.44	2.13	105.0103	-0.32
2008-12-02	13.67	45.64	47.05	2.26	1.73	1.96	0.77	2.68	0.04	0.90	1.12	0.06	1.65	0.42	2.08	104.8936	-0.08
2008-12-03	13.64	44.39	46.79	2.14	1.57	1.82	0.70	2.67	0.02	0.87	1.07	0.02	1.60	0.35	2.03	105.0991	0.03
2008-12-04	13.64	43.83	43.80	1.98	1.47	1.69	0.61	2.55	0.01	0.82	1.02	0.02	1.51	0.26	1.93	105.2227	0.04
2008-12-05	13.62	37.04	41.01	2.23	1.79	1.98	0.54	2.67	0.02	0.93	1.19	0.02	1.67	0.23	2.09	106.0804	-0.12
2008-12-08	13.63	40.02	43.69	2.47	2.04	2.30	0.53	2.77	0.01	0.97	1.27	0.03	1.76	0.28	2.17	104.7948	-0.28
2008-12-09	13.63	39.77	42.00	2.41	1.94	2.22	0.49	2.67	0.04	0.84	1.15	0.03	1.61	0.25	2.03	104.6542	-0.33
2008-12-10	13.56	39.34	43.10	2.44	1.98	2.26	0.49	2.69	0.00	0.86	1.21	0.00	1.62	0.21	2.05	104.1190	-0.36
2008-12-11	13.47	43.54	47.77	2.35	1.90	2.17	0.51	2.64	0.00	0.79	1.11	0.01	1.55	0.22	1.99	102.6172	-0.35
2008-12-12	13.40	42.38	46.27	2.43	1.93	2.21	0.50	2.60	0.03	0.78	1.05	0.02	1.55	0.21	1.98	103.7717	-0.38
2008-12-15	13.38	45.02	44.61	2.43	2.09	2.27	0.50	2.53	0.00	0.75	1.02	0.03	1.50	0.28	1.92	103.0062	-0.59
2008-12-16	13.40	42.00	43.84	2.21	1.64	1.91	0.45	2.37	0.05	0.65	0.88	0.04	1.34	0.23	1.77	102.6818	-0.30
2008-12-17	13.35	41.84	40.17	1.86	1.26	1.53	0.45	2.20	0.03	0.73	0.98	0.05	1.35	0.19	1.70	102.1626	0.09
2008-12-18	13.29	40.19	36.73	1.85	1.37	1.60	0.43	2.08	0.03	0.68	0.92	0.00	1.26	0.15	1.59	101.6594	-0.11
2008-12-19	13.21	39.52	33.17	1.98	1.66	1.81	0.44	2.13	0.00	0.74	1.02	0.02	1.35	0.14	1.66	101.8394	-0.31
2008-12-22	13.18	38.08	31.10	2.01	1.77	1.89	0.40	2.16	0.01	0.87	1.12	0.01	1.40	0.27	1.70	102.3738	-0.37
2008-12-23	13.14	35.27	30.28	2.03	1.80	1.90	0.41	2.18	0.01	0.90	1.13	0.02	1.53	0.26	1.81	102.6215	-0.27
2008-12-24	13.16	34.45	32.94	2.07	1.81	1.93	0.40	2.20	0.00	0.90	1.14	0.00	1.54	0.23	1.83	102.5483	-0.27
2008-12-25	.	.	.	.	.	.	.	.	.	.	.	.	.	.	.	102.5885	.
2008-12-26	13.19	33.73	37.58	2.03	1.79	1.90	0.38	2.16	0.01	0.89	1.08	0.03	1.51	0.23	1.80	102.7549	-0.28
2008-12-29	13.12	34.16	39.89	2.02	1.66	1.84	0.36	2.13	0.04	0.78	0.96	0.06	1.45	0.25	1.75	102.9499	-0.21
2008-12-30	13.11	35.22	38.95	2.02	1.72	1.86	0.34	2.11	0.11	0.75	0.94	0.10	1.47	0.26	1.76	103.0199	-0.25
2008-12-31	12.83	35.82	44.60	2.14	1.81	1.96	0.37	2.25	0.11	0.76	1.00	0.11	1.55	0.27	1.87	103.1185	-0.26
2009-01-01	.	.	.	.	.	.	.	.	.	.	.	.	.	.	.	.	.
2009-01-02	12.78	42.94	46.17	2.29	1.97	2.12	0.40	2.46	0.04	0.88	1.14	0.08	1.72	0.28	2.07	103.4126	-0.25
2009-01-05	12.80	45.84	48.61	2.34	1.86	2.08	0.43	2.49	0.05	0.78	1.08	0.14	1.67	0.32	2.07	102.9638	-0.19
2009-01-06	12.68	48.89	48.56	2.09	1.82	2.00	0.45	2.51	0.05	0.80	1.10	0.14	1.68	0.31	2.07	102.4709	-0.14
2009-01-07	12.52	46.23	42.75	2.05	1.75	1.87	0.44	2.52	0.03	0.82	1.15	0.11	1.66	0.29	2.02	102.5726	-0.09
2009-01-08	12.44	42.94	41.68	1.97	1.68	1.79	0.44	2.47	0.04	0.83	1.16	0.09	1.60	0.28	1.95	103.1101	-0.08
2009-01-09	12.36	42.34	40.69	1.87	1.60	1.70	0.43	2.43	0.03	0.75	1.11	0.07	1.51	0.28	1.88	103.6498	-0.09
2009-01-12	12.28	40.86	37.65	1.75	1.55	1.62	0.43	2.34	0.04	0.74	1.09	0.12	1.45	0.29	1.81	104.0255	-0.10
2009-01-13	12.20	43.05	37.77	1.74	1.47	1.57	0.43	2.33	0.02	0.76	1.07	0.11	1.44	0.29	1.80	104.1318	-0.03
2009-01-14	12.15	42.27	37.43	1.79	1.49	1.61	0.42	2.24	0.07	0.73	1.03	0.12	1.36	0.28	1.71	104.7158	-0.13
2009-01-15	12.10	42.32	35.41	1.78	1.46	1.59	0.42	2.23	0.03	0.73	1.01	0.11	1.36	0.29	1.71	105.1816	-0.10
2009-01-16	12.04	43.42	35.38	1.81	1.47	1.61	0.43	2.36	0.04	0.73	1.05	0.12	1.47	0.29	1.83	104.3559	0.00
2009-01-19	12.04	.	.	.	.	.	.	.	.	.	.	.	.	.	.	.	.
2009-01-20	12.01	41.22	38.57	1.82	1.45	1.60	0.42	2.40	0.04	0.73	1.06	0.13	1.48	0.30	1.85	.	0.03
2009-01-21	12.04	39.90	42.56	1.98	1.56	1.72	0.43	2.56	0.03	0.78	1.12	0.11	1.60	0.30	1.99	104.7762	0.04
2009-01-22	11.98	42.42	42.33	1.97	1.52	1.71	0.42	2.62	0.03	0.75	1.11	0.10	1.61	0.29	2.02	104.8323	0.09
2009-01-23	11.94	43.13	45.12	1.93	1.55	1.70	0.46	2.65	0.03	0.83	1.16	0.11	1.64	0.30	2.05	105.2140	0.09
2009-01-26	11.91	48.00	46.50	1.92	1.57	1.70	0.47	2.70	0.02	0.85	1.21	0.14	1.67	0.34	2.09	104.8573	0.10
2009-01-27	11.89	42.86	41.67	1.77	1.44	1.57	0.47	2.59	0.05	0.87	1.15	0.13	1.59	0.32	1.99	105.3856	0.15
2009-01-28	11.76	42.86	42.04	1.81	1.45	1.59	0.48	2.71	0.08	0.89	1.22	0.19	1.70	0.33	2.10	105.0906	0.25
2009-01-29	11.60	43.13	41.58	1.83	1.57	1.67	0.51	2.87	0.14	0.95	1.34	0.23	1.87	0.35	2.28	105.3454	0.30
2009-01-30	11.54	44.17	41.73	1.73	1.47	1.54	0.51	2.87	0.15	0.94	1.32	0.24	1.85	0.36	2.27	105.8469	0.38
2009-01-31	11.51																
2009-02-02	11.59	42.96	41.35	1.69	1.41	1.50	0.51	2.76	0.19	0.89	1.27	0.27	1.75	0.39	2.16	106.3760	0.34
2009-02-03	11.53	43.15	40.87	1.76	1.45	1.56	0.53	2.89	0.28	0.96	1.37	0.32	1.88	0.40	2.28	106.3771	0.43
2009-02-04	11.50	43.68	40.27	1.78	1.40	1.55	0.53	2.95	0.26	0.98	1.42	0.30	1.91	0.40	2.32	106.0682	0.51
2009-02-05	11.51	43.92	41.15	1.84	1.38	1.58	0.54	2.95	0.21	0.98	1.40	0.29	1.89	0.43	2.32	105.8552	0.51
2009-02-06	11.49	44.49	40.24	1.82	1.27	1.49	0.57	3.05	0.21	0.99	1.44	0.28	1.97	0.44	2.40	105.3426	0.70
2009-02-09	11.42	47.23	39.58	1.66	1.06	1.30	0.60	3.07	0.22	1.05	1.50	0.32	1.99	0.47	2.42	105.2433	0.93
2009-02-10	11.47	45.88	37.54	1.65	1.03	1.28	0.60	2.90	0.24	0.92	1.31	0.31	1.79	0.44	2.23	105.8347	0.76
2009-02-11	11.52	44.24	35.93	1.66	1.10	1.32	0.60	2.78	0.22	0.93	1.32	0.30	1.76	0.46	2.17	106.1943	0.66
2009-02-12	11.59	47.23	34.03	1.61	1.22	1.38	0.58	2.75	0.25	0.89	1.28	0.29	1.73	0.43	2.14	106.4216	0.51
2009-02-13	11.59	43.36	37.63	1.68	1.21	1.40	0.61	2.89	0.23	0.97	1.37	0.29	1.88	0.46	2.29	106.0987	0.67
2009-02-16	11.60	.	.	.	.	.	.	.	.	.	.	.	.	.	.	.	.
2009-02-17	11.77	39.69	34.96	1.53	1.20	1.33	0.61	2.64	0.26	0.87	1.22	0.32	1.65	0.48	2.05	107.2168	0.45
2009-02-18	11.83	39.41	34.67	1.63	1.31	1.44	0.64	2.74	0.23	0.97	1.33	0.31	1.81	0.50	2.18	107.4794	0.50
2009-02-19	11.80	42.36	39.60	1.73	1.27	1.47	0.67	2.85	0.22	1.01	1.38	0.30	1.89	0.51	2.28	107.4503	0.62
2009-02-20	11.88	42.19	39.35	1.67	1.24	1.42	0.64	2.78	0.19	0.96	1.30	0.27	1.81	0.48	2.21	108.2962	0.57
2009-02-23	11.88	41.27	37.66	1.70	1.24	1.44	0.69	2.78	0.19	0.96	1.34	0.29	1.84	0.50	2.22	108.1065	0.60
2009-02-24	11.88	40.18	38.86	1.82	1.36	1.56	0.71	2.80	0.22	1.03	1.37	0.32	1.89	0.49	2.26	108.1910	0.53
2009-02-25	11.87	42.37	41.64	1.98	1.46	1.69	0.75	2.95	0.21	1.09	1.49	0.30	2.06	0.52	2.42	108.3884	0.60
2009-02-26	11.86	45.15	43.18	2.02	1.48	1.72	0.73	2.98	0.18	1.08	1.50	0.27	2.07	0.47	2.72	108.4292	0.59
2009-02-27	11.86	44.41	44.15	2.06	1.41	1.69	0.72	3.02	0.16	1.00	1.40	0.26	1.99	0.45	2.69	108.9521	0.58
2009-02-28	11.36																
2009-03-02	11.46	42.60	40.07	2.00	1.34	1.63	0.67	2.91	0.17	0.89	1.28	0.28	1.86	0.45	2.54	110.1208	0.52
2009-03-03	11.53	42.72	41.57	2.02	1.45	1.70	0.68	2.93	0.14	0.91	1.31	0.27	1.87	0.44	2.58	109.9010	0.42
2009-03-04	11.58	46.07	45.28	2.09	1.50	1.76	0.71	3.01	0.15	0.97	1.40	0.26	1.97	0.44	2.67	109.3408	0.47
2009-03-05	11.60	44.45	43.54	1.98	1.40	1.65	0.66	2.83	0.11	0.90	1.30	0.20	1.82	0.40	2.49	109.7391	0.42
2009-03-06	11.60	43.48	45.43	2.02	1.46	1.71	0.67	2.83	0.09	0.91	1.34	0.21	1.83	0.39	2.49	109.4340	0.37
2009-03-09	11.64	44.55	47.01	2.06	1.52	1.76	0.69	2.89	0.12	0.96	1.38	0.23	1.90	0.47	2.53	109.6802	0.38
2009-03-10	11.63	44.99	45.68	2.15	1.61	1.84	0.71	2.99	0.14	1.01	1.46	0.24	1.99	0.47	2.63	109.0262	0.38
2009-03-11	11.59	43.20	42.46	2.03	1.57	1.77	0.71	2.95	0.14	1.03	1.45	0.23	1.96	0.46	2.56	108.5350	0.39
2009-03-12	11.59	42.19	46.91	1.88	1.41	1.61	0.70	2.89	0.11	1.03	1.42	0.22	1.92	0.45	2.50	108.2756	0.51
2009-03-13	11.54	44.97	46.22	1.87	1.37	1.59	0.67	2.89	0.09	0.98	1.36	0.20	1.87	0.42	2.48	107.5379	0.50
2009-03-16	11.49	44.12	47.33	1.88	1.35	1.58	0.69	2.97	0.11	1.00	1.39	0.24	1.91	0.46	2.55	106.1461	0.56
2009-03-17	11.45	45.53	48.97	1.90	1.41	1.62	0.69	3.02	0.14	1.05	1.45	0.24	2.00	0.45	2.64	105.9241	0.59
2009-03-18	11.52	45.22	48.12	1.28	0.94	1.06	0.60	2.51	0.15	0.82	1.14	0.21	1.54	0.40	2.11	106.0984	0.60
2009-03-19	11.46	48.03	51.46	1.31	0.98	1.11	0.60	2.61	0.10	0.87	1.21	0.20	1.64	0.40	2.17	105.3031	0.66
2009-03-20	11.39	49.27	51.55	1.43	1.03	1.19	0.60	2.65	0.09	0.89	1.23	0.22	1.66	0.41	2.18	105.5120	0.63
2009-03-23	11.30	51.84	53.05	1.40	1.05	1.19	0.60	2.68	0.10	0.93	1.25	0.22	1.69	0.40	2.20	105.6891	0.64
2009-03-24	11.22	51.32	53.36	1.36	0.97	1.12	0.62	2.68	0.05	0.93	1.24	0.21	1.70	0.42	2.22	105.6814	0.73
2009-03-25	11.04	51.46	52.24	1.44	1.02	1.19	0.60	2.81	0.03	0.96	1.35	0.19	1.84	0.41	2.36	105.5522	0.82
2009-03-26	11.03	51.89	53.87	1.30	0.85	1.03	0.57	2.76	0.02	0.90	1.29	0.15	1.80	0.39	2.34	105.4628	0.95
2009-03-27	10.95	50.81	52.41	1.38	0.89	1.08	0.58	2.78	0.03	0.90	1.27	0.14	1.79	0.39	2.36	105.8384	0.90
2009-03-30	10.99	49.05	48.49	1.39	0.94	1.11	0.58	2.73	0.05	0.84	1.20	0.18	1.72	0.42	2.31	106.5218	0.78
2009-03-31	11.04	46.13	49.64	1.43	0.94	1.14	0.57	2.71	0.17	0.81	1.15	0.21	1.67	0.43	2.28	106.0350	0.73
2009-04-01	11.03	45.92	48.46	1.37	0.93	1.11	0.58	2.68	0.18	0.83	1.16	0.22	1.65	0.41	2.25	105.3539	0.72
2009-04-02	10.94	50.89	52.61	1.44	1.00	1.18	0.59	2.77	0.17	0.88	1.25	0.22	1.74	0.41	2.35	104.5100	0.74
2009-04-03	10.84	50.48	52.52	1.53	1.07	1.26	0.60	2.91	0.16	0.96	1.36	0.21	1.87	0.42	2.51	104.0870	0.80
2009-04-06	10.70	50.91	51.10	1.52	1.02	1.21	0.60	2.95	0.16	0.94	1.37	0.20	1.90	0.40	2.55	103.9608	0.88
2009-04-07	10.63	50.62	49.13	1.61	1.07	1.29	0.60	2.93	0.17	0.91	1.33	0.20	1.87	0.39	2.51	104.0227	0.80
2009-04-08	10.60	52.06	49.37	1.57	1.05	1.25	0.59	2.86	0.15	0.93	1.34	0.18	1.83	0.39	2.43	103.8389	0.78
2009-04-09	10.50	52.33	52.24	1.62	1.08	1.29	0.60	2.96	0.13	0.96	1.36	0.18	1.90	0.39	2.49	103.1851	0.82
2009-04-10	.	.	.	.	.	.	.	.	.	.	.	.	.	.	.	103.1326	.
2009-04-13	10.53	50.73	50.22	1.55	1.04	1.24	0.57	2.88	0.12	0.89	1.27	0.18	1.81	0.37	2.39	103.0336	0.77
2009-04-14	10.41	52.06	49.51	1.52	0.96	1.18	0.54	2.80	0.09	0.86	1.21	0.17	1.71	0.35	2.31	102.8311	0.75
2009-04-15	10.32	51.31	49.26	1.55	1.02	1.23	0.54	2.82	0.07	0.86	1.22	0.15	1.71	0.34	2.29	103.1359	0.69
2009-04-16	10.17	51.83	49.97	1.59	1.06	1.27	0.54	2.86	0.02	0.91	1.27	0.13	1.79	0.33	2.36	102.8185	0.73
2009-04-17	10.03	52.02	50.36	1.70	1.18	1.38	0.57	2.98	0.04	0.99	1.36	0.14	1.91	0.36	2.48	102.9258	0.73
2009-04-20	10.06	49.06	45.82	1.66	1.21	1.39	0.54	2.88	0.04	0.93	1.27	0.14	1.82	0.34	2.39	103.6398	0.61
2009-04-21	10.08	48.69	46.65	1.69	1.25	1.43	0.53	2.94	0.07	0.96	1.32	0.15	1.87	0.34	2.46	103.3972	0.62
2009-04-22	10.01	48.50	47.41	1.65	1.28	1.43	0.52	2.98	0.08	1.00	1.36	0.14	1.92	0.32	2.50	103.3396	0.64
2009-04-23	9.97	48.29	48.46	1.52	1.25	1.35	0.49	2.96	0.08	0.97	1.34	0.10	1.89	0.31	2.49	103.6369	0.64
2009-04-24	9.88	50.29	50.65	1.53	1.23	1.34	0.50	3.03	0.07	0.99	1.38	0.10	1.96	0.31	2.56	103.2139	0.73
2009-04-27	9.89	48.67	49.29	1.48	1.12	1.27	0.49	2.95	0.07	0.90	1.31	0.13	1.87	0.30	2.48	104.2542	0.75
2009-04-28	9.82	48.64	49.01	1.54	1.16	1.31	0.52	3.05	0.05	0.95	1.39	0.13	1.97	0.31	2.58	104.7747	0.81
2009-04-29	9.69	50.22	50.19	1.59	1.14	1.32	0.50	3.12	0.04	0.94	1.40	0.11	2.01	0.28	2.69	103.7658	0.87
2009-04-30	9.52	50.30	50.35	1.69	1.20	1.41	0.49	3.16	0.04	0.91	1.38	0.14	2.02	0.29	2.70	103.6122	0.82
2009-05-01	9.44	51.75	52.18	1.80	1.24	1.47	0.49	3.21	0.06	0.92	1.39	0.16	2.03	0.31	2.72	103.6726	0.79
2009-05-04	9.41	53.26	54.45	1.77	1.19	1.42	0.52	3.19	0.14	0.94	1.40	0.19	2.03	0.33	2.70	102.5318	0.84
2009-05-05	9.33	53.16	53.81	1.77	1.19	1.43	0.53	3.20	0.14	0.98	1.46	0.19	2.05	0.34	2.70	102.1726	0.86
2009-05-06	9.19	55.07	56.29	1.74	1.13	1.40	0.51	3.18	0.14	0.96	1.43	0.19	2.06	0.32	2.70	102.1769	0.93
2009-05-07	8.98	56.63	56.67	1.74	1.10	1.36	0.54	3.29	0.15	1.00	1.46	0.18	2.15	0.32	2.80	101.7326	1.05
2009-05-08	8.85	56.02	58.58	1.77	1.11	1.38	0.55	3.29	0.15	1.00	1.44	0.19	2.15	0.31	2.78	101.5896	1.04
2009-05-11	8.81	55.99	57.79	1.70	1.04	1.31	0.53	3.17	0.16	0.92	1.34	0.19	2.04	0.30	2.67	101.4808	1.00
2009-05-12	8.75	56.52	58.81	1.69	1.03	1.30	0.54	3.17	0.16	0.90	1.34	0.19	2.02	0.30	2.67	101.7133	0.99
2009-05-13	8.76	56.84	58.00	1.67	1.02	1.29	0.52	3.11	0.15	0.89	1.31	0.17	1.98	0.30	2.62	102.0641	0.96
2009-05-14	8.69	56.25	58.58	1.68	1.02	1.29	0.50	3.10	0.10	0.87	1.30	0.16	1.98	0.28	2.62	102.2131	0.96
2009-05-15	8.64	56.33	56.52	1.66	1.01	1.28	0.50	3.14	0.11	0.88	1.30	0.17	2.01	0.29	2.65	101.9340	1.00
2009-05-18	8.60	56.51	58.99	1.66	1.06	1.31	0.50	3.22	0.12	0.93	1.36	0.19	2.09	0.30	2.73	101.6469	1.03
2009-05-19	8.51	57.12	59.52	1.65	1.03	1.29	0.48	3.25	0.14	0.91	1.37	0.18	2.12	0.29	2.76	101.0456	1.09
2009-05-20	8.35	59.10	61.45	1.56	0.96	1.21	0.44	3.19	0.18	0.87	1.31	0.18	2.05	0.28	2.72	100.7315	1.09
2009-05-21	8.24	58.02	60.49	1.67	1.03	1.29	0.45	3.35	0.13	0.89	1.36	0.19	2.16	0.30	2.86	101.1045	1.13
2009-05-22	8.13	58.70	61.15	1.72	1.04	1.32	0.49	3.45	0.13	0.92	1.39	0.18	2.23	0.30	2.96	100.9916	1.19
2009-05-25	8.12	.	.	.	.	.	.	.	.	.	.	.	.	.	.	.	.
2009-05-26	8.05	59.05	62.48	1.72	1.05	1.33	0.50	3.50	0.13	0.96	1.45	0.18	2.30	0.30	3.05	101.2686	1.25
2009-05-27	7.94	61.28	63.41	1.83	1.06	1.38	0.49	3.71	0.18	0.96	1.50	0.17	2.43	0.29	3.22	101.2956	1.37
2009-05-28	7.95	63.47	65.09	1.87	1.13	1.45	0.48	3.67	0.14	0.97	1.52	0.15	2.46	0.31	3.22	101.3588	1.33
2009-05-29	7.88	64.98	66.31	1.67	0.98	1.27	0.47	3.47	0.14	0.92	1.42	0.14	2.34	0.30	3.06	100.9825	1.36
2009-05-31	7.69																
2009-06-01	7.57	66.60	68.59	1.80	1.02	1.35	0.48	3.71	0.13	0.97	1.52	0.13	2.55	0.29	3.28	100.5838	1.53
2009-06-02	7.53	67.67	68.58	1.69	0.93	1.25	0.46	3.65	0.06	0.96	1.52	0.14	2.52	0.27	3.26	100.8382	1.59
2009-06-03	7.48	66.15	66.14	1.68	0.93	1.25	0.45	3.56	0.08	0.91	1.47	0.14	2.43	0.26	3.16	100.9173	1.50
2009-06-04	7.37	67.68	68.80	1.83	1.01	1.36	0.47	3.72	0.08	0.96	1.54	0.14	2.56	0.28	3.31	100.9769	1.55
2009-06-05	7.20	67.77	68.43	1.88	1.14	1.46	0.62	3.84	0.08	1.32	1.88	0.20	2.85	0.35	3.53	101.0845	1.71
2009-06-08	7.12	67.61	68.05	1.94	1.24	1.54	0.62	3.91	0.08	1.42	2.00	0.19	2.95	0.35	3.60	101.6644	1.71
2009-06-09	7.12	68.94	70.02	1.88	1.11	1.45	0.56	3.86	0.09	1.33	1.93	0.19	2.86	0.31	3.51	101.5997	1.75
2009-06-10	7.04	70.52	71.38	1.91	1.08	1.44	0.55	3.98	0.11	1.38	2.00	0.18	2.93	0.31	3.59	101.7232	1.85
2009-06-11	7.03	71.71	72.69	1.89	1.09	1.44	0.53	3.88	0.09	1.35	1.97	0.19	2.87	0.31	3.49	101.3588	1.78
2009-06-12	7.03	70.62	72.13	1.91	1.14	1.48	0.52	3.81	0.08	1.30	1.91	0.19	2.81	0.29	3.46	101.2390	1.67
2009-06-15	7.04	68.49	70.54	1.90	1.15	1.48	0.51	3.76	0.08	1.26	1.84	0.17	2.75	0.29	3.39	101.5691	1.60
2009-06-16	7.00	70.52	70.47	1.88	1.17	1.48	0.51	3.67	0.09	1.23	1.79	0.17	2.70	0.30	3.32	101.3226	1.53
2009-06-17	7.05	68.95	71.07	1.95	1.26	1.56	0.50	3.68	0.11	1.19	1.76	0.17	2.69	0.31	3.33	101.8530	1.43
2009-06-18	6.98	69.96	71.42	1.98	1.33	1.62	0.52	3.86	0.12	1.28	1.88	0.18	2.86	0.34	3.51	101.4866	1.53
2009-06-19	6.97	70.48	69.60	1.91	1.28	1.55	0.51	3.79	0.10	1.25	1.84	0.19	2.82	0.33	3.45	101.4756	1.54
2009-06-22	7.04	66.13	67.09	1.89	1.31	1.56	0.50	3.72	0.12	1.17	1.77	0.20	2.75	0.34	3.37	101.8389	1.44
2009-06-23	7.09	66.36	68.81	1.84	1.28	1.52	0.50	3.65	0.15	1.14	1.74	0.20	2.71	0.34	3.31	101.7874	1.43
2009-06-24	7.09	68.47	68.14	1.93	1.40	1.63	0.50	3.72	0.10	1.19	1.79	0.19	2.74	0.32	3.39	101.4767	1.34
2009-06-25	7.13	68.82	69.70	1.82	1.25	1.50	0.47	3.55	0.07	1.12	1.66	0.18	2.58	0.31	3.22	101.6502	1.33
2009-06-26	7.13	68.10	69.16	1.85	1.32	1.56	0.45	3.52	0.07	1.10	1.63	0.20	2.53	0.31	3.18	101.3676	1.21
2009-06-29	7.10	69.75	71.47	1.83	1.32	1.55	0.51	3.51	0.11	1.11	1.63	0.20	2.53	0.36	3.18	101.2660	1.21
2009-06-30	6.69	68.11	69.82	1.78	1.20	1.46	0.56	3.53	0.17	1.11	1.64	0.19	2.54	0.35	3.19	101.1376	1.34
2009-07-01	6.66	68.52	69.32	1.83	1.16	1.46	0.54	3.55	0.13	1.05	1.57	0.17	2.51	0.33	3.20	100.7522	1.35
2009-07-02	6.63	65.74	66.68	1.87	1.16	1.48	0.49	3.51	0.15	0.98	1.52	0.17	2.43	0.32	3.14	101.0881	1.27
2009-07-03	6.63	.	.	.	.	.	.	.	.	.	.	.	.	.	.	.	.
2009-07-06	6.66	63.12	64.06	2.03	1.18	1.52	0.48	3.52	0.15	0.96	1.48	0.19	2.40	0.28	3.12	101.4472	1.22
2009-07-07	6.65	61.54	62.88	1.87	1.14	1.44	0.46	3.47	0.16	0.98	1.52	0.19	2.36	0.28	3.08	101.4410	1.22
2009-07-08	6.69	59.71	60.15	1.79	1.11	1.38	0.45	3.33	0.15	0.91	1.42	0.18	2.23	0.26	2.90	102.0371	1.12
2009-07-09	6.64	59.17	60.36	1.87	1.23	1.49	0.47	3.44	0.16	0.94	1.46	0.19	2.33	0.27	3.01	102.1473	1.10
2009-07-10	6.68	58.43	59.93	1.80	1.16	1.42	0.45	3.32	0.15	0.91	1.40	0.18	2.22	0.26	2.89	102.6856	1.06
2009-07-13	6.66	58.25	59.69	1.84	1.21	1.46	0.47	3.38	0.15	0.92	1.41	0.18	2.27	0.28	2.94	102.9483	1.06
2009-07-14	6.61	60.48	59.62	1.86	1.22	1.48	0.47	3.50	0.15	0.97	1.48	0.18	2.37	0.28	3.05	102.6753	1.15
2009-07-15	6.50	61.25	61.49	1.87	1.25	1.51	0.50	3.63	0.11	1.03	1.60	0.18	2.52	0.29	3.19	101.8810	1.27
2009-07-16	6.49	62.02	62.07	1.82	1.18	1.44	0.47	3.59	0.15	1.00	1.54	0.19	2.46	0.28	3.13	101.8078	1.28
2009-07-17	6.42	63.54	63.56	1.81	1.15	1.42	0.48	3.67	0.15	1.02	1.58	0.17	2.52	0.29	3.21	101.3876	1.37
2009-07-20	6.42	64.64	63.93	1.73	1.06	1.33	0.47	3.61	0.15	0.99	1.54	0.19	2.46	0.28	3.14	100.9748	1.40
2009-07-21	6.38	65.93	64.81	1.71	1.03	1.31	0.46	3.50	0.16	0.96	1.47	0.19	2.36	0.27	3.03	100.9750	1.33
2009-07-22	6.31	65.36	64.58	1.75	1.09	1.36	0.47	3.58	0.15	0.98	1.50	0.19	2.43	0.28	3.11	100.8985	1.34
2009-07-23	6.18	68.06	66.10	1.80	1.17	1.42	0.49	3.72	0.15	1.08	1.62	0.19	2.60	0.29	3.28	100.6119	1.43
2009-07-24	6.14	68.82	66.96	1.81	1.18	1.43	0.47	3.70	0.15	1.05	1.59	0.18	2.57	0.29	3.25	100.7603	1.39
2009-07-27	6.07	69.78	68.34	1.85	1.21	1.47	0.49	3.75	0.15	1.08	1.63	0.19	2.63	0.27	3.31	100.6802	1.42
2009-07-28	6.03	68.53	67.24	1.86	1.25	1.50	0.49	3.72	0.14	1.12	1.66	0.19	2.63	0.26	3.30	100.7003	1.38
2009-07-29	5.98	65.79	63.42	1.84	1.30	1.52	0.50	3.69	0.14	1.17	1.72	0.19	2.69	0.26	3.31	100.9576	1.39
2009-07-30	5.93	68.82	66.90	1.78	1.28	1.48	0.48	3.67	0.14	1.19	1.73	0.18	2.66	0.27	3.31	100.7047	1.38
2009-07-31	5.73	70.08	69.26	1.71	1.21	1.41	0.48	3.52	0.14	1.13	1.62	0.18	2.53	0.26	3.14	100.5119	1.32
2009-08-03	5.62	72.90	71.59	1.78	1.28	1.49	0.48	3.66	0.15	1.18	1.72	0.19	2.66	0.28	3.30	100.1361	1.38
2009-08-04	5.53	73.82	71.40	1.81	1.26	1.48	0.47	3.70	0.15	1.20	1.75	0.18	2.68	0.28	3.32	100.1152	1.42
2009-08-05	5.44	74.39	71.97	1.85	1.29	1.52	0.49	3.80	0.15	1.23	1.78	0.18	2.73	0.29	3.40	100.1780	1.44
2009-08-06	5.37	74.61	71.96	1.87	1.34	1.56	0.48	3.79	0.15	1.22	1.77	0.17	2.73	0.28	3.39	100.0385	1.39
2009-08-07	5.28	74.21	70.97	1.88	1.36	1.57	0.52	3.89	0.14	1.32	1.87	0.19	2.84	0.30	3.50	99.9494	1.48
2009-08-10	5.28	73.79	70.59	1.83	1.33	1.53	0.49	3.80	0.15	1.24	1.79	0.19	2.75	0.29	3.40	100.0164	1.42
2009-08-11	5.30	71.58	69.46	1.80	1.33	1.52	0.48	3.71	0.14	1.21	1.78	0.18	2.69	0.28	3.32	100.3539	1.36
2009-08-12	5.30	74.03	70.08	1.84	1.36	1.56	0.47	3.72	0.14	1.18	1.76	0.17	2.70	0.28	3.35	100.2520	1.34
2009-08-13	5.35	73.76	70.57	1.80	1.34	1.53	0.45	3.59	0.10	1.12	1.66	0.17	2.58	0.28	3.22	99.9619	1.24
2009-08-14	5.36	71.33	67.51	1.85	1.38	1.57	0.44	3.55	0.10	1.07	1.61	0.18	2.51	0.26	3.17	100.0615	1.13
2009-08-17	5.41	68.65	66.72	1.79	1.35	1.53	0.45	3.48	0.11	1.04	1.54	0.18	2.43	0.27	3.09	100.5756	1.08
2009-08-18	5.40	68.66	69.22	1.78	1.32	1.51	0.43	3.51	0.14	1.06	1.57	0.18	2.48	0.27	3.13	100.4874	1.16
2009-08-19	5.41	72.81	72.54	1.70	1.23	1.42	0.43	3.45	0.10	1.01	1.52	0.17	2.43	0.25	3.07	100.2517	1.20
2009-08-20	5.41	73.75	72.40	1.60	1.13	1.32	0.42	3.42	0.11	1.03	1.53	0.17	2.43	0.26	3.06	100.1445	1.30
2009-08-21	5.32	73.71	73.12	1.69	1.22	1.41	0.45	3.56	0.11	1.13	1.65	0.17	2.58	0.26	3.21	99.9023	1.36
2009-08-24	5.34	74.34	73.68	1.67	1.21	1.40	0.44	3.48	0.11	1.05	1.57	0.17	2.50	0.26	3.13	99.9402	1.29
2009-08-25	5.33	73.10	71.60	1.72	1.27	1.46	0.47	3.45	0.12	1.05	1.56	0.17	2.48	0.26	3.10	100.0711	1.21
2009-08-26	5.31	70.74	71.38	1.72	1.26	1.45	0.45	3.44	0.11	1.06	1.57	0.15	2.46	0.25	3.09	100.7935	1.20
2009-08-27	5.23	70.68	72.49	1.75	1.27	1.47	0.46	3.47	0.11	1.04	1.58	0.15	2.48	0.26	3.12	100.9896	1.21
2009-08-28	5.22	72.80	72.72	1.76	1.28	1.48	0.44	3.46	0.11	1.01	1.55	0.15	2.46	0.25	3.09	100.9325	1.18
2009-08-31	5.19	69.02	69.97	1.76	1.27	1.48	0.43	3.40	0.11	0.97	1.49	0.15	2.39	0.24	3.03	101.1271	1.12
2009-09-01	5.21	68.78	68.11	1.74	1.22	1.44	0.43	3.38	0.08	0.92	1.44	0.14	2.33	0.23	2.99	101.6593	1.11
2009-09-02	5.23	67.60	68.03	1.71	1.19	1.41	0.41	3.29	0.09	0.89	1.39	0.14	2.26	0.22	2.91	101.6723	1.07
2009-09-03	5.22	66.78	67.90	1.69	1.14	1.37	0.42	3.33	0.09	0.91	1.42	0.15	2.29	0.23	2.95	101.4939	1.15
2009-09-04	5.18	65.84	67.95	1.70	1.12	1.36	0.42	3.45	0.09	0.94	1.46	0.14	2.36	0.23	3.06	101.0771	1.24
2009-09-07	5.18	.	.	.	.	.	.	.	.	.	.	.	.	.	.	.	.
2009-09-08	5.15	69.20	71.08	1.66	1.06	1.31	0.41	3.47	0.10	0.93	1.49	0.14	2.38	0.24	3.06	100.5722	1.32
2009-09-09	5.09	69.76	71.27	1.66	1.02	1.29	0.40	3.48	0.09	0.93	1.48	0.14	2.38	0.22	3.07	100.7804	1.36
2009-09-10	5.09	68.96	71.95	1.59	0.97	1.23	0.40	3.36	0.08	0.90	1.42	0.14	2.29	0.21	2.95	100.7321	1.32
2009-09-11	5.04	68.76	69.34	1.59	0.93	1.21	0.39	3.34	0.08	0.90	1.42	0.14	2.29	0.21	2.93	100.4882	1.36
2009-09-14	4.95	66.91	68.86	1.65	0.96	1.25	0.40	3.42	0.08	0.94	1.46	0.14	2.37	0.21	3.01	100.6970	1.41
2009-09-15	4.90	66.53	70.81	1.64	0.96	1.25	0.39	3.47	0.05	0.96	1.49	0.13	2.41	0.21	3.07	100.4682	1.45
2009-09-16	4.79	68.51	72.50	1.62	0.94	1.23	0.38	3.48	0.03	1.01	1.55	0.10	2.46	0.20	3.11	99.9119	1.52
2009-09-17	4.77	71.56	72.48	1.62	0.95	1.24	0.40	3.42	0.03	0.98	1.51	0.10	2.41	0.20	3.04	100.0105	1.46
2009-09-18	4.66	70.72	71.95	1.68	1.04	1.31	0.41	3.49	0.03	1.03	1.57	0.08	2.49	0.20	3.12	100.0025	1.45
2009-09-21	4.66	68.11	69.74	1.69	1.08	1.34	0.40	3.49	0.05	1.02	1.56	0.11	2.47	0.20	3.11	100.1700	1.39
2009-09-22	4.68	69.65	71.50	1.65	1.03	1.30	0.42	3.46	0.05	1.02	1.54	0.11	2.45	0.20	3.09	99.9990	1.42
2009-09-23	4.66	67.43	68.74	1.63	1.00	1.27	0.41	3.44	0.05	0.96	1.49	0.11	2.40	0.20	3.05	99.9376	1.40
2009-09-24	4.67	64.99	65.74	1.64	1.01	1.28	0.39	3.40	0.03	0.93	1.45	0.10	2.37	0.19	3.03	100.2041	1.36
2009-09-25	4.67	64.60	65.91	1.60	1.00	1.26	0.41	3.34	0.03	0.98	1.49	0.10	2.36	0.20	2.98	100.3126	1.36
2009-09-28	4.69	65.43	66.69	1.57	0.98	1.23	0.40	3.31	0.03	0.98	1.47	0.11	2.33	0.18	2.95	100.2556	1.35
2009-09-29	4.68	64.63	66.56	1.59	1.00	1.26	0.41	3.31	0.07	1.00	1.48	0.13	2.34	0.19	2.94	100.4227	1.34
2009-09-30	4.63	65.82	70.46	1.56	0.94	1.21	0.40	3.31	0.06	0.95	1.45	0.14	2.31	0.18	2.93	100.0426	1.37
2009-10-01	4.65	67.12	70.67	1.50	0.87	1.14	0.37	3.21	0.03	0.87	1.36	0.10	2.20	0.15	2.82	100.3626	1.33
2009-10-02	4.63	66.50	69.80	1.54	0.89	1.17	0.37	3.24	0.04	0.88	1.38	0.10	2.22	0.15	2.83	100.4630	1.33
2009-10-05	4.63	65.26	70.26	1.51	0.89	1.16	0.36	3.24	0.04	0.88	1.38	0.08	2.21	0.15	2.82	100.2308	1.32
2009-10-06	4.58	68.51	70.71	1.53	0.88	1.16	0.37	3.27	0.05	0.91	1.43	0.08	2.25	0.15	2.85	99.6838	1.37
2009-10-07	4.57	67.65	69.60	1.45	0.81	1.09	0.34	3.21	0.06	0.87	1.35	0.09	2.16	0.14	2.77	99.6434	1.35
2009-10-08	4.51	68.47	71.69	1.49	0.83	1.12	0.35	3.27	0.03	0.90	1.40	0.06	2.22	0.15	2.83	99.1918	1.39
2009-10-09	4.41	69.45	71.75	1.56	0.90	1.19	0.38	3.40	0.04	0.98	1.50	0.07	2.36	0.16	2.98	99.1427	1.46
2009-10-12	4.41	70.75	73.24	.	.	.	.	.	.	.	.	.	.	.	.	.	.
2009-10-13	4.39	70.81	74.10	1.46	0.81	1.10	0.35	3.34	0.04	0.91	1.42	0.07	2.28	0.15	2.90	98.8919	1.47
2009-10-14	4.33	72.16	75.20	1.51	0.85	1.14	0.35	3.45	0.05	0.96	1.47	0.07	2.36	0.15	3.01	98.5121	1.51
2009-10-15	4.29	73.14	77.55	1.50	0.85	1.13	0.36	3.49	0.06	0.97	1.50	0.07	2.41	0.15	3.05	98.5403	1.56
2009-10-16	4.29	74.58	78.54	1.45	0.80	1.09	0.36	3.43	0.06	0.97	1.49	0.07	2.37	0.17	2.99	98.5740	1.57
2009-10-19	4.28	75.86	79.47	1.38	0.73	1.01	0.38	3.41	0.06	0.99	1.50	0.08	2.36	0.18	2.98	98.6342	1.63
2009-10-20	4.31	76.51	78.87	1.37	0.73	1.01	0.39	3.35	0.05	0.95	1.44	0.08	2.30	0.17	2.93	98.6734	1.57
2009-10-21	4.28	77.74	81.03	1.43	0.83	1.09	0.40	3.42	0.05	1.00	1.51	0.07	2.38	0.17	3.01	98.4979	1.55
2009-10-22	4.31	78.36	80.82	1.49	0.88	1.15	0.38	3.44	0.02	0.97	1.50	0.06	2.39	0.15	3.03	98.7046	1.51
2009-10-23	4.29	77.72	80.11	1.51	0.90	1.17	0.40	3.51	0.02	1.04	1.57	0.07	2.46	0.18	3.10	98.7275	1.56
2009-10-26	4.26	76.45	78.61	1.59	0.93	1.22	0.41	3.59	0.04	1.06	1.61	0.08	2.53	0.18	3.17	98.8965	1.60
2009-10-27	4.32	76.69	79.45	1.49	0.80	1.11	0.39	3.49	0.05	0.99	1.51	0.08	2.41	0.17	3.05	99.3607	1.61
2009-10-28	4.38	75.11	77.39	1.48	0.80	1.10	0.39	3.44	0.04	0.95	1.47	0.07	2.37	0.17	3.01	99.5993	1.57
2009-10-29	4.38	77.18	79.84	1.50	0.80	1.11	0.40	3.53	0.02	0.98	1.52	0.06	2.44	0.17	3.12	99.3078	1.64
2009-10-30	4.44	74.91	77.04	1.41	0.70	1.01	0.37	3.41	0.01	0.90	1.43	0.05	2.31	0.16	2.98	99.2753	1.61
2009-10-31	4.36																
2009-11-02	4.36	75.56	78.08	1.41	0.70	1.01	0.38	3.45	0.03	0.92	1.44	0.06	2.33	0.17	3.00	99.1678	1.63
2009-11-03	4.36	75.68	79.58	1.45	0.73	1.06	0.38	3.50	0.04	0.92	1.46	0.06	2.36	0.17	3.05	99.7421	1.63
2009-11-04	4.36	78.21	80.30	1.45	0.69	1.03	0.36	3.57	0.05	0.91	1.46	0.05	2.39	0.16	3.09	99.3733	1.70
2009-11-05	4.38	78.02	79.64	1.41	0.64	0.98	0.36	3.57	0.06	0.90	1.44	0.04	2.35	0.16	3.06	99.4468	1.71
2009-11-06	4.39	75.51	77.40	1.37	0.60	0.94	0.34	3.54	0.06	0.86	1.40	0.06	2.30	0.16	3.02	99.4053	1.70
2009-11-09	4.38	77.18	79.44	1.30	0.52	0.87	0.34	3.52	0.06	0.87	1.40	0.07	2.31	0.17	3.01	98.9768	1.79
2009-11-10	4.33	77.07	79.01	1.31	0.53	0.88	0.33	3.50	0.06	0.85	1.39	0.07	2.31	0.16	3.01	98.9418	1.78
2009-11-11	4.33	76.99	79.16	.	.	.	.	.	.	.	.	.	.	.	.	.	.
2009-11-12	4.33	75.18	77.25	1.33	0.55	0.90	0.32	3.45	0.06	0.82	1.36	0.07	2.28	0.16	2.98	99.0627	1.73
2009-11-13	4.30	74.81	76.34	1.31	0.55	0.89	0.32	3.43	0.05	0.82	1.34	0.06	2.28	0.17	2.97	98.5806	1.73
2009-11-16	4.32	77.14	78.91	1.21	0.46	0.80	0.31	3.33	0.05	0.78	1.28	0.07	2.19	0.17	2.87	98.3068	1.73
2009-11-17	4.30	77.36	79.08	1.20	0.45	0.79	0.32	3.33	0.05	0.78	1.28	0.06	2.19	0.16	2.87	98.5739	1.74
2009-11-18	4.27	78.64	79.55	1.21	0.41	0.77	0.29	3.36	0.04	0.77	1.27	0.04	2.21	0.15	2.90	98.2726	1.80
2009-11-19	4.26	76.45	77.47	1.21	0.40	0.77	0.27	3.35	0.03	0.73	1.24	0.02	2.18	0.14	2.88	98.7318	1.78
2009-11-20	4.25	75.61	76.83	1.21	0.40	0.76	0.27	3.36	0.04	0.75	1.25	0.02	2.20	0.13	2.90	98.7830	1.80
2009-11-23	4.25	78.14	76.49	1.20	0.38	0.75	0.29	3.37	0.05	0.77	1.28	0.05	2.20	0.14	2.90	98.4632	1.82
2009-11-24	4.28	75.35	74.88	1.21	0.34	0.74	0.28	3.32	0.06	0.73	1.22	0.05	2.15	0.14	2.82	98.3704	1.81
2009-11-25	4.31	76.57	77.25	1.16	0.30	0.69	0.26	3.28	0.07	0.73	1.23	0.05	2.11	0.14	2.78	98.1255	1.81
2009-11-26	4.34	.	.	.	.	.	.	.	.	.	.	.	.	.	.	.	.
2009-11-27	4.40	76.00	75.95	1.15	0.29	0.68	0.26	3.21	0.06	0.68	1.15	0.03	2.03	0.14	2.71	98.5753	1.74
2009-11-30	4.60	77.77	77.19	1.13	0.26	0.65	0.27	3.21	0.08	0.67	1.12	0.06	2.01	0.15	2.69	98.5505	1.75
2009-12-01	4.57	78.68	78.39	1.14	0.23	0.65	0.26	3.28	0.09	0.67	1.14	0.06	2.03	0.15	2.74	98.2149	1.80
2009-12-02	4.52	76.96	76.62	1.18	0.27	0.68	0.28	3.32	0.08	0.72	1.19	0.05	2.09	0.15	2.80	98.0427	1.82
2009-12-03	4.48	77.76	76.42	1.24	0.32	0.73	0.30	3.39	0.09	0.74	1.23	0.06	2.14	0.16	2.87	97.6998	1.82
2009-12-04	4.41	77.74	75.41	1.34	0.43	0.85	0.36	3.48	0.08	0.84	1.34	0.06	2.24	0.17	2.97	97.8153	1.81
2009-12-07	4.41	76.18	73.89	1.31	0.38	0.81	0.32	3.44	0.07	0.78	1.26	0.04	2.19	0.16	2.92	97.9732	1.81
2009-12-08	4.46	74.93	72.59	1.31	0.37	0.80	0.29	3.40	0.02	0.73	1.21	0.03	2.12	0.15	2.86	98.4293	1.75
2009-12-09	4.47	73.63	70.67	1.36	0.44	0.86	0.31	3.45	0.01	0.76	1.23	0.03	2.15	0.14	2.89	98.7294	1.71
2009-12-10	4.44	70.91	70.54	1.40	0.46	0.89	0.32	3.49	0.01	0.78	1.26	0.02	2.19	0.15	2.95	98.7717	1.73
2009-12-11	4.41	70.07	69.86	1.41	0.47	0.90	0.35	3.55	0.01	0.83	1.30	0.03	2.26	0.16	3.02	98.6195	1.79
2009-12-14	4.35	71.19	69.48	1.37	0.46	0.88	0.37	3.56	0.02	0.87	1.35	0.04	2.30	0.16	3.04	98.2957	1.84
2009-12-15	4.32	71.33	70.62	1.37	0.45	0.87	0.41	3.60	0.02	0.88	1.38	0.05	2.35	0.17	3.08	98.2131	1.90
2009-12-16	4.30	73.34	72.64	1.34	0.42	0.84	0.38	3.61	0.02	0.85	1.36	0.04	2.35	0.17	3.09	98.2353	1.93
2009-12-17	4.34	71.28	72.58	1.28	0.36	0.78	0.35	3.50	0.01	0.77	1.27	0.04	2.24	0.15	2.97	99.0267	1.88
2009-12-18	4.30	71.87	73.30	1.31	0.38	0.81	0.36	3.55	0.01	0.82	1.32	0.05	2.30	0.16	3.04	98.8459	1.92
2009-12-21	4.24	72.74	72.71	1.39	0.45	0.88	0.40	3.69	0.01	0.89	1.42	0.08	2.43	0.17	3.18	.	1.98
2009-12-22	4.21	71.64	73.48	1.43	0.48	0.92	0.41	3.76	0.01	0.95	1.48	0.08	2.49	0.18	3.24	99.0510	2.01
2009-12-23	4.20	73.87	76.03	1.46	0.49	0.94	0.41	3.77	0.01	0.96	1.51	0.07	2.51	0.17	3.26	98.8748	2.02
2009-12-24	4.16	75.15	76.83	1.50	0.52	0.98	0.43	3.82	0.02	1.00	1.56	0.05	2.57	0.18	3.32	98.7540	2.05
2009-12-25	.	.	.	.	.	.	.	.	.	.	.	.	.	.	.	.	.
2009-12-28	4.13	76.59	78.67	1.50	0.54	0.99	0.47	3.85	0.03	1.09	1.63	0.11	2.62	0.20	3.34	98.7343	2.08
2009-12-29	4.10	76.65	78.87	1.46	0.52	0.96	0.47	3.82	0.02	1.09	1.64	0.10	2.62	0.20	3.33	99.0267	2.10
2009-12-30	4.12	77.62	79.35	1.44	0.50	0.95	0.45	3.80	0.02	1.08	1.65	0.05	2.61	0.19	3.34	98.9685	2.11
2009-12-31	4.11	77.91	79.39	1.48	0.56	1.00	0.47	3.85	0.04	1.14	1.70	0.06	2.69	0.20	3.39	98.8726	2.13
2010-01-01	.	.	.	.	.	.	.	.	.	.	.	.	.	.	.	.	.
2010-01-04	4.11	79.05	81.52	1.47	0.52	0.97	0.45	3.85	0.05	1.09	1.66	0.08	2.65	0.18	3.36	98.2837	2.13
2010-01-05	4.07	79.27	81.74	1.43	0.44	0.91	0.41	3.77	0.03	1.01	1.57	0.07	2.56	0.17	3.28	98.0552	2.12
2010-01-06	3.99	80.14	83.12	1.48	0.44	0.94	0.40	3.85	0.03	1.01	1.60	0.06	2.60	0.15	3.33	97.7616	2.16
2010-01-07	3.96	80.57	82.60	1.44	0.43	0.91	0.40	3.85	0.02	1.03	1.62	0.05	2.62	0.16	3.33	97.8286	2.19
2010-01-08	3.92	80.06	82.74	1.41	0.39	0.88	0.37	3.83	0.02	0.96	1.56	0.05	2.57	0.15	3.31	97.6711	2.18
2010-01-11	3.87	80.14	82.54	1.47	0.46	0.88	0.35	3.85	0.01	0.95	1.55	0.04	2.58	0.13	3.32	97.3603	2.12
2010-01-12	3.89	79.38	80.79	1.35	0.34	0.78	0.34	3.74	0.02	0.92	1.50	0.05	2.49	0.14	3.22	97.5291	2.15
2010-01-13	3.86	77.57	79.66	1.43	0.42	0.86	0.37	3.80	0.02	0.97	1.54	0.06	2.55	0.15	3.28	97.6616	2.13
2010-01-14	3.86	77.61	79.35	1.40	0.39	0.84	0.34	3.76	0.02	0.94	1.49	0.05	2.51	0.14	3.23	97.6073	2.12
2010-01-15	3.89	76.85	77.96	1.34	0.34	0.78	0.33	3.70	0.03	0.89	1.44	0.06	2.44	0.15	3.17	97.5814	2.10
2010-01-18	3.88	.	.	.	.	.	.	.	.	.	.	.	.	.	.	.	.
2010-01-19	3.87	75.18	78.98	1.35	0.39	0.77	0.33	3.73	0.03	0.93	1.48	0.06	2.48	0.14	3.20	97.6003	2.09
2010-01-20	3.90	75.09	77.42	1.31	0.36	0.74	0.31	3.68	0.03	0.92	1.46	0.05	2.45	0.14	3.16	98.0417	2.09
2010-01-21	3.95	74.13	75.84	1.29	0.40	0.83	0.31	3.62	0.02	0.87	1.41	0.06	2.38	0.14	3.09	98.1354	1.98
2010-01-22	3.99	72.73	74.25	1.31	0.42	0.84	0.30	3.62	0.02	0.84	1.39	0.06	2.37	0.14	3.09	98.6154	1.95
2010-01-25	4.01	72.18	74.90	1.33	0.42	0.85	0.30	3.66	0.02	0.86	1.40	0.06	2.39	0.14	3.12	98.5159	1.97
2010-01-26	4.01	72.63	74.67	1.31	0.41	0.83	0.32	3.65	0.02	0.87	1.40	0.07	2.38	0.14	3.11	98.8736	1.97
2010-01-27	4.00	72.75	73.64	1.35	0.47	0.89	0.33	3.66	0.01	0.90	1.46	0.08	2.43	0.16	3.14	98.8923	1.96
2010-01-28	4.01	70.65	73.62	1.35	0.47	0.89	0.31	3.68	0.01	0.87	1.44	0.08	2.41	0.15	3.15	98.8227	1.94
2010-01-29	4.02	71.20	72.85	1.30	0.43	0.85	0.30	3.63	0.02	0.82	1.38	0.08	2.34	0.15	3.08	99.0731	1.91
2010-01-31	4.04																
2010-02-01	4.04	71.58	74.41	1.29	0.39	0.81	0.33	3.68	0.05	0.86	1.41	0.10	2.38	0.17	3.12	98.9768	1.99
2010-02-02	4.04	73.94	77.21	1.26	0.35	0.79	0.33	3.67	0.04	0.86	1.41	0.10	2.37	0.17	3.11	98.6603	2.02
2010-02-03	4.01	75.77	76.96	1.30	0.35	0.80	0.35	3.73	0.05	0.88	1.44	0.10	2.40	0.17	3.16	98.8067	2.05
2010-02-04	4.06	71.30	73.13	1.27	0.30	0.75	0.32	3.62	0.04	0.80	1.34	0.09	2.29	0.16	3.06	99.2497	1.99
2010-02-05	4.13	70.11	71.15	1.32	0.34	0.80	0.31	3.59	0.03	0.77	1.28	0.10	2.23	0.17	3.00	99.6989	1.89
2010-02-08	4.14	69.62	71.87	1.35	0.35	0.81	0.32	3.62	0.04	0.79	1.30	0.12	2.26	0.17	3.03	.	1.91
2010-02-09	4.17	70.40	73.71	1.37	0.38	0.85	0.34	3.67	0.05	0.84	1.37	0.12	2.32	0.18	3.08	.	1.94
2010-02-10	4.14	70.40	74.48	1.44	0.42	0.89	0.38	3.72	0.06	0.91	1.44	0.11	2.39	0.19	3.14	.	1.97
2010-02-11	4.12	72.35	75.23	1.47	0.43	0.92	0.38	3.73	0.05	0.91	1.43	0.11	2.39	0.18	3.15	.	1.96
2010-02-12	4.13	71.49	74.11	1.46	0.39	0.88	0.35	3.69	0.04	0.84	1.38	0.10	2.35	0.18	3.11	99.0317	1.96
2010-02-15	4.13	.	.	.	.	.	.	.	.	.	.	.	.	.	.	.	.
2010-02-16	4.14	74.82	76.98	1.42	0.37	0.87	0.34	3.66	0.04	0.82	1.36	0.10	2.32	0.18	3.08	98.6203	1.95
2010-02-17	4.11	74.89	77.27	1.46	0.39	0.88	0.35	3.74	0.07	0.87	1.42	0.10	2.40	0.18	3.16	98.5988	2.01
2010-02-18	4.06	76.61	78.97	1.48	0.44	0.95	0.37	3.79	0.07	0.90	1.47	0.10	2.46	0.18	3.23	98.5685	2.02
2010-02-19	4.03	76.88	79.77	1.52	0.51	1.01	0.39	3.78	0.06	0.95	1.51	0.11	2.48	0.20	3.24	98.5636	1.97
2010-02-22	4.03	76.95	80.04	1.55	0.55	1.09	0.37	3.80	0.06	0.91	1.48	0.11	2.47	0.19	3.25	98.4211	1.92
2010-02-23	4.03	76.44	78.61	1.50	0.47	1.00	0.36	3.69	0.08	0.87	1.42	0.12	2.37	0.20	3.13	98.6388	1.90
2010-02-24	4.01	77.00	79.75	1.51	0.50	1.03	0.34	3.70	0.08	0.87	1.42	0.12	2.40	0.19	3.14	98.6388	1.90
2010-02-25	4.03	74.38	77.99	1.51	0.50	1.03	0.32	3.64	0.09	0.82	1.38	0.13	2.33	0.19	3.09	98.7967	1.83
2010-02-26	3.99	76.36	79.72	1.48	0.47	0.99	0.32	3.61	0.09	0.81	1.36	0.13	2.30	0.19	3.05	98.4010	1.83
2010-02-28	3.99																
2010-03-01	3.98	76.07	78.71	1.46	0.45	0.98	0.32	3.61	0.09	0.80	1.34	0.13	2.28	0.19	3.04	98.2794	1.83
2010-03-02	3.93	77.50	79.62	1.46	0.44	0.98	0.32	3.62	0.09	0.80	1.33	0.14	2.27	0.19	3.04	98.1065	1.83
2010-03-03	3.90	78.66	80.91	1.46	0.43	0.97	0.33	3.63	0.09	0.82	1.34	0.14	2.27	0.19	3.04	97.9064	1.84
2010-03-04	3.89	77.88	80.21	1.44	0.44	0.96	0.35	3.61	0.09	0.86	1.38	0.14	2.28	0.19	3.03	98.0562	1.84
2010-03-05	3.82	79.20	81.50	1.48	0.46	1.00	0.38	3.69	0.11	0.91	1.43	0.15	2.35	0.20	3.10	97.7994	1.89
2010-03-08	3.76	78.94	81.85	1.49	0.49	1.03	0.39	3.72	0.11	0.90	1.43	0.16	2.36	0.21	3.13	97.7411	1.87
2010-03-09	3.72	78.77	81.50	1.48	0.46	0.99	0.37	3.71	0.12	0.89	1.43	0.16	2.34	0.21	3.11	97.7042	1.88
2010-03-10	3.65	80.29	82.07	1.49	0.48	1.01	0.39	3.73	0.12	0.92	1.45	0.15	2.39	0.21	3.14	97.4983	1.91
2010-03-11	3.62	79.44	82.10	1.49	0.54	1.06	0.40	3.73	0.12	0.97	1.50	0.16	2.43	0.22	3.16	97.5586	1.89
2010-03-12	3.60	79.38	81.26	1.45	0.49	1.01	0.41	3.71	0.10	0.97	1.50	0.15	2.42	0.24	3.15	97.3332	1.93
2010-03-15	3.58	77.08	79.79	1.46	0.49	1.02	0.40	3.71	0.12	0.96	1.49	0.17	2.42	0.24	3.15	97.4779	1.93
2010-03-16	3.58	79.45	81.75	1.42	0.45	0.98	0.41	3.66	0.14	0.93	1.47	0.16	2.37	0.24	3.10	97.3550	1.92
2010-03-17	3.55	80.28	82.93	1.40	0.42	0.95	0.41	3.65	0.13	0.95	1.47	0.15	2.38	0.23	3.10	97.1966	1.96
2010-03-18	3.52	80.09	82.16	1.45	0.52	1.03	0.41	3.68	0.14	0.98	1.52	0.16	2.44	0.26	3.14	97.2882	1.92
2010-03-19	3.49	78.37	80.58	1.50	0.62	1.11	0.42	3.70	0.13	1.02	1.56	0.16	2.48	0.25	3.16	97.5002	1.86
2010-03-22	3.50	78.09	81.26	1.48	0.61	1.10	0.41	3.67	0.13	1.01	1.54	0.15	2.43	0.24	3.12	97.7042	1.82
2010-03-23	3.49	79.17	81.68	1.49	0.64	1.12	0.40	3.69	0.11	1.02	1.55	0.14	2.44	0.23	3.13	97.4772	1.80
2010-03-24	3.42	78.03	80.29	1.60	0.73	1.21	0.44	3.84	0.12	1.08	1.67	0.14	2.62	0.23	3.28	97.5525	1.89
2010-03-25	3.38	78.64	80.25	1.65	0.78	1.28	0.44	3.91	0.12	1.10	1.69	0.14	2.65	0.25	3.37	97.5347	1.87
2010-03-26	3.39	77.98	79.75	1.62	0.73	1.24	0.43	3.86	0.11	1.04	1.64	0.14	2.59	0.25	3.31	97.6182	1.86
2010-03-29	3.38	79.89	81.92	1.66	0.75	1.25	0.42	3.88	0.11	1.04	1.65	0.15	2.60	0.24	3.32	97.2987	1.85
2010-03-30	3.37	79.46	82.14	1.66	0.77	1.28	0.44	3.88	0.13	1.06	1.65	0.16	2.60	0.24	3.32	97.1493	1.83
2010-03-31	3.36	80.37	83.45	1.60	0.72	1.23	0.41	3.84	0.15	1.02	1.60	0.16	2.55	0.24	3.28	96.8482	1.83
2010-04-01	3.34	82.63	84.53	1.61	0.74	1.26	0.42	3.89	0.16	1.05	1.63	0.16	2.59	0.24	3.32	96.7405	1.85
2010-04-02	.	.	.	1.69	0.81	1.33	0.46	3.96	0.15	1.11	1.70	0.16	2.67	0.26	3.40	96.6935	1.86
2010-04-05	3.27	84.48	86.36	1.70	0.83	1.34	0.48	4.01	0.16	1.18	1.77	0.18	2.75	0.27	3.46	96.5576	1.92
2010-04-06	3.24	85.05	86.54	1.68	0.68	1.15	0.49	3.98	0.17	1.14	1.74	0.17	2.71	0.26	3.42	96.4971	2.03
2010-04-07	3.27	84.49	85.64	1.55	0.58	1.07	0.47	3.89	0.16	1.06	1.66	0.17	2.62	0.25	3.33	96.4393	2.04
2010-04-08	3.28	82.63	85.17	1.58	0.69	1.21	0.46	3.91	0.16	1.09	1.68	0.17	2.64	0.24	3.36	96.4881	1.95
2010-04-09	3.24	82.77	84.60	1.56	0.68	1.20	0.46	3.90	0.16	1.08	1.68	0.16	2.65	0.25	3.34	96.2353	1.97
2010-04-12	3.26	85.21	84.07	1.52	0.65	1.17	0.46	3.87	0.15	1.07	1.65	0.16	2.60	0.24	3.29	96.2181	1.95
2010-04-13	3.25	83.44	83.80	1.50	0.65	1.15	0.45	3.84	0.15	1.07	1.65	0.16	2.58	0.24	3.27	96.3552	1.93
2010-04-14	3.19	85.81	85.62	1.54	0.66	1.18	0.45	3.88	0.15	1.07	1.65	0.16	2.61	0.24	3.31	96.1163	1.95
2010-04-15	3.17	86.90	85.25	1.49	0.61	1.12	0.43	3.86	0.16	1.04	1.62	0.16	2.57	0.23	3.28	96.1220	1.96
2010-04-16	3.20	84.81	82.97	1.46	0.59	1.11	0.41	3.79	0.15	0.98	1.56	0.16	2.49	0.24	3.20	96.3255	1.90
2010-04-19	3.18	83.09	81.52	1.49	0.63	1.15	0.43	3.83	0.15	1.01	1.59	0.16	2.54	0.23	3.25	96.6421	1.91
2010-04-20	3.17	84.73	82.98	1.47	0.60	1.10	0.42	3.82	0.14	1.05	1.62	0.16	2.56	0.24	3.25	96.3199	1.96
2010-04-21	3.18	84.55	82.78	1.42	0.57	1.06	0.44	3.77	0.14	1.03	1.60	0.15	2.52	0.23	3.20	96.1677	1.95
2010-04-22	3.17	84.58	82.89	1.46	0.62	1.11	0.45	3.80	0.15	1.07	1.64	0.16	2.57	0.24	3.26	96.4015	1.95
2010-04-23	3.15	86.09	84.34	1.47	0.62	1.11	0.46	3.84	0.14	1.10	1.68	0.16	2.61	0.26	3.30	96.2235	1.99
2010-04-26	3.16	86.72	84.20	1.46	0.60	1.05	0.47	3.83	0.14	1.09	1.67	0.16	2.60	0.25	3.28	96.0057	2.00
2010-04-27	3.23	85.59	82.43	1.37	0.46	0.85	0.42	3.71	0.14	1.03	1.55	0.16	2.46	0.24	3.14	96.3945	2.00
2010-04-28	3.25	84.59	83.22	1.40	0.53	1.00	0.43	3.80	0.14	1.03	1.61	0.16	2.53	0.24	3.23	96.8038	2.00
2010-04-29	3.31	86.82	85.17	1.31	0.43	0.76	0.42	3.76	0.15	1.01	1.58	0.17	2.49	0.23	3.19	96.2568	2.06
2010-04-30	3.29	86.19	86.07	1.29	0.42	0.75	0.41	3.69	0.14	0.97	1.51	0.16	2.43	0.25	3.12	96.1307	2.01
2010-05-03	3.27	88.09	86.19	1.32	0.47	0.93	0.43	3.72	0.14	1.00	1.56	0.17	2.47	0.25	3.16	96.3874	2.00
2010-05-04	3.31	85.39	82.73	1.31	0.44	0.90	0.43	3.63	0.15	0.96	1.49	0.16	2.38	0.24	3.07	96.7844	1.94
2010-05-05	3.45	82.31	80.00	1.30	0.42	0.90	0.39	3.58	0.14	0.88	1.43	0.15	2.31	0.22	3.00	97.4181	1.89
2010-05-06	3.64	80.21	77.18	1.25	0.34	0.82	0.34	3.41	0.06	0.75	1.27	0.11	2.13	0.16	2.83	98.3076	1.79
2010-05-07	3.85	76.48	75.10	1.30	0.42	0.89	0.38	3.45	0.08	0.83	1.32	0.13	2.17	0.21	2.87	98.3918	1.75
2010-05-10	3.70	78.08	76.89	1.33	0.42	0.90	0.39	3.57	0.13	0.87	1.40	0.16	2.27	0.22	2.98	97.2314	1.85
2010-05-11	3.70	79.00	76.37	1.31	0.40	0.88	0.38	3.56	0.15	0.85	1.37	0.16	2.26	0.23	2.97	97.2796	1.86
2010-05-12	3.66	78.70	75.65	1.28	0.37	0.84	0.40	3.56	0.16	0.89	1.40	0.16	2.29	0.22	3.01	97.1851	1.92
2010-05-13	3.64	79.41	74.38	1.28	0.38	0.86	0.40	3.55	0.15	0.87	1.37	0.16	2.27	0.22	2.98	96.9140	1.89
2010-05-14	3.69	76.43	71.61	1.26	0.33	0.81	0.34	3.44	0.15	0.79	1.28	0.16	2.16	0.22	2.87	97.5271	1.83
2010-05-17	3.71	73.87	70.08	1.31	0.39	0.87	0.36	3.47	0.16	0.81	1.30	0.16	2.20	0.23	2.90	98.1037	1.81
2010-05-18	3.75	75.12	69.38	1.25	0.34	0.82	0.35	3.38	0.17	0.76	1.23	0.17	2.11	0.23	2.82	97.7403	1.77
2010-05-19	3.88	71.86	69.91	1.32	0.43	0.89	0.35	3.36	0.17	0.80	1.26	0.17	2.13	0.23	2.82	98.8487	1.70
2010-05-20	4.02	69.56	68.28	1.36	0.46	0.92	0.34	3.25	0.17	0.76	1.20	0.17	2.04	0.22	2.71	99.6410	1.58
2010-05-21	4.15	70.45	68.03	1.33	0.41	0.78	0.35	3.20	0.17	0.76	1.19	0.17	2.02	0.24	2.67	99.2769	1.61
2010-05-24	4.17	69.62	68.23	1.35	0.42	0.79	0.35	3.23	0.16	0.77	1.21	0.17	2.04	0.23	2.69	99.3433	1.62
2010-05-25	4.35	67.18	64.78	1.33	0.44	0.84	0.36	3.18	0.16	0.81	1.21	0.17	2.01	0.22	2.63	100.2312	1.57
2010-05-26	4.33	70.59	71.52	1.30	0.44	0.83	0.37	3.21	0.16	0.82	1.28	0.17	2.06	0.23	2.68	99.7116	1.62
2010-05-27	4.21	73.56	74.56	1.33	0.46	0.85	0.37	3.34	0.16	0.87	1.35	0.17	2.18	0.23	2.81	99.0738	1.72
2010-05-28	4.18	73.00	74.00	1.32	0.41	0.81	0.34	3.31	0.15	0.76	1.26	0.16	2.10	0.22	2.75	98.8593	1.69
2010-05-31	4.22	.	.	.	.	.	.	.	.	.	.	.	.	.	.	.	.
2010-06-01	4.25	73.08	72.70	1.32	0.41	0.82	0.35	3.29	0.14	0.78	1.26	0.16	2.09	0.23	2.74	99.3003	1.68
2010-06-02	4.20	72.78	72.88	1.36	0.43	0.85	0.38	3.35	0.13	0.82	1.30	0.16	2.14	0.22	2.81	99.1151	1.71
2010-06-03	4.13	73.12	74.62	1.34	0.40	0.82	0.38	3.39	0.13	0.82	1.31	0.14	2.17	0.22	2.84	98.7157	1.77
2010-06-04	4.23	71.84	71.43	1.26	0.32	0.75	0.34	3.20	0.12	0.72	1.17	0.14	1.98	0.22	2.65	99.1556	1.66
2010-06-07	4.28	71.09	71.55	1.25	0.31	0.74	0.35	3.17	0.10	0.74	1.17	0.12	1.95	0.21	2.62	99.6077	1.64
2010-06-08	4.32	71.43	71.88	1.29	0.36	0.79	0.34	3.18	0.10	0.74	1.21	0.12	1.98	0.19	2.63	99.5642	1.62
2010-06-09	4.28	73.68	74.38	1.28	0.36	0.78	0.33	3.20	0.08	0.74	1.19	0.10	1.99	0.17	2.64	99.3209	1.63
2010-06-10	4.21	74.33	75.48	1.35	0.44	0.86	0.34	3.33	0.06	0.79	1.27	0.10	2.12	0.18	2.78	99.0836	1.68
2010-06-11	4.24	73.28	73.89	1.29	0.38	0.80	0.30	3.24	0.04	0.75	1.21	0.08	2.03	0.16	2.68	98.8984	1.65
2010-06-14	4.17	75.11	74.99	1.31	0.38	0.80	0.31	3.28	0.02	0.77	1.23	0.07	2.07	0.15	2.73	98.4562	1.69
2010-06-15	4.13	75.29	76.84	1.32	0.42	0.83	0.31	3.32	0.03	0.79	1.26	0.09	2.10	0.16	2.77	98.4433	1.68
2010-06-16	4.09	76.12	77.67	1.28	0.39	0.80	0.30	3.27	0.06	0.75	1.22	0.10	2.06	0.17	2.73	98.3068	1.67
2010-06-17	4.10	77.52	76.82	1.22	0.33	0.74	0.28	3.21	0.05	0.72	1.18	0.09	2.01	0.16	2.67	98.2534	1.68
2010-06-18	4.04	77.05	77.18	1.25	0.35	0.76	0.30	3.24	0.04	0.74	1.20	0.11	2.04	0.17	2.70	98.0022	1.69
2010-06-21	3.95	78.53	77.84	1.24	0.34	0.75	0.29	3.26	0.05	0.74	1.21	0.12	2.05	0.17	2.72	97.2732	1.71
2010-06-22	3.98	78.08	77.15	1.20	0.30	0.71	0.29	3.18	0.08	0.71	1.15	0.13	1.98	0.18	2.64	97.6900	1.68
2010-06-23	4.01	75.22	75.90	1.19	0.29	0.70	0.30	3.13	0.07	0.66	1.11	0.13	1.93	0.19	2.58	98.0828	1.64
2010-06-24	4.05	75.17	75.96	1.23	0.33	0.74	0.29	3.14	0.07	0.67	1.10	0.13	1.93	0.19	2.59	98.2501	1.60
2010-06-25	4.07	76.21	78.45	1.21	0.29	0.72	0.29	3.12	0.05	0.65	1.07	0.13	1.90	0.20	2.57	98.2994	1.61
2010-06-28	4.10	76.66	78.26	1.17	0.26	0.67	0.30	3.05	0.07	0.62	1.03	0.17	1.83	0.22	2.49	98.1081	1.57
2010-06-29	4.14	74.21	75.93	1.14	0.24	0.65	0.31	2.97	0.09	0.61	0.99	0.15	1.78	0.22	2.43	98.7716	1.54
2010-06-30	4.14	74.94	75.59	1.15	0.25	0.66	0.32	2.97	0.17	0.61	1.00	0.18	1.79	0.22	2.42	98.6921	1.54
2010-07-01	4.15	71.73	72.95	1.21	0.32	0.72	0.32	2.96	0.16	0.63	1.01	0.17	1.80	0.22	2.43	99.1001	1.48
2010-07-02	4.15	71.75	72.06	1.27	0.34	0.77	0.31	3.00	0.16	0.63	1.04	0.17	1.82	0.22	2.46	99.0541	1.48
2010-07-05	4.15	.	.	.	.	.	.	.	.	.	.	.	.	.	.	.	.
2010-07-06	4.14	73.08	71.96	1.26	0.35	0.77	0.32	2.95	0.17	0.62	1.00	0.17	1.76	0.21	2.40	98.6934	1.41
2010-07-07	4.12	72.97	74.05	1.30	0.39	0.81	0.31	3.00	0.17	0.63	1.01	0.16	1.79	0.20	2.45	98.6907	1.40
2010-07-08	4.06	74.56	75.46	1.25	0.37	0.74	0.30	3.04	0.17	0.63	1.01	0.15	1.80	0.19	2.48	98.3107	1.43
2010-07-09	4.01	75.20	76.08	1.26	0.38	0.76	0.30	3.07	0.16	0.63	1.03	0.16	1.85	0.20	2.52	98.1600	1.47
2010-07-12	3.98	74.35	74.93	1.26	0.37	0.75	0.30	3.08	0.16	0.65	1.06	0.16	1.85	0.20	2.51	98.3031	1.48
2010-07-13	3.91	76.45	77.16	1.28	0.39	0.77	0.30	3.15	0.16	0.67	1.09	0.15	1.90	0.20	2.57	98.0685	1.51
2010-07-14	3.90	76.63	77.02	1.23	0.34	0.72	0.27	3.07	0.16	0.62	1.02	0.15	1.82	0.19	2.49	97.9955	1.48
2010-07-15	3.92	75.52	76.67	1.21	0.33	0.71	0.27	3.00	0.16	0.61	0.98	0.15	1.76	0.20	2.43	98.1404	1.43
2010-07-16	3.95	75.55	75.96	1.25	0.34	0.73	0.28	2.96	0.14	0.61	0.94	0.15	1.70	0.19	2.37	98.4934	1.36
2010-07-19	3.94	76.29	76.53	1.29	0.39	0.77	0.28	2.99	0.15	0.61	0.95	0.17	1.73	0.20	2.40	98.6444	1.34
2010-07-20	3.96	76.31	77.32	1.28	0.39	0.77	0.27	2.98	0.16	0.61	0.94	0.16	1.71	0.19	2.39	98.4352	1.32
2010-07-21	3.93	75.75	76.27	1.19	0.32	0.70	0.27	2.90	0.16	0.58	0.91	0.16	1.66	0.19	2.32	98.2470	1.34
2010-07-22	3.89	77.59	79.01	1.21	0.32	0.70	0.27	2.96	0.15	0.60	0.92	0.16	1.69	0.20	2.38	98.1343	1.37
2010-07-23	3.84	77.27	78.68	1.24	0.36	0.73	0.27	3.02	0.15	0.60	0.94	0.16	1.75	0.20	2.43	98.0980	1.39
2010-07-26	3.80	77.90	78.93	1.24	0.36	0.73	0.29	3.03	0.15	0.62	0.97	0.16	1.76	0.20	2.45	97.8965	1.40
2010-07-27	3.75	75.52	77.46	1.26	0.38	0.75	0.30	3.08	0.16	0.65	1.02	0.15	1.82	0.21	2.51	97.6131	1.44
2010-07-28	3.72	76.66	77.06	1.22	0.29	0.69	0.30	3.03	0.15	0.61	0.95	0.15	1.75	0.20	2.43	97.7313	1.46
2010-07-29	3.72	78.60	78.30	1.21	0.25	0.66	0.30	3.03	0.15	0.59	0.92	0.15	1.70	0.20	2.40	97.7778	1.45
2010-07-30	3.76	77.50	78.85	1.14	0.17	0.59	0.29	2.94	0.14	0.55	0.84	0.15	1.60	0.20	2.30	97.5311	1.43
2010-07-31	3.74																
2010-08-02	3.72	81.93	81.25	1.13	0.14	0.56	0.28	2.99	0.14	0.56	0.85	0.16	1.64	0.20	2.35	97.1704	1.50
2010-08-03	3.70	83.60	82.52	1.07	0.04	0.48	0.27	2.94	0.15	0.53	0.80	0.16	1.55	0.20	2.27	97.1491	1.51
2010-08-04	3.67	83.76	82.49	1.12	0.12	0.54	0.28	2.98	0.15	0.56	0.86	0.16	1.62	0.20	2.33	97.0889	1.50
2010-08-05	3.67	82.90	82.00	1.07	0.07	0.49	0.27	2.94	0.15	0.53	0.81	0.15	1.57	0.19	2.28	97.0488	1.50
2010-08-06	3.69	81.28	80.67	1.04	0.05	0.47	0.25	2.86	0.14	0.50	0.78	0.15	1.51	0.19	2.21	97.1803	1.46
2010-08-09	3.66	81.54	81.46	1.04	0.06	0.47	0.26	2.86	0.14	0.54	0.81	0.15	1.54	0.19	2.21	97.0815	1.48
2010-08-10	3.67	79.89	80.24	0.95	-0.02	0.39	0.25	2.79	0.15	0.52	0.78	0.15	1.46	0.19	2.14	97.3829	1.48
2010-08-11	3.71	77.83	78.09	0.95	0.01	0.41	0.25	2.72	0.15	0.54	0.78	0.15	1.44	0.19	2.08	97.6594	1.43
2010-08-12	3.71	76.63	75.68	1.05	0.13	0.52	0.25	2.74	0.15	0.55	0.81	0.16	1.48	0.18	2.11	97.7359	1.35
2010-08-13	3.71	75.14	75.39	1.00	0.13	0.50	0.26	2.68	0.14	0.54	0.81	0.15	1.47	0.19	2.07	97.7908	1.34
2010-08-16	3.72	74.56	75.17	0.95	0.11	0.47	0.25	2.58	0.15	0.51	0.76	0.16	1.40	0.19	2.00	97.6706	1.29
2010-08-17	3.69	76.74	75.76	1.01	0.16	0.52	0.26	2.64	0.16	0.52	0.78	0.17	1.44	0.19	2.06	97.3139	1.28
2010-08-18	3.65	75.10	75.39	1.02	0.18	0.54	0.25	2.64	0.16	0.51	0.77	0.16	1.46	0.19	2.06	97.2706	1.28
2010-08-19	3.65	74.84	74.45	1.02	0.19	0.54	0.25	2.58	0.16	0.49	0.74	0.16	1.41	0.19	2.02	97.5762	1.22
2010-08-20	3.64	73.48	73.45	1.05	0.23	0.57	0.26	2.62	0.15	0.49	0.78	0.15	1.47	0.19	2.07	97.6966	1.24
2010-08-23	3.63	73.08	72.71	1.05	0.22	0.57	0.25	2.60	0.15	0.49	0.76	0.16	1.43	0.19	2.04	97.9573	1.21
2010-08-24	3.68	70.61	71.24	1.01	0.17	0.53	0.27	2.50	0.17	0.50	0.72	0.16	1.36	0.20	1.95	98.2088	1.19
2010-08-25	3.72	70.74	72.07	1.01	0.19	0.54	0.26	2.54	0.17	0.53	0.77	0.16	1.40	0.19	2.00	98.4662	1.21
2010-08-26	3.74	74.50	73.36	0.95	0.14	0.49	0.25	2.50	0.17	0.51	0.77	0.16	1.38	0.19	1.97	98.2427	1.24
2010-08-27	3.71	75.16	75.17	1.05	0.22	0.58	0.27	2.66	0.17	0.56	0.83	0.15	1.49	0.19	2.09	98.2825	1.27
2010-08-30	3.74	76.05	74.69	0.99	0.16	0.52	0.26	2.54	0.16	0.50	0.75	0.14	1.39	0.19	1.98	98.5651	1.23
2010-08-31	3.78	75.51	71.93	0.95	0.14	0.49	0.25	2.47	0.16	0.47	0.72	0.14	1.33	0.19	1.92	98.7096	1.19
2010-09-01	3.75	75.53	73.97	1.02	0.20	0.55	0.25	2.58	0.16	0.50	0.75	0.13	1.41	0.19	2.02	98.2610	1.21
2010-09-02	3.71	74.93	74.99	1.05	0.23	0.58	0.25	2.63	0.15	0.50	0.76	0.14	1.43	0.18	2.06	98.1806	1.20
2010-09-03	3.65	75.03	74.52	1.10	0.24	0.61	0.25	2.72	0.15	0.52	0.81	0.14	1.49	0.19	2.14	97.8363	1.25
2010-09-06	3.64	.	.	.	.	.	.	.	.	.	.	.	.	.	.	.	.
2010-09-07	3.67	75.78	73.98	0.98	0.17	0.52	0.25	2.61	0.13	0.49	0.77	0.14	1.41	0.18	2.04	98.1026	1.24
2010-09-08	3.65	77.48	74.65	1.02	0.23	0.56	0.24	2.66	0.10	0.52	0.80	0.14	1.46	0.19	2.09	97.9047	1.23
2010-09-09	3.62	77.87	74.25	1.05	0.28	0.60	0.26	2.77	0.10	0.57	0.87	0.14	1.57	0.19	2.20	97.7568	1.29
2010-09-10	3.58	77.54	76.40	1.02	0.25	0.57	0.27	2.81	0.10	0.58	0.88	0.14	1.59	0.19	2.24	97.5590	1.34
2010-09-13	3.58	78.52	77.17	0.94	0.17	0.49	0.26	2.74	0.10	0.53	0.82	0.15	1.51	0.19	2.15	97.2371	1.34
2010-09-14	3.60	78.89	76.78	0.93	0.15	0.46	0.26	2.68	0.11	0.50	0.77	0.15	1.43	0.20	2.09	97.0440	1.28
2010-09-15	3.59	78.46	75.92	0.97	0.17	0.50	0.26	2.74	0.11	0.50	0.77	0.15	1.46	0.20	2.13	97.0420	1.29
2010-09-16	3.57	78.89	74.58	1.00	0.19	0.52	0.25	2.77	0.12	0.48	0.77	0.16	1.48	0.20	2.17	97.1245	1.29
2010-09-17	3.57	77.43	73.63	1.00	0.21	0.54	0.26	2.75	0.12	0.48	0.75	0.16	1.46	0.20	2.14	96.9558	1.25
2010-09-20	3.59	79.42	74.81	0.94	0.19	0.52	0.26	2.72	0.12	0.47	0.73	0.17	1.43	0.20	2.10	96.8005	1.24
2010-09-21	3.63	78.76	72.96	0.78	0.05	0.36	0.26	2.61	0.12	0.43	0.68	0.17	1.34	0.20	1.99	96.7602	1.29
2010-09-22	3.64	77.29	72.98	0.74	0.01	0.32	0.25	2.56	0.12	0.44	0.68	0.16	1.33	0.19	1.96	96.4773	1.32
2010-09-23	3.65	77.69	73.40	0.77	0.05	0.36	0.25	2.56	0.13	0.45	0.67	0.16	1.34	0.20	1.96	96.3963	1.29
2010-09-24	3.62	78.73	74.63	0.81	0.06	0.38	0.25	2.62	0.09	0.45	0.69	0.15	1.37	0.19	2.01	96.0998	1.31
2010-09-27	3.63	77.71	76.51	0.79	0.02	0.33	0.26	2.54	0.08	0.44	0.66	0.16	1.31	0.19	1.92	95.8768	1.29
2010-09-28	3.65	79.14	76.15	0.69	-0.06	0.24	0.26	2.48	0.08	0.37	0.64	0.16	1.25	0.20	1.85	95.8445	1.31
2010-09-29	3.61	78.79	77.85	0.74	-0.02	0.29	0.27	2.52	0.12	0.44	0.67	0.16	1.28	0.20	1.91	95.6673	1.30
2010-09-30	3.59	80.77	79.95	0.75	-0.03	0.29	0.27	2.53	0.14	0.42	0.64	0.16	1.27	0.19	1.91	95.8768	1.30
2010-10-01	3.57	82.69	81.57	0.75	-0.07	0.27	0.26	2.54	0.15	0.42	0.63	0.16	1.26	0.19	1.90	95.5932	1.33
2010-10-04	3.57	83.42	81.43	0.72	-0.10	0.24	0.26	2.50	0.15	0.41	0.62	0.13	1.23	0.19	1.86	95.7136	1.33
2010-10-05	3.56	83.35	82.83	0.65	-0.19	0.16	0.25	2.50	0.14	0.41	0.60	0.12	1.21	0.18	1.83	95.4750	1.40
2010-10-06	3.55	85.01	83.21	0.52	-0.29	0.04	0.24	2.41	0.14	0.38	0.57	0.13	1.16	0.17	1.77	95.2026	1.45
2010-10-07	3.53	83.67	81.34	0.53	-0.27	0.06	0.23	2.41	0.15	0.36	0.54	0.13	1.14	0.17	1.76	95.3058	1.41
2010-10-08	3.51	83.88	82.66	0.45	-0.37	-0.03	0.21	2.41	0.14	0.35	0.54	0.12	1.11	0.16	1.75	95.1658	1.48
2010-10-11	3.50	83.08	82.18	.	.	.	.	.	.	.	.	.	.	.	.	.	.
2010-10-12	3.48	82.99	81.67	0.49	-0.34	0.00	0.21	2.44	0.14	0.37	0.59	0.13	1.14	0.17	1.77	95.1978	1.48
2010-10-13	3.44	84.01	83.03	0.44	-0.44	-0.07	0.22	2.46	0.14	0.37	0.57	0.13	1.13	0.18	1.77	94.8520	1.57
2010-10-14	3.41	83.55	82.71	0.41	-0.49	-0.12	0.22	2.52	0.15	0.38	0.60	0.14	1.18	0.17	1.83	94.7496	1.67
2010-10-15	3.38	81.94	81.23	0.50	-0.38	-0.02	0.22	2.59	0.14	0.37	0.59	0.14	1.20	0.17	1.88	94.6938	1.58
2010-10-18	3.44	82.30	83.06	0.47	-0.39	-0.04	0.23	2.52	0.14	0.38	0.55	0.15	1.14	0.18	1.81	94.8494	1.53
2010-10-19	3.48	81.12	79.57	0.44	-0.40	-0.05	0.22	2.50	0.14	0.37	0.54	0.14	1.11	0.18	1.79	95.1780	1.51
2010-10-20	3.51	81.68	81.93	0.47	-0.37	-0.03	0.22	2.51	0.14	0.35	0.52	0.14	1.11	0.17	1.79	95.0272	1.48
2010-10-21	3.48	81.28	80.03	0.50	-0.37	-0.02	0.22	2.57	0.13	0.37	0.52	0.13	1.15	0.18	1.85	95.0282	1.52
2010-10-22	3.48	80.75	81.15	0.50	-0.39	-0.03	0.21	2.59	0.13	0.35	0.54	0.13	1.17	0.18	1.88	95.1445	1.56
2010-10-25	3.45	81.91	82.00	0.45	-0.42	-0.07	0.23	2.59	0.13	0.37	0.55	0.14	1.20	0.18	1.89	94.8292	1.62
2010-10-26	3.41	82.62	82.60	0.52	-0.36	0.00	0.23	2.67	0.14	0.40	0.59	0.14	1.27	0.18	1.98	95.0864	1.63
2010-10-27	3.37	81.27	81.90	0.62	-0.25	0.11	0.23	2.75	0.14	0.40	0.64	0.14	1.34	0.18	2.06	95.4860	1.59
2010-10-28	3.42	82.97	82.20	0.57	-0.29	0.06	0.23	2.69	0.14	0.37	0.56	0.13	1.23	0.18	1.97	95.2987	1.52
2010-10-29	3.44	82.47	81.45	0.50	-0.31	0.03	0.22	2.63	0.14	0.34	0.51	0.12	1.17	0.17	1.89	95.0479	1.48
2010-10-31	3.53																
2010-11-01	3.53	84.06	82.94	0.49	-0.34	0.02	0.22	2.66	0.14	0.34	0.50	0.13	1.17	0.16	1.90	95.0378	1.51
2010-11-02	3.52	84.71	83.91	0.49	-0.34	0.02	0.22	2.63	0.13	0.34	0.51	0.13	1.15	0.16	1.87	94.8112	1.49
2010-11-03	3.51	85.33	84.45	0.50	-0.40	0.00	0.22	2.67	0.13	0.34	0.49	0.13	1.11	0.16	1.85	94.7788	1.51
2010-11-04	3.52	86.83	86.49	0.44	-0.48	-0.07	0.21	2.53	0.13	0.33	0.45	0.13	1.04	0.17	1.73	94.3761	1.52
2010-11-05	3.48	87.05	86.85	0.48	-0.47	-0.05	0.22	2.58	0.13	0.38	0.51	0.13	1.10	0.16	1.77	94.3147	1.57
2010-11-08	3.47	87.15	87.07	0.48	-0.45	-0.04	0.22	2.60	0.12	0.41	0.59	0.13	1.13	0.16	1.78	94.6777	1.58
2010-11-09	3.42	87.93	87.04	0.58	-0.31	0.07	0.24	2.72	0.11	0.46	0.66	0.13	1.27	0.16	1.91	94.4361	1.58
2010-11-10	3.48	87.92	87.77	0.56	-0.37	0.04	0.24	2.65	0.12	0.44	0.63	0.13	1.23	0.16	1.84	94.5078	1.60
2010-11-11	3.48	88.08	87.77	.	.	.	.	.	.	.	.	.	.	.	.	.	.
2010-11-12	3.47	86.07	84.89	0.71	-0.22	0.19	0.27	2.76	0.11	0.51	0.73	0.13	1.35	0.17	1.98	94.8359	1.57
2010-11-15	3.45	85.49	84.88	0.87	-0.06	0.34	0.29	2.92	0.12	0.53	0.81	0.14	1.51	0.19	2.16	95.0338	1.57
2010-11-16	3.49	83.98	82.33	0.87	0.00	0.36	0.27	2.85	0.13	0.51	0.79	0.15	1.49	0.19	2.13	95.4041	1.49
2010-11-17	3.55	83.36	80.43	0.84	-0.04	0.32	0.26	2.89	0.13	0.50	0.77	0.14	1.49	0.19	2.16	95.3197	1.53
2010-11-18	3.50	83.70	81.88	0.83	-0.06	0.31	0.26	2.90	0.13	0.52	0.77	0.15	1.51	0.19	2.20	94.9358	1.57
2010-11-19	3.49	83.17	81.65	0.77	-0.05	0.30	0.27	2.88	0.12	0.52	0.78	0.14	1.54	0.19	2.20	95.0111	1.59
2010-11-22	3.53	82.34	81.24	0.70	-0.14	0.22	0.26	2.80	0.12	0.49	0.72	0.15	1.44	0.20	2.11	94.9826	1.58
2010-11-23	3.59	82.37	80.79	0.69	-0.14	0.22	0.26	2.77	0.15	0.45	0.69	0.15	1.40	0.20	2.08	95.7576	1.54
2010-11-24	3.54	84.53	83.21	0.80	-0.03	0.33	0.28	2.93	0.16	0.53	0.81	0.16	1.56	0.20	2.24	95.5071	1.59
2010-11-25	3.54	.	.	.	.	.	.	.	.	.	.	.	.	.	.	.	.
2010-11-26	3.55	84.78	83.87	0.75	-0.07	0.29	0.28	2.87	0.16	0.51	0.78	0.16	1.53	0.21	2.21	95.9294	1.60
2010-11-29	3.60	85.90	85.73	0.73	-0.07	0.28	0.28	2.84	0.16	0.52	0.77	0.18	1.51	0.21	2.19	96.1154	1.58
2010-11-30	3.74	86.02	84.12	0.74	-0.07	0.28	0.27	2.81	0.18	0.45	0.72	0.17	1.47	0.21	2.16	95.8960	1.54
2010-12-01	3.66	88.56	86.75	0.83	0.04	0.40	0.28	2.97	0.17	0.53	0.84	0.16	1.64	0.20	2.33	95.4911	1.60
2010-12-02	3.62	89.37	87.98	0.84	0.04	0.40	0.29	3.01	0.16	0.55	0.86	0.16	1.68	0.19	2.37	95.3512	1.64
2010-12-03	3.59	90.65	89.18	0.86	0.02	0.39	0.26	3.03	0.14	0.49	0.80	0.14	1.64	0.19	2.36	95.1827	1.62
2010-12-06	3.60	91.25	89.33	0.79	-0.07	0.31	0.26	2.95	0.14	0.42	0.73	0.15	1.53	0.19	2.26	95.1701	1.60
2010-12-07	3.50	90.78	88.69	0.92	0.07	0.47	0.28	3.15	0.08	0.54	0.87	0.14	1.74	0.19	2.51	95.1269	1.67
2010-12-08	3.46	89.74	88.30	1.07	0.19	0.61	0.30	3.26	0.08	0.63	0.97	0.15	1.87	0.18	2.62	95.4028	1.68
2010-12-09	3.41	89.93	88.35	1.09	0.25	0.67	0.30	3.23	0.09	0.64	0.99	0.14	1.90	0.18	2.62	95.4690	1.65
2010-12-10	3.37	89.54	87.81	1.16	0.33	0.76	0.29	3.32	0.09	0.64	1.03	0.13	1.98	0.18	2.70	95.4398	1.65
2010-12-13	3.38	90.40	88.62	1.11	0.25	0.69	0.29	3.29	0.10	0.61	0.98	0.15	1.91	0.19	2.64	95.3187	1.66
2010-12-14	3.31	90.63	88.33	1.27	0.39	0.86	0.30	3.49	0.09	0.66	1.06	0.15	2.08	0.20	2.84	95.0974	1.69
2010-12-15	3.30	91.33	88.66	1.22	0.34	0.82	0.30	3.53	0.08	0.68	1.08	0.14	2.11	0.20	2.88	95.3419	1.77
2010-12-16	3.32	91.09	87.71	1.15	0.28	0.76	0.31	3.47	0.08	0.66	1.05	0.13	2.06	0.19	2.81	95.5362	1.78
2010-12-17	3.36	91.11	88.02	1.05	0.22	0.69	0.30	3.33	0.05	0.61	0.99	0.11	1.97	0.18	2.69	95.4544	1.75
2010-12-20	3.39	91.31	88.68	1.07	0.24	0.71	0.30	3.36	0.04	0.62	1.01	0.14	1.99	0.19	2.72	95.5535	1.75
2010-12-21	3.39	93.11	89.30	1.06	0.22	0.69	0.30	3.35	0.09	0.63	1.02	0.14	1.99	0.19	2.71	95.3124	1.77
2010-12-22	3.37	93.55	89.83	1.03	0.21	0.68	0.30	3.36	0.07	0.65	1.05	0.14	2.02	0.20	2.74	95.1201	1.81
2010-12-23	3.33	93.63	90.84	1.08	0.26	0.73	0.30	3.41	0.07	0.67	1.10	0.14	2.09	0.19	2.80	95.1000	1.83
2010-12-24	3.33	.	.	.	.	.	.	.	.	.	.	.	.	.	.	.	.
2010-12-27	3.34	93.08	90.99	1.06	0.25	0.71	0.32	3.36	0.06	0.71	1.11	0.17	2.08	0.22	2.76	95.0174	1.83
2010-12-28	3.29	93.52	91.48	1.17	0.34	0.81	0.31	3.50	0.08	0.75	1.17	0.15	2.18	0.21	2.89	94.9287	1.84
2010-12-29	3.34	93.52	91.13	1.06	0.22	0.70	0.30	3.35	0.05	0.64	1.05	0.13	2.03	0.20	2.75	94.7880	1.81
2010-12-30	3.34	92.50	89.85	1.08	0.24	0.71	0.29	3.38	0.05	0.66	1.07	0.12	2.06	0.20	2.76	94.5179	1.82
2010-12-31	3.39	93.23	91.38	1.00	0.18	0.65	0.29	3.30	0.07	0.61	1.02	0.12	2.01	0.19	2.71	.	1.83
2011-01-03	3.36	95.82	91.59	1.05	0.20	0.68	0.29	3.36	0.11	0.61	1.03	0.15	2.02	0.19	2.74	94.0516	1.82
2011-01-04	3.33	93.52	89.39	1.01	0.15	0.63	0.28	3.36	0.12	0.63	1.04	0.14	2.01	0.19	2.72	94.3006	1.86
2011-01-05	3.21	95.07	90.30	1.08	0.20	0.70	0.31	3.50	0.13	0.71	1.16	0.14	2.14	0.19	2.86	94.2109	1.94
2011-01-06	3.23	94.95	88.37	1.03	0.13	0.64	0.30	3.44	0.13	0.68	1.11	0.15	2.09	0.18	2.80	94.5059	1.96
2011-01-07	3.30	94.25	88.07	0.98	0.05	0.57	0.29	3.34	0.13	0.60	1.02	0.14	1.96	0.18	2.69	94.5761	1.91
2011-01-10	3.34	95.05	89.24	0.96	0.02	0.55	0.29	3.32	0.14	0.59	0.99	0.15	1.93	0.18	2.65	94.7117	1.91
2011-01-11	3.32	96.80	91.11	0.97	-0.02	0.53	0.28	3.37	0.15	0.60	1.03	0.15	1.98	0.19	2.70	94.3603	2.00
2011-01-12	3.28	97.86	91.85	0.98	-0.01	0.54	0.26	3.40	0.15	0.61	1.03	0.15	1.99	0.18	2.71	93.9127	2.00
2011-01-13	3.30	97.86	91.39	0.97	-0.02	0.54	0.26	3.34	0.15	0.59	1.00	0.15	1.93	0.18	2.65	93.8958	1.95
2011-01-14	3.28	97.86	91.53	1.00	0.02	0.58	0.27	3.35	0.14	0.59	1.00	0.15	1.95	0.18	2.66	93.9016	1.93
2011-01-17	3.27	.	.	.	.	.	.	.	.	.	.	.	.	.	.	.	.
2011-01-18	3.25	97.83	91.38	0.99	0.02	0.57	0.26	3.39	0.15	0.60	1.00	0.16	1.97	0.19	2.70	93.7614	1.95
2011-01-19	3.26	98.42	90.85	0.99	0.01	0.57	0.27	3.37	0.16	0.60	0.98	0.16	1.95	0.19	2.69	93.8132	1.94
2011-01-20	3.20	96.27	88.56	1.22	0.16	0.74	0.27	3.47	0.15	0.65	1.07	0.16	2.06	0.19	2.81	94.0817	1.90
2011-01-21	3.22	96.84	88.22	1.20	0.12	0.71	0.27	3.44	0.15	0.63	1.05	0.16	2.04	0.19	2.77	93.9356	1.92
2011-01-24	3.23	96.76	86.74	1.18	0.10	0.70	0.28	3.43	0.15	0.65	1.05	0.16	2.03	0.18	2.76	93.8787	1.93
2011-01-25	3.28	96.76	85.08	1.11	0.02	0.60	0.27	3.35	0.15	0.62	1.00	0.16	1.96	0.18	2.68	94.0017	1.94
2011-01-26	3.22	96.04	86.15	1.16	0.07	0.65	0.27	3.45	0.15	0.62	1.05	0.16	2.03	0.18	2.76	93.8287	1.96
2011-01-27	3.24	96.48	84.45	1.16	0.08	0.67	0.25	3.42	0.13	0.59	1.00	0.15	1.98	0.17	2.75	93.8722	1.90
2011-01-28	3.30	97.06	88.15	1.09	-0.01	0.58	0.24	3.36	0.13	0.54	0.96	0.15	1.92	0.15	2.66	94.1716	1.93
2011-01-31	3.34	98.97	90.99	1.08	-0.01	0.59	0.26	3.42	0.15	0.58	0.98	0.15	1.95	0.17	2.71	94.2802	1.96
2011-02-01	3.29	100.40	89.54	1.11	0.01	0.60	0.27	3.48	0.16	0.61	1.04	0.15	2.02	0.18	2.79	93.7950	2.01
2011-02-02	3.23	101.30	89.78	1.16	0.09	0.68	0.28	3.52	0.15	0.67	1.12	0.16	2.10	0.18	2.84	93.6559	2.01
2011-02-03	3.20	101.69	89.42	1.23	0.18	0.78	0.29	3.58	0.14	0.71	1.19	0.14	2.18	0.18	2.92	93.7214	2.00
2011-02-04	3.13	99.43	87.87	1.30	0.28	0.89	0.31	3.68	0.13	0.77	1.25	0.15	2.27	0.18	3.01	93.6530	1.99
2011-02-07	3.11	99.44	86.30	1.32	0.31	0.92	0.31	3.68	0.13	0.78	1.28	0.16	2.29	0.18	3.03	93.4913	1.98
2011-02-08	3.07	99.25	85.85	1.39	0.44	1.03	0.31	3.75	0.14	0.86	1.40	0.15	2.39	0.18	3.12	93.3636	1.95
2011-02-09	3.09	100.16	85.59	1.34	0.39	0.98	0.30	3.65	0.11	0.81	1.34	0.14	2.33	0.18	3.05	93.7262	1.94
2011-02-10	3.08	100.74	85.44	1.39	0.48	1.04	0.30	3.70	0.08	0.85	1.40	0.12	2.40	0.16	3.10	93.9017	1.92
2011-02-11	3.10	99.93	84.39	1.36	0.50	1.05	0.30	3.64	0.08	0.85	1.40	0.12	2.38	0.16	3.05	94.0759	1.88
2011-02-14	3.11	103.12	83.66	1.34	0.51	1.06	0.30	3.62	0.09	0.87	1.41	0.13	2.37	0.17	3.04	94.0385	1.86
2011-02-15	3.11	102.48	83.13	1.33	0.44	1.00	0.30	3.61	0.11	0.84	1.39	0.13	2.35	0.17	3.03	94.1512	1.91
2011-02-16	3.10	102.78	83.80	1.37	0.43	1.01	0.29	3.62	0.10	0.86	1.40	0.12	2.37	0.16	3.04	94.0061	1.94
2011-02-17	3.13	103.45	85.05	1.31	0.33	0.92	0.27	3.58	0.08	0.80	1.33	0.09	2.30	0.15	2.99	93.8259	1.97
2011-02-18	3.12	102.20	85.03	1.25	0.26	0.87	0.28	3.59	0.08	0.78	1.32	0.10	2.30	0.15	2.99	93.6376	2.04
2011-02-21	3.12	.	.	.	.	.	.	.	.	.	.	.	.	.	.	.	.
2011-02-22	3.19	106.82	92.65	1.12	0.07	0.69	0.28	3.46	0.10	0.74	1.22	0.12	2.16	0.16	2.85	94.0333	2.09
2011-02-23	3.22	109.77	96.04	1.10	0.01	0.65	0.27	3.49	0.12	0.74	1.25	0.12	2.21	0.16	2.89	94.1959	2.20
2011-02-24	3.23	113.91	95.83	1.05	-0.01	0.62	0.26	3.46	0.13	0.73	1.24	0.13	2.19	0.16	2.87	94.2490	2.20
2011-02-25	3.22	111.47	96.52	1.02	-0.01	0.61	0.27	3.42	0.12	0.72	1.22	0.13	2.16	0.16	2.84	94.0772	2.17
2011-02-28	3.28	112.27	97.10	1.03	-0.02	0.60	0.25	3.42	0.13	0.69	1.18	0.15	2.13	0.18	2.82	93.9896	2.15
2011-03-01	3.28	113.34	99.63	1.00	-0.06	0.57	0.25	3.41	0.07	0.66	1.15	0.14	2.11	0.16	2.81	93.8546	2.17
2011-03-02	3.25	116.89	102.27	1.01	-0.09	0.54	0.26	3.46	0.12	0.69	1.18	0.13	2.16	0.17	2.86	93.8815	2.25
2011-03-03	3.15	114.42	101.92	1.09	0.03	0.64	0.29	3.58	0.12	0.79	1.32	0.13	2.30	0.16	3.00	93.6227	2.27
2011-03-04	3.18	115.71	104.34	1.00	-0.07	0.55	0.26	3.49	0.11	0.68	1.20	0.12	2.17	0.16	2.88	93.5014	2.24
2011-03-07	3.17	116.58	105.37	1.00	-0.07	0.55	0.25	3.51	0.10	0.70	1.22	0.11	2.19	0.16	2.90	93.4920	2.26
2011-03-08	3.14	112.32	105.06	1.01	-0.09	0.55	0.26	3.56	0.07	0.73	1.27	0.11	2.22	0.16	2.93	93.5144	2.31
2011-03-09	3.16	115.19	104.39	0.98	-0.09	0.55	0.26	3.48	0.07	0.70	1.21	0.10	2.16	0.15	2.86	93.3726	2.25
2011-03-10	3.22	114.07	102.73	0.91	-0.17	0.46	0.25	3.37	0.04	0.65	1.13	0.08	2.05	0.14	2.74	93.5828	2.22
2011-03-11	3.24	114.07	101.14	0.96	-0.11	0.52	0.24	3.40	0.04	0.64	1.12	0.08	2.06	0.13	2.76	93.5292	2.17
2011-03-14	3.28	112.95	101.20	0.93	-0.15	0.49	0.22	3.36	0.05	0.61	1.07	0.09	2.00	0.14	2.70	93.4756	2.15
2011-03-15	3.34	111.11	97.23	0.93	-0.16	0.47	0.23	3.33	0.07	0.63	1.08	0.10	2.00	0.14	2.68	93.8357	2.16
2011-03-16	3.39	110.96	97.99	0.85	-0.22	0.42	0.21	3.22	0.06	0.58	0.98	0.10	1.87	0.14	2.56	93.9496	2.09
2011-03-17	3.36	114.18	101.47	0.82	-0.27	0.39	0.24	3.25	0.06	0.60	1.02	0.08	1.91	0.14	2.59	93.9959	2.18
2011-03-18	3.33	114.13	101.06	0.85	-0.22	0.44	0.23	3.28	0.06	0.61	1.05	0.07	1.96	0.14	2.64	93.7959	2.18
2011-03-21	3.27	114.92	102.36	0.90	-0.16	0.49	0.25	3.34	0.06	0.67	1.12	0.10	2.04	0.16	2.72	93.5196	2.20
2011-03-22	3.24	115.63	104.53	0.95	-0.12	0.54	0.25	3.34	0.07	0.68	1.14	0.10	2.07	0.16	2.73	93.4171	2.19
2011-03-23	3.23	115.65	105.21	0.98	-0.09	0.57	0.24	3.36	0.06	0.69	1.13	0.09	2.07	0.15	2.75	93.5172	2.16
2011-03-24	3.18	115.41	105.04	0.95	-0.08	0.55	0.26	3.42	0.04	0.72	1.19	0.09	2.14	0.17	2.82	93.3450	2.22
2011-03-25	3.12	115.45	104.89	1.02	0.01	0.63	0.30	3.46	0.04	0.79	1.26	0.09	2.20	0.18	2.87	93.2268	2.19
2011-03-28	3.10	115.95	103.54	1.01	0.05	0.65	0.30	3.47	0.04	0.81	1.29	0.11	2.23	0.18	2.89	93.3394	2.18
2011-03-29	3.08	115.58	104.34	1.03	0.05	0.65	0.31	3.50	0.06	0.81	1.31	0.10	2.25	0.17	2.92	93.3385	2.20
2011-03-30	3.09	115.35	103.80	1.00	0.02	0.63	0.30	3.47	0.03	0.80	1.28	0.10	2.21	0.17	2.87	93.0698	2.19
2011-03-31	3.14	116.94	106.19	0.99	0.03	0.64	0.30	3.47	0.05	0.80	1.29	0.09	2.24	0.17	2.90	92.9350	2.21
2011-04-01	3.12	118.63	107.55	0.94	-0.01	0.59	0.27	3.46	0.03	0.80	1.31	0.07	2.24	0.15	2.90	92.6033	2.25
2011-04-04	3.12	120.07	108.14	0.91	-0.09	0.52	0.24	3.45	0.02	0.77	1.24	0.06	2.20	0.13	2.86	92.5608	2.29
2011-04-05	3.06	122.87	107.82	0.94	-0.04	0.57	0.30	3.50	0.05	0.84	1.33	0.07	2.28	0.15	2.93	92.4903	2.32
2011-04-06	3.02	123.01	108.38	0.99	-0.02	0.59	0.29	3.56	0.03	0.85	1.36	0.06	2.32	0.14	2.98	92.3193	2.34
2011-04-07	3.01	122.90	109.82	0.99	-0.04	0.59	0.27	3.58	0.03	0.81	1.31	0.04	2.29	0.12	2.97	92.3162	2.33
2011-04-08	2.99	126.30	112.27	0.95	-0.07	0.56	0.27	3.59	0.02	0.83	1.34	0.04	2.31	0.12	2.99	92.0409	2.38
2011-04-11	2.99	126.46	109.50	0.96	-0.07	0.55	0.26	3.59	0.02	0.85	1.35	0.05	2.31	0.12	2.98	92.1223	2.38
2011-04-12	3.06	121.33	105.75	0.90	-0.10	0.52	0.24	3.52	0.02	0.77	1.28	0.05	2.22	0.11	2.89	92.3815	2.32
2011-04-13	3.06	122.70	106.60	0.88	-0.11	0.50	0.23	3.49	0.03	0.75	1.26	0.06	2.19	0.11	2.86	92.2916	2.30
2011-04-14	3.06	122.74	107.73	0.89	-0.02	0.57	0.25	3.51	0.04	0.77	1.27	0.07	2.23	0.13	2.88	92.1336	2.25
2011-04-15	3.11	124.63	109.17	0.82	-0.09	0.50	0.24	3.43	0.04	0.71	1.20	0.07	2.14	0.12	2.81	91.9652	2.23
2011-04-18	3.15	121.69	106.70	0.80	-0.10	0.50	0.24	3.40	0.03	0.69	1.14	0.07	2.09	0.11	2.77	92.2475	2.19
2011-04-19	3.16	121.35	107.18	0.76	-0.15	0.45	0.24	3.39	0.04	0.68	1.13	0.06	2.09	0.11	2.76	92.0229	2.24
2011-04-20	3.12	124.26	110.84	0.82	-0.12	0.48	0.24	3.43	0.04	0.69	1.17	0.06	2.15	0.11	2.81	91.6618	2.27
2011-04-21	3.11	123.64	111.72	0.83	-0.15	0.49	0.23	3.42	0.03	0.68	1.16	0.06	2.14	0.11	2.79	91.4125	2.29
2011-04-22	.	.	.	.	.	.	.	.	.	.	.	.	.	.	.	91.5056	.
2011-04-25	3.13	.	111.68	0.79	-0.20	0.46	0.23	3.39	0.03	0.67	1.13	0.07	2.10	0.12	2.76	91.6385	2.30
2011-04-26	3.15	124.55	111.72	0.76	-0.27	0.43	0.22	3.34	0.02	0.65	1.09	0.07	2.05	0.11	2.71	91.5369	2.32
2011-04-27	3.12	124.94	112.31	0.81	-0.31	0.39	0.22	3.39	0.03	0.65	1.09	0.06	2.06	0.11	2.74	91.4082	2.37
2011-04-28	3.16	126.59	112.38	0.78	-0.41	0.27	0.23	3.34	0.02	0.62	1.03	0.04	2.00	0.10	2.69	91.2350	2.41
2011-04-29	3.15	.	113.39	0.75	-0.48	0.19	0.22	3.32	0.02	0.61	1.01	0.04	1.97	0.11	2.66	90.9983	2.45
2011-04-30	3.19																
2011-05-02	3.19	126.64	113.03	0.75	-0.48	0.17	0.22	3.31	0.02	0.61	1.01	0.05	1.96	0.10	2.66	90.9594	2.44
2011-05-03	3.19	124.01	110.60	0.73	-0.46	0.20	0.20	3.28	0.02	0.61	1.01	0.03	1.96	0.09	2.64	91.1706	2.42
2011-05-04	3.19	121.55	108.79	0.70	-0.46	0.18	0.19	3.25	0.02	0.60	1.00	0.03	1.95	0.07	2.61	91.4179	2.41
2011-05-05	3.22	111.93	99.89	0.70	-0.40	0.31	0.20	3.18	0.01	0.58	0.97	0.02	1.88	0.07	2.54	91.7607	2.28
2011-05-06	3.24	113.69	96.87	0.71	-0.38	0.32	0.18	3.19	0.02	0.57	0.96	0.02	1.87	0.07	2.54	91.5377	2.25
2011-05-09	3.26	113.21	100.32	0.69	-0.45	0.17	0.17	3.17	0.01	0.57	0.94	0.03	1.84	0.07	2.51	91.6566	2.29
2011-05-10	3.22	117.82	103.39	0.74	-0.40	0.22	0.19	3.23	0.02	0.59	1.03	0.03	1.91	0.07	2.57	91.5270	2.31
2011-05-11	3.23	115.66	97.88	0.76	-0.33	0.32	0.18	3.19	0.01	0.56	0.96	0.03	1.87	0.07	2.53	91.5529	2.20
2011-05-12	3.23	112.87	98.53	0.79	-0.31	0.31	0.18	3.22	0.01	0.57	0.98	0.02	1.89	0.07	2.56	91.8948	2.20
2011-05-13	3.25	113.08	99.21	0.79	-0.29	0.34	0.19	3.18	0.01	0.57	0.96	0.03	1.86	0.08	2.53	92.1146	2.15
2011-05-16	3.25	113.72	96.91	0.81	-0.29	0.32	0.18	3.15	0.02	0.54	0.93	0.04	1.83	0.07	2.50	92.2391	2.12
2011-05-17	3.25	109.39	96.40	0.82	-0.28	0.29	0.19	3.12	0.03	0.55	0.91	0.04	1.80	0.07	2.47	92.3478	2.08
2011-05-18	3.21	112.54	99.52	0.82	-0.27	0.34	0.19	3.18	0.03	0.58	0.97	0.05	1.87	0.08	2.53	92.0872	2.14
2011-05-19	3.19	113.20	97.99	0.91	-0.25	0.38	0.19	3.17	0.02	0.55	0.94	0.05	1.85	0.10	2.53	91.9696	2.10
2011-05-20	3.21	111.25	99.15	0.85	-0.25	0.34	0.18	3.15	0.03	0.55	0.92	0.05	1.82	0.10	2.50	91.8400	2.07
2011-05-23	3.24	110.13	97.06	0.84	-0.23	0.38	0.20	3.13	0.03	0.55	0.91	0.06	1.80	0.10	2.47	92.3655	2.03
2011-05-24	3.25	112.52	99.13	0.79	-0.26	0.31	0.20	3.12	0.04	0.56	0.91	0.06	1.81	0.11	2.47	92.1909	2.07
2011-05-25	3.27	114.47	100.78	0.80	-0.27	0.34	0.18	3.13	0.04	0.54	0.90	0.06	1.81	0.10	2.47	92.2189	2.08
2011-05-26	3.33	115.06	100.18	0.76	-0.34	0.23	0.18	3.07	0.04	0.48	0.83	0.05	1.72	0.10	2.40	92.1010	2.06
2011-05-27	3.34	114.85	100.58	0.79	-0.32	0.29	0.18	3.07	0.04	0.48	0.81	0.05	1.71	0.11	2.39	91.7265	2.03
2011-05-30	3.34	.	.	.	.	.	.	.	.	.	.	.	.	.	.	.	.
2011-05-31	3.38	117.18	102.70	0.80	-0.32	0.29	0.18	3.05	0.04	0.45	0.79	0.06	1.68	0.12	2.37	91.4221	2.00
2011-06-01	3.42	116.15	100.30	0.74	-0.39	0.22	0.18	2.96	0.04	0.44	0.74	0.05	1.60	0.11	2.28	91.4750	1.99
2011-06-02	3.40	114.30	100.41	0.78	-0.37	0.21	0.19	3.04	0.04	0.45	0.78	0.04	1.65	0.11	2.34	91.6264	2.02
2011-06-03	3.43	115.09	100.28	0.75	-0.43	0.15	0.18	2.99	0.04	0.42	0.75	0.04	1.60	0.10	2.28	91.4540	2.03
2011-06-06	3.43	115.40	99.07	0.76	-0.43	0.14	0.18	3.01	0.03	0.43	0.74	0.05	1.60	0.10	2.29	91.5465	2.03
2011-06-07	3.42	116.14	99.18	0.76	-0.45	0.16	0.18	3.01	0.01	0.39	0.74	0.05	1.59	0.11	2.29	91.6062	2.04
2011-06-08	3.46	118.43	100.77	0.76	-0.49	0.11	0.18	2.98	0.01	0.39	0.68	0.04	1.52	0.11	2.24	91.7434	2.01
2011-06-09	3.45	119.95	101.95	0.80	-0.43	0.14	0.19	3.01	0.02	0.43	0.73	0.05	1.60	0.10	2.30	91.7404	2.03
2011-06-10	3.47	118.71	99.30	0.79	-0.41	0.19	0.19	2.99	0.02	0.41	0.71	0.05	1.58	0.10	2.28	92.0403	1.99
2011-06-13	3.47	120.49	97.20	0.80	-0.40	0.18	0.18	3.00	0.02	0.40	0.72	0.05	1.59	0.11	2.30	92.1238	1.99
2011-06-14	3.42	120.35	99.37	0.83	-0.34	0.25	0.19	3.11	0.03	0.45	0.79	0.05	1.70	0.11	2.41	91.8391	2.04
2011-06-15	3.50	114.67	94.83	0.74	-0.44	0.18	0.19	2.98	0.02	0.38	0.68	0.05	1.55	0.11	2.26	92.1428	1.99
2011-06-16	3.56	114.69	94.95	0.73	-0.43	0.17	0.18	2.93	0.02	0.38	0.68	0.05	1.52	0.11	2.22	92.4746	1.95
2011-06-17	3.57	113.74	93.02	0.75	-0.37	0.26	0.17	2.94	0.02	0.38	0.68	0.04	1.53	0.10	2.23	92.2063	1.90
2011-06-20	3.57	112.21	93.23	0.79	-0.34	0.28	0.18	2.97	0.02	0.38	0.68	0.03	1.55	0.10	2.25	92.1687	1.89
2011-06-21	3.55	112.02	93.70	0.78	-0.34	0.26	0.18	2.99	0.01	0.40	0.69	0.03	1.57	0.10	2.27	91.8662	1.91
2011-06-22	3.57	113.59	94.96	0.82	-0.32	0.30	0.16	3.01	0.01	0.39	0.68	0.02	1.58	0.09	2.29	91.7590	1.90
2011-06-23	3.66	108.27	90.70	0.71	-0.33	0.25	0.15	2.93	0.01	0.35	0.62	0.01	1.48	0.07	2.19	92.1075	1.81
2011-06-24	3.71	104.79	90.89	0.64	-0.39	0.19	0.16	2.88	0.01	0.35	0.57	0.02	1.40	0.07	2.13	92.1675	1.79
2011-06-27	3.68	104.57	90.65	0.67	-0.33	0.20	0.18	2.95	0.01	0.41	0.64	0.02	1.47	0.10	2.19	92.2865	1.80
2011-06-28	3.59	107.57	92.90	0.73	-0.26	0.26	0.21	3.05	0.01	0.48	0.75	0.03	1.62	0.11	2.33	92.0522	1.88
2011-06-29	3.51	111.49	94.85	0.74	-0.30	0.24	0.19	3.14	0.01	0.47	0.79	0.02	1.70	0.11	2.44	91.7283	2.00
2011-06-30	3.47	111.71	95.30	0.75	-0.27	0.29	0.19	3.18	0.01	0.45	0.81	0.03	1.76	0.10	2.50	91.4633	2.03
2011-07-01	3.42	109.82	94.81	0.77	-0.25	0.32	0.20	3.22	0.01	0.50	0.85	0.02	1.80	0.10	2.54	91.2302	2.05
2011-07-04	3.42	.	.	.	.	.	.	.	.	.	.	.	.	.	.	.	.
2011-07-05	3.46	113.21	96.92	0.77	-0.33	0.24	0.19	3.16	0.01	0.44	0.77	0.02	1.70	0.08	2.46	91.2322	2.03
2011-07-06	3.49	113.55	96.67	0.74	-0.37	0.23	0.19	3.12	0.01	0.43	0.75	0.01	1.66	0.06	2.41	91.2999	2.03
2011-07-07	3.43	117.40	98.70	0.75	-0.36	0.22	0.20	3.17	0.03	0.49	0.83	0.03	1.74	0.07	2.48	91.0557	2.10
2011-07-08	3.52	117.40	96.20	0.69	-0.44	0.16	0.17	3.03	0.03	0.40	0.70	0.03	1.57	0.07	2.32	91.1256	2.01
2011-07-11	3.60	117.35	95.16	0.63	-0.52	0.07	0.17	2.94	0.02	0.37	0.64	0.03	1.49	0.07	2.22	91.4802	2.01
2011-07-12	3.64	117.36	97.41	0.60	-0.54	0.05	0.18	2.92	0.01	0.37	0.63	0.03	1.47	0.07	2.20	91.7118	2.01
2011-07-13	3.62	118.46	98.04	0.59	-0.54	0.05	0.16	2.92	0.01	0.37	0.62	0.01	1.45	0.05	2.18	91.3697	1.99
2011-07-14	3.61	117.38	95.75	0.68	-0.47	0.14	0.15	2.98	0.01	0.38	0.66	0.01	1.51	0.05	2.24	91.2998	1.98
2011-07-15	3.63	118.06	97.24	0.61	-0.52	0.09	0.15	2.94	0.02	0.37	0.62	0.02	1.46	0.05	2.19	91.3618	1.98
2011-07-18	3.64	117.05	95.94	0.58	-0.55	0.02	0.15	2.94	0.01	0.37	0.62	0.02	1.45	0.06	2.18	91.6530	2.00
2011-07-19	3.64	118.18	97.49	0.54	-0.57	0.02	0.17	2.91	0.02	0.39	0.63	0.03	1.45	0.07	2.17	91.3230	2.02
2011-07-20	3.61	118.52	98.11	0.62	-0.52	0.06	0.19	2.96	0.01	0.40	0.64	0.02	1.49	0.08	2.22	91.1642	2.01
2011-07-21	3.55	118.25	98.96	0.68	-0.48	0.12	0.20	3.03	0.04	0.40	0.69	0.05	1.56	0.09	2.30	90.9685	2.04
2011-07-22	3.54	118.99	99.53	0.61	-0.50	0.10	0.20	2.99	0.05	0.40	0.66	0.05	1.53	0.09	2.26	90.8667	2.03
2011-07-25	3.53	118.27	98.97	0.58	-0.51	0.09	0.20	3.03	0.05	0.42	0.69	0.05	1.55	0.10	2.29	90.9305	2.06
2011-07-26	3.55	118.14	99.61	0.57	-0.50	0.08	0.21	2.99	0.07	0.41	0.66	0.07	1.51	0.11	2.25	90.7078	2.01
2011-07-27	3.51	117.99	97.40	0.56	-0.54	0.00	0.21	3.01	0.08	0.44	0.71	0.08	1.56	0.12	2.28	90.8659	2.10
2011-07-28	3.50	118.16	97.48	0.52	-0.59	-0.04	0.21	2.98	0.10	0.42	0.68	0.07	1.52	0.13	2.26	90.9106	2.11
2011-07-29	3.56	115.93	95.68	0.38	-0.72	-0.18	0.20	2.82	0.16	0.36	0.55	0.10	1.35	0.16	2.09	91.0079	2.07
2011-07-31	3.58																
2011-08-01	3.58	116.37	94.98	0.33	-0.75	-0.21	0.22	2.77	0.13	0.38	0.55	0.10	1.32	0.16	2.05	91.0166	2.07
2011-08-02	3.61	116.02	93.78	0.29	-0.76	-0.25	0.17	2.66	0.05	0.33	0.50	0.06	1.23	0.13	1.94	91.1606	1.99
2011-08-03	3.62	113.74	91.87	0.36	-0.62	-0.10	0.16	2.64	0.01	0.33	0.52	0.02	1.25	0.08	1.94	91.3532	1.87
2011-08-04	3.74	110.22	86.75	0.24	-0.67	-0.19	0.12	2.47	0.01	0.27	0.44	0.02	1.12	0.05	1.78	91.8881	1.79
2011-08-05	3.79	106.92	86.89	0.32	-0.59	-0.12	0.11	2.58	0.01	0.28	0.49	0.01	1.23	0.05	1.91	92.1584	1.82
2011-08-08	4.06	103.06	81.27	0.20	-0.63	-0.22	0.12	2.40	0.02	0.27	0.45	0.05	1.11	0.07	1.75	92.5865	1.74
2011-08-09	4.24	103.63	79.32	0.00	-0.84	-0.44	0.11	2.20	0.02	0.19	0.33	0.03	0.91	0.06	1.53	93.0657	1.75
2011-08-10	4.24	103.84	83.05	-0.13	-1.02	-0.74	0.09	2.17	0.02	0.19	0.33	0.02	0.93	0.06	1.52	92.9941	1.95
2011-08-11	4.34	107.82	85.48	0.06	-0.84	-0.47	0.10	2.34	0.01	0.19	0.34	0.03	1.02	0.08	1.65	92.8856	1.86
2011-08-12	4.36	108.17	85.19	-0.02	-0.88	-0.51	0.11	2.24	0.01	0.20	0.32	0.02	0.96	0.07	1.56	92.5825	1.84
2011-08-15	4.29	108.89	87.88	0.06	-0.81	-0.44	0.12	2.29	0.00	0.19	0.34	0.02	0.99	0.08	1.60	92.3824	1.80
2011-08-16	4.27	109.69	86.65	0.05	-0.79	-0.43	0.12	2.23	0.02	0.20	0.33	0.03	0.95	0.07	1.54	92.2430	1.74
2011-08-17	4.27	111.37	87.58	0.01	-0.81	-0.49	0.12	2.17	0.01	0.19	0.33	0.01	0.92	0.06	1.48	92.1241	1.73
2011-08-18	4.34	108.36	82.38	0.09	-0.72	-0.38	0.10	2.08	0.01	0.20	0.33	0.01	0.90	0.05	1.43	92.7066	1.62
2011-08-19	4.33	109.37	82.33	0.02	-0.80	-0.45	0.10	2.07	0.00	0.20	0.34	0.02	0.90	0.04	1.43	92.5251	1.70
2011-08-22	4.34	108.83	84.42	0.03	-0.79	-0.44	0.09	2.10	0.01	0.22	0.37	0.01	0.94	0.04	1.47	92.7163	1.73
2011-08-23	4.39	110.35	85.35	0.13	-0.71	-0.35	0.10	2.15	0.01	0.22	0.38	0.01	0.95	0.04	1.50	92.6165	1.66
2011-08-24	4.40	111.91	84.99	0.25	-0.60	-0.24	0.11	2.29	0.02	0.23	0.41	0.02	1.05	0.04	1.62	92.8891	1.65
2011-08-25	4.44	111.91	85.15	0.13	-0.70	-0.35	0.10	2.23	0.01	0.22	0.37	0.01	0.98	0.03	1.57	92.9916	1.68
2011-08-26	4.51	112.29	85.37	0.15	-0.70	-0.34	0.09	2.19	0.00	0.20	0.33	0.01	0.94	0.02	1.52	92.9632	1.64
2011-08-29	4.48	.	87.27	0.22	-0.68	-0.30	0.09	2.28	0.00	0.20	0.35	0.02	0.99	0.05	1.60	92.7353	1.67
2011-08-30	4.50	115.59	88.90	0.14	-0.73	-0.36	0.09	2.19	0.01	0.20	0.33	0.01	0.94	0.05	1.52	92.8348	1.67
2011-08-31	4.41	116.48	88.81	0.18	-0.76	-0.36	0.10	2.23	0.01	0.20	0.33	0.02	0.96	0.05	1.56	92.4129	1.72
2011-09-01	4.41	116.43	88.93	0.07	-0.82	-0.44	0.10	2.15	0.02	0.19	0.31	0.02	0.90	0.05	1.49	92.3179	1.72
2011-09-02	4.47	115.92	86.45	0.00	-0.84	-0.47	0.10	2.02	0.02	0.20	0.33	0.02	0.88	0.05	1.41	92.6723	1.72
2011-09-05	4.48	.	.	.	.	.	.	.	.	.	.	.	.	.	.	.	.
2011-09-06	4.53	113.29	85.99	0.05	-0.75	-0.40	0.13	1.98	0.02	0.21	0.33	0.02	0.88	0.07	1.40	93.3119	1.63
2011-09-07	4.48	117.50	89.34	0.09	-0.75	-0.38	0.11	2.05	0.00	0.21	0.34	0.02	0.92	0.06	1.45	93.1709	1.67
2011-09-08	4.49	117.99	89.05	0.00	-0.85	-0.53	0.12	2.00	0.01	0.19	0.33	0.02	0.88	0.07	1.41	93.2739	1.73
2011-09-09	4.53	115.10	87.24	-0.03	-0.84	-0.49	0.11	1.93	0.00	0.17	0.31	0.01	0.81	0.05	1.34	93.8023	1.65
2011-09-12	4.58	114.75	88.19	0.00	-0.76	-0.43	0.11	1.94	0.01	0.21	0.35	0.01	0.87	0.05	1.38	94.2638	1.63
2011-09-13	4.58	114.08	90.21	0.07	-0.72	-0.37	0.10	2.00	0.00	0.21	0.35	0.01	0.89	0.05	1.42	94.7198	1.61
2011-09-14	4.61	113.10	88.91	0.12	-0.67	-0.33	0.09	2.03	0.00	0.19	0.35	0.01	0.91	0.03	1.45	95.0829	1.58
2011-09-15	4.61	116.71	89.40	0.13	-0.78	-0.43	0.10	2.09	0.00	0.21	0.35	0.01	0.95	0.03	1.51	94.9435	1.73
2011-09-16	4.63	116.26	87.96	0.13	-0.75	-0.39	0.09	2.08	0.01	0.18	0.33	0.01	0.94	0.02	1.50	94.9712	1.69
2011-09-19	4.76	112.89	85.70	0.09	-0.76	-0.42	0.08	1.97	0.00	0.16	0.29	0.01	0.85	0.04	1.40	96.0042	1.61
2011-09-20	4.78	114.39	86.92	0.04	-0.82	-0.49	0.09	1.95	0.00	0.18	0.30	0.01	0.85	0.03	1.39	96.0095	1.67
2011-09-21	4.84	114.26	85.77	0.02	-0.78	-0.47	0.11	1.88	0.01	0.21	0.37	0.01	0.88	0.04	1.36	96.8091	1.66
2011-09-22	5.16	109.21	80.29	0.01	-0.70	-0.43	0.10	1.72	0.00	0.20	0.34	0.00	0.79	0.03	1.24	98.3526	1.49
2011-09-23	5.30	109.17	79.58	0.10	-0.59	-0.33	0.10	1.84	0.00	0.23	0.37	0.01	0.89	0.02	1.35	97.9681	1.48
2011-09-26	5.40	107.90	79.97	0.12	-0.56	-0.30	0.10	1.91	0.00	0.25	0.39	0.02	0.92	0.03	1.41	98.0069	1.48
2011-09-27	5.41	109.54	84.18	0.12	-0.60	-0.33	0.10	2.00	0.00	0.25	0.42	0.01	0.97	0.04	1.49	96.9592	1.57
2011-09-28	5.41	108.52	80.94	0.16	-0.58	-0.25	0.12	2.03	0.00	0.27	0.42	0.02	0.99	0.04	1.50	97.1500	1.57
2011-09-29	5.45	107.08	81.87	0.17	-0.56	-0.24	0.11	1.99	0.00	0.27	0.43	0.02	0.98	0.05	1.48	97.4179	1.54
2011-09-30	5.58	105.42	78.93	0.17	-0.54	-0.22	0.13	1.92	0.02	0.25	0.42	0.02	0.96	0.06	1.43	98.0732	1.50
2011-10-03	5.74	103.61	77.34	0.07	-0.61	-0.31	0.12	1.80	0.01	0.24	0.39	0.02	0.87	0.06	1.33	98.4468	1.48
2011-10-04	5.96	101.84	75.40	0.05	-0.59	-0.30	0.11	1.81	0.01	0.25	0.40	0.01	0.90	0.04	1.35	98.7347	1.49
2011-10-05	5.91	103.77	79.41	0.12	-0.54	-0.25	0.10	1.92	0.00	0.25	0.43	0.00	0.96	0.03	1.45	97.9751	1.50
2011-10-06	5.77	104.38	82.32	0.13	-0.57	-0.26	0.09	2.01	0.01	0.29	0.46	0.01	1.01	0.03	1.52	97.5714	1.58
2011-10-07	5.63	106.56	82.70	0.16	-0.55	-0.23	0.11	2.10	0.01	0.30	0.50	0.01	1.08	0.04	1.61	96.8418	1.63
2011-10-10	5.62	109.49	85.14	.	.	.	.	.	.	.	.	.	.	.	.	.	.
2011-10-11	5.42	109.22	85.54	0.23	-0.51	-0.18	0.12	2.18	0.01	0.32	0.54	0.02	1.14	0.05	1.68	96.7306	1.65
2011-10-12	5.25	112.44	85.30	0.26	-0.50	-0.16	0.09	2.24	0.01	0.29	0.54	0.02	1.17	0.06	1.72	96.3656	1.67
2011-10-13	5.19	112.45	83.96	0.27	-0.50	-0.16	0.11	2.19	0.02	0.29	0.51	0.02	1.11	0.05	1.67	96.6539	1.61
2011-10-14	5.09	114.33	86.80	0.28	-0.54	-0.18	0.11	2.26	0.02	0.28	0.50	0.02	1.12	0.06	1.71	96.3549	1.66
2011-10-17	5.06	112.92	86.38	0.24	-0.58	-0.22	0.12	2.18	0.02	0.28	0.48	0.04	1.08	0.06	1.65	96.2541	1.66
2011-10-18	5.06	112.08	88.34	0.22	-0.65	-0.27	0.12	2.19	0.02	0.28	0.47	0.04	1.07	0.07	1.64	96.6932	1.72
2011-10-19	5.01	111.76	86.11	0.23	-0.66	-0.27	0.11	2.18	0.01	0.28	0.46	0.03	1.05	0.06	1.62	96.4752	1.71
2011-10-20	5.02	109.00	86.07	0.22	-0.65	-0.26	0.12	2.20	0.02	0.28	0.46	0.03	1.07	0.06	1.64	97.5444	1.72
2011-10-21	4.99	111.60	87.19	0.23	-0.66	-0.27	0.12	2.23	0.01	0.30	0.46	0.02	1.08	0.05	1.66	97.1027	1.74
2011-10-24	4.92	111.67	91.12	0.23	-0.66	-0.27	0.11	2.25	0.01	0.30	0.47	0.02	1.10	0.06	1.70	96.5757	1.76
2011-10-25	4.91	112.11	92.98	0.12	-0.75	-0.37	0.11	2.14	0.01	0.26	0.43	0.01	1.01	0.06	1.60	96.4598	1.76
2011-10-26	4.86	110.43	90.20	0.15	-0.74	-0.36	0.13	2.23	0.01	0.28	0.48	0.02	1.09	0.06	1.68	96.5415	1.83
2011-10-27	4.60	112.45	93.96	0.24	-0.74	-0.33	0.14	2.42	0.02	0.31	0.53	0.02	1.20	0.07	1.83	95.4724	1.94
2011-10-28	4.59	110.01	93.32	0.19	-0.80	-0.38	0.13	2.34	0.02	0.28	0.50	0.01	1.13	0.06	1.74	95.1160	1.93
2011-10-31	4.68	108.43	93.19	0.08	-0.89	-0.47	0.12	2.17	0.02	0.25	0.41	0.01	0.99	0.06	1.58	95.3895	1.88
2011-11-01	4.89	106.97	92.19	-0.04	-0.92	-0.51	0.13	2.01	0.01	0.23	0.38	0.01	0.90	0.05	1.45	96.7758	1.82
2011-11-02	4.87	110.82	92.51	-0.07	-1.02	-0.61	0.11	2.03	0.01	0.23	0.37	0.01	0.89	0.04	1.44	96.4198	1.91
2011-11-03	4.81	110.76	94.07	0.00	-1.00	-0.57	0.11	2.09	0.01	0.24	0.39	0.01	0.91	0.04	1.48	96.3551	1.91
2011-11-04	4.79	112.22	94.26	-0.06	-1.05	-0.62	0.11	2.06	0.01	0.22	0.37	0.01	0.88	0.03	1.45	96.2651	1.93
2011-11-07	4.82	114.75	95.52	-0.10	-1.06	-0.64	0.09	2.04	0.01	0.25	0.38	0.01	0.88	0.04	1.44	96.3401	1.94
2011-11-08	4.75	115.61	96.80	-0.03	-0.97	-0.53	0.10	2.10	0.01	0.25	0.39	0.01	0.92	0.03	1.50	96.1996	1.89
2011-11-09	4.82	115.29	95.74	-0.04	-0.99	-0.58	0.10	2.00	0.01	0.24	0.37	0.01	0.88	0.04	1.41	96.5497	1.87
2011-11-10	4.82	113.32	97.78	-0.04	-0.98	-0.54	0.10	2.04	0.01	0.24	0.38	0.01	0.90	0.03	1.45	96.8701	1.88
2011-11-11	4.82	114.43	98.99	.	.	.	.	.	.	.	.	.	.	.	.	.	.
2011-11-14	4.83	112.57	98.14	-0.01	-0.93	-0.50	0.09	2.04	0.01	0.24	0.39	0.01	0.91	0.04	1.46	96.7608	1.84
2011-11-15	4.84	111.90	99.37	0.04	-0.83	-0.42	0.11	2.06	0.01	0.26	0.40	0.01	0.93	0.05	1.48	97.0347	1.76
2011-11-16	4.86	111.91	102.59	0.05	-0.78	-0.40	0.11	2.01	0.01	0.26	0.40	0.01	0.90	0.04	1.44	97.0595	1.68
2011-11-17	4.91	109.25	98.82	0.06	-0.71	-0.36	0.10	1.96	0.01	0.27	0.40	0.02	0.88	0.04	1.41	97.1797	1.59
2011-11-18	4.90	107.82	97.67	0.05	-0.70	-0.35	0.12	2.01	0.02	0.29	0.43	0.01	0.94	0.04	1.48	97.4654	1.64
2011-11-21	4.99	105.98	96.73	0.07	-0.67	-0.33	0.11	1.97	0.02	0.27	0.41	0.02	0.92	0.05	1.45	98.3097	1.59
2011-11-22	5.04	107.77	97.76	0.05	-0.69	-0.35	0.11	1.94	0.02	0.26	0.40	0.02	0.91	0.06	1.42	98.3042	1.60
2011-11-23	5.12	106.83	96.16	-0.01	-0.73	-0.40	0.12	1.89	0.02	0.26	0.40	0.02	0.88	0.06	1.38	98.8857	1.61
2011-11-24	5.12	.	.	.	.	.	.	.	.	.	.	.	.	.	.	.	.
2011-11-25	5.15	106.08	96.91	0.05	-0.71	-0.36	0.13	1.97	0.02	0.28	0.41	0.02	0.93	0.07	1.45	99.3254	1.64
2011-11-28	5.13	109.38	98.21	0.02	-0.75	-0.39	0.13	1.97	0.02	0.26	0.39	0.03	0.91	0.07	1.44	98.7448	1.66
2011-11-29	5.16	111.25	99.79	0.01	-0.77	-0.41	0.14	2.00	0.02	0.27	0.40	0.02	0.93	0.05	1.48	98.3973	1.70
2011-11-30	5.13	111.22	100.36	0.03	-0.80	-0.41	0.12	2.08	0.02	0.25	0.41	0.01	0.96	0.06	1.53	97.6240	1.76
2011-12-01	5.09	108.83	100.20	0.06	-0.79	-0.39	0.12	2.11	0.02	0.27	0.41	0.01	0.97	0.05	1.55	97.2326	1.76
2011-12-02	5.09	109.59	100.97	0.00	-0.84	-0.45	0.12	2.05	0.02	0.25	0.39	0.02	0.92	0.06	1.49	97.0854	1.76
2011-12-05	5.05	110.18	100.94	-0.01	-0.84	-0.45	0.11	2.04	0.01	0.27	0.40	0.01	0.93	0.05	1.49	96.9811	1.77
2011-12-06	5.05	110.16	101.25	0.01	-0.89	-0.55	0.11	2.08	0.00	0.25	0.41	0.01	0.94	0.04	1.52	97.1144	1.83
2011-12-07	5.07	110.07	100.45	-0.01	-0.82	-0.45	0.11	2.02	0.00	0.24	0.36	0.02	0.89	0.05	1.46	97.1146	1.71
2011-12-08	5.10	108.23	98.35	0.01	-0.79	-0.43	0.10	1.99	0.00	0.22	0.35	0.01	0.86	0.04	1.41	97.5486	1.65
2011-12-09	5.09	107.91	99.40	0.05	-0.75	-0.40	0.11	2.07	0.00	0.22	0.37	0.01	0.89	0.05	1.48	97.5610	1.64
2011-12-12	5.13	107.82	97.77	-0.01	-0.77	-0.43	0.10	2.03	0.00	0.24	0.36	0.01	0.87	0.05	1.45	98.2126	1.64
2011-12-13	5.15	109.25	100.24	-0.05	-0.80	-0.46	0.11	1.96	0.00	0.24	0.35	0.01	0.85	0.06	1.40	98.2938	1.65
2011-12-14	5.19	105.72	94.92	-0.04	-0.74	-0.42	0.12	1.92	0.00	0.25	0.36	0.01	0.86	0.05	1.38	98.8069	1.60
2011-12-15	5.21	104.52	93.84	-0.01	-0.75	-0.41	0.12	1.92	0.00	0.26	0.37	0.00	0.86	0.05	1.38	98.5495	1.61
2011-12-16	5.23	104.00	93.55	-0.05	-0.77	-0.44	0.11	1.86	0.00	0.24	0.35	0.00	0.81	0.04	1.32	98.3890	1.58
2011-12-19	5.25	104.55	93.86	-0.12	-0.82	-0.49	0.11	1.82	0.00	0.24	0.36	0.01	0.82	0.04	1.30	98.4809	1.64
2011-12-20	5.20	107.80	97.16	-0.10	-0.84	-0.50	0.12	1.94	0.00	0.26	0.39	0.01	0.88	0.04	1.39	98.1698	1.72
2011-12-21	5.17	108.00	98.54	-0.07	-0.79	-0.47	0.13	1.98	0.00	0.28	0.40	0.01	0.91	0.04	1.44	98.1841	1.70
2011-12-22	5.16	108.98	99.42	-0.07	-0.73	-0.43	0.12	1.97	0.00	0.28	0.41	0.01	0.91	0.03	1.43	98.1271	1.64
2011-12-23	5.12	109.28	99.72	-0.04	-0.71	-0.42	0.12	2.03	0.00	0.28	0.45	0.01	0.97	0.04	1.49	98.0893	1.68
2011-12-26	.	.	.	.	.	.	.	.	.	.	.	.	.	.	.	.	.
2011-12-27	5.14	.	101.29	-0.02	-0.69	-0.39	0.12	2.02	0.01	0.30	0.45	0.02	0.96	0.06	1.49	98.3865	1.65
2011-12-28	5.17	107.54	99.44	-0.07	-0.72	-0.42	0.12	1.93	0.00	0.28	0.42	0.01	0.91	0.05	1.41	98.5482	1.63
2011-12-29	5.15	106.89	99.68	-0.05	-0.73	-0.42	0.12	1.91	0.00	0.28	0.41	0.02	0.88	0.07	1.38	98.4974	1.61
2011-12-30	5.16	108.09	98.83	-0.07	-0.76	-0.44	0.12	1.89	0.01	0.25	0.36	0.02	0.83	0.06	1.35	98.3040	1.59
2011-12-31	5.15																
2012-01-02	.	.	.	.	.	.	.	.	.	.	.	.	.	.	.	.	.
2012-01-03	5.07	111.12	102.96	-0.04	-0.77	-0.43	0.12	1.97	0.01	0.27	0.40	0.02	0.89	0.06	1.41	97.5555	1.66
2012-01-04	5.04	113.37	103.22	-0.08	-0.82	-0.48	0.12	2.00	0.01	0.25	0.40	0.02	0.89	0.06	1.43	97.5854	1.71
2012-01-05	5.04	113.59	101.81	-0.10	-0.86	-0.51	0.11	2.02	0.01	0.27	0.40	0.02	0.88	0.07	1.43	97.8533	1.74
2012-01-06	5.05	111.96	101.56	-0.11	-0.85	-0.51	0.12	1.98	0.02	0.25	0.40	0.02	0.86	0.05	1.40	97.8570	1.71
2012-01-09	5.07	111.07	101.31	-0.13	-0.88	-0.53	0.11	1.98	0.01	0.26	0.38	0.01	0.85	0.05	1.39	97.8951	1.73
2012-01-10	5.05	113.30	102.24	-0.08	-0.84	-0.48	0.11	2.00	0.01	0.24	0.37	0.02	0.86	0.05	1.41	97.3736	1.70
2012-01-11	5.09	111.66	100.89	-0.10	-0.85	-0.51	0.11	1.93	0.01	0.24	0.34	0.02	0.82	0.05	1.34	97.4974	1.67
2012-01-12	5.06	112.97	99.03	-0.10	-0.85	-0.50	0.11	1.94	0.02	0.22	0.35	0.03	0.84	0.06	1.37	97.2356	1.69
2012-01-13	5.08	109.88	98.69	-0.14	-0.89	-0.54	0.10	1.89	0.02	0.24	0.34	0.03	0.80	0.06	1.32	97.2684	1.69
2012-01-16	5.08	.	.	.	.	.	.	.	.	.	.	.	.	.	.	.	.
2012-01-17	5.08	110.55	100.70	-0.17	-0.91	-0.57	0.11	1.87	0.02	0.21	0.33	0.03	0.79	0.06	1.31	96.7848	1.70
2012-01-18	5.04	109.81	100.61	-0.15	-0.91	-0.56	0.11	1.92	0.02	0.24	0.35	0.03	0.82	0.07	1.34	96.3837	1.73
2012-01-19	4.96	109.54	100.32	0.00	-0.88	-0.48	0.11	2.01	0.04	0.26	0.36	0.05	0.87	0.07	1.43	96.0814	1.75
2012-01-20	4.91	108.50	98.15	0.01	-0.85	-0.47	0.11	2.05	0.03	0.26	0.38	0.05	0.91	0.07	1.47	96.1458	1.76
2012-01-23	4.86	109.46	99.47	0.02	-0.84	-0.46	0.12	2.09	0.03	0.26	0.39	0.04	0.93	0.07	1.51	95.8484	1.77
2012-01-24	4.85	108.38	98.84	-0.01	-0.89	-0.50	0.12	2.08	0.02	0.24	0.39	0.04	0.92	0.07	1.49	95.9390	1.81
2012-01-25	4.86	108.48	99.23	-0.12	-1.02	-0.62	0.12	2.01	0.03	0.22	0.34	0.04	0.81	0.07	1.40	95.9078	1.83
2012-01-26	4.82	109.08	99.76	-0.16	-1.09	-0.68	0.12	1.96	0.04	0.22	0.31	0.05	0.77	0.08	1.34	95.2303	1.86
2012-01-27	4.80	110.50	99.47	-0.18	-1.13	-0.71	0.12	1.93	0.05	0.22	0.32	0.06	0.75	0.08	1.31	95.1198	1.88
2012-01-30	4.82	110.24	98.75	-0.24	-1.14	-0.74	0.12	1.87	0.05	0.22	0.31	0.05	0.73	0.08	1.27	95.3876	1.87
2012-01-31	4.82	110.26	98.46	-0.28	-1.17	-0.77	0.13	1.83	0.04	0.22	0.30	0.06	0.71	0.08	1.24	95.3102	1.88
2012-02-01	4.76	111.96	97.63	-0.28	-1.17	-0.78	0.13	1.87	0.05	0.23	0.31	0.06	0.72	0.09	1.27	95.0495	1.89
2012-02-02	4.75	110.96	96.36	-0.30	-1.18	-0.79	0.14	1.86	0.07	0.23	0.31	0.08	0.71	0.10	1.25	94.5218	1.89
2012-02-03	4.68	112.56	97.80	-0.21	-1.10	-0.72	0.14	1.97	0.06	0.23	0.33	0.08	0.78	0.10	1.35	94.3123	1.88
2012-02-06	4.68	115.47	96.89	-0.26	-1.15	-0.76	0.14	1.93	0.04	0.24	0.32	0.08	0.76	0.10	1.32	94.2626	1.91
2012-02-07	4.64	116.86	98.55	-0.21	-1.13	-0.73	0.14	2.00	0.06	0.25	0.35	0.08	0.82	0.11	1.39	94.1875	1.95
2012-02-08	4.63	117.18	98.80	-0.21	-1.09	-0.68	0.15	2.01	0.06	0.27	0.35	0.09	0.82	0.11	1.39	94.2215	1.91
2012-02-09	4.58	118.40	99.88	-0.17	-1.05	-0.64	0.15	2.04	0.06	0.27	0.38	0.09	0.86	0.12	1.43	94.2890	1.91
2012-02-10	4.59	118.13	98.68	-0.24	-1.07	-0.66	0.15	1.96	0.05	0.27	0.36	0.09	0.81	0.12	1.36	94.6303	1.88
2012-02-13	4.56	118.73	100.39	-0.22	-1.12	-0.73	0.15	1.99	0.06	0.29	0.40	0.11	0.85	0.14	1.40	94.3683	1.97
2012-02-14	4.56	118.30	100.82	-0.27	-1.11	-0.71	0.18	1.92	0.09	0.29	0.40	0.12	0.81	0.15	1.34	94.6154	1.92
2012-02-15	4.55	120.25	101.82	-0.26	-1.09	-0.67	0.18	1.93	0.09	0.29	0.38	0.11	0.81	0.13	1.34	94.5633	1.90
2012-02-16	4.54	121.00	102.33	-0.24	-1.06	-0.65	0.17	1.99	0.04	0.29	0.42	0.10	0.87	0.13	1.41	94.8444	1.93
2012-02-17	4.51	120.69	103.27	-0.23	-1.05	-0.62	0.18	2.01	0.03	0.29	0.42	0.09	0.88	0.13	1.43	94.6537	1.93
2012-02-20	4.50	.	.	.	.	.	.	.	.	.	.	.	.	.	.	.	.
2012-02-21	4.46	120.85	105.88	-0.22	-1.06	-0.61	0.17	2.05	0.03	0.31	0.44	0.08	0.92	0.13	1.47	94.4645	1.98
2012-02-22	4.42	123.07	105.99	-0.27	-1.11	-0.66	0.17	2.01	0.07	0.29	0.42	0.09	0.88	0.13	1.41	94.6277	1.99
2012-02-23	4.40	124.53	107.44	-0.30	-1.16	-0.70	0.17	1.99	0.07	0.31	0.43	0.09	0.88	0.14	1.40	94.6076	2.04
2012-02-24	4.37	124.89	109.39	-0.29	-1.14	-0.68	0.18	1.98	0.08	0.31	0.43	0.10	0.89	0.14	1.41	94.6249	2.03
2012-02-27	4.39	126.46	108.49	-0.32	-1.18	-0.72	0.17	1.92	0.08	0.30	0.40	0.12	0.84	0.14	1.35	94.6827	2.02
2012-02-28	4.34	124.02	106.59	-0.31	-1.15	-0.70	0.18	1.94	0.10	0.30	0.41	0.10	0.84	0.14	1.36	94.5817	1.99
2012-02-29	4.21	122.23	107.08	-0.28	-1.12	-0.66	0.18	1.98	0.08	0.30	0.43	0.08	0.87	0.13	1.39	94.3754	1.99
2012-03-01	4.17	125.76	108.76	-0.23	-1.10	-0.64	0.18	2.03	0.07	0.30	0.43	0.08	0.89	0.13	1.44	94.3794	1.99
2012-03-02	4.15	125.93	106.68	-0.24	-1.11	-0.64	0.17	1.99	0.06	0.28	0.41	0.07	0.84	0.12	1.38	94.5070	1.95
2012-03-05	4.12	126.68	106.70	-0.20	-1.07	-0.60	0.17	2.00	0.07	0.31	0.43	0.08	0.87	0.14	1.40	94.7353	1.94
2012-03-06	4.19	125.03	104.71	-0.21	-1.09	-0.63	0.17	1.96	0.06	0.30	0.40	0.08	0.83	0.13	1.35	95.2999	1.92
2012-03-07	4.18	125.37	106.16	-0.22	-1.13	-0.66	0.18	1.98	0.06	0.30	0.42	0.08	0.85	0.14	1.37	95.1487	1.98
2012-03-08	4.13	127.96	106.65	-0.21	-1.12	-0.66	0.18	2.03	0.07	0.32	0.44	0.08	0.89	0.14	1.41	94.7802	2.01
2012-03-09	4.08	128.08	107.40	-0.24	-1.17	-0.71	0.18	2.04	0.06	0.33	0.46	0.09	0.90	0.13	1.43	94.4811	2.07
2012-03-12	4.07	127.27	106.34	-0.24	-1.14	-0.68	0.18	2.04	0.05	0.33	0.47	0.09	0.92	0.15	1.43	94.9403	2.06
2012-03-13	4.00	128.14	106.70	-0.20	-1.14	-0.68	0.20	2.14	0.06	0.35	0.51	0.08	0.99	0.15	1.52	94.6846	2.13
2012-03-14	3.91	126.98	105.49	-0.07	-1.02	-0.54	0.21	2.29	0.08	0.40	0.60	0.09	1.13	0.15	1.69	94.9497	2.15
2012-03-15	3.92	123.63	105.19	-0.08	-1.02	-0.55	0.21	2.29	0.08	0.37	0.56	0.08	1.11	0.15	1.67	94.8622	2.13
2012-03-16	3.89	125.09	107.03	-0.09	-0.99	-0.52	0.21	2.31	0.07	0.37	0.57	0.09	1.13	0.15	1.70	94.7858	2.12
2012-03-19	3.84	125.76	108.09	-0.03	-0.93	-0.46	0.21	2.39	0.07	0.39	0.60	0.10	1.20	0.15	1.77	94.6538	2.13
2012-03-20	3.85	124.38	105.68	-0.04	-0.93	-0.48	0.22	2.38	0.08	0.41	0.62	0.10	1.22	0.15	1.78	94.9756	2.15
2012-03-21	3.89	123.89	106.87	-0.08	-0.96	-0.51	0.21	2.31	0.09	0.39	0.58	0.09	1.15	0.15	1.71	95.0280	2.11
2012-03-22	3.93	122.49	104.98	-0.08	-0.93	-0.50	0.19	2.29	0.06	0.37	0.56	0.08	1.13	0.14	1.69	95.2716	2.06
2012-03-23	3.96	125.21	106.43	-0.11	-0.94	-0.51	0.19	2.25	0.06	0.37	0.55	0.08	1.10	0.14	1.66	95.1886	2.04
2012-03-26	3.95	125.85	107.07	-0.08	-0.93	-0.48	0.19	2.26	0.06	0.36	0.54	0.09	1.09	0.15	1.65	94.9354	2.02
2012-03-27	3.98	125.25	107.32	-0.13	-0.97	-0.52	0.18	2.20	0.07	0.33	0.50	0.09	1.04	0.14	1.59	94.7984	2.01
2012-03-28	3.98	124.41	105.40	-0.11	-0.98	-0.53	0.18	2.21	0.05	0.34	0.51	0.09	1.05	0.14	1.60	95.1764	2.03
2012-03-29	4.01	123.23	102.79	-0.13	-0.98	-0.53	0.18	2.18	0.02	0.33	0.50	0.07	1.01	0.14	1.57	95.4017	1.99
2012-03-30	4.00	123.41	103.03	-0.09	-0.98	-0.53	0.19	2.23	0.05	0.33	0.51	0.07	1.04	0.15	1.61	95.1056	2.02
2012-03-31	4.03																
2012-04-02	4.05	124.44	105.25	-0.14	-1.01	-0.55	0.18	2.22	0.05	0.33	0.50	0.08	1.03	0.14	1.60	94.9372	2.04
2012-04-03	4.00	.	104.02	-0.06	-0.94	-0.48	0.20	2.30	0.07	0.36	0.56	0.08	1.10	0.15	1.68	94.8231	2.04
2012-04-04	4.04	123.04	101.53	-0.05	-0.91	-0.46	0.19	2.25	0.08	0.35	0.53	0.08	1.05	0.14	1.62	95.2128	1.96
2012-04-05	4.09	123.58	103.29	-0.08	-0.94	-0.49	0.19	2.19	0.07	0.35	0.50	0.08	1.01	0.14	1.56	95.2665	1.95
2012-04-06	.	.	.	-0.16	-0.96	-0.54	0.19	2.07	0.06	0.32	0.45	0.07	0.89	0.14	1.42	95.5136	1.85
2012-04-09	4.16	.	102.45	-0.17	-0.94	-0.52	0.19	2.06	0.07	0.32	0.46	0.09	0.90	0.15	1.42	95.5964	1.84
2012-04-10	4.23	121.89	101.12	-0.24	-1.02	-0.62	0.19	2.01	0.08	0.28	0.42	0.09	0.85	0.15	1.37	96.0555	1.87
2012-04-11	4.23	120.41	102.66	-0.25	-1.06	-0.66	0.18	2.05	0.08	0.30	0.43	0.09	0.89	0.14	1.41	95.9819	1.95
2012-04-12	4.21	120.57	103.69	-0.22	-1.01	-0.60	0.18	2.08	0.08	0.29	0.43	0.09	0.90	0.14	1.44	95.6646	1.91
2012-04-13	4.21	120.62	102.84	-0.25	-1.05	-0.64	0.17	2.02	0.07	0.27	0.41	0.09	0.86	0.13	1.39	95.8213	1.91
2012-04-16	4.22	118.23	102.92	-0.26	-1.04	-0.64	0.18	2.00	0.07	0.27	0.42	0.08	0.85	0.14	1.37	96.1136	1.89
2012-04-17	4.18	117.41	104.23	-0.26	-1.03	-0.63	0.18	2.03	0.07	0.27	0.42	0.08	0.88	0.13	1.40	95.7471	1.91
2012-04-18	4.20	115.18	102.65	-0.26	-1.01	-0.61	0.18	2.00	0.05	0.27	0.40	0.07	0.86	0.13	1.38	95.9713	1.87
2012-04-19	4.20	117.00	102.38	-0.21	-1.07	-0.70	0.17	1.98	0.04	0.27	0.40	0.07	0.84	0.12	1.37	96.2143	1.91
2012-04-20	4.17	118.08	103.58	-0.24	-1.10	-0.73	0.18	1.99	0.04	0.29	0.40	0.08	0.86	0.13	1.38	95.9611	1.96
2012-04-23	4.20	116.66	102.68	-0.26	-1.12	-0.76	0.17	1.96	0.04	0.27	0.39	0.08	0.83	0.13	1.34	96.2566	1.95
2012-04-24	4.18	117.74	103.10	-0.25	-1.15	-0.77	0.18	2.00	0.07	0.27	0.40	0.09	0.86	0.14	1.37	96.1042	2.01
2012-04-25	4.14	117.45	103.72	-0.24	-1.16	-0.77	0.18	2.01	0.08	0.26	0.39	0.09	0.86	0.14	1.38	96.0875	2.02
2012-04-26	4.14	119.33	104.56	-0.29	-1.21	-0.81	0.18	1.98	0.09	0.26	0.39	0.09	0.83	0.15	1.36	96.0804	2.04
2012-04-27	4.13	119.30	104.86	-0.30	-1.24	-0.84	0.19	1.96	0.07	0.26	0.39	0.09	0.82	0.14	1.34	95.6586	2.06
2012-04-30	4.14	118.66	104.89	-0.30	-1.24	-0.84	0.20	1.95	0.07	0.27	0.38	0.10	0.82	0.15	1.33	95.5361	2.06
2012-05-01	4.09	119.57	106.17	-0.28	-1.22	-0.82	0.19	1.98	0.07	0.27	0.39	0.09	0.84	0.15	1.35	95.4937	2.06
2012-05-02	4.08	117.57	105.25	-0.28	-1.22	-0.82	0.18	1.96	0.06	0.27	0.39	0.08	0.82	0.15	1.33	95.7117	2.04
2012-05-03	4.04	115.91	102.56	-0.27	-1.19	-0.81	0.19	1.96	0.05	0.28	0.40	0.09	0.82	0.15	1.34	95.8534	2.01
2012-05-04	4.08	111.66	98.49	-0.30	-1.15	-0.73	0.18	1.91	0.05	0.27	0.37	0.07	0.78	0.14	1.28	96.2473	1.93
2012-05-07	4.10	.	97.86	-0.27	-1.15	-0.77	0.18	1.92	0.06	0.27	0.37	0.10	0.79	0.15	1.29	96.2596	1.94
2012-05-08	4.12	110.48	97.13	-0.28	-1.18	-0.81	0.18	1.88	0.08	0.27	0.36	0.09	0.77	0.15	1.26	96.6522	1.95
2012-05-09	4.16	111.89	96.80	-0.27	-1.17	-0.81	0.18	1.87	0.07	0.27	0.36	0.09	0.77	0.15	1.26	97.1614	1.94
2012-05-10	4.15	112.24	97.10	-0.25	-1.17	-0.80	0.18	1.89	0.08	0.27	0.37	0.10	0.79	0.15	1.28	97.0291	1.96
2012-05-11	4.17	112.50	96.03	-0.28	-1.16	-0.77	0.18	1.84	0.07	0.27	0.36	0.10	0.75	0.15	1.24	97.0985	1.91
2012-05-14	4.27	110.79	94.75	-0.33	-1.18	-0.82	0.19	1.78	0.07	0.29	0.37	0.10	0.73	0.15	1.20	97.7709	1.91
2012-05-15	4.32	111.40	93.97	-0.36	-1.18	-0.82	0.19	1.76	0.08	0.29	0.38	0.09	0.74	0.15	1.19	97.9524	1.92
2012-05-16	4.39	109.80	92.78	-0.33	-1.14	-0.81	0.20	1.76	0.08	0.30	0.40	0.10	0.75	0.15	1.19	98.3061	1.89
2012-05-17	4.46	109.31	92.53	-0.35	-1.13	-0.81	0.20	1.70	0.08	0.32	0.40	0.10	0.74	0.16	1.16	98.2928	1.87
2012-05-18	4.53	108.03	91.51	-0.39	-1.10	-0.82	0.20	1.71	0.06	0.32	0.42	0.08	0.75	0.15	1.16	98.5240	1.85
2012-05-21	4.52	109.02	92.57	-0.41	-1.11	-0.79	0.21	1.75	0.06	0.30	0.41	0.09	0.75	0.14	1.18	98.5329	1.86
2012-05-22	4.45	109.76	91.44	-0.38	-1.09	-0.80	0.21	1.79	0.07	0.30	0.41	0.09	0.78	0.14	1.20	98.4317	1.87
2012-05-23	4.54	106.88	89.40	-0.41	-1.06	-0.79	0.20	1.73	0.07	0.28	0.40	0.09	0.74	0.13	1.15	99.3088	1.80
2012-05-24	4.54	107.20	90.36	-0.37	-1.02	-0.76	0.21	1.77	0.08	0.29	0.42	0.10	0.77	0.14	1.20	99.1762	1.79
2012-05-25	4.56	107.86	90.64	-0.38	-1.02	-0.75	0.20	1.75	0.07	0.30	0.41	0.09	0.76	0.14	1.17	99.1866	1.78
2012-05-28	4.56	.	.	.	.	.	.	.	.	.	.	.	.	.	.	.	.
2012-05-29	4.54	107.55	90.75	-0.37	-1.00	-0.74	0.20	1.74	0.06	0.30	0.42	0.09	0.76	0.14	1.17	99.0639	1.76
2012-05-30	4.64	103.85	87.79	-0.45	-1.02	-0.78	0.19	1.63	0.05	0.27	0.38	0.07	0.69	0.13	1.06	99.5942	1.71
2012-05-31	4.70	103.86	86.52	-0.50	-1.05	-0.82	0.18	1.59	0.03	0.27	0.35	0.07	0.67	0.14	1.03	100.1243	1.72
2012-06-01	4.78	98.63	83.17	-0.59	-1.03	-0.85	0.17	1.47	0.03	0.25	0.34	0.07	0.62	0.12	0.93	100.2408	1.65
2012-06-04	4.79	97.74	83.95	-0.56	-1.01	-0.82	0.18	1.53	0.04	0.25	0.35	0.08	0.68	0.13	1.01	99.9861	1.69
2012-06-05	4.75	98.65	84.31	-0.56	-1.03	-0.84	0.18	1.57	0.05	0.25	0.34	0.08	0.68	0.14	1.04	99.9423	1.71
2012-06-06	4.64	101.14	85.05	-0.50	-1.00	-0.79	0.18	1.66	0.05	0.26	0.37	0.09	0.73	0.13	1.11	99.4152	1.73
2012-06-07	4.56	100.05	84.78	-0.49	-1.05	-0.82	0.18	1.66	0.04	0.27	0.37	0.09	0.72	0.14	1.10	99.0890	1.77
2012-06-08	4.57	97.57	84.08	-0.50	-1.08	-0.84	0.19	1.65	0.04	0.28	0.39	0.09	0.71	0.14	1.09	99.3910	1.79
2012-06-11	4.55	98.60	82.58	-0.53	-1.10	-0.86	0.18	1.60	0.05	0.27	0.37	0.09	0.69	0.15	1.05	99.3429	1.79
2012-06-12	4.53	96.59	83.35	-0.48	-1.06	-0.82	0.19	1.67	0.06	0.30	0.41	0.10	0.75	0.15	1.12	99.4066	1.81
2012-06-13	4.53	97.29	82.56	-0.51	-1.09	-0.85	0.18	1.61	0.07	0.30	0.40	0.10	0.71	0.15	1.06	99.3198	1.80
2012-06-14	4.52	96.46	83.83	-0.47	-1.06	-0.81	0.18	1.64	0.08	0.30	0.41	0.11	0.73	0.15	1.10	99.3962	1.79
2012-06-15	4.49	97.13	84.03	-0.54	-1.18	-0.91	0.18	1.60	0.05	0.29	0.37	0.09	0.68	0.15	1.06	99.0846	1.86
2012-06-18	4.48	95.21	83.26	-0.54	-1.16	-0.90	0.18	1.59	0.06	0.29	0.38	0.10	0.69	0.15	1.06	99.0640	1.85
2012-06-19	4.42	95.14	83.99	-0.53	-1.16	-0.90	0.18	1.64	0.06	0.30	0.39	0.09	0.71	0.14	1.09	98.5259	1.87
2012-06-20	4.39	93.50	81.06	-0.51	-1.14	-0.87	0.20	1.65	0.06	0.32	0.41	0.09	0.74	0.16	1.12	98.6377	1.88
2012-06-21	4.41	89.22	77.91	-0.47	-1.04	-0.80	0.19	1.63	0.05	0.32	0.41	0.09	0.73	0.15	1.10	98.8725	1.77
2012-06-22	4.39	89.22	79.33	-0.42	-0.98	-0.74	0.19	1.69	0.05	0.31	0.42	0.09	0.76	0.15	1.15	99.2092	1.74
2012-06-25	4.42	88.69	78.76	-0.47	-0.98	-0.77	0.19	1.63	0.06	0.31	0.39	0.10	0.72	0.16	1.10	99.5521	1.70
2012-06-26	4.41	90.19	79.34	-0.45	-0.95	-0.74	0.21	1.66	0.07	0.31	0.42	0.10	0.75	0.15	1.12	99.3031	1.70
2012-06-27	4.41	92.06	80.27	-0.45	-0.95	-0.74	0.21	1.65	0.06	0.31	0.42	0.09	0.73	0.17	1.10	98.9236	1.68
2012-06-28	4.43	91.02	77.72	-0.48	-0.95	-0.76	0.22	1.60	0.02	0.31	0.40	0.09	0.69	0.17	1.06	98.9829	1.64
2012-06-29	4.34	94.17	85.04	-0.46	-1.00	-0.77	0.21	1.67	0.04	0.33	0.41	0.09	0.72	0.16	1.11	97.9198	1.72
2012-06-30	4.34																
2012-07-02	4.35	95.28	83.72	-0.50	-1.04	-0.81	0.21	1.61	0.06	0.30	0.39	0.10	0.67	0.15	1.04	97.8037	1.71
2012-07-03	4.29	99.89	87.74	-0.48	-1.08	-0.82	0.21	1.65	0.08	0.30	0.39	0.09	0.69	0.15	1.08	97.4551	1.77
2012-07-04	4.28	.	.	.	.	.	.	.	.	.	.	.	.	.	.	.	.
2012-07-05	4.28	101.54	87.11	-0.51	-1.12	-0.86	0.19	1.62	0.07	0.28	0.39	0.08	0.68	0.15	1.05	97.7433	1.80
2012-07-06	4.29	98.50	84.37	-0.53	-1.12	-0.87	0.20	1.57	0.06	0.27	0.37	0.08	0.64	0.15	1.01	98.2303	1.76
2012-07-09	4.30	99.94	85.93	-0.57	-1.14	-0.89	0.20	1.53	0.06	0.27	0.36	0.09	0.63	0.14	0.98	98.2302	1.77
2012-07-10	4.27	99.15	83.92	-0.59	-1.16	-0.92	0.20	1.53	0.07	0.27	0.37	0.09	0.63	0.15	0.98	97.8687	1.79
2012-07-11	4.25	99.23	85.88	-0.57	-1.15	-0.90	0.20	1.54	0.07	0.27	0.36	0.10	0.64	0.15	0.99	97.9217	1.79
2012-07-12	4.24	99.18	86.02	-0.58	-1.13	-0.90	0.20	1.50	0.08	0.25	0.35	0.10	0.63	0.15	0.98	98.3777	1.76
2012-07-13	4.20	101.91	87.15	-0.59	-1.15	-0.91	0.20	1.52	0.08	0.25	0.34	0.10	0.63	0.15	0.99	98.0058	1.78
2012-07-16	4.19	102.10	88.41	-0.61	-1.18	-0.94	0.18	1.50	0.04	0.24	0.31	0.10	0.60	0.14	0.97	97.8667	1.78
2012-07-17	4.15	104.21	89.07	-0.59	-1.16	-0.92	0.18	1.53	0.08	0.25	0.32	0.10	0.62	0.14	0.99	97.7100	1.78
2012-07-18	4.14	105.92	89.88	-0.60	-1.19	-0.94	0.18	1.52	0.07	0.22	0.30	0.09	0.60	0.14	0.97	97.4481	1.79
2012-07-19	4.11	107.79	92.78	-0.62	-1.20	-0.97	0.17	1.54	0.06	0.22	0.31	0.09	0.62	0.14	0.99	97.5504	1.82
2012-07-20	4.13	106.98	91.56	-0.67	-1.18	-0.98	0.17	1.49	0.07	0.22	0.29	0.09	0.59	0.14	0.95	97.8065	1.77
2012-07-23	4.18	103.91	87.77	-0.68	-1.18	-0.98	0.17	1.47	0.07	0.22	0.28	0.10	0.57	0.14	0.93	98.5613	1.75
2012-07-24	4.22	103.57	88.28	-0.68	-1.13	-0.95	0.18	1.44	0.08	0.22	0.28	0.10	0.57	0.15	0.91	98.9881	1.70
2012-07-25	4.22	102.35	88.80	-0.67	-1.12	-0.94	0.17	1.43	0.08	0.22	0.28	0.10	0.56	0.14	0.91	98.8347	1.68
2012-07-26	4.18	104.77	89.40	-0.66	-1.13	-0.94	0.18	1.45	0.08	0.23	0.31	0.11	0.58	0.15	0.94	98.2690	1.71
2012-07-27	4.10	106.30	90.13	-0.61	-1.14	-0.92	0.17	1.58	0.07	0.25	0.34	0.11	0.65	0.15	1.04	97.7697	1.79
2012-07-30	4.08	106.54	89.80	-0.64	-1.17	-0.95	0.18	1.53	0.06	0.23	0.31	0.11	0.61	0.15	0.99	97.7854	1.78
2012-07-31	4.08	105.93	88.08	-0.69	-1.23	-1.01	0.16	1.51	0.07	0.23	0.30	0.11	0.60	0.14	0.98	97.6320	1.83
2012-08-01	4.03	106.78	88.99	-0.67	-1.22	-0.99	0.17	1.56	0.07	0.24	0.32	0.10	0.63	0.14	1.03	97.5993	1.85
2012-08-02	4.05	107.55	87.22	-0.69	-1.22	-1.00	0.17	1.51	0.04	0.24	0.31	0.09	0.61	0.14	0.98	98.0153	1.83
2012-08-03	3.97	109.57	91.40	-0.66	-1.20	-0.98	0.16	1.60	0.03	0.24	0.33	0.09	0.67	0.14	1.07	97.3594	1.87
2012-08-06	3.93	110.01	92.30	-0.68	-1.24	-1.01	0.16	1.59	0.05	0.24	0.33	0.10	0.65	0.14	1.05	97.1661	1.89
2012-08-07	3.87	112.39	93.68	-0.65	-1.24	-0.99	0.19	1.66	0.09	0.27	0.37	0.11	0.71	0.14	1.13	97.3213	1.95
2012-08-08	3.85	113.42	93.39	-0.61	-1.19	-0.95	0.19	1.68	0.09	0.29	0.38	0.11	0.73	0.14	1.14	97.3081	1.92
2012-08-09	3.85	113.52	93.39	-0.58	-1.18	-0.93	0.20	1.69	0.10	0.29	0.38	0.11	0.74	0.15	1.15	97.1737	1.92
2012-08-10	3.87	113.13	92.94	-0.60	-1.19	-0.94	0.18	1.65	0.10	0.27	0.36	0.10	0.71	0.14	1.11	97.1820	1.90
2012-08-13	3.86	114.48	92.76	-0.58	-1.19	-0.94	0.19	1.65	0.10	0.27	0.36	0.11	0.71	0.15	1.12	97.4019	1.90
2012-08-14	3.83	113.90	93.40	-0.53	-1.16	-0.89	0.19	1.73	0.11	0.27	0.39	0.11	0.75	0.15	1.18	97.3807	1.91
2012-08-15	3.81	115.51	94.35	-0.45	-1.09	-0.82	0.19	1.80	0.11	0.27	0.42	0.09	0.80	0.14	1.25	97.4543	1.89
2012-08-16	3.80	116.12	95.66	-0.42	-1.07	-0.80	0.20	1.83	0.10	0.29	0.42	0.09	0.83	0.14	1.28	97.4315	1.90
2012-08-17	3.80	115.20	96.00	-0.43	-1.05	-0.79	0.20	1.81	0.09	0.29	0.42	0.09	0.81	0.14	1.27	97.4865	1.86
2012-08-20	3.81	115.50	96.03	-0.43	-1.04	-0.78	0.19	1.82	0.09	0.29	0.41	0.11	0.80	0.14	1.26	97.4115	1.84
2012-08-21	3.79	116.03	96.55	-0.45	-1.06	-0.80	0.20	1.80	0.10	0.31	0.42	0.11	0.80	0.14	1.25	97.2835	1.86
2012-08-22	3.81	115.77	96.89	-0.55	-1.17	-0.91	0.19	1.71	0.10	0.26	0.37	0.11	0.71	0.13	1.16	97.4006	1.88
2012-08-23	3.81	117.45	95.87	-0.62	-1.25	-0.98	0.19	1.68	0.10	0.26	0.36	0.11	0.71	0.13	1.13	97.2598	1.96
2012-08-24	3.80	115.76	95.78	-0.60	-1.22	-0.96	0.19	1.68	0.10	0.28	0.37	0.10	0.72	0.13	1.14	97.3994	1.94
2012-08-27	3.81	113.74	95.54	-0.64	-1.27	-1.01	0.18	1.65	0.10	0.28	0.37	0.11	0.70	0.14	1.11	97.4769	1.97
2012-08-28	3.81	112.62	96.30	-0.68	-1.29	-1.03	0.18	1.64	0.12	0.27	0.36	0.10	0.69	0.15	1.10	97.5344	1.98
2012-08-29	3.81	112.53	95.50	-0.64	-1.26	-1.00	0.18	1.66	0.12	0.27	0.36	0.12	0.69	0.14	1.11	97.7586	1.95
2012-08-30	3.85	112.28	94.61	-0.63	-1.26	-1.00	0.17	1.63	0.12	0.27	0.35	0.10	0.66	0.14	1.08	97.9595	1.92
2012-08-31	3.90	113.93	96.47	-0.68	-1.36	-1.08	0.16	1.57	0.09	0.22	0.30	0.09	0.59	0.14	1.01	97.5522	1.95
2012-09-03	3.89	.	.	.	.	.	.	.	.	.	.	.	.	.	.	.	.
2012-09-04	3.87	114.98	95.34	-0.68	-1.35	-1.07	0.16	1.59	0.10	0.23	0.31	0.10	0.62	0.14	1.03	97.4472	1.97
2012-09-05	3.85	113.32	95.37	-0.69	-1.36	-1.08	0.17	1.60	0.11	0.25	0.32	0.11	0.62	0.14	1.04	97.3636	1.98
2012-09-06	3.77	114.50	95.58	-0.63	-1.33	-1.06	0.18	1.68	0.10	0.27	0.34	0.11	0.68	0.14	1.12	97.1008	2.01
2012-09-07	3.75	113.64	96.41	-0.68	-1.39	-1.12	0.18	1.67	0.09	0.25	0.33	0.11	0.64	0.14	1.09	96.8494	2.03
2012-09-10	3.71	113.84	96.52	-0.68	-1.42	-1.14	0.18	1.68	0.09	0.25	0.33	0.10	0.66	0.14	1.10	96.7927	2.08
2012-09-11	3.68	114.86	97.03	-0.68	-1.44	-1.15	0.18	1.70	0.09	0.25	0.33	0.10	0.67	0.14	1.12	96.7187	2.11
2012-09-12	3.63	114.86	97.02	-0.61	-1.42	-1.12	0.18	1.77	0.09	0.25	0.33	0.10	0.70	0.13	1.17	96.7159	2.12
2012-09-13	3.64	116.00	98.30	-0.72	-1.58	-1.24	0.17	1.75	0.10	0.24	0.32	0.10	0.65	0.13	1.12	96.6657	2.23
2012-09-14	3.54	117.48	98.94	-0.76	-1.67	-1.31	0.18	1.88	0.08	0.27	0.35	0.11	0.72	0.13	1.23	95.6878	2.39
2012-09-17	3.53	116.70	96.51	-0.74	-1.58	-1.22	0.18	1.85	0.06	0.25	0.36	0.11	0.73	0.13	1.22	95.7931	2.31
2012-09-18	3.55	113.29	95.25	-0.73	-1.52	-1.19	0.18	1.82	0.08	0.25	0.35	0.10	0.71	0.13	1.19	95.9950	2.23
2012-09-19	3.55	108.49	91.97	-0.75	-1.49	-1.17	0.18	1.79	0.08	0.27	0.35	0.11	0.70	0.14	1.18	95.9855	2.19
2012-09-20	3.56	109.41	92.14	-0.70	-1.51	-1.19	0.18	1.80	0.06	0.27	0.36	0.11	0.70	0.14	1.18	96.1715	2.21
2012-09-21	3.57	111.27	92.64	-0.71	-1.50	-1.17	0.18	1.77	0.05	0.27	0.36	0.11	0.68	0.14	1.14	95.9238	2.18
2012-09-24	3.60	109.20	91.68	-0.73	-1.47	-1.16	0.18	1.74	0.03	0.27	0.35	0.11	0.68	0.14	1.12	96.1793	2.15
2012-09-25	3.62	110.77	91.07	-0.74	-1.49	-1.20	0.18	1.70	0.06	0.27	0.35	0.11	0.66	0.15	1.08	95.9433	2.15
2012-09-26	3.70	108.99	89.92	-0.77	-1.46	-1.20	0.17	1.64	0.05	0.26	0.34	0.11	0.63	0.13	1.03	96.2138	2.09
2012-09-27	3.66	111.45	91.89	-0.78	-1.47	-1.20	0.16	1.66	0.05	0.25	0.34	0.09	0.64	0.14	1.05	95.9607	2.11
2012-09-28	3.63	111.36	92.18	-0.77	-1.49	-1.22	0.17	1.65	0.06	0.23	0.31	0.10	0.62	0.14	1.04	95.8691	2.11
2012-09-30	3.63																
2012-10-01	3.63	112.58	92.44	-0.78	-1.49	-1.22	0.17	1.64	0.05	0.25	0.31	0.09	0.62	0.14	1.04	95.7289	2.11
2012-10-02	3.62	112.49	91.88	-0.83	-1.51	-1.22	0.16	1.64	0.09	0.23	0.31	0.09	0.61	0.14	1.03	95.7558	2.12
2012-10-03	3.60	109.32	88.19	-0.83	-1.57	-1.28	0.16	1.64	0.09	0.23	0.31	0.09	0.61	0.14	1.02	95.7656	2.18
2012-10-04	3.56	110.48	91.69	-0.86	-1.62	-1.33	0.18	1.70	0.10	0.23	0.32	0.10	0.63	0.14	1.07	95.4761	2.25
2012-10-05	3.50	112.17	89.87	-0.82	-1.61	-1.29	0.18	1.75	0.10	0.27	0.34	0.11	0.67	0.15	1.12	95.3588	2.28
2012-10-08	3.50	112.60	89.43	.	.	.	.	.	.	.	.	.	.	.	.	.	.
2012-10-09	3.50	114.32	92.42	-0.81	-1.60	-1.29	0.18	1.74	0.11	0.25	0.35	0.10	0.67	0.15	1.11	95.9152	2.27
2012-10-10	3.51	116.11	91.24	-0.80	-1.57	-1.27	0.18	1.72	0.12	0.27	0.35	0.10	0.66	0.15	1.09	96.0075	2.23
2012-10-11	3.48	116.18	92.19	-0.77	-1.52	-1.22	0.18	1.70	0.12	0.28	0.34	0.10	0.67	0.14	1.09	95.8230	2.19
2012-10-12	3.45	115.17	91.83	-0.78	-1.48	-1.18	0.18	1.69	0.12	0.27	0.34	0.11	0.67	0.15	1.09	95.7558	2.15
2012-10-15	3.43	115.00	91.84	-0.78	-1.52	-1.22	0.19	1.70	0.10	0.27	0.34	0.11	0.67	0.15	1.09	95.6449	2.19
2012-10-16	3.36	115.00	92.07	-0.71	-1.48	-1.17	0.18	1.75	0.13	0.27	0.36	0.09	0.70	0.15	1.15	95.5110	2.18
2012-10-17	3.28	113.49	92.04	-0.65	-1.44	-1.12	0.18	1.83	0.13	0.30	0.41	0.11	0.78	0.15	1.24	95.3885	2.22
2012-10-18	3.24	112.58	92.00	-0.66	-1.43	-1.12	0.18	1.86	0.12	0.29	0.41	0.10	0.79	0.15	1.26	95.4902	2.22
2012-10-19	3.26	111.89	90.00	-0.71	-1.42	-1.13	0.18	1.79	0.11	0.30	0.41	0.10	0.77	0.14	1.21	95.6771	2.19
2012-10-22	3.26	109.62	88.30	-0.70	-1.39	-1.11	0.19	1.83	0.10	0.32	0.42	0.10	0.79	0.15	1.25	95.6322	2.18
2012-10-23	3.31	107.53	86.65	-0.71	-1.38	-1.11	0.18	1.79	0.11	0.29	0.41	0.11	0.77	0.15	1.21	95.9325	2.15
2012-10-24	3.31	107.66	85.39	-0.69	-1.37	-1.09	0.18	1.80	0.13	0.29	0.40	0.11	0.76	0.16	1.21	95.9632	2.13
2012-10-25	3.28	107.64	85.59	-0.63	-1.31	-1.03	0.19	1.86	0.13	0.31	0.43	0.11	0.82	0.16	1.28	95.8070	2.13
2012-10-26	3.32	108.90	85.84	-0.69	-1.32	-1.05	0.19	1.78	0.12	0.30	0.41	0.12	0.76	0.15	1.20	95.9256	2.08
2012-10-29	3.34	109.33	85.52	-0.73	-1.35	-1.11	0.18	1.74	0.13	0.30	0.40	0.14	0.74	0.16	1.16	.	2.09
2012-10-30	.	109.40	85.65	.	.	.	.	.	.	.	.	.	.	.	.	.	.
2012-10-31	3.39	109.89	86.23	-0.78	-1.40	-1.15	0.18	1.72	0.09	0.30	0.38	0.11	0.72	0.16	1.14	95.9941	2.12
2012-11-01	3.38	108.84	87.05	-0.77	-1.40	-1.14	0.18	1.75	0.06	0.30	0.38	0.09	0.73	0.15	1.16	95.8999	2.13
2012-11-02	3.37	106.79	84.90	-0.73	-1.39	-1.13	0.19	1.75	0.08	0.28	0.38	0.09	0.73	0.15	1.16	95.8442	2.12
2012-11-05	3.38	105.59	85.64	-0.75	-1.37	-1.11	0.19	1.72	0.09	0.28	0.38	0.11	0.70	0.15	1.13	96.1100	2.07
2012-11-06	3.34	109.27	88.62	-0.72	-1.37	-1.09	0.19	1.78	0.12	0.30	0.41	0.10	0.75	0.15	1.19	95.8871	2.12
2012-11-07	3.39	108.21	84.50	-0.80	-1.41	-1.15	0.18	1.68	0.12	0.27	0.36	0.10	0.67	0.14	1.08	96.0110	2.08
2012-11-08	3.42	107.23	85.07	-0.85	-1.42	-1.18	0.20	1.62	0.13	0.27	0.35	0.10	0.65	0.15	1.04	96.1253	2.07
2012-11-09	3.46	108.61	86.08	-0.83	-1.40	-1.16	0.18	1.61	0.13	0.27	0.35	0.09	0.65	0.15	1.04	96.2901	2.05
2012-11-12	3.46	110.23	85.56	.	.	.	.	.	.	.	.	.	.	.	.	.	.
2012-11-13	3.50	108.82	85.38	-0.84	-1.41	-1.17	0.18	1.59	0.12	0.27	0.33	0.11	0.63	0.15	1.02	96.3736	2.04
2012-11-14	3.51	109.66	86.32	-0.81	-1.39	-1.14	0.18	1.59	0.15	0.25	0.33	0.10	0.63	0.15	1.03	96.3870	2.02
2012-11-15	3.54	110.07	85.45	-0.80	-1.38	-1.14	0.17	1.58	0.13	0.24	0.32	0.08	0.62	0.14	1.02	96.5010	2.00
2012-11-16	3.57	106.81	86.62	-0.81	-1.39	-1.15	0.16	1.58	0.07	0.24	0.32	0.06	0.62	0.13	1.01	96.5135	2.01
2012-11-19	3.54	110.06	89.05	-0.78	-1.39	-1.13	0.16	1.61	0.06	0.25	0.33	0.09	0.64	0.14	1.04	96.1339	2.03
2012-11-20	3.51	110.01	86.46	-0.74	-1.38	-1.11	0.16	1.66	0.15	0.27	0.36	0.08	0.67	0.14	1.09	96.0188	2.05
2012-11-21	3.48	110.81	87.08	-0.71	-1.36	-1.08	0.17	1.69	0.17	0.27	0.37	0.10	0.69	0.14	1.11	96.1101	2.05
2012-11-22	3.48	.	.	.	.	.	.	.	.	.	.	.	.	.	.	.	.
2012-11-23	3.47	110.14	87.01	-0.72	-1.36	-1.10	0.19	1.70	0.16	0.29	0.37	0.10	0.70	0.14	1.12	95.9650	2.06
2012-11-26	3.46	110.18	87.28	-0.73	-1.36	-1.10	0.17	1.66	0.14	0.27	0.36	0.10	0.68	0.15	1.09	95.9919	2.04
2012-11-27	3.43	109.33	86.81	-0.74	-1.36	-1.10	0.18	1.64	0.17	0.27	0.36	0.10	0.66	0.15	1.07	95.8892	2.02
2012-11-28	3.43	108.26	86.10	-0.75	-1.35	-1.10	0.18	1.63	0.17	0.27	0.35	0.10	0.64	0.14	1.05	96.0746	1.99
2012-11-29	3.40	110.47	87.64	-0.78	-1.37	-1.12	0.18	1.62	0.16	0.25	0.35	0.09	0.63	0.15	1.04	95.8660	2.00
2012-11-30	3.42	110.84	88.54	-0.79	-1.40	-1.15	0.18	1.62	0.11	0.25	0.34	0.08	0.61	0.13	1.04	95.7149	2.01
2012-12-03	3.40	111.27	88.69	-0.81	-1.41	-1.16	0.18	1.63	0.13	0.25	0.34	0.10	0.63	0.14	1.05	95.7833	2.04
2012-12-04	3.40	109.99	88.04	-0.83	-1.41	-1.16	0.18	1.62	0.07	0.25	0.34	0.10	0.63	0.15	1.04	95.8325	2.04
2012-12-05	3.40	108.96	87.36	-0.85	-1.45	-1.20	0.18	1.60	0.07	0.25	0.32	0.10	0.61	0.14	1.02	95.6993	2.06
2012-12-06	3.40	108.01	85.47	-0.87	-1.46	-1.22	0.18	1.59	0.07	0.25	0.32	0.10	0.60	0.14	1.00	95.6447	2.06
2012-12-07	3.38	107.16	85.45	-0.86	-1.47	-1.22	0.18	1.64	0.06	0.25	0.33	0.09	0.63	0.14	1.04	95.5476	2.10
2012-12-10	3.38	108.25	85.14	-0.87	-1.43	-1.17	0.18	1.63	0.05	0.24	0.33	0.09	0.62	0.14	1.04	95.4239	2.05
2012-12-11	3.35	107.60	85.36	-0.84	-1.43	-1.19	0.16	1.66	0.04	0.24	0.32	0.08	0.64	0.13	1.06	95.3687	2.07
2012-12-12	3.32	110.17	86.35	-0.79	-1.46	-1.18	0.14	1.72	0.04	0.25	0.32	0.07	0.66	0.10	1.11	95.3057	2.12
2012-12-13	3.30	110.18	85.39	-0.73	-1.42	-1.13	0.14	1.74	0.02	0.27	0.34	0.06	0.70	0.11	1.15	95.3857	2.12
2012-12-14	3.29	109.28	86.32	-0.74	-1.41	-1.13	0.13	1.72	0.01	0.24	0.34	0.04	0.70	0.09	1.15	95.4001	2.11
2012-12-17	3.28	109.35	86.71	-0.70	-1.37	-1.09	0.13	1.78	0.01	0.25	0.37	0.05	0.74	0.10	1.20	95.3673	2.11
2012-12-18	3.23	109.96	87.46	-0.67	-1.36	-1.07	0.16	1.84	0.04	0.28	0.39	0.06	0.78	0.12	1.25	95.2599	2.14
2012-12-19	3.22	109.95	89.09	-0.66	-1.36	-1.07	0.15	1.82	0.03	0.28	0.39	0.05	0.77	0.10	1.24	95.2105	2.13
2012-12-20	3.22	110.57	89.76	-0.69	-1.39	-1.09	0.15	1.81	0.02	0.28	0.39	0.06	0.77	0.10	1.24	95.2968	2.16
2012-12-21	3.23	109.13	88.20	-0.71	-1.35	-1.06	0.15	1.77	0.02	0.26	0.38	0.06	0.75	0.12	1.20	95.6671	2.10
2012-12-24	3.21	108.44	88.29	-0.69	-1.36	-1.09	0.16	1.79	0.03	0.26	0.38	0.06	0.77	0.11	1.22	95.7762	2.13
2012-12-25	.	.	.	.	.	.	.	.	.	.	.	.	.	.	.	.	.
2012-12-26	3.22	110.72	90.71	-0.71	-1.35	-1.08	0.16	1.77	0.05	0.26	0.39	0.09	0.76	0.13	1.20	95.7419	2.11
2012-12-27	3.24	110.04	90.91	-0.73	-1.39	-1.12	0.15	1.74	0.01	0.26	0.37	0.08	0.72	0.12	1.15	95.7370	2.11
2012-12-28	3.23	110.05	90.66	-0.73	-1.34	-1.05	0.15	1.73	0.00	0.27	0.36	0.01	0.72	0.10	1.15	95.6113	2.06
2012-12-31	3.20	110.80	91.83	-0.67	-1.37	-1.09	0.16	1.78	0.02	0.25	0.36	0.05	0.72	0.11	1.18	95.5580	2.09
2013-01-01	.	.	.	.	.	.	.	.	.	.	.	.	.	.	.	.	.
2013-01-02	3.13	112.98	93.14	-0.62	-1.36	-1.06	0.15	1.86	0.07	0.27	0.37	0.08	0.76	0.12	1.25	95.0113	2.12
2013-01-03	3.05	113.03	92.97	-0.54	-1.30	-0.99	0.15	1.92	0.06	0.27	0.40	0.08	0.81	0.12	1.31	94.9935	2.11
2013-01-04	3.02	112.58	93.12	-0.55	-1.31	-0.99	0.15	1.93	0.06	0.27	0.41	0.07	0.82	0.11	1.32	95.1320	2.13
2013-01-07	3.00	112.49	93.20	-0.60	-1.34	-1.02	0.15	1.92	0.05	0.27	0.41	0.07	0.82	0.11	1.31	95.1415	2.16
2013-01-08	3.02	113.03	93.21	-0.60	-1.36	-1.06	0.14	1.89	0.06	0.25	0.38	0.07	0.79	0.11	1.28	95.1922	2.15
2013-01-09	3.03	113.07	93.08	-0.64	-1.41	-1.09	0.13	1.88	0.04	0.24	0.37	0.06	0.77	0.09	1.27	95.0396	2.18
2013-01-10	3.00	112.97	93.81	-0.62	-1.40	-1.05	0.14	1.91	0.05	0.26	0.37	0.06	0.80	0.10	1.30	94.7505	2.20
2013-01-11	3.02	110.30	93.60	-0.63	-1.40	-1.07	0.14	1.89	0.04	0.26	0.37	0.07	0.78	0.10	1.28	94.7720	2.18
2013-01-14	3.03	111.32	94.27	-0.66	-1.34	-1.00	0.14	1.89	0.05	0.26	0.37	0.08	0.78	0.11	1.27	94.6628	2.12
2013-01-15	3.03	111.72	93.26	-0.66	-1.45	-1.12	0.14	1.86	0.09	0.26	0.36	0.09	0.75	0.11	1.24	94.7077	2.20
2013-01-16	3.03	110.97	94.28	-0.65	-1.43	-1.11	0.14	1.84	0.07	0.26	0.36	0.08	0.75	0.11	1.23	94.6764	2.18
2013-01-17	3.00	111.01	95.49	-0.64	-1.40	-1.07	0.14	1.89	0.05	0.28	0.39	0.07	0.79	0.11	1.29	94.5391	2.19
2013-01-18	3.02	111.71	95.61	-0.66	-1.43	-1.09	0.14	1.87	0.04	0.26	0.38	0.08	0.77	0.10	1.26	94.6739	2.20
2013-01-21	3.02	.	.	.	.	.	.	.	.	.	.	.	.	.	.	.	.
2013-01-22	3.02	112.72	96.09	-0.68	-1.39	-1.04	0.14	1.86	0.04	0.26	0.38	0.08	0.76	0.10	1.25	94.7550	2.15
2013-01-23	3.02	113.68	95.06	-0.66	-1.45	-1.13	0.15	1.86	0.06	0.26	0.37	0.08	0.76	0.10	1.24	94.7193	2.21
2013-01-24	3.02	114.59	95.35	-0.62	-1.44	-1.10	0.15	1.88	0.06	0.23	0.37	0.08	0.78	0.10	1.26	94.6470	2.22
2013-01-25	2.97	113.88	95.15	-0.56	-1.34	-0.96	0.15	1.98	0.06	0.28	0.42	0.08	0.87	0.11	1.36	94.9187	2.21
2013-01-28	2.96	113.92	95.95	-0.55	-1.35	-0.97	0.16	2.00	0.03	0.29	0.45	0.07	0.89	0.11	1.38	95.2276	2.24
2013-01-29	2.98	115.22	97.62	-0.53	-1.37	-0.97	0.15	2.03	0.03	0.30	0.43	0.07	0.90	0.11	1.40	94.8998	2.27
2013-01-30	3.01	115.42	97.98	-0.54	-1.38	-0.96	0.15	2.03	0.04	0.27	0.42	0.07	0.88	0.11	1.39	94.9739	2.26
2013-01-31	3.15	115.55	97.65	-0.57	-1.45	-1.03	0.15	2.02	0.04	0.27	0.42	0.07	0.88	0.12	1.38	94.9878	2.33
2013-02-01	3.14	115.55	97.46	-0.55	-1.46	-1.01	0.15	2.04	0.02	0.27	0.40	0.06	0.88	0.11	1.40	94.8324	2.34
2013-02-04	3.20	116.06	96.21	-0.59	-1.47	-1.04	0.15	2.00	0.03	0.25	0.38	0.07	0.85	0.11	1.36	95.0115	2.32
2013-02-05	3.19	117.03	96.68	-0.55	-1.44	-1.00	0.15	2.04	0.06	0.27	0.41	0.07	0.88	0.11	1.39	94.7527	2.32
2013-02-06	3.22	116.61	96.44	-0.58	-1.48	-1.04	0.15	2.00	0.06	0.27	0.39	0.07	0.84	0.12	1.35	94.9127	2.32
2013-02-07	3.23	117.17	95.84	-0.58	-1.46	-1.03	0.15	1.99	0.03	0.25	0.39	0.07	0.83	0.11	1.34	95.0386	2.29
2013-02-08	3.21	118.90	95.71	-0.57	-1.37	-0.92	0.14	1.99	0.03	0.25	0.39	0.07	0.84	0.11	1.34	95.0848	2.21
2013-02-11	3.19	118.29	97.01	-0.58	-1.41	-0.99	0.15	1.99	0.05	0.27	0.40	0.09	0.85	0.12	1.35	95.1742	2.26
2013-02-12	3.18	117.89	97.48	-0.57	-1.32	-0.88	0.14	2.02	0.08	0.29	0.41	0.09	0.88	0.12	1.38	95.0734	2.20
2013-02-13	3.16	118.43	97.03	-0.54	-1.34	-0.90	0.15	2.05	0.09	0.29	0.44	0.10	0.92	0.12	1.43	94.9929	2.26
2013-02-14	3.18	118.48	97.30	-0.56	-1.36	-0.90	0.16	2.00	0.10	0.27	0.42	0.11	0.86	0.13	1.37	94.9259	2.22
2013-02-15	3.16	117.40	95.95	-0.53	-1.32	-0.86	0.17	2.01	0.09	0.29	0.42	0.10	0.87	0.13	1.38	94.9239	2.19
2013-02-18	3.16	.	.	.	.	.	.	.	.	.	.	.	.	.	.	.	.
2013-02-19	3.14	117.04	96.69	-0.52	-1.31	-0.85	0.17	2.03	0.09	0.29	0.44	0.12	0.89	0.13	1.41	94.9338	2.20
2013-02-20	3.12	116.23	94.92	-0.52	-1.31	-0.86	0.17	2.02	0.12	0.27	0.42	0.12	0.88	0.13	1.38	94.9335	2.19
2013-02-21	3.17	114.19	92.79	-0.54	-1.33	-0.88	0.16	1.99	0.12	0.26	0.40	0.13	0.86	0.13	1.36	95.2592	2.19
2013-02-22	3.17	113.74	93.12	-0.57	-1.36	-0.90	0.16	1.97	0.11	0.27	0.40	0.13	0.84	0.14	1.34	95.1726	2.20
2013-02-25	3.18	114.55	92.74	-0.62	-1.41	-0.96	0.16	1.88	0.09	0.25	0.37	0.12	0.78	0.14	1.25	95.1266	2.19
2013-02-26	3.20	112.96	92.63	-0.62	-1.40	-0.96	0.17	1.88	0.11	0.25	0.37	0.14	0.78	0.14	1.25	95.5073	2.18
2013-02-27	3.19	112.24	92.84	-0.61	-1.40	-0.95	0.17	1.91	0.11	0.27	0.36	0.11	0.78	0.13	1.28	95.2719	2.18
2013-02-28	3.18	112.20	92.03	-0.64	-1.41	-0.97	0.17	1.89	0.07	0.25	0.36	0.11	0.77	0.13	1.26	95.1923	2.18
2013-03-01	3.19	110.14	90.71	-0.67	-1.45	-1.02	0.16	1.86	0.07	0.25	0.35	0.11	0.75	0.12	1.23	95.3092	2.20
2013-03-04	3.18	109.90	90.13	-0.65	-1.46	-1.02	0.16	1.88	0.07	0.24	0.35	0.11	0.76	0.12	1.25	95.3643	2.22
2013-03-05	3.15	110.42	90.88	-0.65	-1.49	-1.05	0.15	1.90	0.09	0.25	0.36	0.08	0.77	0.12	1.27	95.1950	2.26
2013-03-06	3.13	110.27	90.47	-0.61	-1.46	-1.02	0.15	1.95	0.09	0.25	0.38	0.10	0.81	0.12	1.31	.	2.27
2013-03-07	3.10	110.42	91.53	-0.56	-1.37	-0.91	0.15	2.00	0.10	0.25	0.40	0.10	0.85	0.11	1.36	95.2063	2.22
2013-03-08	3.07	108.91	92.01	-0.50	-1.28	-0.80	0.15	2.06	0.09	0.27	0.42	0.10	0.90	0.11	1.43	94.8997	2.18
2013-03-11	3.07	108.64	92.07	-0.50	-1.38	-0.91	0.15	2.07	0.09	0.27	0.43	0.10	0.90	0.12	1.43	94.7809	2.28
2013-03-12	3.07	108.48	92.44	-0.52	-1.39	-0.92	0.15	2.03	0.10	0.27	0.41	0.10	0.88	0.12	1.40	94.5643	2.27
2013-03-13	3.07	107.51	92.47	-0.52	-1.40	-0.92	0.15	2.04	0.09	0.27	0.42	0.09	0.89	0.12	1.41	94.4980	2.29
2013-03-14	3.08	108.10	93.03	-0.53	-1.43	-0.94	0.15	2.04	0.08	0.27	0.42	0.10	0.88	0.12	1.40	94.6624	2.31
2013-03-15	3.11	109.32	93.49	-0.55	-1.46	-0.97	0.14	2.01	0.07	0.25	0.40	0.09	0.84	0.11	1.35	94.6492	2.30
2013-03-18	3.16	108.54	93.71	-0.60	-1.45	-0.98	0.15	1.96	0.07	0.26	0.38	0.07	0.81	0.11	1.31	94.7304	2.26
2013-03-19	3.18	106.91	92.44	-0.61	-1.46	-1.01	0.15	1.92	0.08	0.24	0.37	0.07	0.79	0.11	1.28	94.7787	2.25
2013-03-20	3.18	108.27	93.21	-0.57	-1.44	-0.97	0.15	1.96	0.08	0.26	0.38	0.07	0.81	0.11	1.32	94.6566	2.25
2013-03-21	3.19	106.41	92.46	-0.57	-1.41	-0.95	0.14	1.95	0.08	0.27	0.38	0.07	0.81	0.11	1.30	94.6127	2.22
2013-03-22	3.21	106.51	93.41	-0.60	-1.43	-0.98	0.14	1.93	0.07	0.26	0.39	0.07	0.80	0.11	1.29	94.7177	2.23
2013-03-25	3.19	106.66	94.55	-0.60	-1.44	-0.98	0.14	1.93	0.06	0.24	0.38	0.08	0.80	0.11	1.28	94.5952	2.24
2013-03-26	3.20	107.10	95.99	-0.61	-1.42	-0.97	0.14	1.92	0.08	0.25	0.38	0.07	0.79	0.11	1.27	94.5303	2.21
2013-03-27	3.24	108.51	96.53	-0.64	-1.46	-1.02	0.14	1.87	0.06	0.25	0.36	0.09	0.76	0.12	1.22	94.6717	2.22
2013-03-28	3.24	108.46	97.24	-0.64	-1.47	-1.03	0.14	1.87	0.04	0.25	0.36	0.07	0.77	0.11	1.24	94.6055	2.24
2013-03-29	.	.	.	.	.	.	.	.	.	.	.	.	.	.	.	94.5458	.
2013-03-31	3.27																
2013-04-01	3.28	108.76	97.10	-0.65	-1.47	-1.03	0.14	1.86	0.06	0.23	0.36	0.08	0.76	0.11	1.23	94.5714	2.23
2013-04-02	3.26	109.66	97.23	-0.63	-1.44	-0.99	0.14	1.88	0.06	0.25	0.36	0.07	0.78	0.11	1.26	94.4283	2.22
2013-04-03	3.28	107.82	95.02	-0.65	-1.45	-1.02	0.13	1.83	0.06	0.24	0.34	0.06	0.73	0.10	1.20	94.5186	2.18
2013-04-04	3.28	105.09	93.26	-0.70	-1.44	-1.01	0.13	1.78	0.07	0.22	0.33	0.07	0.69	0.10	1.15	94.6611	2.13
2013-04-05	3.27	103.98	92.76	-0.74	-1.42	-1.02	0.13	1.72	0.05	0.24	0.33	0.07	0.68	0.10	1.12	94.4435	2.10
2013-04-08	3.23	103.16	93.36	-0.69	-1.43	-1.03	0.13	1.76	0.05	0.24	0.34	0.07	0.71	0.10	1.15	94.2956	2.14
2013-04-09	3.20	104.08	94.18	-0.67	-1.36	-0.96	0.13	1.78	0.06	0.24	0.34	0.06	0.70	0.10	1.16	94.1457	2.06
2013-04-10	3.18	104.80	94.59	-0.60	-1.36	-0.95	0.12	1.84	0.07	0.24	0.36	0.07	0.74	0.10	1.21	94.0152	2.10
2013-04-11	3.18	103.62	93.44	-0.65	-1.38	-0.99	0.12	1.82	0.06	0.24	0.35	0.07	0.74	0.10	1.20	93.8737	2.12
2013-04-12	3.20	100.58	91.23	-0.68	-1.41	-1.03	0.11	1.75	0.05	0.22	0.33	0.06	0.70	0.09	1.14	93.9442	2.11
2013-04-15	3.23	99.32	88.75	-0.69	-1.33	-0.98	0.12	1.72	0.04	0.22	0.32	0.06	0.69	0.09	1.12	94.0651	2.02
2013-04-16	3.25	97.88	88.73	-0.65	-1.31	-0.95	0.13	1.75	0.06	0.24	0.33	0.06	0.71	0.09	1.15	93.9898	2.02
2013-04-17	3.29	96.84	86.65	-0.64	-1.27	-0.92	0.13	1.73	0.05	0.24	0.35	0.06	0.71	0.09	1.13	94.1634	1.98
2013-04-18	3.30	97.48	87.83	-0.55	-1.29	-0.82	0.12	1.72	0.03	0.24	0.35	0.05	0.71	0.09	1.13	94.2644	2.00
2013-04-19	3.28	98.94	88.04	-0.59	-1.32	-0.89	0.12	1.73	0.04	0.24	0.35	0.05	0.72	0.09	1.14	94.1413	2.04
2013-04-22	3.27	99.07	88.81	-0.63	-1.34	-0.91	0.12	1.72	0.04	0.24	0.35	0.05	0.70	0.09	1.13	94.3764	2.04
2013-04-23	3.25	99.25	89.21	-0.64	-1.33	-0.92	0.12	1.74	0.04	0.23	0.35	0.05	0.71	0.09	1.14	94.2702	2.04
2013-04-24	3.23	100.71	91.07	-0.65	-1.37	-0.96	0.13	1.73	0.05	0.23	0.34	0.06	0.70	0.09	1.13	94.3218	2.07
2013-04-25	3.22	101.62	93.27	-0.66	-1.41	-0.98	0.12	1.74	0.04	0.23	0.35	0.05	0.71	0.08	1.15	93.8431	2.12
2013-04-26	3.24	102.39	92.63	-0.68	-1.43	-0.97	0.12	1.70	0.04	0.22	0.32	0.05	0.68	0.09	1.10	93.9357	2.11
2013-04-29	3.22	102.88	94.09	-0.67	-1.42	-0.98	0.12	1.70	0.03	0.20	0.32	0.05	0.68	0.08	1.10	93.7138	2.10
2013-04-30	3.20	101.53	93.22	-0.64	-1.38	-0.94	0.11	1.70	0.03	0.22	0.32	0.05	0.68	0.09	1.11	93.6845	2.06
2013-05-01	3.20	98.34	90.74	-0.64	-1.33	-0.92	0.11	1.66	0.03	0.20	0.30	0.06	0.65	0.08	1.07	93.8822	1.98
2013-05-02	3.18	100.32	93.70	-0.62	-1.34	-0.91	0.11	1.66	0.02	0.20	0.30	0.05	0.65	0.08	1.07	93.7552	1.99
2013-05-03	3.11	104.60	95.25	-0.53	-1.30	-0.84	0.11	1.78	0.02	0.22	0.34	0.05	0.73	0.08	1.17	93.5660	2.03
2013-05-06	3.09	105.00	95.80	-0.51	-1.31	-0.86	0.11	1.80	0.01	0.22	0.34	0.04	0.74	0.08	1.19	93.6260	2.05
2013-05-07	3.07	105.18	95.28	-0.50	-1.30	-0.86	0.10	1.82	0.01	0.22	0.35	0.04	0.75	0.08	1.21	93.4724	2.05
2013-05-08	3.08	103.79	96.24	-0.48	-1.28	-0.80	0.11	1.81	0.01	0.22	0.35	0.04	0.75	0.08	1.20	93.2086	2.03
2013-05-09	3.06	103.59	96.09	-0.50	-1.27	-0.81	0.11	1.81	0.02	0.22	0.35	0.04	0.75	0.08	1.20	93.1448	2.02
2013-05-10	3.04	101.31	95.81	-0.45	-1.23	-0.78	0.11	1.90	0.02	0.26	0.38	0.04	0.82	0.08	1.28	93.8231	2.05
2013-05-13	3.06	102.17	94.76	-0.41	-1.19	-0.72	0.13	1.92	0.02	0.24	0.40	0.05	0.83	0.08	1.30	93.9345	2.02
2013-05-14	3.04	102.70	93.96	-0.37	-1.18	-0.71	0.12	1.96	0.01	0.26	0.41	0.05	0.85	0.09	1.33	93.8845	2.03
2013-05-15	3.05	101.57	93.95	-0.36	-1.17	-0.69	0.12	1.94	0.01	0.26	0.40	0.04	0.84	0.09	1.32	94.2175	2.01
2013-05-16	3.09	104.27	94.85	-0.40	-1.18	-0.73	0.12	1.87	0.00	0.23	0.37	0.03	0.79	0.08	1.25	94.2514	1.97
2013-05-17	3.06	103.83	95.72	-0.31	-1.14	-0.67	0.12	1.95	0.01	0.26	0.40	0.04	0.84	0.08	1.32	94.4823	1.98
2013-05-20	3.06	104.55	96.29	-0.31	-1.15	-0.71	0.12	1.97	0.01	0.26	0.40	0.05	0.85	0.09	1.33	94.4760	2.00
2013-05-21	3.09	103.10	95.55	-0.34	-1.15	-0.72	0.12	1.94	0.04	0.26	0.39	0.04	0.84	0.09	1.31	94.4344	1.99
2013-05-22	3.06	102.14	93.98	-0.24	-1.06	-0.60	0.11	2.03	0.04	0.26	0.41	0.04	0.91	0.08	1.40	94.5254	1.97
2013-05-23	3.11	100.46	94.12	-0.24	-1.02	-0.56	0.12	2.02	0.03	0.26	0.42	0.05	0.91	0.08	1.40	94.9644	1.93
2013-05-24	3.14	101.24	93.84	-0.26	-1.03	-0.60	0.12	2.01	0.03	0.26	0.41	0.04	0.90	0.07	1.39	95.1034	1.93
2013-05-27	3.14	.	.	.	.	.	.	.	.	.	.	.	.	.	.	.	.
2013-05-28	3.11	103.77	94.65	-0.14	-0.94	-0.47	0.13	2.15	0.02	0.29	0.49	0.05	1.02	0.09	1.53	95.2044	1.96
2013-05-29	3.22	102.14	93.13	-0.10	-0.89	-0.45	0.14	2.13	0.04	0.30	0.49	0.05	1.02	0.08	1.51	95.5479	1.91
2013-05-30	3.24	101.79	93.57	-0.05	-0.82	-0.39	0.13	2.13	0.02	0.31	0.49	0.04	1.01	0.07	1.51	95.8397	1.83
2013-05-31	3.30	100.43	91.93	-0.05	-0.82	-0.38	0.14	2.16	0.03	0.30	0.52	0.04	1.05	0.07	1.55	95.9760	1.87
2013-06-03	3.37	101.63	93.41	-0.07	-0.86	-0.45	0.14	2.13	0.03	0.30	0.50	0.05	1.03	0.08	1.53	95.9497	1.89
2013-06-04	3.37	102.04	93.36	-0.05	-0.87	-0.45	0.14	2.14	0.05	0.32	0.48	0.04	1.05	0.08	1.55	95.7890	1.92
2013-06-05	3.46	103.51	93.66	-0.06	-0.86	-0.46	0.14	2.10	0.04	0.30	0.48	0.05	1.02	0.08	1.52	95.9463	1.88
2013-06-06	3.54	103.37	94.71	-0.05	-0.86	-0.47	0.14	2.08	0.04	0.30	0.48	0.05	1.01	0.08	1.49	96.1208	1.87
2013-06-07	3.51	104.07	96.11	0.03	-0.79	-0.39	0.14	2.17	0.04	0.32	0.52	0.04	1.10	0.07	1.59	95.7723	1.89
2013-06-10	3.53	103.87	95.82	0.11	-0.72	-0.32	0.14	2.22	0.04	0.32	0.55	0.05	1.13	0.08	1.62	96.3258	1.85
2013-06-11	3.68	101.50	95.50	0.13	-0.71	-0.37	0.14	2.20	0.05	0.34	0.57	0.05	1.12	0.08	1.61	96.3968	1.83
2013-06-12	3.66	103.11	95.98	0.21	-0.66	-0.31	0.14	2.25	0.04	0.34	0.57	0.05	1.15	0.08	1.64	96.2574	1.81
2013-06-13	3.66	103.38	96.66	0.15	-0.69	-0.32	0.14	2.19	0.04	0.32	0.55	0.05	1.11	0.08	1.60	96.1247	1.80
2013-06-14	3.61	105.10	97.83	0.09	-0.78	-0.40	0.13	2.14	0.04	0.29	0.49	0.05	1.04	0.08	1.53	95.8238	1.82
2013-06-17	3.58	105.80	97.86	0.15	-0.74	-0.37	0.13	2.19	0.05	0.27	0.49	0.05	1.06	0.08	1.57	96.0555	1.80
2013-06-18	3.61	105.21	98.46	0.14	-0.77	-0.39	0.13	2.20	0.04	0.27	0.48	0.05	1.07	0.08	1.58	96.4858	1.84
2013-06-19	3.55	105.56	98.24	0.29	-0.59	-0.19	0.13	2.33	0.04	0.31	0.58	0.05	1.24	0.08	1.76	96.4397	1.83
2013-06-20	3.81	102.72	94.89	0.46	-0.43	-0.07	0.14	2.41	0.03	0.33	0.62	0.05	1.31	0.09	1.84	98.0684	1.74
2013-06-21	3.83	100.36	93.81	0.59	-0.24	0.11	0.13	2.52	0.02	0.38	0.70	0.05	1.42	0.09	1.95	98.1673	1.66
2013-06-24	4.04	99.80	95.07	0.64	-0.14	0.22	0.16	2.57	0.01	0.42	0.73	0.06	1.48	0.11	2.02	98.2219	1.62
2013-06-25	3.98	101.51	95.25	0.64	-0.16	0.21	0.17	2.60	0.03	0.43	0.74	0.06	1.49	0.11	2.03	97.7203	1.65
2013-06-26	3.95	100.62	95.47	0.60	-0.22	0.16	0.16	2.55	0.02	0.39	0.69	0.06	1.45	0.11	1.98	97.7598	1.67
2013-06-27	3.89	102.74	97.00	0.50	-0.35	0.05	0.15	2.49	0.02	0.36	0.66	0.06	1.38	0.11	1.91	97.2460	1.73
2013-06-28	3.85	102.49	96.36	0.53	-0.35	0.06	0.15	2.52	0.02	0.36	0.66	0.04	1.41	0.10	1.96	97.1006	1.76
2013-06-30	3.87																
2013-07-01	3.86	103.19	97.94	0.48	-0.41	0.00	0.15	2.50	0.01	0.34	0.65	0.04	1.39	0.09	1.93	96.8563	1.80
2013-07-02	3.83	103.96	99.65	0.44	-0.44	-0.03	0.14	2.48	0.02	0.34	0.64	0.03	1.38	0.08	1.92	97.0711	1.82
2013-07-03	3.86	106.12	101.92	0.48	-0.41	0.03	0.14	2.52	0.03	0.36	0.67	0.05	1.42	0.08	1.97	97.3374	1.83
2013-07-04	3.86	.	.	.	.	.	.	.	.	.	.	.	.	.	.	.	.
2013-07-05	3.81	107.46	103.09	0.66	-0.27	0.22	0.15	2.73	0.03	0.40	0.77	0.04	1.60	0.08	2.19	97.4625	1.87
2013-07-08	3.89	107.75	103.03	0.58	-0.36	0.13	0.14	2.65	0.02	0.37	0.71	0.05	1.51	0.07	2.11	97.3826	1.87
2013-07-09	3.87	107.90	103.46	0.59	-0.36	0.14	0.14	2.65	0.04	0.37	0.71	0.04	1.50	0.08	2.08	97.0832	1.86
2013-07-10	3.86	108.43	106.41	0.64	-0.33	0.19	0.13	2.70	0.03	0.38	0.73	0.04	1.54	0.08	2.12	97.1755	1.87
2013-07-11	3.88	108.18	104.77	0.56	-0.42	0.10	0.13	2.60	0.02	0.34	0.65	0.04	1.40	0.07	1.99	96.8014	1.82
2013-07-12	3.83	109.03	105.85	0.55	-0.41	0.11	0.12	2.61	0.02	0.37	0.66	0.04	1.43	0.07	2.00	96.7945	1.84
2013-07-15	3.81	109.05	106.20	0.47	-0.46	0.05	0.11	2.57	0.02	0.34	0.66	0.04	1.40	0.07	1.97	96.5433	1.86
2013-07-16	3.77	109.29	105.88	0.41	-0.51	0.00	0.10	2.55	0.02	0.34	0.64	0.03	1.38	0.07	1.95	96.1871	1.89
2013-07-17	3.75	109.67	106.39	0.38	-0.57	-0.06	0.11	2.52	0.02	0.32	0.60	0.03	1.33	0.08	1.91	95.9922	1.90
2013-07-18	3.67	109.71	107.94	0.38	-0.54	-0.06	0.11	2.56	0.01	0.32	0.61	0.03	1.35	0.07	1.95	96.1426	1.89
2013-07-19	3.66	109.34	108.00	0.29	-0.60	-0.14	0.11	2.50	0.01	0.32	0.59	0.03	1.31	0.07	1.90	96.1254	1.91
2013-07-22	3.62	108.82	106.61	0.28	-0.59	-0.13	0.10	2.50	0.01	0.32	0.59	0.04	1.32	0.07	1.90	96.0276	1.91
2013-07-23	3.59	109.27	107.13	0.33	-0.57	-0.11	0.12	2.53	0.02	0.33	0.60	0.02	1.33	0.07	1.92	96.0115	1.90
2013-07-24	3.59	108.23	105.41	0.44	-0.47	-0.01	0.12	2.61	0.02	0.34	0.64	0.03	1.40	0.07	2.00	96.3038	1.87
2013-07-25	3.62	108.10	105.47	0.44	-0.45	0.00	0.12	2.61	0.02	0.32	0.62	0.02	1.38	0.06	2.00	96.3830	1.83
2013-07-26	3.66	107.57	104.76	0.43	-0.47	-0.02	0.11	2.58	0.02	0.31	0.59	0.03	1.36	0.07	1.98	96.4583	1.83
2013-07-29	3.65	108.10	104.61	0.45	-0.44	0.02	0.11	2.61	0.01	0.33	0.61	0.03	1.37	0.07	2.00	96.5624	1.81
2013-07-30	3.65	107.47	103.14	0.46	-0.43	0.03	0.11	2.63	0.03	0.33	0.62	0.04	1.39	0.07	2.02	96.7967	1.82
2013-07-31	3.71	107.89	105.10	0.38	-0.49	-0.03	0.11	2.60	0.03	0.31	0.61	0.04	1.38	0.08	2.00	97.0957	1.87
2013-08-01	3.66	109.94	107.93	0.48	-0.45	0.05	0.13	2.74	0.02	0.35	0.65	0.04	1.49	0.08	2.15	97.0342	1.94
2013-08-02	3.74	109.63	106.94	0.42	-0.55	-0.04	0.11	2.63	0.02	0.30	0.59	0.04	1.36	0.07	2.01	96.7411	1.91
2013-08-05	3.70	109.81	106.61	0.42	-0.53	-0.01	0.12	2.67	0.03	0.32	0.61	0.05	1.39	0.08	2.04	96.6378	1.92
2013-08-06	3.71	108.77	105.32	0.39	-0.55	-0.05	0.12	2.67	0.05	0.32	0.62	0.04	1.39	0.08	2.04	96.5490	1.94
2013-08-07	3.73	108.39	104.41	0.35	-0.55	-0.06	0.12	2.61	0.05	0.32	0.61	0.05	1.38	0.08	2.00	96.7102	1.93
2013-08-08	3.73	107.32	103.45	0.34	-0.54	-0.07	0.12	2.58	0.05	0.30	0.61	0.05	1.36	0.07	1.98	96.3818	1.90
2013-08-09	3.71	108.49	106.04	0.33	-0.55	-0.08	0.11	2.57	0.05	0.32	0.61	0.05	1.36	0.07	1.98	96.3019	1.91
2013-08-12	3.69	109.28	106.19	0.37	-0.52	-0.05	0.12	2.61	0.05	0.32	0.62	0.06	1.39	0.08	2.01	96.3435	1.91
2013-08-13	3.64	110.69	106.78	0.48	-0.43	0.05	0.12	2.71	0.06	0.34	0.68	0.06	1.49	0.08	2.13	96.8727	1.92
2013-08-14	3.65	110.26	106.89	0.50	-0.38	0.11	0.12	2.71	0.06	0.34	0.67	0.05	1.48	0.07	2.12	96.8315	1.86
2013-08-15	3.67	111.58	107.43	0.60	-0.29	0.18	0.13	2.77	0.05	0.36	0.70	0.05	1.54	0.08	2.18	97.1161	1.83
2013-08-16	3.65	111.82	107.58	0.68	-0.19	0.29	0.13	2.84	0.05	0.36	0.73	0.05	1.60	0.08	2.25	97.2114	1.79
2013-08-19	3.68	111.41	107.14	0.75	-0.13	0.35	0.13	2.88	0.03	0.36	0.76	0.06	1.63	0.08	2.29	97.7787	1.76
2013-08-20	3.77	110.74	104.90	0.67	-0.21	0.28	0.13	2.82	0.03	0.36	0.73	0.04	1.57	0.07	2.22	97.7869	1.78
2013-08-21	3.79	110.82	103.93	0.73	-0.13	0.35	0.14	2.87	0.02	0.38	0.76	0.04	1.64	0.07	2.30	98.3121	1.77
2013-08-22	3.79	110.51	104.93	0.79	-0.06	0.41	0.14	2.90	0.01	0.42	0.82	0.03	1.71	0.06	2.34	98.4175	1.77
2013-08-23	3.79	112.12	106.48	0.69	-0.16	0.29	0.14	2.82	0.02	0.40	0.80	0.03	1.66	0.06	2.27	97.8132	1.82
2013-08-26	3.80	112.23	105.88	0.64	-0.21	0.26	0.13	2.79	0.03	0.41	0.79	0.04	1.61	0.07	2.23	98.2163	1.82
2013-08-27	3.85	115.21	109.11	0.57	-0.30	0.17	0.12	2.72	0.04	0.38	0.77	0.05	1.56	0.07	2.15	98.8889	1.86
2013-08-28	3.85	116.27	110.17	0.63	-0.23	0.25	0.14	2.78	0.04	0.40	0.79	0.03	1.62	0.07	2.22	98.7239	1.85
2013-08-29	3.88	116.91	108.51	0.65	-0.20	0.28	0.14	2.75	0.03	0.39	0.79	0.02	1.60	0.06	2.20	98.6308	1.80
2013-08-30	.	115.97	107.98	0.68	-0.16	0.31	0.13	2.78	0.02	0.39	0.79	0.03	1.62	0.05	2.24	98.7104	1.78
2013-09-02	3.89	.	.	.	.	.	.	.	.	.	.	.	.	.	.	.	.
2013-09-03	3.85	115.49	108.67	0.76	-0.08	0.42	0.14	2.86	0.03	0.43	0.83	0.02	1.68	0.05	2.31	99.0225	1.76
2013-09-04	3.85	115.65	107.29	0.83	0.00	0.47	0.14	2.90	0.02	0.46	0.89	0.02	1.74	0.05	2.36	98.5885	1.74
2013-09-05	3.83	115.81	108.50	0.92	0.14	0.61	0.16	2.98	0.03	0.52	0.97	0.02	1.85	0.06	2.45	98.7801	1.71
2013-09-06	3.85	117.15	110.62	0.87	0.06	0.56	0.14	2.94	0.02	0.46	0.91	0.02	1.77	0.05	2.38	98.1152	1.71
2013-09-09	3.84	115.20	109.62	0.84	0.02	0.52	0.12	2.90	0.02	0.45	0.87	0.02	1.71	0.04	2.34	97.9618	1.69
2013-09-10	3.79	112.10	107.48	0.86	0.04	0.53	0.13	2.96	0.01	0.50	0.92	0.02	1.78	0.04	2.40	97.7757	1.74
2013-09-11	3.78	112.37	107.65	0.80	-0.04	0.47	0.12	2.93	0.01	0.47	0.88	0.02	1.72	0.05	2.34	97.5655	1.76
2013-09-12	3.75	113.11	108.72	0.81	-0.03	0.50	0.13	2.92	0.01	0.45	0.87	0.01	1.72	0.02	2.34	97.5261	1.75
2013-09-13	3.74	113.31	108.31	0.80	-0.04	0.47	0.13	2.90	0.01	0.45	0.87	0.01	1.71	0.02	2.32	97.4914	1.75
2013-09-16	3.71	110.86	106.54	0.76	-0.11	0.44	0.13	2.88	0.01	0.41	0.80	0.02	1.65	0.04	2.27	97.1362	1.76
2013-09-17	3.72	109.05	105.36	0.70	-0.17	0.36	0.12	2.86	0.01	0.39	0.78	0.01	1.62	0.04	2.26	97.0674	1.79
2013-09-18	3.76	109.09	108.23	0.49	-0.41	0.14	0.11	2.69	0.01	0.34	0.67	0.01	1.43	0.04	2.05	97.1109	1.84
2013-09-19	3.61	110.66	106.26	0.55	-0.34	0.21	0.10	2.76	0.00	0.34	0.69	0.01	1.49	0.03	2.13	96.1481	1.83
2013-09-20	3.61	110.22	104.70	0.52	-0.35	0.17	0.11	2.75	0.01	0.34	0.69	0.01	1.50	0.05	2.13	96.3644	1.85
2013-09-23	3.63	108.56	103.62	0.46	-0.36	0.16	0.10	2.72	0.01	0.35	0.68	0.02	1.48	0.05	2.10	96.4945	1.84
2013-09-24	3.68	107.68	103.22	0.48	-0.33	0.19	0.10	2.67	0.02	0.35	0.67	0.02	1.44	0.05	2.05	96.6728	1.77
2013-09-25	3.70	109.46	102.68	0.45	-0.38	0.12	0.10	2.63	0.02	0.36	0.66	0.02	1.41	0.05	2.01	96.8600	1.79
2013-09-26	3.70	108.86	103.10	0.47	-0.34	0.19	0.09	2.66	0.04	0.34	0.67	0.00	1.43	0.03	2.05	97.0408	1.77
2013-09-27	3.73	109.45	102.86	0.46	-0.36	0.16	0.10	2.64	0.03	0.34	0.64	0.02	1.40	0.03	2.02	97.3517	1.76
2013-09-30	3.80	107.85	102.36	0.45	-0.35	0.15	0.10	2.64	0.03	0.33	0.63	0.02	1.39	0.04	2.02	97.3206	1.74
2013-10-01	3.77	107.32	102.09	0.46	-0.35	0.15	0.10	2.66	0.10	0.33	0.66	0.02	1.42	0.04	2.04	97.3023	1.77
2013-10-02	3.78	109.09	104.15	0.43	-0.42	0.10	0.11	2.63	0.08	0.31	0.62	0.02	1.38	0.05	2.01	97.2046	1.80
2013-10-03	3.78	109.49	103.29	0.43	-0.41	0.11	0.11	2.62	0.12	0.33	0.61	0.03	1.36	0.05	1.99	97.3365	1.77
2013-10-04	3.74	109.42	103.83	0.46	-0.38	0.14	0.11	2.66	0.11	0.33	0.66	0.03	1.41	0.04	2.05	96.9151	1.79
2013-10-07	3.73	109.66	103.07	0.45	-0.38	0.13	0.12	2.65	0.13	0.37	0.66	0.03	1.41	0.06	2.03	96.9666	1.79
2013-10-08	3.70	110.56	103.54	0.48	-0.33	0.17	0.15	2.66	0.27	0.40	0.70	0.05	1.43	0.09	2.05	97.1292	1.76
2013-10-09	3.70	109.02	101.63	0.47	-0.35	0.15	0.15	2.68	0.26	0.37	0.68	0.05	1.43	0.08	2.06	97.2670	1.78
2013-10-10	3.66	111.63	103.08	0.50	-0.37	0.17	0.14	2.71	0.25	0.35	0.68	0.05	1.44	0.07	2.09	96.8002	1.81
2013-10-11	3.65	110.65	102.17	0.50	-0.37	0.17	0.14	2.70	0.25	0.35	0.66	0.08	1.42	0.07	2.07	96.7920	1.79
2013-10-14	3.65	110.13	102.46	.	.	.	.	.	.	.	.	.	.	.	.	.	.
2013-10-15	3.62	110.67	101.15	0.54	-0.34	0.20	0.16	2.75	0.32	0.37	0.68	0.14	1.45	0.16	2.11	96.4512	1.79
2013-10-16	3.60	110.79	102.34	0.50	-0.38	0.17	0.15	2.69	0.14	0.34	0.64	0.10	1.41	0.11	2.06	96.2577	1.79
2013-10-17	3.59	109.55	100.72	0.45	-0.42	0.11	0.13	2.61	0.01	0.33	0.61	0.05	1.35	0.08	1.98	95.9278	1.77
2013-10-18	3.53	109.40	100.87	0.42	-0.43	0.11	0.12	2.60	0.01	0.33	0.62	0.04	1.35	0.08	1.98	95.9795	1.78
2013-10-21	3.51	109.47	99.28	0.44	-0.41	0.12	0.11	2.63	0.02	0.33	0.63	0.04	1.38	0.07	2.01	96.3478	1.79
2013-10-22	3.53	109.57	97.63	0.37	-0.46	0.05	0.10	2.54	0.04	0.31	0.59	0.04	1.30	0.07	1.92	96.1336	1.76
2013-10-23	3.51	107.74	96.90	0.36	-0.46	0.04	0.11	2.51	0.02	0.31	0.60	0.04	1.30	0.07	1.90	96.2348	1.76
2013-10-24	3.50	106.63	96.65	0.36	-0.45	0.05	0.12	2.53	0.02	0.33	0.59	0.03	1.32	0.07	1.92	96.3727	1.77
2013-10-25	3.51	105.70	97.40	0.34	-0.47	0.03	0.11	2.53	0.02	0.32	0.59	0.04	1.30	0.08	1.90	96.1567	1.77
2013-10-28	3.50	108.29	98.74	0.35	-0.48	0.04	0.11	2.54	0.02	0.32	0.59	0.04	1.31	0.08	1.91	96.1438	1.79
2013-10-29	3.51	108.04	98.29	0.35	-0.47	0.04	0.11	2.53	0.06	0.31	0.59	0.04	1.29	0.08	1.90	96.1939	1.76
2013-10-30	3.51	108.41	96.81	0.37	-0.47	0.04	0.11	2.55	0.05	0.33	0.58	0.04	1.30	0.09	1.93	96.1926	1.77
2013-10-31	3.44	107.53	96.29	0.40	-0.43	0.09	0.10	2.57	0.03	0.31	0.57	0.04	1.31	0.08	1.95	96.6356	1.74
2013-11-01	3.44	105.78	94.56	0.50	-0.33	0.20	0.10	2.65	0.03	0.33	0.61	0.04	1.37	0.08	2.03	96.9705	1.70
2013-11-04	3.47	104.85	94.58	0.50	-0.35	0.18	0.09	2.63	0.02	0.32	0.60	0.05	1.36	0.09	2.01	96.7445	1.71
2013-11-05	3.48	105.01	93.40	0.55	-0.33	0.21	0.10	2.69	0.06	0.32	0.60	0.05	1.39	0.08	2.06	97.1444	1.72
2013-11-06	3.51	105.46	94.74	0.48	-0.43	0.12	0.11	2.67	0.05	0.30	0.58	0.05	1.34	0.09	2.02	97.1852	1.77
2013-11-07	3.53	103.08	94.25	0.46	-0.45	0.09	0.11	2.63	0.04	0.29	0.55	0.05	1.31	0.09	1.98	97.3349	1.76
2013-11-08	3.51	104.29	94.56	0.59	-0.35	0.23	0.12	2.77	0.04	0.32	0.62	0.06	1.42	0.09	2.12	97.4949	1.77
2013-11-11	3.50	105.76	95.13	.	.	.	.	.	.	.	.	.	.	.	.	.	.
2013-11-12	3.58	106.29	93.12	0.62	-0.32	0.25	0.13	2.80	0.05	0.34	0.65	0.08	1.47	0.10	2.16	97.7018	1.79
2013-11-13	3.61	106.90	93.91	0.58	-0.38	0.20	0.13	2.75	0.06	0.32	0.61	0.08	1.41	0.10	2.10	97.4223	1.79
2013-11-14	3.61	108.29	93.76	0.51	-0.46	0.13	0.13	2.69	0.06	0.29	0.56	0.08	1.34	0.10	2.04	97.2055	1.80
2013-11-15	3.57	108.25	93.80	0.53	-0.44	0.14	0.13	2.71	0.06	0.31	0.58	0.08	1.36	0.10	2.06	97.0443	1.80
2013-11-18	3.55	108.80	93.03	0.48	-0.47	0.11	0.13	2.67	0.05	0.31	0.56	0.09	1.33	0.10	2.02	96.6603	1.80
2013-11-19	3.52	108.29	93.35	0.53	-0.40	0.16	0.14	2.71	0.05	0.29	0.58	0.08	1.37	0.10	2.06	96.7273	1.77
2013-11-20	3.52	108.27	93.34	0.64	-0.36	0.24	0.12	2.80	0.06	0.28	0.57	0.08	1.39	0.11	2.13	96.9767	1.75
2013-11-21	3.53	109.90	95.35	0.60	-0.38	0.21	0.12	2.79	0.02	0.29	0.55	0.07	1.38	0.10	2.12	97.3438	1.76
2013-11-22	3.52	111.36	94.53	0.56	-0.39	0.19	0.12	2.75	0.02	0.31	0.57	0.07	1.37	0.10	2.10	97.1683	1.76
2013-11-25	3.52	110.83	93.86	0.56	-0.38	0.19	0.14	2.74	0.04	0.30	0.57	0.08	1.37	0.11	2.08	97.1504	1.75
2013-11-26	3.53	112.04	93.41	0.54	-0.37	0.19	0.13	2.71	0.07	0.29	0.55	0.07	1.34	0.11	2.05	97.3221	1.71
2013-11-27	3.52	111.32	92.05	0.58	-0.35	0.22	0.13	2.74	0.06	0.28	0.55	0.07	1.36	0.11	2.08	97.4647	1.71
2013-11-28	3.52	.	.	.	.	.	.	.	.	.	.	.	.	.	.	.	.
2013-11-29	3.52	111.07	92.55	0.60	-0.32	0.24	0.13	2.75	0.05	0.28	0.56	0.06	1.37	0.11	2.10	97.5240	1.69
2013-11-30	3.53																
2013-12-02	3.50	111.49	93.61	0.66	-0.27	0.30	0.13	2.81	0.02	0.30	0.59	0.05	1.43	0.10	2.16	97.7118	1.70
2013-12-03	3.53	113.06	95.83	0.64	-0.29	0.29	0.13	2.79	0.04	0.28	0.58	0.06	1.40	0.10	2.13	97.8016	1.69
2013-12-04	3.52	113.27	96.97	0.73	-0.19	0.41	0.14	2.84	0.04	0.30	0.60	0.06	1.45	0.10	2.19	97.6215	1.64
2013-12-05	3.50	112.07	97.14	0.76	-0.17	0.42	0.13	2.88	0.02	0.30	0.61	0.06	1.49	0.10	2.23	97.3610	1.66
2013-12-06	3.49	111.50	97.48	0.77	-0.14	0.44	0.13	2.88	0.03	0.30	0.64	0.06	1.51	0.10	2.23	97.0473	1.65
2013-12-09	3.47	110.07	97.10	0.74	-0.13	0.44	0.13	2.86	0.04	0.30	0.64	0.07	1.50	0.10	2.23	96.6664	1.63
2013-12-10	3.47	108.91	98.32	0.69	-0.18	0.38	0.14	2.81	0.03	0.30	0.62	0.07	1.46	0.10	2.17	.	1.64
2013-12-11	3.45	109.47	97.25	0.71	-0.15	0.41	0.13	2.86	0.02	0.31	0.63	0.07	1.50	0.10	2.21	96.9508	1.65
2013-12-12	3.43	108.99	97.21	0.75	-0.10	0.46	0.14	2.89	0.01	0.34	0.67	0.07	1.55	0.09	2.26	97.2338	1.65
2013-12-13	3.42	108.08	96.27	0.72	-0.11	0.44	0.14	2.88	0.02	0.34	0.68	0.07	1.55	0.09	2.25	97.1183	1.66
2013-12-16	3.40	110.30	97.18	0.71	-0.13	0.44	0.13	2.89	0.02	0.34	0.68	0.07	1.55	0.09	2.26	97.0376	1.68
2013-12-17	3.42	108.91	96.99	0.67	-0.17	0.39	0.14	2.85	0.02	0.34	0.65	0.07	1.52	0.09	2.22	97.0781	1.69
2013-12-18	3.40	109.56	97.59	0.72	-0.12	0.45	0.13	2.89	0.01	0.32	0.64	0.07	1.55	0.10	2.26	97.2793	1.67
2013-12-19	3.36	110.78	98.40	0.79	-0.12	0.44	0.13	2.94	0.01	0.35	0.70	0.06	1.63	0.09	2.35	97.3960	1.75
2013-12-20	3.35	112.15	99.11	0.73	0.02	0.56	0.13	2.89	0.02	0.37	0.74	0.07	1.66	0.09	2.33	97.3987	1.64
2013-12-23	3.32	111.58	98.62	0.76	0.01	0.55	0.14	2.94	0.01	0.38	0.77	0.07	1.68	0.09	2.37	97.3962	1.67
2013-12-24	3.30	111.57	98.87	0.80	0.05	0.60	0.14	2.99	0.01	0.38	0.80	0.07	1.73	0.09	2.43	97.4629	1.68
2013-12-25	.	.	.	.	.	.	.	.	.	.	.	.	.	.	.	.	.
2013-12-26	3.30	111.65	99.18	0.80	0.04	0.59	0.13	3.00	0.00	0.42	0.81	0.07	1.74	0.09	2.43	97.5681	1.70
2013-12-27	3.30	112.06	99.94	0.80	0.06	0.62	0.12	3.02	0.01	0.40	0.79	0.07	1.74	0.09	2.44	97.5268	1.68
2013-12-30	3.31	110.47	98.90	0.76	0.07	0.62	0.13	2.99	0.01	0.39	0.77	0.07	1.71	0.10	2.40	97.4346	1.64
2013-12-31	3.31	109.95	98.17	0.80	0.06	0.61	0.13	3.04	0.01	0.38	0.78	0.07	1.75	0.10	2.45	97.4769	1.69
2014-01-01	.	.	.	.	.	.	.	.	.	.	.	.	.	.	.	.	.
2014-01-02	3.33	107.94	95.14	0.74	0.01	0.57	0.13	3.00	0.01	0.39	0.76	0.07	1.72	0.09	2.41	97.6530	1.71
2014-01-03	3.32	106.57	93.66	0.75	0.04	0.60	0.13	3.01	0.02	0.41	0.80	0.07	1.73	0.10	2.42	97.6439	1.69
2014-01-06	3.32	106.71	93.12	0.72	-0.05	0.50	0.12	2.98	0.01	0.40	0.78	0.05	1.70	0.08	2.38	97.7167	1.75
2014-01-07	3.30	107.01	93.31	0.70	-0.14	0.40	0.13	2.96	0.01	0.40	0.80	0.04	1.69	0.08	2.37	97.6524	1.83
2014-01-08	3.28	107.42	91.90	0.72	0.01	0.56	0.13	3.01	0.00	0.43	0.87	0.05	1.77	0.08	2.44	97.7371	1.76
2014-01-09	3.29	107.49	91.36	0.66	-0.08	0.45	0.13	2.97	0.01	0.44	0.86	0.04	1.75	0.06	2.41	97.8669	1.83
2014-01-10	3.34	106.44	92.39	0.59	-0.11	0.42	0.12	2.88	0.01	0.39	0.77	0.05	1.64	0.06	2.29	97.3720	1.75
2014-01-13	3.35	108.02	91.45	0.57	-0.11	0.42	0.11	2.84	0.00	0.39	0.74	0.03	1.60	0.06	2.25	97.2980	1.71
2014-01-14	3.30	107.12	92.15	0.62	-0.11	0.41	0.11	2.88	0.00	0.39	0.78	0.04	1.65	0.06	2.30	97.4613	1.76
2014-01-15	3.27	108.09	93.78	0.62	-0.04	0.48	0.13	2.90	0.01	0.41	0.81	0.04	1.68	0.06	2.33	97.7189	1.72
2014-01-16	3.29	107.46	93.54	0.61	-0.08	0.43	0.11	2.86	0.01	0.41	0.80	0.04	1.66	0.07	2.30	98.1125	1.74
2014-01-17	3.28	108.45	93.96	0.58	-0.08	0.43	0.11	2.84	0.01	0.40	0.79	0.05	1.64	0.07	2.27	98.0078	1.72
2014-01-20	3.28	108.01	.	.	.	.	.	.	.	.	.	.	.	.	.	.	.
2014-01-21	3.28	109.17	94.51	0.59	-0.04	0.47	0.12	2.85	0.01	0.40	0.81	0.04	1.67	0.07	2.29	98.2408	1.71
2014-01-22	3.28	109.69	96.35	0.62	-0.07	0.42	0.11	2.87	0.00	0.44	0.85	0.04	1.72	0.07	2.34	98.3285	1.79
2014-01-23	3.36	109.69	97.23	0.66	-0.10	0.47	0.11	2.79	0.01	0.39	0.77	0.04	1.62	0.05	2.24	98.6689	1.72
2014-01-24	3.44	109.14	96.66	0.61	-0.10	0.46	0.11	2.75	0.04	0.37	0.75	0.04	1.58	0.06	2.20	98.9590	1.68
2014-01-27	3.47	108.72	95.82	0.64	-0.11	0.45	0.11	2.78	0.04	0.37	0.76	0.05	1.61	0.07	2.24	99.0562	1.72
2014-01-28	3.47	109.10	97.49	0.62	-0.12	0.45	0.11	2.77	0.05	0.38	0.75	0.05	1.59	0.07	2.22	98.7452	1.71
2014-01-29	3.52	108.83	97.34	0.55	-0.20	0.35	0.11	2.69	0.04	0.36	0.71	0.04	1.52	0.07	2.15	98.7893	1.72
2014-01-30	3.54	109.36	98.25	0.57	-0.21	0.34	0.10	2.72	0.04	0.36	0.72	0.02	1.55	0.06	2.19	98.7934	1.76
2014-01-31	3.64	108.16	97.55	0.53	-0.23	0.33	0.10	2.67	0.03	0.34	0.69	0.02	1.49	0.06	2.13	98.9393	1.72
2014-02-03	3.69	106.55	96.44	0.47	-0.26	0.29	0.11	2.61	0.04	0.30	0.64	0.05	1.44	0.07	2.07	99.3501	1.70
2014-02-04	3.66	107.04	97.24	0.51	-0.31	0.24	0.12	2.64	0.12	0.31	0.65	0.06	1.46	0.07	2.09	98.9024	1.77
2014-02-05	3.62	106.81	97.40	0.56	-0.28	0.27	0.12	2.70	0.13	0.32	0.66	0.07	1.50	0.07	2.14	98.8153	1.78
2014-02-06	3.57	108.15	97.84	0.57	-0.30	0.26	0.13	2.73	0.07	0.33	0.69	0.07	1.52	0.08	2.17	98.5044	1.82
2014-02-07	3.58	110.12	99.98	0.53	-0.30	0.28	0.12	2.71	0.10	0.30	0.66	0.08	1.47	0.09	2.13	98.6940	1.77
2014-02-10	3.54	110.18	100.12	0.51	-0.31	0.25	0.12	2.70	0.07	0.32	0.66	0.07	1.48	0.10	2.13	98.6739	1.79
2014-02-11	3.51	109.21	99.96	0.56	-0.26	0.30	0.12	2.75	0.05	0.35	0.71	0.05	1.54	0.10	2.19	98.6062	1.80
2014-02-12	3.47	108.62	100.38	0.59	-0.24	0.32	0.12	2.80	0.01	0.35	0.74	0.05	1.59	0.09	2.23	98.5560	1.83
2014-02-13	3.51	108.98	100.27	0.56	-0.26	0.30	0.12	2.73	0.01	0.32	0.70	0.03	1.51	0.08	2.16	.	1.77
2014-02-14	3.49	108.63	100.31	0.59	-0.14	0.44	0.11	2.75	0.01	0.32	0.71	0.02	1.53	0.07	2.17	98.3370	1.67
2014-02-17	3.48	.	.	.	.	.	.	.	.	.	.	.	.	.	.	.	.
2014-02-18	3.48	110.14	102.54	0.57	-0.29	0.29	0.12	2.71	0.02	0.31	0.67	0.05	1.50	0.08	2.14	98.3688	1.79
2014-02-19	3.47	110.37	103.46	0.60	-0.25	0.32	0.11	2.73	0.04	0.33	0.69	0.06	1.53	0.09	2.17	98.5311	1.78
2014-02-20	3.45	109.42	103.20	0.63	-0.21	0.35	0.12	2.76	0.02	0.34	0.72	0.05	1.57	0.08	2.20	98.6613	1.78
2014-02-21	3.44	109.03	102.53	0.61	-0.18	0.38	0.12	2.73	0.02	0.33	0.71	0.05	1.56	0.08	2.19	.	1.74
2014-02-24	3.39	109.76	103.17	0.59	-0.21	0.34	0.11	2.75	0.02	0.35	0.72	0.05	1.57	0.08	2.20	98.4303	1.78
2014-02-25	3.40	109.19	102.20	0.55	-0.25	0.30	0.11	2.70	0.04	0.34	0.70	0.05	1.53	0.08	2.16	98.5820	1.78
2014-02-26	3.42	109.39	102.93	0.51	-0.26	0.29	0.11	2.67	0.04	0.33	0.68	0.05	1.50	0.08	2.12	98.8085	1.76
2014-02-27	3.42	108.54	102.68	0.49	-0.32	0.23	0.11	2.65	0.04	0.33	0.68	0.04	1.49	0.07	2.11	98.7726	1.81
2014-02-28	3.37	108.98	102.88	0.49	-0.28	0.27	0.12	2.66	0.04	0.33	0.69	0.05	1.51	0.08	2.13	98.6424	1.79
2014-03-03	3.50	111.26	105.34	0.44	-0.32	0.24	0.12	2.60	0.04	0.32	0.66	0.05	1.46	0.08	2.07	.	1.78
2014-03-04	3.43	109.17	103.64	0.52	-0.25	0.31	0.12	2.70	0.06	0.33	0.71	0.05	1.54	0.08	2.17	98.8038	1.79
2014-03-05	3.41	108.15	101.75	0.52	-0.26	0.29	0.13	2.70	0.06	0.33	0.71	0.06	1.54	0.09	2.16	98.6267	1.80
2014-03-06	3.38	107.99	101.82	0.53	-0.27	0.27	0.12	2.74	0.06	0.37	0.73	0.05	1.57	0.08	2.20	98.1427	1.84
2014-03-07	3.37	109.14	102.82	0.57	-0.18	0.37	0.13	2.80	0.06	0.38	0.79	0.06	1.65	0.09	2.27	98.3701	1.83
2014-03-10	3.42	108.27	101.39	0.57	-0.24	0.31	0.12	2.79	0.05	0.37	0.79	0.05	1.64	0.08	2.26	98.5550	1.88
2014-03-11	3.43	108.35	100.29	0.57	-0.24	0.31	0.13	2.77	0.06	0.37	0.79	0.05	1.62	0.08	2.25	98.6060	1.86
2014-03-12	3.51	107.88	98.29	0.54	-0.23	0.32	0.12	2.73	0.05	0.37	0.78	0.05	1.59	0.08	2.20	98.7854	1.82
2014-03-13	3.57	107.48	98.57	0.49	-0.22	0.32	0.12	2.66	0.06	0.34	0.74	0.05	1.53	0.08	2.14	98.6260	1.75
2014-03-14	3.62	108.08	99.23	0.48	-0.19	0.34	0.12	2.65	0.05	0.36	0.74	0.05	1.55	0.08	2.14	98.7130	1.74
2014-03-17	3.58	106.99	98.43	0.52	-0.22	0.30	0.13	2.70	0.05	0.38	0.77	0.06	1.58	0.08	2.19	.	1.80
2014-03-18	3.56	106.79	100.08	0.50	-0.21	0.31	0.13	2.68	0.07	0.36	0.75	0.05	1.56	0.07	2.16	98.7196	1.77
2014-03-19	3.45	105.95	100.71	0.62	0.02	0.51	0.15	2.78	0.07	0.47	0.91	0.06	1.75	0.09	2.31	98.7075	1.73
2014-03-20	3.47	105.73	99.68	0.66	-0.02	0.46	0.14	2.79	0.06	0.45	0.90	0.06	1.73	0.09	2.31	99.2219	1.75
2014-03-21	3.47	107.20	99.97	0.61	-0.06	0.41	0.14	2.75	0.05	0.45	0.91	0.06	1.73	0.08	2.30	99.0824	1.79
2014-03-24	3.45	106.59	100.05	0.59	-0.03	0.41	0.14	2.74	0.05	0.47	0.93	0.06	1.76	0.08	2.31	98.8434	1.79
2014-03-25	3.43	107.01	99.66	0.61	0.06	0.51	0.13	2.75	0.05	0.47	0.92	0.05	1.76	0.08	2.32	98.6766	1.70
2014-03-26	3.39	105.90	100.61	0.57	-0.05	0.40	0.12	2.71	0.05	0.45	0.89	0.05	1.70	0.07	2.27	98.6243	1.75
2014-03-27	3.34	106.58	101.25	0.56	-0.03	0.41	0.12	2.69	0.02	0.45	0.90	0.04	1.70	0.06	2.26	98.4293	1.73
2014-03-28	3.29	106.64	101.73	0.60	0.02	0.46	0.13	2.73	0.03	0.45	0.93	0.04	1.74	0.06	2.31	98.3665	1.72
2014-03-31	3.34	105.95	101.57	0.60	0.03	0.49	0.13	2.73	0.03	0.44	0.90	0.05	1.73	0.07	2.30	98.2515	1.70
2014-04-01	3.29	105.70	99.69	0.63	0.03	0.49	0.13	2.77	0.02	0.44	0.91	0.04	1.74	0.06	2.32	98.0605	1.71
2014-04-02	3.26	103.37	99.60	0.68	0.08	0.53	0.12	2.82	0.02	0.47	0.94	0.02	1.80	0.06	2.39	98.2491	1.72
2014-04-03	3.27	104.88	100.29	0.66	0.11	0.55	0.11	2.80	0.03	0.46	0.95	0.02	1.79	0.05	2.38	98.4265	1.68
2014-04-04	3.29	106.41	101.16	0.61	0.00	0.45	0.11	2.74	0.03	0.43	0.89	0.03	1.71	0.05	2.30	98.0629	1.71
2014-04-07	3.31	104.89	100.43	0.59	0.07	0.51	0.11	2.71	0.03	0.41	0.87	0.03	1.68	0.06	2.27	97.9913	1.61
2014-04-08	3.29	105.83	102.57	0.58	-0.04	0.40	0.11	2.69	0.04	0.40	0.88	0.03	1.67	0.06	2.24	97.6368	1.71
2014-04-09	3.29	107.39	103.55	0.57	-0.05	0.40	0.10	2.71	0.03	0.37	0.85	0.04	1.65	0.05	2.24	97.7986	1.70
2014-04-10	3.30	107.10	103.37	0.51	-0.10	0.35	0.09	2.65	0.03	0.37	0.81	0.04	1.59	0.06	2.17	97.7527	1.69
2014-04-11	3.32	107.34	103.68	0.50	-0.06	0.38	0.09	2.63	0.04	0.37	0.80	0.04	1.58	0.06	2.16	97.8571	1.64
2014-04-14	3.33	107.68	104.05	0.52	-0.10	0.34	0.10	2.65	0.03	0.37	0.82	0.04	1.61	0.06	2.18	97.9390	1.71
2014-04-15	3.36	109.10	103.70	0.50	-0.05	0.38	0.11	2.64	0.03	0.39	0.84	0.04	1.63	0.05	2.18	98.1401	1.68
2014-04-16	3.34	109.71	103.71	0.48	-0.06	0.36	0.11	2.65	0.03	0.39	0.87	0.04	1.67	0.05	2.21	98.0033	1.73
2014-04-17	3.29	109.79	104.33	0.52	-0.20	0.31	0.11	2.73	0.02	0.43	0.91	0.03	1.75	0.05	2.31	98.0119	1.95
2014-04-18	.	.	.	.	.	.	.	.	.	.	.	.	.	.	.	97.9913	.
2014-04-21	3.28	109.69	104.35	0.53	-0.23	0.33	0.11	2.73	0.02	0.42	0.91	0.04	1.74	0.06	2.31	98.0529	1.97
2014-04-22	3.26	108.54	101.69	0.52	-0.22	0.33	0.11	2.73	0.02	0.45	0.93	0.03	1.76	0.06	2.31	98.2085	1.98
2014-04-23	3.29	108.48	101.47	0.49	-0.25	0.29	0.11	2.70	0.02	0.43	0.91	0.02	1.73	0.05	2.28	98.3433	1.98
2014-04-24	3.29	109.79	102.20	0.49	-0.25	0.31	0.10	2.70	0.00	0.43	0.91	0.01	1.74	0.04	2.30	98.3654	1.99
2014-04-25	3.35	109.53	100.85	0.48	-0.24	0.31	0.11	2.68	0.01	0.43	0.90	0.03	1.72	0.04	2.28	98.4624	1.96
2014-04-28	3.35	109.12	101.13	0.52	-0.22	0.33	0.10	2.70	0.00	0.44	0.90	0.03	1.73	0.05	2.29	98.4099	1.95
2014-04-29	3.32	109.89	101.56	0.53	-0.21	0.35	0.11	2.71	0.02	0.44	0.91	0.02	1.74	0.05	2.29	98.2546	1.95
2014-04-30	3.33	108.63	100.07	0.49	-0.27	0.32	0.11	2.67	0.02	0.42	0.87	0.03	1.69	0.05	2.25	98.2699	1.96
2014-05-01	3.32	108.63	99.69	0.43	-0.30	0.30	0.10	2.63	0.02	0.41	0.86	0.03	1.66	0.05	2.21	98.1883	1.96
2014-05-02	3.30	109.48	100.09	0.41	-0.28	0.28	0.10	2.60	0.01	0.42	0.89	0.02	1.67	0.05	2.20	98.0195	1.95
2014-05-05	3.30	109.48	99.74	0.45	-0.24	0.25	0.11	2.63	0.01	0.43	0.90	0.03	1.68	0.05	2.22	97.9902	1.92
2014-05-06	3.28	108.30	99.81	0.45	-0.23	0.29	0.10	2.61	0.03	0.43	0.92	0.03	1.68	0.05	2.20	97.8177	1.91
2014-05-07	3.26	108.17	101.06	0.42	-0.27	0.31	0.10	2.62	0.03	0.41	0.89	0.03	1.65	0.05	2.18	97.7508	1.92
2014-05-08	3.23	108.19	100.52	0.42	-0.30	0.26	0.10	2.61	0.02	0.40	0.86	0.03	1.63	0.05	2.16	97.5787	1.93
2014-05-09	3.22	108.26	100.32	0.44	-0.29	0.27	0.10	2.62	0.02	0.40	0.86	0.03	1.63	0.05	2.17	97.6880	1.92
2014-05-12	3.19	108.37	100.89	0.48	-0.24	0.34	0.09	2.66	0.02	0.41	0.87	0.03	1.67	0.05	2.21	97.6588	1.91
2014-05-13	3.18	108.78	102.01	0.45	-0.27	0.30	0.10	2.61	0.03	0.39	0.84	0.03	1.62	0.05	2.16	97.5242	1.89
2014-05-14	3.20	109.87	102.63	0.37	-0.35	0.25	0.10	2.54	0.02	0.39	0.81	0.03	1.57	0.05	2.10	97.4201	1.92
2014-05-15	3.20	109.74	101.74	0.31	-0.41	0.16	0.09	2.50	0.01	0.38	0.80	0.03	1.55	0.05	2.05	97.6585	1.96
2014-05-16	3.19	110.90	102.31	0.34	-0.38	0.18	0.09	2.52	0.01	0.38	0.80	0.03	1.56	0.05	2.08	97.4710	1.94
2014-05-19	3.18	110.84	102.95	0.37	-0.37	0.22	0.09	2.54	0.01	0.36	0.79	0.03	1.56	0.05	2.09	97.3451	1.93
2014-05-20	3.18	110.35	102.80	0.35	-0.39	0.18	0.09	2.52	0.04	0.35	0.77	0.03	1.53	0.06	2.06	97.5407	1.92
2014-05-21	3.16	111.32	104.31	0.36	-0.40	0.18	0.09	2.54	0.04	0.37	0.79	0.04	1.55	0.06	2.08	97.4809	1.95
2014-05-22	3.14	110.89	104.03	0.35	-0.40	0.17	0.09	2.56	0.03	0.37	0.80	0.03	1.57	0.05	2.10	97.3832	1.97
2014-05-23	3.12	110.19	105.01	0.32	-0.42	0.11	0.10	2.54	0.04	0.37	0.79	0.04	1.55	0.05	2.09	97.3659	1.97
2014-05-26	3.12	110.01	.	.	.	.	.	.	.	.	.	.	.	.	.	.	.
2014-05-27	3.10	109.81	104.78	0.31	-0.39	0.16	0.09	2.52	0.03	0.39	0.79	0.04	1.56	0.06	2.08	97.5768	1.95
2014-05-28	3.10	109.09	103.37	0.22	-0.44	0.07	0.10	2.44	0.04	0.37	0.76	0.04	1.50	0.05	2.01	97.5825	1.94
2014-05-29	3.05	109.98	104.26	0.22	-0.44	0.06	0.10	2.45	0.05	0.37	0.77	0.04	1.52	0.05	2.03	97.3769	1.96
2014-05-30	3.03	109.21	103.40	0.26	-0.39	0.11	0.10	2.48	0.05	0.37	0.79	0.04	1.54	0.06	2.06	97.5221	1.93
2014-05-31	3.04																
2014-06-02	3.00	109.34	103.07	0.32	-0.33	0.15	0.10	2.54	0.04	0.39	0.83	0.04	1.60	0.06	2.12	97.7515	1.93
2014-06-03	2.99	108.87	103.34	0.41	-0.27	0.24	0.10	2.60	0.04	0.41	0.85	0.04	1.65	0.06	2.18	97.8442	1.92
2014-06-04	2.99	109.07	103.27	0.44	-0.25	0.29	0.10	2.61	0.04	0.41	0.85	0.04	1.65	0.06	2.20	97.8945	1.90
2014-06-05	2.99	108.43	103.17	0.41	-0.29	0.24	0.10	2.59	0.03	0.40	0.82	0.04	1.63	0.06	2.17	97.6652	1.92
2014-06-06	2.91	109.21	103.32	0.40	-0.27	0.27	0.11	2.60	0.02	0.41	0.86	0.04	1.66	0.06	2.19	97.5848	1.93
2014-06-09	2.85	110.55	105.09	0.41	-0.26	0.25	0.11	2.62	0.03	0.43	0.88	0.04	1.69	0.06	2.22	97.6243	1.95
2014-06-10	2.84	109.18	105.02	0.43	-0.23	0.30	0.11	2.64	0.04	0.45	0.93	0.04	1.71	0.06	2.24	97.6800	1.94
2014-06-11	2.87	109.83	105.04	0.43	-0.24	0.30	0.11	2.65	0.03	0.44	0.91	0.04	1.70	0.06	2.23	97.6821	1.94
2014-06-12	2.90	112.18	107.20	0.39	-0.29	0.24	0.10	2.58	0.02	0.42	0.88	0.04	1.66	0.07	2.17	97.5297	1.95
2014-06-13	2.89	113.15	107.49	0.41	-0.23	0.29	0.11	2.60	0.02	0.45	0.93	0.04	1.70	0.07	2.21	97.6176	1.93
2014-06-16	2.92	113.42	107.52	0.41	-0.21	0.31	0.11	2.61	0.03	0.49	0.95	0.04	1.71	0.07	2.21	97.7846	1.92
2014-06-17	2.90	114.02	106.95	0.43	-0.20	0.32	0.11	2.66	0.03	0.51	0.99	0.04	1.77	0.07	2.27	98.0464	1.97
2014-06-18	2.91	114.25	106.64	0.38	-0.27	0.26	0.10	2.61	0.03	0.48	0.95	0.03	1.71	0.06	2.21	97.9952	1.98
2014-06-19	2.89	115.19	107.08	0.39	-0.31	0.23	0.09	2.64	0.01	0.48	0.94	0.02	1.71	0.05	2.22	97.7611	2.02
2014-06-20	2.88	114.55	107.95	0.35	-0.31	0.21	0.09	2.63	0.01	0.50	0.94	0.02	1.71	0.04	2.22	97.7713	2.02
2014-06-23	2.87	113.62	106.83	0.35	-0.31	0.21	0.10	2.63	0.02	0.48	0.96	0.03	1.72	0.06	2.23	97.6619	2.03
2014-06-24	2.85	113.74	106.64	0.31	-0.35	0.18	0.12	2.59	0.01	0.49	0.95	0.03	1.70	0.06	2.19	97.7226	2.05
2014-06-25	2.87	112.84	107.04	0.29	-0.35	0.15	0.11	2.57	0.01	0.48	0.92	0.03	1.68	0.05	2.17	97.7272	2.03
2014-06-26	2.89	112.61	106.49	0.26	-0.38	0.10	0.11	2.53	0.01	0.46	0.90	0.04	1.64	0.06	2.14	97.6399	2.02
2014-06-27	2.89	112.62	106.46	0.27	-0.39	0.12	0.10	2.54	0.02	0.45	0.88	0.03	1.64	0.06	2.14	97.5112	2.03
2014-06-30	2.91	111.03	106.07	0.27	-0.38	0.13	0.11	2.53	0.02	0.47	0.88	0.04	1.62	0.07	2.13	97.3700	2.00
2014-07-01	2.90	110.84	106.06	0.32	-0.34	0.18	0.11	2.58	0.03	0.47	0.90	0.02	1.66	0.06	2.17	97.2814	2.00
2014-07-02	2.86	110.18	105.18	0.38	-0.30	0.18	0.12	2.64	0.02	0.49	0.95	0.02	1.71	0.06	2.22	97.3617	2.01
2014-07-03	2.84	108.98	104.76	0.37	-0.29	0.23	0.11	2.65	0.01	0.52	0.98	0.01	1.74	0.06	2.25	97.3428	2.03
2014-07-04	2.84	.	.	.	.	.	.	.	.	.	.	.	.	.	.	.	.
2014-07-07	2.84	108.70	104.19	0.36	-0.27	0.24	0.12	2.63	0.02	0.52	1.00	0.04	1.74	0.06	2.24	97.4148	2.01
2014-07-08	2.84	107.65	104.06	0.31	-0.29	0.19	0.11	2.58	0.02	0.51	0.99	0.03	1.70	0.06	2.19	97.3427	1.99
2014-07-09	2.84	106.84	102.93	0.28	-0.30	0.19	0.11	2.57	0.03	0.51	0.97	0.03	1.68	0.06	2.17	97.2453	1.98
2014-07-10	2.87	106.20	103.61	0.27	-0.34	0.15	0.10	2.55	0.02	0.46	0.93	0.02	1.66	0.06	2.15	97.3685	2.00
2014-07-11	2.87	105.77	101.48	0.25	-0.34	0.09	0.11	2.53	0.02	0.48	0.92	0.02	1.65	0.07	2.13	97.3840	1.99
2014-07-14	2.85	104.73	101.73	0.28	-0.31	0.15	0.11	2.55	0.02	0.48	0.95	0.03	1.68	0.06	2.17	97.3816	1.99
2014-07-15	2.84	104.73	100.56	0.31	-0.26	0.19	0.11	2.56	0.02	0.49	0.97	0.02	1.70	0.06	2.18	97.4954	1.96
2014-07-16	2.85	105.41	101.88	0.32	-0.24	0.16	0.11	2.55	0.02	0.50	0.98	0.02	1.71	0.06	2.18	97.4317	1.95
2014-07-17	2.93	106.04	103.84	0.24	-0.32	0.12	0.10	2.47	0.02	0.47	0.94	0.02	1.65	0.06	2.11	97.5868	1.97
2014-07-18	2.94	106.03	103.83	0.26	-0.27	0.17	0.10	2.50	0.03	0.51	0.97	0.02	1.69	0.05	2.14	97.5589	1.96
2014-07-21	2.97	105.71	105.34	0.25	-0.27	0.16	0.11	2.49	0.02	0.51	0.99	0.03	1.70	0.06	2.14	97.4763	1.97
2014-07-22	2.97	106.48	104.59	0.25	-0.25	0.17	0.11	2.48	0.03	0.49	0.97	0.03	1.68	0.07	2.13	97.3139	1.93
2014-07-23	2.94	106.85	103.81	0.25	-0.25	0.18	0.11	2.48	0.03	0.50	0.96	0.03	1.67	0.05	2.12	97.2454	1.92
2014-07-24	2.91	105.78	102.76	0.25	-0.21	0.17	0.11	2.52	0.04	0.53	1.00	0.03	1.72	0.06	2.18	97.3558	1.93
2014-07-25	2.95	106.89	105.23	0.20	-0.26	0.16	0.11	2.48	0.03	0.53	0.98	0.03	1.69	0.06	2.14	97.3438	1.95
2014-07-28	2.98	106.70	105.68	0.22	-0.22	0.20	0.11	2.50	0.03	0.54	1.01	0.04	1.73	0.06	2.17	97.4218	1.95
2014-07-29	3.01	106.98	104.91	0.20	-0.24	0.16	0.12	2.47	0.03	0.54	1.00	0.02	1.70	0.06	2.14	97.5481	1.94
2014-07-30	2.98	106.47	104.29	0.29	-0.19	0.22	0.13	2.57	0.03	0.56	1.04	0.04	1.77	0.06	2.24	97.7734	1.96
2014-07-31	3.02	104.94	98.23	0.29	-0.21	0.21	0.12	2.58	0.01	0.53	1.02	0.03	1.76	0.05	2.24	98.0721	1.97
2014-08-01	3.11	103.45	97.86	0.25	-0.25	0.18	0.13	2.52	0.01	0.47	0.94	0.03	1.67	0.05	2.16	98.2034	1.92
2014-08-04	3.13	103.63	98.26	0.26	-0.24	0.17	0.12	2.51	0.02	0.47	0.93	0.04	1.66	0.06	2.15	98.0901	1.90
2014-08-05	3.16	102.82	97.34	0.25	-0.24	0.17	0.12	2.49	0.03	0.47	0.93	0.03	1.66	0.05	2.14	98.2445	1.90
2014-08-06	3.23	104.17	96.93	0.24	-0.24	0.15	0.11	2.49	0.03	0.48	0.93	0.03	1.66	0.05	2.13	98.2342	1.90
2014-08-07	3.26	104.02	97.34	0.19	-0.29	0.09	0.11	2.43	0.03	0.44	0.89	0.03	1.60	0.04	2.07	98.3575	1.89
2014-08-08	3.28	103.36	97.61	0.19	-0.24	0.15	0.10	2.44	0.03	0.45	0.91	0.03	1.62	0.05	2.09	98.2527	1.86
2014-08-11	3.24	103.47	98.09	0.19	-0.24	0.16	0.10	2.44	0.03	0.47	0.93	0.04	1.62	0.05	2.09	98.0207	1.86
2014-08-12	3.21	101.68	97.36	0.22	-0.24	0.16	0.10	2.46	0.05	0.45	0.92	0.03	1.63	0.05	2.10	98.0007	1.87
2014-08-13	3.19	102.27	97.57	0.20	-0.29	0.10	0.10	2.43	0.04	0.43	0.88	0.04	1.59	0.06	2.06	97.8697	1.88
2014-08-14	3.16	101.15	95.54	0.19	-0.26	0.14	0.10	2.40	0.04	0.42	0.87	0.04	1.58	0.06	2.04	97.7290	1.84
2014-08-15	3.16	101.13	97.30	0.16	-0.28	0.11	0.09	2.34	0.03	0.42	0.86	0.03	1.55	0.05	1.99	97.6945	1.83
2014-08-18	3.11	99.37	96.44	0.21	-0.27	0.07	0.10	2.39	0.02	0.44	0.89	0.03	1.58	0.05	2.04	97.5370	1.85
2014-08-19	3.08	99.74	94.35	0.23	-0.22	0.11	0.11	2.40	0.04	0.46	0.90	0.03	1.59	0.05	2.05	97.5819	1.81
2014-08-20	3.07	99.92	96.40	0.26	-0.18	0.15	0.12	2.43	0.04	0.49	0.94	0.04	1.65	0.06	2.09	97.6958	1.83
2014-08-21	3.06	100.28	93.97	0.24	-0.16	0.18	0.10	2.41	0.03	0.49	0.95	0.02	1.64	0.06	2.08	97.7681	1.80
2014-08-22	3.05	100.09	93.61	0.26	-0.11	0.19	0.10	2.40	0.04	0.53	0.98	0.03	1.68	0.06	2.10	97.8553	1.79
2014-08-25	3.06	100.49	95.39	0.24	-0.09	0.18	0.11	2.39	0.02	0.53	0.99	0.04	1.69	0.05	2.09	97.9267	1.78
2014-08-26	3.04	100.50	95.78	0.25	-0.15	0.16	0.12	2.39	0.04	0.52	0.98	0.03	1.68	0.05	2.08	97.8140	1.83
2014-08-27	3.03	100.40	95.82	0.23	-0.15	0.18	0.11	2.37	0.02	0.51	0.97	0.04	1.65	0.05	2.05	97.6566	1.80
2014-08-28	3.07	100.71	96.44	0.21	-0.14	0.19	0.11	2.34	0.02	0.50	0.95	0.03	1.63	0.05	2.04	97.7552	1.77
2014-08-29	3.10	101.12	97.86	0.23	-0.13	0.21	0.09	2.35	0.02	0.48	0.94	0.03	1.63	0.05	2.05	97.7000	1.76
2014-08-31	3.11																
2014-09-01	3.11	.	.	.	.	.	.	.	.	.	.	.	.	.	.	.	.
2014-09-02	3.11	100.21	92.92	0.27	-0.07	0.20	0.10	2.42	0.02	0.53	0.99	0.03	1.69	0.05	2.11	97.9199	1.76
2014-09-03	3.08	100.88	95.50	0.24	-0.08	0.18	0.11	2.41	0.02	0.52	0.99	0.03	1.69	0.05	2.11	97.7167	1.77
2014-09-04	3.06	101.21	94.51	0.28	-0.05	0.21	0.10	2.45	0.02	0.54	1.01	0.03	1.71	0.05	2.14	97.7994	1.76
2014-09-05	3.07	99.51	93.32	0.31	-0.08	0.24	0.10	2.46	0.02	0.52	0.99	0.03	1.69	0.05	2.14	97.7404	1.77
2014-09-08	3.08	99.53	92.64	0.35	-0.02	0.26	0.10	2.48	0.01	0.54	1.02	0.02	1.72	0.05	2.16	97.7772	1.74
2014-09-09	3.07	98.08	92.73	0.39	0.05	0.32	0.11	2.50	0.01	0.56	1.06	0.02	1.76	0.05	2.19	98.2443	1.71
2014-09-10	3.09	96.26	91.71	0.44	0.10	0.38	0.11	2.54	0.01	0.58	1.07	0.02	1.79	0.05	2.22	98.3007	1.69
2014-09-11	3.10	96.42	92.89	0.42	0.03	0.33	0.11	2.54	0.01	0.58	1.07	0.02	1.79	0.05	2.22	98.3241	1.76
2014-09-12	3.10	96.31	92.18	0.49	0.08	0.42	0.11	2.62	0.01	0.58	1.07	0.02	1.83	0.05	2.29	98.5277	1.75
2014-09-15	3.13	96.43	92.86	0.47	0.07	0.39	0.11	2.60	0.01	0.58	1.06	0.02	1.80	0.05	2.26	98.6758	1.73
2014-09-16	3.16	97.39	94.91	0.48	0.03	0.35	0.13	2.60	0.01	0.55	1.04	0.02	1.78	0.04	2.26	98.4668	1.75
2014-09-17	3.15	97.70	94.33	0.56	0.19	0.51	0.12	2.62	0.01	0.59	1.08	0.02	1.82	0.05	2.29	98.5381	1.63
2014-09-18	3.13	96.82	93.07	0.61	0.29	0.55	0.12	2.63	0.01	0.59	1.10	0.02	1.85	0.04	2.32	98.7556	1.56
2014-09-19	3.12	96.75	92.43	0.56	0.27	0.51	0.11	2.59	0.01	0.59	1.09	0.02	1.83	0.04	2.29	98.7913	1.56
2014-09-22	3.13	95.37	91.46	0.58	0.20	0.46	0.10	2.57	0.00	0.58	1.06	0.01	1.80	0.04	2.26	98.9167	1.60
2014-09-23	3.15	94.87	91.55	0.52	0.15	0.41	0.10	2.54	0.01	0.57	1.05	0.01	1.78	0.04	2.23	98.9894	1.63
2014-09-24	3.12	94.53	93.60	0.54	0.16	0.43	0.11	2.57	0.01	0.59	1.08	0.02	1.82	0.03	2.26	98.9561	1.66
2014-09-25	3.17	95.20	93.59	0.50	0.13	0.41	0.10	2.52	0.00	0.56	1.03	0.01	1.75	0.03	2.21	99.2547	1.62
2014-09-26	3.19	95.08	95.55	0.57	0.21	0.51	0.11	2.54	0.01	0.59	1.08	0.01	1.80	0.03	2.24	99.4010	1.59
2014-09-29	3.27	95.70	94.53	0.55	0.16	0.44	0.11	2.50	0.01	0.58	1.06	0.02	1.77	0.05	2.21	99.8030	1.61
2014-09-30	3.26	94.67	91.17	0.55	0.22	0.51	0.13	2.52	0.02	0.58	1.07	0.02	1.78	0.03	2.22	99.6781	1.56
2014-10-01	3.32	94.57	90.74	0.46	0.09	0.36	0.10	2.42	0.01	0.53	1.00	0.02	1.69	0.04	2.12	99.8048	1.60
2014-10-02	3.32	91.29	91.02	0.49	0.13	0.41	0.10	2.44	0.01	0.53	1.01	0.01	1.70	0.03	2.14	99.6758	1.57
2014-10-03	3.29	90.80	89.76	0.52	0.17	0.42	0.11	2.45	0.01	0.57	1.05	0.01	1.73	0.03	2.16	99.9038	1.56
2014-10-06	3.30	90.65	90.33	0.50	0.15	0.41	0.11	2.43	0.01	0.54	1.02	0.02	1.70	0.05	2.13	99.6278	1.55
2014-10-07	3.32	90.90	88.89	0.44	0.12	0.37	0.10	2.36	0.02	0.52	0.98	0.02	1.64	0.04	2.06	99.6462	1.52
2014-10-08	3.37	90.25	87.29	0.39	0.03	0.32	0.10	2.35	0.01	0.46	0.90	0.01	1.57	0.05	2.02	99.8930	1.54
2014-10-09	3.36	90.47	85.76	0.37	0.06	0.34	0.10	2.34	0.02	0.46	0.91	0.01	1.58	0.05	2.02	99.4228	1.52
2014-10-10	3.41	88.66	85.87	0.35	0.03	0.29	0.10	2.31	0.02	0.45	0.89	0.01	1.55	0.04	1.99	99.6624	1.52
2014-10-13	3.41	87.82	85.73	.	.	.	.	.	.	.	.	.	.	.	.	.	.
2014-10-14	3.49	86.36	81.72	0.29	0.04	0.24	0.09	2.21	0.03	0.39	0.80	0.02	1.45	0.04	1.88	99.5449	1.41
2014-10-15	3.62	84.02	81.82	0.29	0.00	0.26	0.10	2.15	0.02	0.34	0.73	0.02	1.37	0.05	1.80	99.8786	1.37
2014-10-16	3.61	84.02	82.33	0.28	0.02	0.22	0.10	2.17	0.04	0.35	0.75	0.03	1.39	0.05	1.82	99.9936	1.37
2014-10-17	3.53	85.27	82.80	0.30	0.01	0.28	0.11	2.22	0.03	0.39	0.79	0.02	1.44	0.05	1.88	99.8145	1.43
2014-10-20	3.53	84.42	82.76	0.29	-0.04	0.22	0.10	2.20	0.03	0.37	0.76	0.02	1.41	0.06	1.85	99.8158	1.45
2014-10-21	3.51	85.17	83.25	0.33	0.02	0.26	0.10	2.23	0.04	0.38	0.77	0.02	1.44	0.06	1.88	99.7157	1.42
2014-10-22	3.47	86.38	80.52	0.34	-0.01	0.25	0.11	2.25	0.04	0.41	0.80	0.02	1.46	0.06	1.90	99.8101	1.47
2014-10-23	3.44	85.94	82.81	0.38	0.09	0.32	0.11	2.29	0.02	0.41	0.83	0.01	1.52	0.06	1.95	99.9260	1.43
2014-10-24	3.44	86.00	81.27	0.39	0.06	0.32	0.11	2.29	0.02	0.41	0.82	0.01	1.52	0.06	1.96	99.8578	1.46
2014-10-27	3.44	85.64	81.26	0.38	0.07	0.33	0.11	2.27	0.03	0.41	0.81	0.02	1.51	0.06	1.94	100.0708	1.44
2014-10-28	3.40	85.57	81.36	0.39	0.06	0.34	0.11	2.30	0.02	0.42	0.84	0.02	1.53	0.05	1.97	99.6986	1.47
2014-10-29	3.34	86.91	82.25	0.42	0.14	0.38	0.11	2.34	0.01	0.48	0.93	0.03	1.61	0.07	2.03	99.4490	1.47
2014-10-30	3.34	85.50	81.06	0.42	0.09	0.33	0.11	2.32	0.01	0.48	0.91	0.01	1.58	0.06	2.02	99.5331	1.49
2014-10-31	3.27	84.17	80.53	0.43	0.09	0.34	0.11	2.35	0.01	0.50	0.95	0.01	1.62	0.05	2.05	99.9431	1.53
2014-11-03	3.25	84.90	78.77	0.43	0.08	0.32	0.12	2.36	0.03	0.52	0.96	0.02	1.63	0.07	2.05	100.2656	1.55
2014-11-04	3.30	82.12	77.15	0.43	0.14	0.38	0.11	2.35	0.04	0.52	0.97	0.03	1.63	0.06	2.05	100.4055	1.49
2014-11-05	3.30	82.88	78.71	0.43	0.09	0.34	0.11	2.36	0.04	0.52	0.97	0.03	1.63	0.07	2.05	100.5618	1.54
2014-11-06	3.30	82.08	77.87	0.45	0.09	0.34	0.12	2.39	0.04	0.54	1.01	0.03	1.67	0.06	2.09	100.7266	1.58
2014-11-07	3.37	83.20	78.71	0.38	0.01	0.27	0.12	2.32	0.04	0.51	0.95	0.03	1.60	0.06	2.01	100.7232	1.59
2014-11-10	3.33	82.90	77.43	0.44	0.07	0.32	0.13	2.38	0.04	0.55	1.00	0.02	1.65	0.07	2.07	100.5934	1.58
2014-11-11	3.33	80.94	77.85	.	.	.	.	.	.	.	.	.	.	.	.	.	.
2014-11-12	3.35	80.42	77.16	0.46	0.12	0.40	0.14	2.37	0.05	0.55	1.00	0.02	1.65	0.07	2.06	100.7157	1.53
2014-11-13	3.37	77.74	74.13	0.47	0.16	0.42	0.15	2.35	0.05	0.53	0.97	0.02	1.64	0.08	2.05	100.9506	1.48
2014-11-14	3.43	77.51	75.91	0.43	0.17	0.38	0.15	2.32	0.04	0.54	0.96	0.02	1.62	0.07	2.02	100.9947	1.45
2014-11-17	3.47	76.86	75.64	0.48	0.22	0.42	0.15	2.34	0.02	0.54	0.96	0.03	1.64	0.07	2.04	101.0494	1.42
2014-11-18	3.48	77.23	74.55	0.48	0.21	0.42	0.14	2.32	0.04	0.53	0.96	0.02	1.63	0.07	2.03	100.9199	1.42
2014-11-19	3.48	77.21	74.55	0.53	0.27	0.48	0.15	2.36	0.04	0.54	0.99	0.01	1.66	0.07	2.07	101.1688	1.39
2014-11-20	3.50	77.61	75.63	0.49	0.23	0.44	0.14	2.34	0.04	0.53	0.97	0.02	1.64	0.07	2.05	101.1711	1.41
2014-11-21	3.48	79.20	76.52	0.45	0.19	0.40	0.14	2.31	0.04	0.53	0.96	0.01	1.63	0.07	2.03	101.0529	1.44
2014-11-24	3.46	79.62	75.74	0.44	0.19	0.38	0.14	2.30	0.04	0.53	0.95	0.02	1.62	0.08	2.02	101.2460	1.43
2014-11-25	3.48	77.62	74.04	0.42	0.11	0.34	0.14	2.27	0.06	0.51	0.94	0.02	1.58	0.07	1.98	101.1844	1.47
2014-11-26	3.50	77.39	73.70	0.42	0.12	0.35	0.14	2.24	0.06	0.53	0.93	0.02	1.56	0.07	1.96	101.2701	1.44
2014-11-27	3.50	.	.	.	.	.	.	.	.	.	.	.	.	.	.	.	.
2014-11-28	3.53	71.89	65.94	0.39	0.10	0.30	0.13	2.18	0.04	0.47	0.88	0.02	1.49	0.07	1.89	102.0959	1.39
2014-11-30	3.50																
2014-12-01	3.57	70.87	68.98	0.43	0.13	0.34	0.13	2.22	0.01	0.49	0.90	0.03	1.52	0.08	1.93	102.2730	1.39
2014-12-02	3.57	71.13	66.99	0.51	0.23	0.45	0.14	2.28	0.04	0.55	0.96	0.03	1.59	0.08	2.00	102.6932	1.36
2014-12-03	3.62	70.13	67.30	0.50	0.23	0.44	0.15	2.29	0.03	0.57	0.98	0.01	1.61	0.07	2.01	102.6894	1.38
2014-12-04	3.66	68.48	66.73	0.48	0.23	0.44	0.14	2.25	0.03	0.55	0.97	0.02	1.59	0.08	1.98	102.7541	1.36
2014-12-05	3.66	68.00	65.89	0.56	0.34	0.51	0.18	2.31	0.02	0.65	1.09	0.02	1.69	0.08	2.06	103.3133	1.35
2014-12-08	3.76	65.64	63.13	0.55	0.43	0.52	0.18	2.26	0.03	0.64	1.10	0.03	1.67	0.10	2.02	103.6253	1.24
2014-12-09	3.90	66.11	63.74	0.49	0.29	0.43	0.23	2.22	0.05	0.64	1.07	0.04	1.63	0.11	1.97	103.4702	1.34
2014-12-10	4.00	63.32	60.99	0.47	0.31	0.45	0.21	2.18	0.05	0.59	1.01	0.03	1.58	0.10	1.92	103.8032	1.27
2014-12-11	4.04	63.65	60.01	0.49	0.35	0.46	0.21	2.19	0.02	0.62	1.05	0.03	1.62	0.09	1.96	104.3222	1.27
2014-12-12	4.21	61.67	57.81	0.46	0.33	0.42	0.19	2.10	0.02	0.56	0.98	0.02	1.53	0.09	1.86	104.6188	1.20
2014-12-15	4.36	61.09	55.96	0.50	0.41	0.47	0.22	2.12	0.02	0.60	1.03	0.04	1.58	0.11	1.90	104.9193	1.17
2014-12-16	4.60	60.26	55.97	0.42	0.32	0.38	0.21	2.07	0.03	0.58	0.99	0.03	1.53	0.11	1.85	104.8539	1.21
2014-12-17	4.47	59.84	56.43	0.49	0.39	0.44	0.23	2.14	0.03	0.62	1.06	0.03	1.61	0.11	1.93	104.4306	1.22
2014-12-18	4.27	58.81	54.18	0.57	0.48	0.56	0.25	2.22	0.04	0.67	1.10	0.04	1.68	0.12	2.01	104.3837	1.20
2014-12-19	4.20	58.87	56.91	0.49	0.39	0.44	0.26	2.17	0.01	0.67	1.10	0.04	1.66	0.11	1.98	104.5625	1.27
2014-12-22	4.14	58.31	55.25	0.47	0.38	0.42	0.28	2.17	0.01	0.71	1.13	0.05	1.67	0.16	1.98	104.4335	1.29
2014-12-23	4.08	59.07	56.78	0.56	0.46	0.51	0.26	2.26	0.02	0.73	1.17	0.03	1.76	0.14	2.06	104.7662	1.30
2014-12-24	4.09	58.67	55.70	0.59	0.50	0.55	0.26	2.27	0.01	0.73	1.18	0.01	1.76	0.14	2.09	104.7672	1.26
2014-12-25	.	.	.	.	.	.	.	.	.	.	.	.	.	.	.	.	.
2014-12-26	4.09	58.72	54.59	0.58	0.49	0.53	0.26	2.25	0.01	0.73	1.19	0.01	1.75	0.10	2.07	.	1.26
2014-12-29	4.12	57.86	53.46	0.57	0.50	0.55	0.25	2.22	0.01	0.72	1.14	0.03	1.72	0.12	2.02	104.8373	1.22
2014-12-30	4.15	55.60	54.14	0.56	0.47	0.54	0.23	2.20	0.03	0.69	1.11	0.03	1.68	0.12	2.00	104.5636	1.21
2014-12-31	4.17	55.27	53.45	0.49	0.38	0.44	0.25	2.17	0.03	0.67	1.10	0.04	1.65	0.12	1.97	104.5904	1.27
2015-01-01	.	.	.	.	.	.	.	.	.	.	.	.	.	.	.	.	.
2015-01-02	4.21	55.38	52.72	0.41	0.31	0.37	0.25	2.12	0.02	0.66	1.07	0.02	1.61	0.11	1.92	104.9858	1.30
2015-01-05	4.31	51.08	50.05	0.40	0.32	0.36	0.26	2.04	0.02	0.68	1.06	0.03	1.57	0.10	1.85	105.6341	1.25
2015-01-06	4.49	50.12	47.98	0.41	0.34	0.36	0.25	1.97	0.02	0.65	1.02	0.03	1.50	0.10	1.78	105.3731	1.16
2015-01-07	4.49	49.06	48.69	0.39	0.31	0.35	0.25	1.96	0.02	0.62	1.00	0.03	1.47	0.09	1.76	105.2499	1.16
2015-01-08	4.41	49.43	48.80	0.41	0.29	0.38	0.23	2.03	0.01	0.62	1.00	0.03	1.50	0.08	1.81	104.6720	1.21
2015-01-09	4.44	47.64	48.35	0.36	0.25	0.34	0.22	1.98	0.02	0.59	0.96	0.02	1.45	0.08	1.75	104.4547	1.20
2015-01-12	4.49	46.90	46.06	0.35	0.23	0.31	0.19	1.92	0.02	0.56	0.91	0.03	1.39	0.09	1.69	104.5550	1.16
2015-01-13	4.53	45.13	45.92	0.37	0.32	0.35	0.20	1.91	0.02	0.54	0.88	0.03	1.37	0.08	1.67	104.3998	1.05
2015-01-14	4.57	45.82	48.49	0.29	0.15	0.25	0.18	1.86	0.02	0.51	0.83	0.04	1.33	0.09	1.62	104.3229	1.18
2015-01-15	4.58	47.66	46.37	0.19	0.04	0.17	0.16	1.77	0.03	0.44	0.75	0.03	1.22	0.08	1.53	104.2831	1.18
2015-01-16	.	47.38	48.49	0.23	0.10	0.22	0.17	1.83	0.02	0.49	0.80	0.03	1.29	0.07	1.60	104.3290	1.19
2015-01-19	4.56	.	.	.	.	.	.	.	.	.	.	.	.	.	.	.	.
2015-01-20	4.55	46.49	46.79	0.23	0.12	0.21	0.17	1.82	0.01	0.53	0.85	0.03	1.31	0.08	1.61	104.5760	1.19
2015-01-21	4.52	46.50	47.85	0.26	0.18	0.22	0.17	1.87	0.01	0.53	0.87	0.03	1.35	0.08	1.66	104.5846	1.17
2015-01-22	4.47	46.09	45.93	0.29	0.20	0.27	0.17	1.90	0.02	0.53	0.90	0.03	1.39	0.08	1.69	104.2139	1.19
2015-01-23	4.41	46.69	45.26	0.21	0.12	0.18	0.17	1.81	0.02	0.52	0.86	0.02	1.33	0.07	1.62	104.4282	1.21
2015-01-26	4.41	46.07	44.80	0.22	0.12	0.19	0.18	1.83	0.02	0.54	0.89	0.03	1.36	0.08	1.64	104.5248	1.24
2015-01-27	4.44	46.55	45.84	0.17	0.05	0.14	0.17	1.83	0.02	0.54	0.87	0.02	1.34	0.08	1.62	104.3356	1.29
2015-01-28	4.45	47.07	44.08	0.12	0.01	0.09	0.17	1.73	0.02	0.50	0.81	0.02	1.25	0.08	1.53	104.6944	1.24
2015-01-29	4.47	46.61	44.12	0.15	-0.03	0.14	0.17	1.77	0.01	0.51	0.84	0.03	1.28	0.07	1.59	105.3721	1.31
2015-01-30	4.56	47.52	47.79	0.03	-0.11	-0.01	0.18	1.68	0.01	0.47	0.77	0.02	1.18	0.07	1.49	105.8521	1.29
2015-01-31	4.55																
2015-02-02	4.55	51.74	49.25	0.03	-0.13	-0.01	0.17	1.68	0.01	0.49	0.78	0.02	1.19	0.07	1.49	105.5840	1.32
2015-02-03	4.44	54.41	53.04	0.09	-0.12	0.04	0.21	1.79	0.02	0.52	0.85	0.02	1.28	0.07	1.60	105.1642	1.40
2015-02-04	4.41	55.07	48.45	0.10	-0.06	0.05	0.20	1.81	0.01	0.52	0.86	0.01	1.29	0.06	1.61	105.1953	1.35
2015-02-05	4.36	55.98	50.48	0.13	-0.08	0.12	0.20	1.83	0.02	0.52	0.87	0.02	1.30	0.06	1.62	105.0625	1.38
2015-02-06	4.25	55.88	51.66	0.24	0.12	0.20	0.26	1.95	0.01	0.65	1.03	0.02	1.48	0.07	1.77	105.4945	1.36
2015-02-09	4.23	57.00	52.99	0.25	0.13	0.22	0.24	1.96	0.02	0.65	1.04	0.01	1.49	0.08	1.78	105.3681	1.36
2015-02-10	4.25	55.79	50.06	0.31	0.20	0.27	0.25	2.01	0.02	0.67	1.05	0.01	1.52	0.08	1.82	105.7194	1.32
2015-02-11	4.26	53.48	48.80	0.32	0.21	0.28	0.24	2.00	0.02	0.67	1.06	0.01	1.53	0.07	1.83	106.2199	1.32
2015-02-12	4.22	56.23	51.17	0.33	0.13	0.31	0.23	1.99	0.02	0.61	1.02	0.02	1.50	0.07	1.81	105.6253	1.37
2015-02-13	4.13	60.33	52.66	0.34	0.21	0.30	0.23	2.02	0.02	0.66	1.03	0.01	1.53	0.07	1.84	105.4741	1.32
2015-02-16	4.13	61.57	.	.	.	.	.	.	.	.	.	.	.	.	.	.	.
2015-02-17	4.06	60.78	53.56	0.43	0.29	0.39	0.25	2.14	0.02	0.70	1.10	0.02	1.62	0.07	1.95	.	1.33
2015-02-18	4.06	60.72	52.13	0.36	0.20	0.31	0.23	2.07	0.02	0.62	1.00	0.02	1.52	0.07	1.86	105.9352	1.32
2015-02-19	4.06	58.78	51.12	0.37	0.23	0.33	0.23	2.11	0.02	0.67	1.05	0.02	1.58	0.07	1.92	105.8761	1.35
2015-02-20	4.05	60.99	49.95	0.38	0.24	0.34	0.23	2.13	0.02	0.67	1.07	0.02	1.61	0.07	1.94	106.1643	1.37
2015-02-23	4.11	59.78	49.56	0.34	0.22	0.30	0.22	2.06	0.01	0.64	1.03	0.02	1.56	0.08	1.88	106.2742	1.34
2015-02-24	4.12	60.33	48.48	0.27	0.14	0.23	0.22	1.99	0.02	0.60	0.97	0.02	1.47	0.08	1.79	106.0453	1.33
2015-02-25	4.12	59.77	50.25	0.24	0.11	0.20	0.21	1.96	0.02	0.61	0.98	0.02	1.47	0.07	1.78	105.8213	1.36
2015-02-26	4.06	61.39	47.65	0.24	0.05	0.23	0.22	2.03	0.02	0.66	1.04	0.03	1.54	0.07	1.86	105.8528	1.49
2015-02-27	4.05	61.89	49.84	0.17	0.01	0.13	0.22	2.00	0.02	0.63	1.01	0.02	1.50	0.07	1.82	105.9409	1.49
2015-02-28	4.04																
2015-03-02	3.99	60.75	49.59	0.25	0.03	0.23	0.22	2.08	0.02	0.66	1.06	0.02	1.57	0.08	1.89	106.1557	1.54
2015-03-03	3.93	61.18	50.43	0.26	0.04	0.24	0.26	2.12	0.01	0.68	1.09	0.02	1.61	0.08	1.94	106.0170	1.57
2015-03-04	3.94	59.18	51.53	0.25	-0.01	0.20	0.26	2.12	0.01	0.66	1.07	0.01	1.60	0.08	1.93	106.5147	1.61
2015-03-05	3.93	60.33	50.76	0.27	0.04	0.25	0.25	2.11	0.02	0.65	1.05	0.02	1.57	0.08	1.90	.	1.53
2015-03-06	3.85	59.15	49.61	0.41	0.15	0.38	0.27	2.24	0.02	0.73	1.16	0.01	1.70	0.08	2.04	107.4348	1.55
2015-03-09	3.92	58.67	49.95	0.44	0.19	0.41	0.27	2.20	0.01	0.70	1.13	0.02	1.66	0.10	1.99	107.6004	1.47
2015-03-10	4.00	55.95	48.42	0.41	0.26	0.37	0.25	2.14	0.03	0.70	1.10	0.02	1.62	0.10	1.94	108.0651	1.36
2015-03-11	4.02	56.46	48.06	0.39	0.15	0.34	0.25	2.11	0.03	0.70	1.09	0.03	1.60	0.10	1.92	107.8573	1.45
2015-03-12	4.02	56.66	47.12	0.39	0.18	0.38	0.24	2.10	0.03	0.67	1.06	0.03	1.59	0.10	1.91	107.5553	1.41
2015-03-13	4.07	54.80	44.88	0.44	0.20	0.39	0.24	2.13	0.03	0.68	1.07	0.03	1.60	0.11	1.93	108.2540	1.40
2015-03-16	4.13	52.00	43.93	0.45	0.30	0.42	0.26	2.10	0.02	0.66	1.06	0.05	1.57	0.15	1.90	108.0235	1.27
2015-03-17	4.18	52.17	43.39	0.42	0.22	0.38	0.27	2.06	0.05	0.70	1.07	0.05	1.56	0.15	1.87	107.9526	1.34
2015-03-18	4.25	52.59	44.63	0.23	0.08	0.19	0.23	1.93	0.02	0.57	0.92	0.03	1.41	0.12	1.73	107.7968	1.33
2015-03-19	4.18	52.96	44.02	0.19	-0.01	0.15	0.26	1.98	0.02	0.63	0.99	0.03	1.48	0.12	1.79	107.3882	1.49
2015-03-20	4.16	53.88	46.00	0.17	-0.08	0.10	0.24	1.93	0.00	0.60	0.95	0.01	1.42	0.11	1.73	106.7447	1.50
2015-03-23	4.12	53.82	47.40	0.17	-0.07	0.10	0.24	1.92	0.02	0.60	0.93	0.03	1.41	0.11	1.71	106.2886	1.48
2015-03-24	4.09	53.61	47.03	0.11	-0.16	0.03	0.24	1.88	0.03	0.58	0.91	0.02	1.37	0.11	1.68	106.0898	1.53
2015-03-25	4.05	54.18	48.75	0.12	-0.15	0.09	0.25	1.93	0.02	0.59	0.94	0.04	1.41	0.11	1.73	106.1120	1.56
2015-03-26	4.03	57.02	51.41	0.21	-0.10	0.12	0.28	2.01	0.02	0.61	0.98	0.03	1.47	0.13	1.81	106.5004	1.57
2015-03-27	4.05	56.44	48.83	0.19	-0.12	0.09	0.27	1.95	0.02	0.58	0.92	0.04	1.42	0.12	1.74	106.7850	1.54
2015-03-30	4.04	53.99	48.66	0.23	-0.08	0.14	0.27	1.96	0.02	0.58	0.93	0.04	1.41	0.14	1.74	106.9843	1.49
2015-03-31	4.03	53.69	47.72	0.18	-0.14	0.08	0.26	1.94	0.05	0.56	0.89	0.03	1.37	0.14	1.71	106.8414	1.51
2015-04-01	4.02	55.73	50.12	0.07	-0.26	-0.04	0.27	1.87	0.02	0.55	0.86	0.03	1.32	0.12	1.65	106.3950	1.58
2015-04-02	3.96	55.73	49.13	0.11	-0.21	0.01	0.25	1.92	0.02	0.55	0.87	0.02	1.35	0.10	1.69	106.1117	1.56
2015-04-03	.	.	.	0.02	-0.32	-0.09	0.21	1.85	0.04	0.49	0.80	0.02	1.26	0.10	1.60	105.4879	1.58
2015-04-06	3.97	55.73	52.08	0.07	-0.29	-0.04	0.21	1.92	0.02	0.51	0.83	0.03	1.31	0.10	1.67	105.4145	1.60
2015-04-07	3.91	57.55	53.95	0.04	-0.28	-0.06	0.22	1.89	0.02	0.52	0.85	0.02	1.32	0.10	1.66	105.7542	1.60
2015-04-08	3.85	56.42	50.44	0.08	-0.23	-0.01	0.22	1.92	0.02	0.54	0.86	0.03	1.35	0.10	1.68	105.6721	1.58
2015-04-09	3.77	56.04	50.79	0.13	-0.19	0.03	0.22	1.97	0.02	0.56	0.89	0.03	1.40	0.10	1.73	105.9034	1.59
2015-04-10	3.74	56.82	51.63	0.14	-0.15	0.07	0.24	1.96	0.01	0.57	0.91	0.02	1.41	0.09	1.73	106.2975	1.56
2015-04-13	3.73	57.14	51.95	0.14	-0.17	0.05	0.23	1.94	0.02	0.54	0.89	0.03	1.38	0.11	1.71	106.7806	1.55
2015-04-14	3.74	57.69	53.30	0.10	-0.21	0.01	0.23	1.90	0.02	0.53	0.85	0.02	1.34	0.10	1.67	106.3422	1.55
2015-04-15	3.73	59.32	56.25	0.07	-0.26	-0.03	0.23	1.91	0.02	0.51	0.85	0.02	1.33	0.08	1.66	106.5271	1.59
2015-04-16	3.74	60.13	56.69	0.05	-0.27	-0.03	0.22	1.90	0.03	0.50	0.81	0.02	1.31	0.08	1.64	105.9800	1.58
2015-04-17	3.77	61.31	55.71	-0.02	-0.34	-0.12	0.23	1.87	0.03	0.51	0.84	0.01	1.31	0.08	1.63	106.2208	1.65
2015-04-20	3.77	61.20	56.37	0.01	-0.27	-0.05	0.24	1.90	0.03	0.55	0.86	0.03	1.33	0.10	1.65	106.4470	1.60
2015-04-21	3.77	60.12	55.58	0.06	-0.24	-0.02	0.23	1.92	0.02	0.55	0.86	0.03	1.35	0.09	1.67	106.4157	1.59
2015-04-22	3.72	60.12	56.17	0.12	-0.19	0.04	0.23	1.99	0.01	0.57	0.91	0.03	1.41	0.10	1.75	106.3569	1.60
2015-04-23	3.69	62.66	56.59	0.07	-0.33	-0.01	0.24	1.96	0.01	0.55	0.87	0.03	1.37	0.09	1.70	106.1648	1.70
2015-04-24	3.67	62.96	55.98	0.04	-0.37	0.00	0.24	1.93	0.03	0.54	0.84	0.03	1.34	0.10	1.68	106.0701	1.71
2015-04-27	3.64	62.86	55.56	0.03	-0.35	-0.04	0.25	1.94	0.01	0.54	0.87	0.02	1.36	0.10	1.69	105.8983	1.71
2015-04-28	3.63	62.61	57.05	0.11	-0.30	0.04	0.24	2.00	0.00	0.56	0.90	0.02	1.39	0.09	1.75	105.4718	1.69
2015-04-29	3.61	63.97	58.55	0.14	-0.27	0.11	0.25	2.06	0.00	0.56	0.91	0.01	1.43	0.07	1.80	105.4601	1.70
2015-04-30	3.54	63.90	59.62	0.11	-0.29	0.03	0.24	2.05	0.00	0.58	0.91	0.01	1.43	0.06	1.79	106.1600	1.72
2015-05-01	3.51	64.13	59.10	0.18	-0.22	0.09	0.25	2.12	0.00	0.60	0.97	0.01	1.50	0.05	1.87	106.5648	1.72
2015-05-04	3.51	64.62	58.92	0.24	-0.18	0.17	0.25	2.16	0.01	0.60	0.96	0.02	1.51	0.08	1.90	106.6408	1.69
2015-05-05	3.49	65.44	60.38	0.25	-0.18	0.21	0.24	2.19	0.01	0.62	1.00	0.01	1.54	0.08	1.92	106.2453	1.72
2015-05-06	3.45	66.22	60.93	0.34	-0.11	0.29	0.25	2.25	0.02	0.65	1.03	0.02	1.58	0.08	1.97	106.0303	1.69
2015-05-07	3.50	64.93	58.99	0.30	-0.11	0.23	0.24	2.18	0.01	0.63	1.02	0.01	1.55	0.08	1.93	106.3721	1.66
2015-05-08	3.50	63.82	59.41	0.28	-0.16	0.22	0.23	2.16	0.01	0.59	0.96	0.01	1.50	0.08	1.89	105.7949	1.66
2015-05-11	3.43	62.82	59.23	0.40	-0.05	0.31	0.25	2.28	0.02	0.62	1.02	0.02	1.59	0.09	2.00	106.3407	1.64
2015-05-12	3.46	65.09	60.72	0.40	-0.07	0.33	0.25	2.28	0.01	0.61	1.00	0.03	1.58	0.09	2.00	106.3203	1.65
2015-05-13	3.43	66.33	60.50	0.41	-0.10	0.31	0.24	2.27	0.02	0.59	0.97	0.02	1.57	0.09	2.00	106.0493	1.67
2015-05-14	3.43	65.58	59.89	0.36	-0.14	0.31	0.23	2.23	0.00	0.56	0.91	0.01	1.51	0.08	1.94	105.6767	1.65
2015-05-15	3.44	64.69	59.73	0.31	-0.16	0.21	0.23	2.14	0.02	0.55	0.90	0.02	1.46	0.09	1.87	105.3707	1.62
2015-05-18	3.37	65.15	59.44	0.37	-0.10	0.29	0.22	2.23	0.01	0.58	0.95	0.02	1.54	0.08	1.95	105.7761	1.64
2015-05-19	3.36	63.48	57.30	0.42	-0.02	0.34	0.23	2.27	0.02	0.63	1.01	0.02	1.60	0.07	2.01	106.0698	1.62
2015-05-20	3.38	63.52	58.96	0.38	-0.08	0.32	0.23	2.26	0.02	0.60	0.98	0.02	1.57	0.08	1.98	106.1524	1.65
2015-05-21	3.38	64.70	60.18	0.35	-0.10	0.30	0.22	2.19	0.02	0.60	0.95	0.02	1.53	0.07	1.92	106.1427	1.63
2015-05-22	3.34	64.70	58.88	0.34	-0.08	0.28	0.23	2.21	0.01	0.64	1.01	0.02	1.57	0.08	1.96	106.2754	1.65
2015-05-25	.	.	.	.	.	.	.	.	.	.	.	.	.	.	.	.	.
2015-05-26	3.38	61.65	57.29	0.32	-0.05	0.29	0.24	2.14	0.01	0.64	0.99	0.02	1.54	0.09	1.90	106.7873	1.59
2015-05-27	3.43	61.35	57.51	0.34	-0.01	0.29	0.27	2.14	0.02	0.64	1.00	0.01	1.53	0.09	1.90	106.9031	1.54
2015-05-28	3.46	60.12	57.69	0.33	-0.02	0.33	0.26	2.13	0.01	0.62	0.97	0.01	1.51	0.08	1.89	106.9643	1.53
2015-05-29	3.49	63.16	60.25	0.32	-0.08	0.25	0.26	2.12	0.01	0.61	0.94	0.01	1.49	0.06	1.86	106.9655	1.57
2015-05-31	3.51																
2015-06-01	3.46	62.87	60.24	0.39	0.00	0.34	0.26	2.19	0.02	0.64	0.99	0.02	1.55	0.07	1.93	107.2302	1.55
2015-06-02	3.44	63.14	61.30	0.44	0.02	0.37	0.26	2.27	0.02	0.64	1.02	0.01	1.61	0.07	2.01	107.0631	1.59
2015-06-03	3.40	62.78	59.67	0.55	0.10	0.50	0.26	2.38	0.02	0.69	1.07	0.02	1.69	0.07	2.12	107.0474	1.59
2015-06-04	3.47	60.34	58.00	0.50	0.06	0.39	0.27	2.31	0.02	0.66	1.04	0.02	1.65	0.08	2.05	107.4563	1.59
2015-06-05	3.45	60.36	59.11	0.55	0.11	0.47	0.29	2.41	0.02	0.73	1.13	0.03	1.75	0.08	2.16	107.8877	1.64
2015-06-08	3.51	61.33	58.15	0.54	0.09	0.45	0.27	2.39	0.01	0.70	1.09	0.02	1.72	0.09	2.13	107.8702	1.63
2015-06-09	3.50	63.23	60.15	0.56	0.09	0.40	0.27	2.42	0.01	0.72	1.12	0.02	1.74	0.08	2.16	107.4757	1.65
2015-06-10	3.50	64.68	61.36	0.63	0.14	0.46	0.28	2.50	0.01	0.75	1.15	0.02	1.80	0.10	2.22	107.1386	1.66
2015-06-11	3.54	63.76	60.74	0.56	0.11	0.42	0.28	2.39	0.01	0.73	1.12	0.01	1.74	0.10	2.14	107.1841	1.63
2015-06-12	3.51	63.19	59.96	0.55	0.11	0.45	0.28	2.39	0.01	0.74	1.12	0.02	1.75	0.10	2.15	107.1550	1.64
2015-06-15	3.55	60.99	59.53	0.51	0.07	0.37	0.28	2.36	0.00	0.72	1.10	0.02	1.71	0.11	2.11	107.2002	1.64
2015-06-16	3.60	60.75	60.01	0.44	0.01	0.31	0.28	2.32	0.00	0.71	1.08	0.01	1.68	0.11	2.07	107.2368	1.67
2015-06-17	3.61	60.75	59.89	0.42	-0.06	0.29	0.27	2.32	0.00	0.67	1.03	0.01	1.63	0.10	2.05	107.2825	1.69
2015-06-18	3.58	61.37	60.41	0.46	-0.02	0.32	0.26	2.35	0.00	0.66	1.03	0.01	1.65	0.08	2.08	106.5745	1.67
2015-06-19	3.62	59.41	59.62	0.40	-0.04	0.28	0.25	2.26	0.00	0.65	0.99	0.01	1.59	0.05	1.99	106.8476	1.63
2015-06-22	3.54	60.54	60.01	0.47	0.03	0.37	0.27	2.37	0.00	0.68	1.06	0.01	1.68	0.08	2.10	106.7363	1.65
2015-06-23	3.51	61.67	61.05	0.50	0.04	0.35	0.30	2.42	0.00	0.70	1.07	0.01	1.71	0.09	2.14	106.9490	1.67
2015-06-24	3.51	61.63	60.01	0.48	0.05	0.41	0.30	2.38	0.00	0.68	1.06	0.01	1.69	0.08	2.12	107.1172	1.64
2015-06-25	3.51	60.24	59.59	0.49	0.07	0.42	0.29	2.40	0.00	0.68	1.06	0.01	1.70	0.07	2.14	107.2569	1.63
2015-06-26	3.49	60.14	59.41	0.57	0.09	0.43	0.29	2.49	0.00	0.72	1.09	0.01	1.75	0.08	2.20	107.5464	1.66
2015-06-29	3.64	59.03	58.34	0.46	0.03	0.39	0.27	2.33	0.00	0.64	1.00	0.02	1.62	0.11	2.05	107.7444	1.59
2015-06-30	3.63	60.31	59.48	0.48	0.02	0.34	0.28	2.35	0.02	0.64	1.01	0.01	1.63	0.11	2.07	107.6951	1.61
2015-07-01	3.56	61.65	56.94	0.54	0.10	0.47	0.28	2.43	0.01	0.69	1.08	0.01	1.70	0.13	2.14	107.9486	1.60
2015-07-02	3.59	61.73	56.93	0.49	0.02	0.37	0.26	2.40	0.01	0.64	1.01	0.01	1.64	0.10	2.09	107.7232	1.62
2015-07-03	3.59	59.06	.	.	.	.	.	.	.	.	.	.	.	.	.	.	.
2015-07-06	3.65	57.19	52.48	0.43	-0.01	0.31	0.26	2.30	0.01	0.60	0.95	0.02	1.56	0.09	2.00	108.0080	1.57
2015-07-07	3.72	54.72	52.33	0.40	-0.02	0.28	0.25	2.27	0.02	0.58	0.96	0.02	1.55	0.08	1.98	108.4001	1.57
2015-07-08	3.77	55.70	51.61	0.39	-0.04	0.26	0.24	2.22	0.02	0.55	0.91	0.02	1.50	0.08	1.92	108.3955	1.54
2015-07-09	3.73	57.83	52.76	0.47	0.02	0.36	0.25	2.32	0.02	0.60	0.95	0.03	1.58	0.08	2.01	108.3051	1.56
2015-07-10	3.64	57.72	52.74	0.55	0.10	0.44	0.28	2.42	0.01	0.65	1.04	0.01	1.68	0.09	2.12	108.0731	1.58
2015-07-13	3.62	57.63	52.19	0.58	0.15	0.47	0.28	2.44	0.02	0.69	1.06	0.02	1.71	0.10	2.14	108.1207	1.56
2015-07-14	3.64	57.20	53.05	0.56	0.12	0.42	0.27	2.41	0.03	0.66	1.03	0.01	1.67	0.10	2.10	108.0200	1.55
2015-07-15	3.66	57.34	51.40	0.52	0.10	0.40	0.28	2.36	0.03	0.64	1.00	0.02	1.63	0.11	2.05	108.3493	1.53
2015-07-16	3.62	57.31	50.90	0.52	0.14	0.43	0.29	2.36	0.03	0.67	1.05	0.02	1.66	0.10	2.07	108.3810	1.52
2015-07-17	3.60	56.38	50.88	0.51	0.17	0.49	0.29	2.34	0.03	0.68	1.05	0.03	1.67	0.11	2.07	108.7372	1.50
2015-07-20	3.58	56.42	50.11	0.56	0.23	0.51	0.31	2.38	0.03	0.71	1.09	0.04	1.72	0.14	2.11	109.0296	1.49
2015-07-21	3.61	55.94	50.59	0.53	0.20	0.49	0.34	2.35	0.04	0.71	1.07	0.03	1.69	0.13	2.08	108.8201	1.49
2015-07-22	3.62	56.36	49.27	0.53	0.21	0.44	0.34	2.33	0.04	0.75	1.08	0.04	1.69	0.13	2.07	109.2719	1.48
2015-07-23	3.67	55.76	48.11	0.49	0.20	0.44	0.33	2.28	0.04	0.71	1.06	0.03	1.65	0.13	2.03	109.5237	1.45
2015-07-24	3.71	54.29	47.98	0.51	0.24	0.45	0.32	2.27	0.04	0.70	1.04	0.04	1.64	0.14	2.02	109.9077	1.40
2015-07-27	3.81	54.07	47.17	0.50	0.23	0.47	0.32	2.23	0.04	0.68	1.00	0.05	1.58	0.15	1.96	110.0284	1.35
2015-07-28	3.81	54.30	47.97	0.51	0.23	0.43	0.32	2.26	0.05	0.69	1.03	0.05	1.61	0.14	1.99	109.9516	1.38
2015-07-29	3.77	54.73	48.77	0.52	0.22	0.42	0.33	2.29	0.05	0.70	1.05	0.06	1.62	0.14	2.02	109.7345	1.40
2015-07-30	3.75	54.29	48.53	0.51	0.22	0.41	0.36	2.28	0.05	0.72	1.07	0.07	1.62	0.15	2.02	110.5166	1.40
2015-07-31	3.76	53.29	47.11	0.46	0.18	0.38	0.33	2.20	0.04	0.67	1.00	0.08	1.54	0.14	1.93	109.7422	1.36
2015-08-03	3.80	49.49	45.25	0.46	0.21	0.38	0.33	2.16	0.03	0.68	0.99	0.08	1.52	0.17	1.89	110.0547	1.31
2015-08-04	3.76	49.08	45.75	0.52	0.29	0.45	0.37	2.23	0.05	0.74	1.08	0.08	1.60	0.18	1.97	110.1231	1.31
2015-08-05	3.75	49.04	45.13	0.58	0.34	0.51	0.38	2.28	0.05	0.73	1.10	0.08	1.65	0.19	2.02	110.7134	1.31
2015-08-06	3.82	47.80	44.69	0.56	0.31	0.48	0.35	2.23	0.04	0.71	1.08	0.04	1.62	0.20	1.98	110.7024	1.31
2015-08-07	3.86	47.54	43.87	0.52	0.31	0.48	0.38	2.18	0.03	0.73	1.08	0.06	1.59	0.23	1.93	110.3473	1.28
2015-08-10	3.84	48.30	44.94	0.55	0.32	0.53	0.40	2.24	0.03	0.73	1.09	0.12	1.62	0.24	1.98	110.1797	1.30
2015-08-11	3.90	47.33	43.11	0.49	0.26	0.48	0.37	2.15	0.06	0.68	1.03	0.10	1.53	0.23	1.89	111.5528	1.27
2015-08-12	3.92	48.29	43.22	0.52	0.25	0.45	0.37	2.14	0.06	0.67	1.01	0.10	1.52	0.22	1.88	111.8950	1.27
2015-08-13	3.89	48.01	42.27	0.57	0.34	0.56	0.40	2.19	0.06	0.72	1.06	0.10	1.58	0.24	1.94	112.2073	1.24
2015-08-14	3.90	47.79	42.45	0.58	0.36	0.55	0.41	2.20	0.04	0.73	1.08	0.09	1.61	0.25	1.96	112.1399	1.25
2015-08-17	3.93	47.77	41.93	0.58	0.36	0.54	0.40	2.16	0.03	0.72	1.07	0.10	1.58	0.24	1.92	112.4214	1.22
2015-08-18	3.94	47.00	42.58	0.62	0.39	0.56	0.42	2.20	0.05	0.74	1.07	0.07	1.60	0.25	1.95	112.5022	1.21
2015-08-19	4.02	45.75	40.75	0.55	0.33	0.49	0.39	2.12	0.05	0.67	0.98	0.05	1.50	0.22	1.85	112.8211	1.17
2015-08-20	4.09	45.63	41.00	0.53	0.33	0.44	0.39	2.09	0.01	0.69	1.00	0.02	1.50	0.22	1.84	113.0642	1.17
2015-08-21	4.17	43.84	40.45	0.52	0.31	0.49	0.36	2.05	0.02	0.64	0.95	0.03	1.44	0.21	1.79	113.7993	1.13
2015-08-24	4.38	41.59	38.22	0.52	0.28	0.43	0.33	2.01	0.02	0.59	0.90	0.06	1.39	0.20	1.75	114.4939	1.11
2015-08-25	4.29	41.86	39.15	0.59	0.33	0.51	0.36	2.12	0.04	0.67	0.98	0.07	1.48	0.19	1.86	114.2080	1.15
2015-08-26	4.32	41.76	38.50	0.65	0.36	0.54	0.35	2.18	0.03	0.67	0.98	0.06	1.49	0.20	1.90	114.5077	1.13
2015-08-27	4.22	44.46	42.47	0.60	0.29	0.49	0.36	2.18	0.02	0.68	0.99	0.06	1.49	0.22	1.91	113.6857	1.20
2015-08-28	4.15	47.97	45.29	0.58	0.30	0.50	0.38	2.19	0.02	0.72	1.04	0.06	1.52	0.25	1.92	113.5337	1.22
2015-08-31	4.17	.	49.20	0.58	0.28	0.49	0.39	2.21	0.00	0.74	1.07	0.08	1.54	0.27	1.94	113.4603	1.26
2015-09-01	4.22	48.80	45.38	0.60	0.31	0.51	0.39	2.17	0.01	0.70	1.03	0.03	1.49	0.26	1.89	113.7320	1.18
2015-09-02	4.23	47.67	46.30	0.64	0.33	0.54	0.37	2.20	0.01	0.72	1.04	0.03	1.52	0.25	1.92	113.9756	1.19
2015-09-03	4.25	50.41	46.75	0.64	0.33	0.52	0.36	2.18	0.02	0.71	1.00	0.02	1.49	0.24	1.90	113.7354	1.16
2015-09-04	4.25	48.59	46.02	0.62	0.33	0.51	0.36	2.13	0.02	0.71	1.00	0.02	1.47	0.23	1.85	114.1411	1.14
2015-09-07	4.26	46.42	.	.	.	.	.	.	.	.	.	.	.	.	.	.	.
2015-09-08	4.25	48.88	45.92	0.67	0.38	0.55	0.39	2.20	0.02	0.74	1.05	0.06	1.53	0.27	1.92	114.0668	1.15
2015-09-09	4.24	48.04	44.13	0.65	0.38	0.56	0.39	2.21	0.02	0.75	1.06	0.03	1.53	0.26	1.91	114.0451	1.15
2015-09-10	4.27	47.77	45.85	0.64	0.34	0.50	0.39	2.23	0.02	0.75	1.06	0.02	1.55	0.25	1.93	113.9830	1.21
2015-09-11	4.32	46.87	44.75	0.61	0.31	0.48	0.40	2.20	0.04	0.71	1.03	0.04	1.52	0.25	1.89	114.0775	1.21
2015-09-14	4.33	45.87	44.07	0.62	0.32	0.48	0.40	2.18	0.02	0.73	1.03	0.07	1.51	0.26	1.88	113.9022	1.19
2015-09-15	4.26	45.91	44.58	0.72	0.41	0.58	0.47	2.28	0.00	0.82	1.12	0.07	1.61	0.27	1.99	113.8516	1.20
2015-09-16	4.24	49.35	47.12	0.73	0.41	0.59	0.46	2.30	0.00	0.82	1.13	0.06	1.62	0.24	2.01	113.2915	1.21
2015-09-17	4.31	48.27	46.93	0.63	0.26	0.46	0.39	2.21	0.00	0.70	1.00	0.01	1.50	0.16	1.90	113.2867	1.24
2015-09-18	4.31	47.28	44.71	0.58	0.26	0.44	0.35	2.13	0.00	0.69	0.97	0.00	1.45	0.10	1.83	113.2038	1.19
2015-09-21	4.31	47.64	46.67	0.66	0.32	0.51	0.36	2.20	0.00	0.72	1.01	0.01	1.51	0.11	1.90	113.8235	1.19
2015-09-22	4.45	46.69	46.17	0.63	0.29	0.48	0.35	2.14	0.00	0.69	0.97	0.00	1.44	0.10	1.83	114.4971	1.15
2015-09-23	4.47	48.00	44.53	0.64	0.31	0.50	0.34	2.16	0.00	0.70	1.00	0.01	1.47	0.09	1.85	115.2122	1.16
2015-09-24	4.59	47.06	44.94	0.64	0.33	0.51	0.32	2.13	0.00	0.67	0.97	0.01	1.44	0.09	1.84	115.2111	1.11
2015-09-25	4.58	47.28	45.55	0.71	0.37	0.55	0.35	2.17	0.00	0.70	1.00	0.00	1.48	0.07	1.87	114.6807	1.11
2015-09-28	4.69	46.04	44.40	0.71	0.40	0.57	0.34	2.10	0.00	0.67	0.97	0.01	1.42	0.10	1.80	114.9315	1.02
2015-09-29	4.79	47.58	45.24	0.66	0.34	0.51	0.33	2.05	0.00	0.64	0.92	0.01	1.37	0.09	1.74	115.1069	1.03
2015-09-30	4.77	47.29	45.06	0.65	0.30	0.48	0.33	2.06	0.00	0.64	0.92	0.00	1.37	0.08	1.75	114.3737	1.07
2015-10-01	4.72	47.48	44.75	0.59	0.24	0.42	0.31	2.05	0.00	0.64	0.92	0.00	1.37	0.08	1.75	114.4021	1.13
2015-10-02	4.76	46.55	45.54	0.51	0.14	0.33	0.25	1.99	0.00	0.58	0.85	0.00	1.29	0.06	1.67	114.1470	1.15
2015-10-05	4.62	49.45	46.28	0.56	0.17	0.36	0.26	2.07	0.00	0.61	0.89	0.01	1.35	0.06	1.74	113.4994	1.18
2015-10-06	4.57	51.34	48.53	0.53	0.12	0.31	0.26	2.05	0.00	0.61	0.90	0.00	1.34	0.07	1.72	113.3394	1.22
2015-10-07	4.51	51.66	47.86	0.53	0.15	0.33	0.27	2.08	0.00	0.65	0.92	0.00	1.37	0.08	1.75	112.7885	1.22
2015-10-08	4.49	52.13	49.46	0.54	0.14	0.33	0.27	2.12	0.00	0.65	0.93	0.00	1.40	0.07	1.79	112.6405	1.26
2015-10-09	4.43	52.08	49.67	0.58	0.19	0.37	0.28	2.12	0.01	0.65	0.96	0.01	1.41	0.07	1.80	112.0077	1.22
2015-10-12	4.42	50.95	47.09	.	.	.	.	.	.	.	.	.	.	.	.	.	.
2015-10-13	4.43	48.94	46.70	0.54	0.18	0.35	0.27	2.06	0.00	0.64	0.92	0.01	1.36	0.08	1.74	112.6534	1.18
2015-10-14	4.50	48.25	46.63	0.50	0.14	0.31	0.21	1.99	0.00	0.57	0.84	0.00	1.29	0.08	1.66	112.5334	1.15
2015-10-15	4.43	47.87	46.38	0.54	0.16	0.34	0.22	2.04	0.00	0.61	0.90	0.01	1.34	0.08	1.72	111.9034	1.18
2015-10-16	4.36	48.96	47.30	0.56	0.18	0.36	0.23	2.04	0.03	0.61	0.91	0.01	1.36	0.07	1.73	112.0503	1.18
2015-10-19	4.36	47.51	45.91	0.59	0.22	0.40	0.23	2.04	0.06	0.61	0.89	0.02	1.35	0.12	1.73	112.5375	1.13
2015-10-20	4.33	46.93	45.84	0.60	0.24	0.42	0.23	2.08	0.08	0.66	0.93	0.02	1.40	0.12	1.78	112.6215	1.16
2015-10-21	4.38	46.72	45.22	0.59	0.24	0.41	0.23	2.04	0.01	0.64	0.91	0.01	1.37	0.12	1.74	113.0577	1.13
2015-10-22	4.37	46.59	44.90	0.57	0.22	0.39	0.23	2.04	0.02	0.61	0.89	0.00	1.36	0.11	1.74	112.6871	1.14
2015-10-23	4.27	46.30	43.91	0.58	0.24	0.41	0.24	2.09	0.01	0.66	0.94	0.01	1.43	0.13	1.81	112.6568	1.19
2015-10-26	4.24	46.57	43.19	0.59	0.25	0.41	0.25	2.07	0.01	0.66	0.94	0.02	1.41	0.16	1.78	112.4785	1.16
2015-10-27	4.27	45.54	43.21	0.57	0.23	0.39	0.29	2.05	0.01	0.65	0.92	0.03	1.38	0.18	1.75	112.7828	1.15
2015-10-28	4.28	47.60	45.93	0.63	0.33	0.48	0.33	2.10	0.03	0.73	1.00	0.04	1.47	0.21	1.83	112.4876	1.14
2015-10-29	4.25	48.04	46.02	0.67	0.34	0.50	0.33	2.19	0.02	0.75	1.05	0.07	1.53	0.21	1.90	113.0362	1.19
2015-10-30	4.24	48.00	46.60	0.63	0.32	0.47	0.34	2.16	0.01	0.75	1.05	0.08	1.52	0.23	1.88	112.5690	1.20
2015-10-31	4.24																
2015-11-02	4.07	47.91	46.12	0.65	0.34	0.49	0.37	2.20	0.01	0.77	1.08	0.08	1.57	0.27	1.93	112.4965	1.23
2015-11-03	4.00	48.00	47.88	0.65	0.32	0.49	0.39	2.23	0.07	0.80	1.10	0.06	1.59	0.26	1.96	112.1118	1.27
2015-11-04	3.94	46.96	46.32	0.68	0.38	0.52	0.40	2.25	0.07	0.84	1.16	0.05	1.64	0.27	1.99	112.5096	1.26
2015-11-05	3.94	47.19	45.27	0.71	0.42	0.56	0.42	2.26	0.04	0.85	1.16	0.05	1.65	0.27	2.00	112.6224	1.23
2015-11-06	3.91	46.09	44.32	0.75	0.48	0.62	0.47	2.34	0.04	0.90	1.23	0.08	1.73	0.32	2.09	113.2503	1.25
2015-11-09	3.96	45.38	43.87	0.76	0.47	0.61	0.47	2.36	0.06	0.89	1.27	0.14	1.75	0.34	2.11	113.7996	1.28
2015-11-10	4.01	46.44	44.23	0.77	0.47	0.62	0.51	2.32	0.08	0.87	1.22	0.13	1.72	0.34	2.08	113.6093	1.25
2015-11-11	4.01	44.98	42.95	.	.	.	.	.	.	.	.	.	.	.	.	.	.
2015-11-12	4.03	44.98	41.74	0.78	0.49	0.64	0.51	2.32	0.08	0.89	1.24	0.14	1.73	0.35	2.09	113.6214	1.24
2015-11-13	4.09	41.98	40.69	0.76	0.46	0.61	0.50	2.28	0.03	0.86	1.20	0.14	1.67	0.31	2.05	113.7910	1.21
2015-11-16	4.10	40.28	41.68	0.76	0.46	0.61	0.50	2.27	0.05	0.88	1.18	0.15	1.66	0.33	2.02	114.0429	1.20
2015-11-17	4.08	41.28	40.73	0.72	0.43	0.57	0.50	2.25	0.07	0.86	1.18	0.14	1.66	0.34	2.02	113.9317	1.23
2015-11-18	4.05	41.45	40.75	0.71	0.44	0.58	0.49	2.27	0.07	0.90	1.21	0.12	1.69	0.31	2.04	113.9502	1.25
2015-11-19	4.02	42.22	40.55	0.68	0.41	0.55	0.49	2.24	0.06	0.91	1.21	0.11	1.68	0.31	2.02	113.2845	1.27
2015-11-20	3.99	42.49	39.39	0.66	0.39	0.52	0.49	2.26	0.05	0.93	1.23	0.12	1.70	0.31	2.04	113.0658	1.31
2015-11-23	3.99	43.70	39.27	0.64	0.37	0.50	0.50	2.25	0.06	0.94	1.26	0.14	1.70	0.35	2.03	113.3278	1.33
2015-11-24	4.01	44.38	40.89	0.62	0.33	0.47	0.52	2.24	0.13	0.93	1.23	0.16	1.66	0.36	2.01	113.0082	1.33
2015-11-25	4.05	43.56	41.22	0.62	0.35	0.49	0.52	2.23	0.14	0.93	1.25	0.19	1.66	0.39	2.01	113.1323	1.31
2015-11-26	4.06	43.55	.	.	.	.	.	.	.	.	.	.	.	.	.	.	.
2015-11-27	4.07	43.07	40.57	0.62	0.33	0.47	0.50	2.22	0.13	0.92	1.23	0.18	1.64	0.38	1.99	113.5378	1.31
2015-11-30	4.07	43.73	40.43	0.62	0.35	0.48	0.51	2.21	0.11	0.94	1.24	0.22	1.65	0.42	1.99	113.5789	1.30
2015-12-01	4.14	42.97	40.58	0.58	0.30	0.44	0.51	2.15	0.19	0.91	1.19	0.21	1.59	0.42	1.93	113.3605	1.29
2015-12-02	4.14	41.92	39.93	0.62	0.36	0.50	0.52	2.18	0.19	0.94	1.23	0.21	1.63	0.42	1.97	113.5360	1.27
2015-12-03	4.09	42.00	41.08	0.72	0.41	0.58	0.57	2.33	0.18	0.96	1.27	0.21	1.74	0.45	2.10	113.6253	1.33
2015-12-04	4.14	41.44	40.00	0.68	0.41	0.55	0.60	2.28	0.17	0.96	1.25	0.23	1.71	0.49	2.06	113.4661	1.30
2015-12-07	4.19	39.69	37.64	0.67	0.42	0.55	0.67	2.23	0.21	0.94	1.24	0.29	1.67	0.57	2.02	114.3666	1.25
2015-12-08	4.25	39.44	37.46	0.68	0.43	0.56	0.76	2.24	0.23	0.94	1.25	0.27	1.68	0.58	2.02	114.7856	1.25
2015-12-09	4.29	39.04	37.16	0.69	0.43	0.56	0.72	2.22	0.19	0.93	1.22	0.26	1.64	0.53	1.99	114.8028	1.21
2015-12-10	4.31	38.65	36.76	0.73	0.48	0.60	0.71	2.24	0.19	0.95	1.25	0.24	1.68	0.55	2.03	114.8898	1.20
2015-12-11	4.47	36.99	35.65	0.67	0.39	0.53	0.68	2.13	0.15	0.88	1.16	0.23	1.56	0.52	1.91	115.8534	1.17
2015-12-14	4.49	36.51	36.31	0.78	0.49	0.63	0.68	2.23	0.13	0.97	1.25	0.26	1.66	0.54	2.02	115.9308	1.17
2015-12-15	4.44	37.66	37.32	0.80	0.49	0.63	0.69	2.28	0.21	0.98	1.29	0.25	1.71	0.54	2.06	115.4209	1.22
2015-12-16	4.44	36.96	35.55	0.84	0.55	0.67	0.70	2.30	0.20	1.02	1.35	0.27	1.75	0.51	2.11	115.5953	1.20
2015-12-17	4.42	36.29	34.98	0.77	0.52	0.63	0.69	2.24	0.18	1.00	1.33	0.23	1.73	0.48	2.05	116.0148	1.21
2015-12-18	4.47	36.76	34.72	0.73	0.46	0.58	0.67	2.19	0.16	0.97	1.27	0.19	1.67	0.47	2.00	115.6192	1.21
2015-12-21	4.50	35.34	34.55	0.75	0.48	0.60	0.64	2.20	0.14	0.96	1.28	0.24	1.67	0.51	2.00	115.9327	1.19
2015-12-22	4.46	35.26	36.12	0.78	0.52	0.64	0.66	2.24	0.19	0.99	1.31	0.21	1.71	0.47	2.04	115.8792	1.19
2015-12-23	4.44	35.79	36.76	0.76	0.49	0.62	0.65	2.27	0.19	1.01	1.32	0.20	1.74	0.47	2.07	115.5810	1.25
2015-12-24	4.45	37.22	37.62	0.73	0.50	0.62	0.64	2.25	0.15	1.03	1.33	0.20	1.73	0.49	2.06	115.8580	1.23
2015-12-25	.	.	.	.	.	.	.	.	.	.	.	.	.	.	.	.	.
2015-12-28	4.46	37.08	36.36	0.74	0.49	0.61	0.66	2.24	0.13	1.05	1.33	0.23	1.73	0.51	2.05	115.8032	1.24
2015-12-29	4.40	36.85	37.88	0.79	0.53	0.66	0.67	2.32	0.18	1.09	1.38	0.23	1.81	0.50	2.12	115.7861	1.28
2015-12-30	4.42	35.65	36.59	0.77	0.52	0.64	0.64	2.31	0.08	1.08	1.36	0.21	1.80	0.47	2.14	116.3211	1.28
2015-12-31	4.45	36.61	37.13	0.73	0.45	0.59	0.65	2.27	0.14	1.06	1.31	0.16	1.76	0.49	2.09	115.8546	1.31
2016-01-01	.	.	.	.	.	.	.	.	.	.	.	.	.	.	.	.	.
2016-01-04	4.46	36.28	36.81	0.69	0.42	0.55	0.61	2.24	0.17	1.02	1.31	0.22	1.73	0.49	2.06	116.9684	1.31
2016-01-05	4.44	35.56	35.97	0.69	0.42	0.55	0.68	2.25	0.20	1.04	1.32	0.20	1.73	0.49	2.06	116.8649	1.31
2016-01-06	4.47	33.89	33.97	0.65	0.39	0.51	0.67	2.18	0.21	0.99	1.26	0.21	1.65	0.47	1.98	117.4278	1.26
2016-01-07	4.52	33.57	33.29	0.66	0.36	0.50	0.66	2.16	0.20	0.96	1.22	0.20	1.61	0.46	1.94	118.0025	1.25
2016-01-08	4.56	31.67	33.20	0.65	0.34	0.49	0.64	2.13	0.20	0.94	1.20	0.20	1.57	0.45	1.91	118.6110	1.23
2016-01-11	4.58	30.14	31.42	0.72	0.39	0.55	0.63	2.17	0.19	0.94	1.20	0.21	1.58	0.48	1.94	118.5311	1.19
2016-01-12	4.66	29.14	30.42	0.69	0.36	0.51	0.62	2.12	0.22	0.93	1.18	0.21	1.55	0.47	1.88	118.5570	1.19
2016-01-13	4.71	28.58	30.42	0.65	0.33	0.48	0.60	2.08	0.22	0.91	1.15	0.22	1.51	0.46	1.85	118.3290	1.18
2016-01-14	4.77	28.84	31.22	0.67	0.32	0.49	0.55	2.10	0.22	0.90	1.14	0.25	1.52	0.43	1.87	118.5733	1.20
2016-01-15	4.88	28.80	29.45	0.67	0.34	0.50	0.49	2.03	0.19	0.85	1.08	0.24	1.46	0.37	1.79	119.4018	1.12
2016-01-18	4.89	27.36	.	.	.	.	.	.	.	.	.	.	.	.	.	.	.
2016-01-19	4.89	27.36	28.47	0.68	0.33	0.50	0.48	2.06	0.21	0.88	1.11	0.26	1.49	0.37	1.82	119.1441	1.16
2016-01-20	5.00	26.01	26.68	0.69	0.34	0.51	0.43	2.01	0.26	0.85	1.06	0.26	1.44	0.35	1.76	120.1801	1.10
2016-01-21	5.01	27.59	29.55	0.74	0.36	0.54	0.44	2.02	0.27	0.84	1.06	0.28	1.44	0.38	1.77	119.8132	1.08
2016-01-22	4.92	30.46	32.07	0.72	0.34	0.52	0.47	2.07	0.26	0.88	1.11	0.31	1.49	0.41	1.81	.	1.15
2016-01-25	4.93	29.82	30.31	0.69	0.32	0.49	0.47	2.03	0.25	0.88	1.10	0.31	1.47	0.42	1.79	.	1.15
2016-01-26	4.95	30.94	29.54	0.65	0.28	0.46	0.47	2.01	0.29	0.85	1.07	0.31	1.45	0.45	1.76	.	1.17
2016-01-27	4.92	31.83	32.32	0.62	0.25	0.43	0.47	2.02	0.28	0.84	1.07	0.32	1.43	0.43	1.76	119.3511	1.18
2016-01-28	4.89	33.01	33.21	0.58	0.20	0.38	0.47	2.00	0.26	0.83	1.05	0.35	1.40	0.45	1.75	119.1753	1.20
2016-01-29	4.88	33.14	33.66	0.53	0.14	0.32	0.47	1.94	0.22	0.76	0.97	0.33	1.33	0.43	1.67	118.8798	1.19
2016-01-31	4.89																
2016-02-01	4.86	32.45	31.62	0.57	0.18	0.37	0.47	1.97	0.19	0.81	1.01	0.35	1.38	0.47	1.72	118.9660	1.20
2016-02-02	4.96	30.98	29.90	0.51	0.14	0.31	0.54	1.87	0.26	0.75	0.93	0.34	1.28	0.47	1.61	119.5374	1.14
2016-02-03	4.96	32.38	32.29	0.50	0.11	0.30	0.54	1.88	0.27	0.72	0.91	0.33	1.27	0.46	1.61	119.2291	1.16
2016-02-04	4.93	32.76	31.63	0.51	0.12	0.30	0.52	1.87	0.24	0.70	0.90	0.29	1.25	0.43	1.60	118.3103	1.13
2016-02-05	4.91	32.35	30.86	0.53	0.18	0.35	0.55	1.86	0.23	0.74	0.91	0.30	1.25	0.45	1.58	118.8963	1.07
2016-02-08	4.99	31.64	29.71	0.52	0.19	0.34	0.51	1.75	0.21	0.66	0.83	0.32	1.16	0.42	1.48	119.3996	0.97
2016-02-09	5.01	30.15	27.96	0.53	0.22	0.37	0.52	1.74	0.27	0.69	0.85	0.30	1.15	0.43	1.47	119.6827	0.93
2016-02-10	5.03	29.64	27.54	0.50	0.20	0.34	0.52	1.71	0.27	0.71	0.85	0.31	1.15	0.42	1.46	119.5215	0.95
2016-02-11	5.14	28.82	26.19	0.45	0.17	0.30	0.47	1.63	0.27	0.64	0.81	0.28	1.11	0.39	1.39	120.3000	0.94
2016-02-12	5.10	31.80	29.32	0.49	0.17	0.32	0.51	1.74	0.26	0.71	0.89	0.30	1.20	0.39	1.50	120.0616	1.03
2016-02-15	5.09	.	.	.	.	.	.	.	.	.	.	.	.	.	.	.	.
2016-02-16	5.05	31.09	29.05	0.53	0.20	0.35	0.51	1.78	0.23	0.74	0.91	0.30	1.23	0.42	1.53	119.6685	1.03
2016-02-17	4.95	33.21	30.68	0.53	0.22	0.36	0.53	1.81	0.28	0.74	0.93	0.30	1.26	0.43	1.57	118.7888	1.04
2016-02-18	4.96	33.20	30.77	0.51	0.19	0.34	0.53	1.75	0.28	0.71	0.88	0.30	1.21	0.45	1.51	118.6398	1.02
2016-02-19	4.93	31.66	29.59	0.50	0.18	0.33	0.53	1.76	0.26	0.76	0.91	0.31	1.24	0.46	1.53	118.9171	1.06
2016-02-22	4.90	33.59	31.37	0.46	0.14	0.30	0.55	1.77	0.28	0.78	0.92	0.33	1.25	0.46	1.54	118.2114	1.11
2016-02-23	4.90	31.90	31.84	0.42	0.10	0.25	0.55	1.74	0.28	0.76	0.90	0.32	1.23	0.47	1.51	118.7272	1.13
2016-02-24	4.91	31.50	30.35	0.39	0.06	0.22	0.55	1.75	0.28	0.75	0.90	0.33	1.21	0.46	1.52	118.8308	1.15
2016-02-25	4.95	32.83	31.40	0.32	-0.02	0.15	0.56	1.71	0.27	0.72	0.85	0.32	1.16	0.46	1.47	118.6096	1.18
2016-02-26	4.87	35.76	31.65	0.35	0.03	0.18	0.60	1.76	0.26	0.80	0.93	0.33	1.23	0.47	1.55	118.9184	1.20
2016-02-29	4.86	35.92	32.74	0.32	-0.01	0.15	0.62	1.74	0.23	0.78	0.91	0.33	1.22	0.49	1.52	118.6387	1.23
2016-03-01	4.75	35.73	34.39	0.35	0.02	0.18	0.68	1.83	0.29	0.85	0.98	0.33	1.31	0.50	1.62	118.0553	1.29
2016-03-02	4.68	36.38	34.57	0.33	0.00	0.16	0.67	1.84	0.28	0.85	1.00	0.36	1.34	0.48	1.65	117.8031	1.34
2016-03-03	4.66	35.75	34.56	0.30	-0.03	0.12	0.65	1.83	0.25	0.85	0.99	0.28	1.33	0.46	1.63	117.4538	1.36
2016-03-04	4.55	37.61	35.91	0.37	0.02	0.19	0.67	1.88	0.25	0.88	1.04	0.29	1.38	0.47	1.69	116.6681	1.36
2016-03-07	4.54	39.02	37.90	0.43	0.06	0.25	0.67	1.91	0.27	0.91	1.08	0.32	1.42	0.49	1.72	116.7589	1.36
2016-03-08	4.59	39.16	36.67	0.37	0.01	0.19	0.68	1.83	0.27	0.88	1.04	0.29	1.34	0.48	1.64	117.2190	1.33
2016-03-09	4.55	40.26	37.62	0.39	0.02	0.21	0.68	1.90	0.27	0.90	1.07	0.30	1.39	0.47	1.69	116.6873	1.37
2016-03-10	4.48	38.63	37.77	0.45	0.10	0.28	0.69	1.93	0.27	0.93	1.11	0.32	1.45	0.50	1.75	116.9698	1.35
2016-03-11	4.42	39.41	38.51	0.44	0.08	0.27	0.70	1.98	0.27	0.97	1.16	0.33	1.49	0.51	1.79	116.1562	1.41
2016-03-14	4.41	38.06	37.20	0.45	0.11	0.28	0.70	1.97	0.28	0.97	1.15	0.34	1.49	0.52	1.78	116.4254	1.38
2016-03-15	4.43	37.49	36.32	0.47	0.15	0.31	0.71	1.97	0.29	0.98	1.16	0.34	1.50	0.52	1.78	117.0223	1.35
2016-03-16	4.49	38.38	38.43	0.36	-0.04	0.16	0.66	1.94	0.28	0.87	1.05	0.31	1.41	0.47	1.72	117.1120	1.45
2016-03-17	4.41	39.29	40.17	0.34	-0.07	0.13	0.64	1.91	0.29	0.87	1.04	0.29	1.39	0.47	1.70	115.0665	1.46
2016-03-18	4.37	39.26	39.47	0.27	-0.13	0.08	0.62	1.88	0.27	0.84	1.00	0.30	1.34	0.44	1.66	114.8866	1.47
2016-03-21	4.33	39.91	39.91	0.28	-0.12	0.09	0.63	1.92	0.26	0.87	1.05	0.31	1.38	0.46	1.70	115.1100	1.50
2016-03-22	4.31	40.54	41.45	0.31	-0.06	0.14	0.64	1.94	0.28	0.91	1.08	0.30	1.42	0.46	1.74	114.9428	1.48
2016-03-23	4.37	38.84	38.28	0.30	-0.07	0.12	0.64	1.88	0.27	0.87	1.03	0.30	1.37	0.46	1.67	115.6714	1.44
2016-03-24	4.38	38.33	38.14	0.34	-0.03	0.16	0.63	1.91	0.24	0.89	1.05	0.30	1.39	0.46	1.70	116.0005	1.42
2016-03-25	.	.	.	.	.	.	.	.	.	.	.	.	.	.	.	115.8518	.
2016-03-28	4.39	38.33	37.99	0.33	-0.03	0.16	0.65	1.89	0.19	0.89	1.04	0.29	1.37	0.49	1.68	115.4967	1.40
2016-03-29	4.43	36.75	36.91	0.20	-0.18	0.02	0.63	1.81	0.18	0.78	0.94	0.23	1.29	0.45	1.59	115.6063	1.47
2016-03-30	4.38	36.75	36.91	0.18	-0.26	-0.04	0.61	1.83	0.14	0.76	0.91	0.20	1.26	0.39	1.60	114.5177	1.52
2016-03-31	4.31	36.75	36.94	0.16	-0.28	-0.05	0.59	1.78	0.18	0.73	0.87	0.21	1.21	0.39	1.54	114.1488	1.49
2016-04-01	4.29	36.42	35.36	0.17	-0.25	-0.04	0.62	1.79	0.20	0.76	0.90	0.23	1.24	0.40	1.56	114.6042	1.49
2016-04-04	4.29	36.05	34.30	0.14	-0.26	-0.05	0.59	1.78	0.18	0.75	0.88	0.23	1.22	0.38	1.53	114.9873	1.48
2016-04-05	4.34	35.88	34.52	0.14	-0.26	-0.05	0.56	1.73	0.19	0.72	0.85	0.23	1.17	0.36	1.49	115.7181	1.43
2016-04-06	4.32	37.77	37.74	0.17	-0.23	-0.02	0.55	1.76	0.19	0.73	0.88	0.23	1.20	0.36	1.52	115.4837	1.43
2016-04-07	4.37	37.15	37.30	0.12	-0.27	-0.07	0.52	1.70	0.20	0.70	0.83	0.23	1.14	0.36	1.46	115.9232	1.41
2016-04-08	4.34	40.71	39.74	0.14	-0.27	-0.06	0.54	1.72	0.20	0.70	0.84	0.23	1.16	0.34	1.47	115.4480	1.43
2016-04-11	4.31	41.58	40.46	0.17	-0.25	-0.03	0.53	1.73	0.19	0.70	0.85	0.23	1.16	0.34	1.48	114.9482	1.41
2016-04-12	4.24	43.02	42.12	0.22	-0.17	0.04	0.54	1.79	0.21	0.74	0.90	0.22	1.22	0.34	1.54	114.7813	1.39
2016-04-13	4.18	42.81	41.70	0.21	-0.21	0.00	0.55	1.77	0.21	0.75	0.90	0.23	1.22	0.36	1.53	114.8670	1.43
2016-04-14	4.11	43.02	41.45	0.24	-0.16	0.05	0.55	1.80	0.21	0.77	0.92	0.22	1.26	0.37	1.57	114.6884	1.42
2016-04-15	4.14	41.32	40.40	0.20	-0.20	0.01	0.53	1.76	0.19	0.74	0.87	0.22	1.22	0.37	1.52	114.9309	1.42
2016-04-18	4.13	41.64	39.74	0.21	-0.17	0.02	0.52	1.78	0.16	0.75	0.90	0.22	1.24	0.35	1.54	114.7876	1.41
2016-04-19	4.08	43.02	40.88	0.19	-0.20	-0.01	0.53	1.79	0.18	0.77	0.92	0.21	1.26	0.36	1.57	114.0356	1.46
2016-04-20	4.01	43.09	42.72	0.23	-0.17	0.03	0.54	1.85	0.18	0.80	0.97	0.23	1.32	0.36	1.63	114.0738	1.49
2016-04-21	4.00	43.48	43.18	0.24	-0.21	-0.05	0.56	1.88	0.19	0.82	0.98	0.23	1.35	0.37	1.65	114.6110	1.56
2016-04-22	4.00	43.97	42.76	0.25	-0.19	-0.04	0.56	1.89	0.19	0.84	1.01	0.23	1.37	0.38	1.67	114.9739	1.56
2016-04-25	4.02	42.97	41.67	0.26	-0.18	-0.02	0.57	1.91	0.17	0.85	1.01	0.25	1.38	0.40	1.69	115.1582	1.56
2016-04-26	4.01	43.94	42.52	0.27	-0.16	-0.01	0.61	1.94	0.19	0.86	1.04	0.24	1.40	0.43	1.72	114.6971	1.56
2016-04-27	4.03	44.17	45.29	0.19	-0.24	-0.05	0.58	1.87	0.18	0.83	0.99	0.24	1.33	0.40	1.64	114.7476	1.57
2016-04-28	3.99	45.60	46.03	0.12	-0.33	-0.14	0.56	1.84	0.17	0.78	0.93	0.22	1.28	0.39	1.60	114.1017	1.61
2016-04-29	3.99	45.64	45.98	0.12	-0.32	-0.16	0.56	1.83	0.16	0.77	0.92	0.22	1.28	0.40	1.60	114.0341	1.60
2016-04-30	3.89																
2016-05-02	3.84	45.82	44.75	0.20	-0.26	-0.10	0.55	1.88	0.11	0.80	0.96	0.22	1.32	0.41	1.64	114.1360	1.58
2016-05-03	3.91	43.09	43.65	0.17	-0.29	-0.09	0.53	1.81	0.18	0.75	0.92	0.21	1.25	0.40	1.57	115.0352	1.54
2016-05-04	3.94	43.08	43.77	0.16	-0.29	-0.13	0.52	1.79	0.18	0.75	0.89	0.19	1.23	0.39	1.55	115.5738	1.52
2016-05-05	3.95	44.39	44.33	0.13	-0.32	-0.12	0.51	1.76	0.20	0.72	0.87	0.20	1.20	0.39	1.52	115.7549	1.52
2016-05-06	3.93	44.60	44.58	0.18	-0.28	-0.08	0.51	1.79	0.20	0.74	0.90	0.19	1.23	0.39	1.55	115.9392	1.51
2016-05-09	3.96	42.43	43.45	0.18	-0.30	-0.09	0.51	1.77	0.21	0.72	0.86	0.24	1.20	0.38	1.51	116.5715	1.50
2016-05-10	3.93	44.01	44.68	0.15	-0.33	-0.16	0.52	1.77	0.25	0.72	0.88	0.24	1.20	0.36	1.52	116.2551	1.53
2016-05-11	3.92	46.08	46.21	0.14	-0.33	-0.16	0.53	1.73	0.25	0.74	0.87	0.26	1.20	0.37	1.51	115.8327	1.53
2016-05-12	3.85	46.43	46.64	0.15	-0.29	-0.09	0.54	1.75	0.25	0.76	0.92	0.27	1.24	0.37	1.54	116.2866	1.53
2016-05-13	3.85	47.05	46.22	0.13	-0.30	-0.15	0.55	1.71	0.25	0.76	0.91	0.29	1.22	0.38	1.51	116.7163	1.52
2016-05-16	3.81	48.49	47.72	0.15	-0.27	-0.08	0.57	1.75	0.21	0.79	0.94	0.28	1.26	0.38	1.55	116.7827	1.53
2016-05-17	3.78	48.71	48.29	0.15	-0.27	-0.08	0.58	1.76	0.25	0.82	0.97	0.28	1.29	0.40	1.57	116.8277	1.56
2016-05-18	3.72	48.93	48.12	0.26	-0.13	0.04	0.63	1.87	0.25	0.90	1.08	0.30	1.41	0.43	1.69	117.2981	1.54
2016-05-19	3.81	47.01	48.16	0.29	-0.13	0.06	0.64	1.85	0.25	0.89	1.06	0.31	1.38	0.43	1.67	117.9949	1.51
2016-05-20	3.78	48.54	47.67	0.29	-0.13	0.05	0.67	1.85	0.26	0.89	1.05	0.33	1.38	0.46	1.65	117.6159	1.51
2016-05-23	3.79	47.77	48.12	0.30	-0.11	0.05	0.69	1.84	0.26	0.91	1.05	0.35	1.38	0.48	1.65	117.7958	1.49
2016-05-24	3.76	48.42	48.04	0.31	-0.10	0.07	0.69	1.86	0.28	0.92	1.08	0.35	1.41	0.48	1.68	117.7928	1.51
2016-05-25	3.75	48.87	49.10	0.29	-0.11	0.06	0.67	1.87	0.24	0.92	1.08	0.33	1.40	0.47	1.69	117.7564	1.51
2016-05-26	3.79	49.52	49.00	0.25	-0.16	0.02	0.65	1.83	0.17	0.87	1.03	0.31	1.35	0.46	1.65	117.5928	1.51
2016-05-27	3.77	49.09	49.36	0.27	-0.12	0.05	0.68	1.85	0.23	0.90	1.06	0.32	1.39	0.47	1.67	117.6824	1.51
2016-05-30	3.77	.	.	.	.	.	.	.	.	.	.	.	.	.	.	.	.
2016-05-31	3.83	49.26	49.10	0.30	-0.10	0.07	0.68	1.84	0.27	0.87	1.03	0.34	1.37	0.49	1.66	117.9240	1.47
2016-06-01	3.82	48.81	49.07	0.31	-0.08	0.09	0.70	1.85	0.27	0.91	1.07	0.30	1.39	0.49	1.67	118.2094	1.47
2016-06-02	3.81	49.05	49.14	0.27	-0.12	0.04	0.68	1.81	0.19	0.89	1.03	0.29	1.36	0.48	1.63	118.3025	1.48
2016-06-03	3.84	48.50	48.69	0.19	-0.22	-0.05	0.60	1.71	0.19	0.78	0.92	0.30	1.23	0.43	1.50	117.7056	1.45
2016-06-06	3.78	48.94	49.71	0.19	-0.24	-0.06	0.60	1.73	0.19	0.80	0.94	0.28	1.25	0.43	1.53	117.5070	1.49
2016-06-07	3.75	49.76	50.37	0.15	-0.28	-0.09	0.59	1.72	0.20	0.78	0.94	0.28	1.23	0.43	1.51	117.0237	1.51
2016-06-08	3.71	50.73	51.23	0.12	-0.31	-0.12	0.60	1.71	0.20	0.78	0.93	0.24	1.23	0.43	1.51	116.2369	1.54
2016-06-09	3.73	50.59	50.52	0.12	-0.31	-0.12	0.59	1.68	0.21	0.77	0.91	0.26	1.22	0.43	1.49	116.6591	1.53
2016-06-10	3.78	49.70	49.09	0.12	-0.32	-0.13	0.57	1.64	0.18	0.73	0.87	0.26	1.17	0.42	1.44	117.2600	1.49
2016-06-13	3.84	49.36	48.89	0.15	-0.31	-0.11	0.55	1.62	0.23	0.73	0.84	0.27	1.14	0.40	1.42	117.9727	1.45
2016-06-14	3.88	47.88	48.49	0.17	-0.30	-0.09	0.55	1.62	0.24	0.74	0.85	0.27	1.15	0.41	1.42	118.4838	1.45
2016-06-15	3.91	47.47	47.92	0.13	-0.37	-0.14	0.52	1.60	0.23	0.69	0.81	0.26	1.10	0.37	1.38	118.0494	1.47
2016-06-16	3.92	45.66	46.14	0.15	-0.32	-0.11	0.53	1.57	0.23	0.70	0.81	0.27	1.10	0.36	1.37	118.4864	1.42
2016-06-17	3.87	46.57	48.00	0.20	-0.30	-0.07	0.51	1.62	0.22	0.70	0.83	0.27	1.13	0.37	1.41	118.0613	1.43
2016-06-20	3.81	48.68	49.40	0.24	-0.26	-0.03	0.56	1.67	0.23	0.74	0.87	0.28	1.17	0.41	1.45	117.4645	1.43
2016-06-21	3.78	48.18	48.95	0.28	-0.19	0.02	0.57	1.71	0.25	0.76	0.89	0.27	1.22	0.41	1.49	117.4717	1.41
2016-06-22	3.77	48.43	49.16	0.25	-0.21	-0.01	0.56	1.69	0.25	0.75	0.88	0.27	1.20	0.40	1.49	117.0886	1.41
2016-06-23	3.70	48.63	49.34	0.24	-0.22	-0.02	0.58	1.74	0.27	0.78	0.92	0.31	1.25	0.43	1.54	116.5290	1.47
2016-06-24	3.87	46.69	46.70	0.15	-0.28	-0.10	0.48	1.57	0.24	0.64	0.76	0.27	1.08	0.38	1.35	118.2829	1.36
2016-06-27	3.96	45.07	45.80	0.12	-0.27	-0.10	0.45	1.46	0.22	0.61	0.70	0.27	1.00	0.35	1.26	119.1995	1.27
2016-06-28	3.92	46.29	47.93	0.09	-0.32	-0.13	0.45	1.46	0.25	0.61	0.71	0.26	1.00	0.35	1.26	118.4206	1.32
2016-06-29	3.82	48.40	49.85	0.10	-0.33	-0.14	0.46	1.50	0.18	0.62	0.74	0.26	1.03	0.35	1.30	117.3285	1.36
2016-06-30	3.72	48.05	48.27	0.09	-0.37	-0.17	0.45	1.49	0.20	0.58	0.71	0.26	1.01	0.36	1.29	117.2949	1.38
2016-07-01	3.65	47.65	49.02	0.03	-0.43	-0.22	0.45	1.46	0.24	0.59	0.71	0.28	1.00	0.37	1.27	117.1037	1.43
2016-07-04	3.65	48.02	.	.	.	.	.	.	.	.	.	.	.	.	.	.	.
2016-07-05	3.67	45.64	46.73	-0.03	-0.45	-0.26	0.44	1.37	0.27	0.56	0.66	0.28	0.94	0.35	1.19	118.1564	1.39
2016-07-06	3.65	45.70	47.37	-0.05	-0.46	-0.28	0.46	1.38	0.26	0.58	0.69	0.27	0.95	0.36	1.20	118.2521	1.41
2016-07-07	3.63	45.93	45.22	-0.03	-0.44	-0.26	0.47	1.40	0.27	0.58	0.69	0.29	0.97	0.37	1.21	118.3647	1.41
2016-07-08	3.60	44.53	45.37	-0.06	-0.44	-0.27	0.48	1.37	0.26	0.61	0.71	0.28	0.95	0.36	1.19	117.6819	1.39
2016-07-11	3.52	44.04	44.73	0.01	-0.38	-0.21	0.50	1.43	0.28	0.66	0.77	0.31	1.03	0.40	1.27	117.5935	1.41
2016-07-12	3.46	46.72	46.82	0.07	-0.36	-0.16	0.52	1.53	0.29	0.69	0.81	0.29	1.10	0.40	1.35	117.0906	1.46
2016-07-13	3.46	44.67	44.87	0.03	-0.36	-0.18	0.51	1.48	0.29	0.68	0.80	0.31	1.07	0.40	1.32	117.2597	1.43
2016-07-14	3.43	46.01	45.64	0.08	-0.34	-0.16	0.53	1.53	0.29	0.68	0.82	0.32	1.10	0.41	1.36	116.8092	1.44
2016-07-15	3.39	46.25	45.93	0.11	-0.29	-0.11	0.52	1.60	0.27	0.71	0.87	0.32	1.15	0.42	1.42	117.3078	1.44
2016-07-18	3.42	45.35	45.23	0.10	-0.27	-0.09	0.52	1.59	0.26	0.68	0.85	0.32	1.14	0.44	1.40	117.3239	1.41
2016-07-19	3.40	45.70	44.64	0.12	-0.27	-0.11	0.56	1.56	0.29	0.70	0.84	0.31	1.12	0.44	1.38	117.5422	1.39
2016-07-20	3.40	45.82	44.96	0.13	-0.25	-0.08	0.56	1.59	0.28	0.73	0.86	0.32	1.15	0.44	1.41	117.5280	1.40
2016-07-21	3.43	44.99	43.96	0.05	-0.27	-0.13	0.54	1.57	0.28	0.70	0.82	0.32	1.11	0.44	1.38	117.5508	1.38
2016-07-22	3.39	44.24	43.41	0.06	-0.23	-0.11	0.55	1.57	0.29	0.71	0.84	0.33	1.13	0.44	1.40	117.6175	1.36
2016-07-25	3.37	43.76	42.40	0.08	-0.19	-0.08	0.55	1.58	0.28	0.72	0.87	0.32	1.15	0.44	1.41	118.0221	1.34
2016-07-26	3.39	43.56	42.16	0.07	-0.18	-0.08	0.55	1.57	0.24	0.75	0.87	0.31	1.15	0.43	1.40	117.9996	1.33
2016-07-27	3.42	42.78	41.90	0.03	-0.21	-0.11	0.53	1.52	0.25	0.73	0.83	0.31	1.10	0.40	1.35	118.1143	1.31
2016-07-28	3.40	41.87	41.13	0.00	-0.24	-0.14	0.53	1.52	0.19	0.72	0.82	0.25	1.09	0.39	1.35	117.9539	1.33
2016-07-29	3.44	40.76	41.54	-0.03	-0.28	-0.17	0.50	1.46	0.19	0.67	0.76	0.28	1.03	0.38	1.29	117.3811	1.31
2016-07-31	3.43																
2016-08-01	3.40	40.17	40.05	0.05	-0.21	-0.11	0.50	1.51	0.20	0.67	0.78	0.29	1.06	0.40	1.33	117.4306	1.27
2016-08-02	3.41	40.00	39.50	0.11	-0.18	-0.06	0.50	1.55	0.28	0.67	0.79	0.29	1.07	0.41	1.36	117.4673	1.25
2016-08-03	3.45	40.45	40.80	0.09	-0.21	-0.09	0.53	1.55	0.26	0.67	0.78	0.28	1.07	0.42	1.35	117.6265	1.28
2016-08-04	3.44	41.33	41.92	0.04	-0.27	-0.14	0.51	1.51	0.24	0.64	0.76	0.26	1.03	0.41	1.31	117.4239	1.30
2016-08-05	3.34	42.47	41.83	0.09	-0.20	-0.08	0.56	1.59	0.23	0.72	0.86	0.28	1.13	0.45	1.41	117.5314	1.33
2016-08-08	3.32	43.24	43.06	0.08	-0.19	-0.07	0.57	1.59	0.27	0.74	0.86	0.31	1.15	0.45	1.42	116.9739	1.34
2016-08-09	3.32	43.37	42.78	0.06	-0.19	-0.09	0.55	1.55	0.27	0.71	0.84	0.29	1.11	0.44	1.38	116.4181	1.30
2016-08-10	3.31	42.19	41.75	0.06	-0.20	-0.09	0.55	1.50	0.27	0.69	0.80	0.28	1.07	0.43	1.34	116.1312	1.27
2016-08-11	3.25	44.23	43.51	0.10	-0.16	-0.05	0.55	1.57	0.27	0.76	0.88	0.28	1.16	0.45	1.42	115.9511	1.32
2016-08-12	3.27	45.12	44.47	0.07	-0.19	-0.08	0.56	1.51	0.27	0.71	0.82	0.29	1.10	0.43	1.36	116.0932	1.29
2016-08-15	3.22	47.31	45.72	0.10	-0.16	-0.06	0.56	1.55	0.26	0.72	0.85	0.31	1.14	0.46	1.40	115.6808	1.30
2016-08-16	3.18	48.27	46.57	0.13	-0.12	-0.02	0.57	1.57	0.27	0.76	0.87	0.27	1.16	0.45	1.42	115.4300	1.28
2016-08-17	3.20	48.58	46.81	0.09	-0.16	-0.06	0.58	1.56	0.27	0.74	0.86	0.30	1.15	0.46	1.41	116.3313	1.31
2016-08-18	3.19	49.46	48.20	0.06	-0.20	-0.09	0.58	1.53	0.27	0.71	0.81	0.30	1.12	0.44	1.38	115.7944	1.32
2016-08-19	3.15	49.39	48.48	0.10	-0.17	-0.06	0.59	1.58	0.27	0.76	0.88	0.30	1.17	0.44	1.43	116.4051	1.34
2016-08-22	3.20	48.10	46.80	0.08	-0.19	-0.08	0.58	1.55	0.24	0.76	0.86	0.29	1.15	0.45	1.40	116.6317	1.34
2016-08-23	3.18	48.70	47.54	0.07	-0.19	-0.08	0.58	1.55	0.28	0.74	0.86	0.30	1.15	0.45	1.40	116.6368	1.34
2016-08-24	3.18	47.56	46.29	0.08	-0.19	-0.08	0.59	1.56	0.28	0.76	0.87	0.31	1.13	0.46	1.40	117.0458	1.32
2016-08-25	3.18	49.25	46.97	0.09	-0.17	-0.06	0.60	1.58	0.28	0.78	0.89	0.33	1.16	0.46	1.43	116.7999	1.33
2016-08-26	3.12	49.66	47.64	0.15	-0.08	0.01	0.62	1.62	0.28	0.84	0.96	0.34	1.23	0.47	1.49	116.5729	1.31
2016-08-29	3.17	49.66	46.97	0.11	-0.11	-0.02	0.62	1.57	0.25	0.81	0.92	0.33	1.18	0.49	1.43	117.2980	1.29
2016-08-30	3.17	47.94	46.32	0.11	-0.10	-0.01	0.61	1.57	0.23	0.80	0.92	0.33	1.18	0.47	1.44	117.7079	1.28
2016-08-31	3.19	47.94	44.68	0.11	-0.08	0.00	0.61	1.58	0.26	0.80	0.92	0.33	1.19	0.47	1.45	117.7733	1.27
2016-09-01	3.21	45.05	43.17	0.12	-0.06	0.01	0.60	1.57	0.27	0.78	0.91	0.33	1.18	0.47	1.44	117.7185	1.24
2016-09-02	3.18	45.96	44.39	0.13	-0.08	0.01	0.59	1.60	0.25	0.80	0.92	0.33	1.20	0.45	1.47	117.3702	1.28
2016-09-05	3.18	46.72	.	.	.	.	.	.	.	.	.	.	.	.	.	.	.
2016-09-06	3.20	46.21	44.85	0.06	-0.16	-0.07	0.56	1.55	0.24	0.74	0.86	0.32	1.13	0.45	1.40	116.4294	1.29
2016-09-07	3.15	47.00	45.47	0.03	-0.18	-0.09	0.57	1.54	0.25	0.74	0.86	0.34	1.12	0.49	1.39	116.3397	1.30
2016-09-08	3.10	49.23	47.63	0.09	-0.15	-0.06	0.57	1.61	0.26	0.78	0.91	0.35	1.19	0.50	1.46	116.8319	1.34
2016-09-09	3.12	48.37	45.88	0.17	-0.09	0.03	0.58	1.67	0.24	0.79	0.93	0.35	1.23	0.51	1.51	117.6540	1.32
2016-09-12	3.20	47.82	46.28	0.17	-0.12	0.01	0.57	1.68	0.24	0.79	0.92	0.37	1.21	0.53	1.50	118.1475	1.33
2016-09-13	3.15	46.48	44.91	0.24	-0.05	0.07	0.63	1.73	0.25	0.80	0.95	0.36	1.26	0.54	1.56	118.5567	1.31
2016-09-14	3.23	45.65	43.62	0.21	-0.09	0.04	0.62	1.70	0.24	0.77	0.90	0.33	1.21	0.52	1.52	118.5350	1.30
2016-09-15	3.24	45.83	43.85	0.22	-0.11	0.02	0.60	1.71	0.20	0.74	0.87	0.29	1.20	0.49	1.51	118.5869	1.31
2016-09-16	3.22	45.26	43.04	0.19	-0.13	0.00	0.61	1.70	0.20	0.77	0.91	0.30	1.21	0.50	1.51	119.3251	1.34
2016-09-19	3.23	46.04	43.34	0.20	-0.13	0.01	0.60	1.70	0.16	0.79	0.92	0.30	1.22	0.48	1.52	118.9879	1.35
2016-09-20	3.22	45.24	43.85	0.20	-0.13	0.01	0.61	1.69	0.17	0.79	0.93	0.30	1.20	0.49	1.50	119.3773	1.33
2016-09-21	3.18	45.99	45.33	0.15	-0.17	-0.04	0.61	1.66	0.12	0.79	0.92	0.22	1.20	0.44	1.48	119.2282	1.37
2016-09-22	3.13	47.21	46.10	0.08	-0.22	-0.09	0.60	1.63	0.10	0.79	0.91	0.18	1.18	0.39	1.46	118.5107	1.40
2016-09-23	3.15	46.71	44.36	0.05	-0.26	-0.13	0.60	1.62	0.09	0.77	0.90	0.18	1.16	0.40	1.44	118.9303	1.42
2016-09-26	3.20	46.61	45.60	0.05	-0.27	-0.14	0.58	1.59	0.12	0.76	0.87	0.25	1.13	0.42	1.41	119.1807	1.40
2016-09-27	3.20	44.95	44.65	0.04	-0.26	-0.14	0.58	1.56	0.16	0.75	0.86	0.26	1.12	0.42	1.39	118.4675	1.38
2016-09-28	3.18	45.49	47.07	0.01	-0.31	-0.17	0.60	1.57	0.14	0.75	0.87	0.27	1.13	0.44	1.41	118.5793	1.44
2016-09-29	3.17	48.43	47.72	0.02	-0.32	-0.18	0.59	1.56	0.12	0.73	0.85	0.26	1.12	0.43	1.39	118.2954	1.44
2016-09-30	3.15	48.24	47.72	0.00	-0.31	-0.17	0.59	1.60	0.20	0.77	0.88	0.29	1.14	0.45	1.42	118.2512	1.45
2016-10-03	3.13	48.61	48.80	0.00	-0.29	-0.16	0.63	1.63	0.25	0.80	0.91	0.32	1.18	0.48	1.46	118.3094	1.47
2016-10-04	3.09	48.81	48.67	0.07	-0.23	-0.09	0.64	1.69	0.28	0.82	0.95	0.33	1.22	0.48	1.51	118.2517	1.45
2016-10-05	3.08	49.57	49.75	0.10	-0.22	-0.08	0.65	1.72	0.26	0.85	0.98	0.32	1.26	0.48	1.54	118.3209	1.48
2016-10-06	3.07	50.14	50.44	0.11	-0.21	-0.07	0.65	1.75	0.26	0.86	1.00	0.33	1.28	0.46	1.58	118.3243	1.49
2016-10-07	3.07	50.49	49.76	0.10	-0.24	-0.09	0.66	1.73	0.26	0.83	0.99	0.33	1.26	0.46	1.55	118.5187	1.50
2016-10-10	3.07	51.54	49.76	.	.	.	.	.	.	.	.	.	.	.	.	.	.
2016-10-11	3.06	50.48	50.72	0.13	-0.21	-0.05	0.69	1.77	0.27	0.87	1.03	0.35	1.30	0.48	1.58	118.3549	1.51
2016-10-12	3.06	49.53	50.14	0.15	-0.20	-0.04	0.68	1.79	0.26	0.87	0.99	0.37	1.31	0.49	1.60	118.4737	1.51
2016-10-13	3.09	49.29	50.47	0.12	-0.23	-0.07	0.66	1.75	0.26	0.85	1.00	0.30	1.27	0.45	1.56	118.6205	1.50
2016-10-14	3.06	48.87	50.35	0.13	-0.25	-0.07	0.66	1.80	0.26	0.84	1.00	0.32	1.28	0.46	1.58	118.6299	1.53
2016-10-17	3.11	49.31	49.97	0.09	-0.29	-0.12	0.65	1.77	0.24	0.81	0.98	0.34	1.26	0.47	1.56	118.4793	1.55
2016-10-18	3.13	49.81	50.30	0.09	-0.30	-0.12	0.66	1.75	0.26	0.82	0.96	0.34	1.24	0.47	1.54	117.8728	1.54
2016-10-19	3.12	51.85	51.59	0.08	-0.32	-0.14	0.65	1.76	0.25	0.81	0.96	0.35	1.24	0.48	1.54	117.6237	1.56
2016-10-20	3.10	50.42	50.31	0.08	-0.30	-0.12	0.66	1.76	0.25	0.84	0.98	0.35	1.26	0.48	1.55	117.8231	1.56
2016-10-21	3.10	50.28	50.61	0.07	-0.31	-0.13	0.66	1.74	0.25	0.84	0.98	0.34	1.25	0.47	1.53	118.1569	1.56
2016-10-24	3.05	49.80	50.18	0.11	-0.26	-0.09	0.66	1.77	0.23	0.84	1.00	0.33	1.27	0.46	1.56	117.9868	1.53
2016-10-25	3.05	49.08	49.45	0.07	-0.28	-0.13	0.66	1.77	0.22	0.86	1.00	0.34	1.29	0.49	1.56	117.7224	1.57
2016-10-26	3.09	48.98	48.75	0.08	-0.28	-0.12	0.67	1.79	0.25	0.86	1.01	0.33	1.30	0.49	1.59	118.0908	1.58
2016-10-27	3.06	49.13	49.71	0.13	-0.24	-0.07	0.68	1.85	0.19	0.87	1.04	0.30	1.33	0.49	1.64	118.5535	1.57
2016-10-28	3.07	47.78	48.72	0.13	-0.27	-0.09	0.66	1.86	0.18	0.86	1.02	0.30	1.33	0.49	1.63	118.4012	1.60
2016-10-31	3.05	46.20	46.83	0.11	-0.28	-0.10	0.66	1.84	0.20	0.86	1.00	0.34	1.31	0.51	1.62	118.4619	1.59
2016-11-01	3.07	45.77	46.66	0.11	-0.29	-0.10	0.65	1.83	0.24	0.83	0.99	0.35	1.30	0.50	1.61	118.9562	1.59
2016-11-02	3.10	44.26	45.32	0.11	-0.29	-0.11	0.64	1.81	0.24	0.81	0.98	0.37	1.26	0.51	1.57	119.4600	1.55
2016-11-03	3.10	43.84	44.66	0.14	-0.26	-0.08	0.64	1.82	0.24	0.81	0.98	0.38	1.26	0.52	1.58	119.1730	1.52
2016-11-04	3.14	43.06	44.07	0.11	-0.28	-0.11	0.62	1.79	0.25	0.80	0.95	0.38	1.24	0.52	1.55	118.9786	1.52
2016-11-07	3.08	42.83	44.88	0.12	-0.27	-0.09	0.63	1.83	0.28	0.82	0.99	0.41	1.29	0.54	1.60	118.2316	1.56
2016-11-08	3.03	43.47	44.96	0.15	-0.23	-0.05	0.71	1.88	0.28	0.87	1.04	0.43	1.34	0.56	1.65	117.7593	1.57
2016-11-09	3.01	43.88	45.20	0.25	-0.18	0.00	0.72	2.07	0.30	0.90	1.12	0.45	1.49	0.56	1.84	120.1813	1.67
2016-11-10	3.07	43.67	44.62	0.27	-0.14	0.04	0.72	2.15	0.30	0.92	1.17	0.48	1.56	0.59	1.92	122.0032	1.70
2016-11-11	3.08	41.61	43.39	.	.	.	.	.	.	.	.	.	.	.	.	.	.
2016-11-14	3.25	41.83	43.29	0.40	0.01	0.19	0.77	2.23	0.32	1.00	1.27	0.55	1.66	0.65	2.01	123.3233	1.65
2016-11-15	3.17	44.15	45.86	0.41	0.01	0.19	0.78	2.23	0.30	1.02	1.28	0.51	1.68	0.61	2.03	122.5184	1.67
2016-11-16	3.19	45.07	45.56	0.39	0.02	0.20	0.76	2.22	0.32	1.00	1.28	0.47	1.68	0.62	2.03	122.5785	1.66
2016-11-17	3.13	44.57	45.37	0.42	0.02	0.21	0.77	2.29	0.30	1.04	1.31	0.44	1.73	0.61	2.08	122.4363	1.71
2016-11-18	3.16	44.41	45.69	0.44	0.06	0.24	0.77	2.34	0.28	1.07	1.36	0.44	1.80	0.60	2.14	123.0752	1.74
2016-11-21	3.15	45.96	47.48	0.42	0.05	0.23	0.78	2.33	0.28	1.08	1.36	0.46	1.79	0.60	2.13	123.0986	1.74
2016-11-22	3.14	46.10	48.07	0.41	0.02	0.21	0.78	2.31	0.34	1.07	1.35	0.49	1.77	0.61	2.12	123.0987	1.75
2016-11-23	3.12	46.54	46.72	0.44	0.09	0.26	0.80	2.36	0.35	1.12	1.40	0.51	1.83	0.63	2.17	123.7680	1.74
2016-11-24	3.12	47.54	.	.	.	.	.	.	.	.	.	.	.	.	.	.	.
2016-11-25	3.15	46.32	46.72	0.47	0.09	0.26	0.81	2.36	0.34	1.12	1.41	0.49	1.83	0.62	2.18	123.7303	1.74
2016-11-28	3.17	46.64	45.66	0.47	0.11	0.28	0.79	2.32	0.32	1.11	1.38	0.48	1.80	0.60	2.13	123.3949	1.69
2016-11-29	3.16	44.68	45.29	0.44	0.09	0.27	0.78	2.30	0.34	1.09	1.37	0.48	1.78	0.60	2.12	123.4095	1.69
2016-11-30	3.06	47.95	49.41	0.43	0.06	0.25	0.80	2.37	0.38	1.11	1.40	0.48	1.83	0.62	2.18	123.1512	1.77
2016-12-01	3.05	52.28	51.08	0.48	0.09	0.28	0.82	2.45	0.32	1.14	1.45	0.48	1.90	0.60	2.25	123.5965	1.81
2016-12-02	3.11	52.35	51.70	0.49	0.08	0.28	0.80	2.40	0.34	1.11	1.40	0.49	1.84	0.61	2.20	123.2924	1.76
2016-12-05	3.08	53.30	51.72	0.45	0.05	0.25	0.82	2.39	0.34	1.13	1.42	0.49	1.84	0.63	2.19	123.1686	1.79
2016-12-06	3.03	52.31	50.95	0.44	0.04	0.23	0.83	2.39	0.35	1.12	1.41	0.49	1.84	0.63	2.18	122.7698	1.80
2016-12-07	3.02	51.90	49.85	0.42	0.02	0.22	0.85	2.34	0.38	1.10	1.39	0.52	1.80	0.63	2.14	122.4922	1.78
2016-12-08	3.00	51.60	50.84	0.45	0.00	0.22	0.84	2.40	0.39	1.12	1.40	0.51	1.83	0.62	2.20	122.5530	1.83
2016-12-09	2.96	52.19	51.51	0.51	0.06	0.28	0.85	2.47	0.41	1.15	1.43	0.54	1.89	0.64	2.26	122.7041	1.83
2016-12-12	2.99	53.99	52.74	0.51	0.04	0.27	0.85	2.49	0.42	1.15	1.44	0.51	1.90	0.64	2.26	122.3953	1.86
2016-12-13	2.94	53.28	52.99	0.53	0.06	0.25	0.88	2.48	0.47	1.17	1.46	0.54	1.92	0.66	2.26	122.3827	1.86
2016-12-14	2.88	53.15	51.01	0.60	0.20	0.40	0.92	2.54	0.49	1.27	1.57	0.55	2.02	0.66	2.34	122.3870	1.82
2016-12-15	2.92	51.72	50.90	0.70	0.32	0.52	0.91	2.60	0.48	1.29	1.61	0.51	2.10	0.65	2.42	123.7085	1.78
2016-12-16	2.91	54.15	51.93	0.74	0.32	0.54	0.91	2.60	0.46	1.28	1.59	0.51	2.07	0.65	2.41	123.4953	1.75
2016-12-19	2.95	53.53	52.13	0.68	0.29	0.51	0.90	2.54	0.45	1.24	1.55	0.52	2.03	0.65	2.35	123.4583	1.74
2016-12-20	2.91	54.56	52.22	0.67	0.26	0.49	0.90	2.57	0.48	1.25	1.56	0.52	2.06	0.66	2.38	123.4902	1.80
2016-12-21	2.91	53.01	51.44	0.64	0.30	0.52	0.88	2.55	0.46	1.21	1.54	0.52	2.04	0.65	2.35	123.5056	1.74
2016-12-22	2.89	54.04	51.98	0.60	0.18	0.41	0.87	2.55	0.42	1.22	1.54	0.51	2.04	0.65	2.36	123.9349	1.86
2016-12-23	2.90	53.93	52.01	0.58	0.20	0.42	0.87	2.55	0.42	1.22	1.54	0.52	2.04	0.65	2.35	123.6394	1.84
2016-12-26	.	.	.	.	.	.	.	.	.	.	.	.	.	.	.	.	.
2016-12-27	2.88	.	52.82	0.58	0.19	0.41	0.89	2.57	0.50	1.28	1.58	0.51	2.07	0.66	2.37	123.9292	1.88
2016-12-28	2.92	54.95	54.01	0.56	0.17	0.40	0.90	2.51	0.48	1.26	1.55	0.53	2.02	0.62	2.32	124.1167	1.85
2016-12-29	2.94	54.97	53.80	0.55	0.15	0.38	0.85	2.49	0.39	1.22	1.49	0.47	1.96	0.62	2.30	123.8261	1.81
2016-12-30	2.95	54.96	53.75	0.50	0.09	0.33	0.85	2.45	0.44	1.20	1.47	0.51	1.93	0.62	2.25	123.7161	1.84
2016-12-31	2.96																
2017-01-02	.	.	.	.	.	.	.	.	.	.	.	.	.	.	.	.	.
2017-01-03	2.92	55.05	52.36	0.47	0.08	0.30	0.89	2.45	0.52	1.22	1.50	0.53	1.94	0.65	2.26	124.3349	1.86
2017-01-04	2.89	54.57	53.26	0.47	0.08	0.30	0.87	2.46	0.49	1.24	1.50	0.53	1.94	0.63	2.26	124.6608	1.86
2017-01-05	2.90	54.99	53.77	0.42	0.03	0.26	0.83	2.37	0.51	1.17	1.43	0.52	1.86	0.62	2.18	124.0783	1.83
2017-01-06	2.83	55.90	53.98	0.46	0.08	0.30	0.85	2.42	0.50	1.22	1.50	0.53	1.92	0.61	2.23	124.2929	1.84
2017-01-09	2.88	54.39	51.95	0.43	0.04	0.26	0.82	2.38	0.50	1.21	1.47	0.50	1.89	0.60	2.18	124.4559	1.85
2017-01-10	2.85	53.20	50.82	0.43	0.05	0.28	0.82	2.38	0.51	1.19	1.47	0.52	1.89	0.60	2.18	124.7664	1.84
2017-01-11	2.87	53.61	52.19	0.39	0.04	0.27	0.82	2.38	0.51	1.20	1.47	0.52	1.89	0.60	2.18	125.2838	1.85
2017-01-12	2.84	54.51	53.01	0.38	0.00	0.23	0.81	2.36	0.52	1.18	1.45	0.52	1.87	0.59	2.17	124.2967	1.87
2017-01-13	2.82	54.37	52.36	0.41	0.05	0.28	0.82	2.40	0.52	1.21	1.48	0.53	1.90	0.61	2.20	124.2943	1.85
2017-01-16	2.82	54.30	.	.	.	.	.	.	.	.	.	.	.	.	.	.	.
2017-01-17	2.83	54.68	52.45	0.36	0.00	0.24	0.80	2.33	0.52	1.17	1.42	0.55	1.84	0.62	2.14	123.8449	1.84
2017-01-18	2.79	53.77	51.12	0.42	0.07	0.30	0.82	2.42	0.48	1.23	1.51	0.53	1.93	0.63	2.24	124.3089	1.86
2017-01-19	2.79	53.18	51.39	0.43	0.07	0.30	0.83	2.47	0.47	1.25	1.53	0.52	1.97	0.62	2.28	124.6257	1.90
2017-01-20	2.79	55.04	52.33	0.44	0.03	0.28	0.82	2.48	0.46	1.20	1.50	0.50	1.95	0.62	2.28	.	1.92
2017-01-23	2.83	54.80	52.77	0.39	0.02	0.28	0.79	2.41	0.46	1.16	1.43	0.51	1.88	0.59	2.19	123.5953	1.86
2017-01-24	2.75	54.70	52.38	0.41	0.01	0.26	0.81	2.47	0.50	1.21	1.49	0.51	1.94	0.62	2.27	123.5075	1.93
2017-01-25	2.74	54.34	52.14	0.45	0.03	0.29	0.82	2.53	0.48	1.23	1.52	0.50	1.99	0.61	2.33	123.5287	1.96
2017-01-26	2.76	55.89	53.24	0.43	0.01	0.27	0.82	2.51	0.49	1.21	1.49	0.51	1.95	0.62	2.30	123.6275	1.94
2017-01-27	2.75	54.80	53.18	0.41	-0.02	0.25	0.82	2.49	0.49	1.22	1.48	0.52	1.94	0.63	2.28	123.1951	1.96
2017-01-30	2.74	54.77	52.63	0.42	-0.01	0.26	0.81	2.49	0.49	1.22	1.48	0.51	1.94	0.63	2.28	122.6319	1.95
2017-01-31	2.77	55.25	52.75	0.40	-0.04	0.24	0.84	2.45	0.50	1.19	1.46	0.52	1.90	0.64	2.24	122.5597	1.94
2017-02-01	2.75	55.79	53.90	0.43	0.01	0.31	0.83	2.48	0.50	1.22	1.49	0.51	1.93	0.65	2.27	122.5530	1.92
2017-02-02	2.73	55.94	53.55	0.43	-0.01	0.30	0.84	2.48	0.50	1.21	1.48	0.52	1.92	0.64	2.27	121.9923	1.93
2017-02-03	2.71	55.92	53.81	0.44	0.02	0.33	0.82	2.49	0.49	1.21	1.49	0.51	1.93	0.63	2.27	121.3778	1.91
2017-02-06	2.75	55.02	53.01	0.40	-0.05	0.24	0.79	2.42	0.48	1.16	1.43	0.53	1.86	0.62	2.19	121.6285	1.91
2017-02-07	2.74	53.79	52.19	0.40	-0.02	0.26	0.80	2.40	0.51	1.16	1.43	0.53	1.85	0.63	2.17	122.0981	1.87
2017-02-08	2.75	54.42	52.37	0.38	-0.01	0.26	0.79	2.34	0.52	1.15	1.40	0.54	1.81	0.63	2.14	121.7904	1.82
2017-02-09	2.70	53.98	52.99	0.41	0.02	0.29	0.80	2.40	0.51	1.20	1.46	0.54	1.88	0.64	2.20	121.6645	1.86
2017-02-10	2.68	55.20	53.84	0.40	0.02	0.29	0.81	2.41	0.51	1.20	1.47	0.55	1.89	0.64	2.22	121.4786	1.87
2017-02-13	2.65	54.15	52.96	0.43	0.05	0.32	0.82	2.43	0.50	1.20	1.48	0.52	1.92	0.63	2.24	121.5732	1.87
2017-02-14	2.60	54.96	53.21	0.46	0.11	0.37	0.84	2.47	0.51	1.25	1.53	0.54	1.98	0.66	2.29	121.3873	1.87
2017-02-15	2.59	54.57	53.11	0.45	0.08	0.34	0.86	2.51	0.53	1.27	1.57	0.54	2.01	0.67	2.33	121.1908	1.93
2017-02-16	2.62	54.16	53.41	0.43	0.05	0.33	0.82	2.45	0.51	1.22	1.50	0.53	1.95	0.66	2.26	121.2624	1.90
2017-02-17	2.63	54.48	53.41	0.41	0.07	0.34	0.82	2.42	0.50	1.21	1.48	0.53	1.92	0.66	2.23	121.7101	1.85
2017-02-20	2.63	55.25	.	.	.	.	.	.	.	.	.	.	.	.	.	.	.
2017-02-21	2.61	56.34	54.02	0.40	0.06	0.34	0.83	2.43	0.49	1.22	1.50	0.53	1.93	0.69	2.24	121.6580	1.87
2017-02-22	2.60	54.90	53.61	0.38	0.00	0.27	0.82	2.42	0.47	1.22	1.49	0.52	1.92	0.68	2.23	120.7883	1.92
2017-02-23	2.60	55.82	54.48	0.35	-0.03	0.24	0.81	2.38	0.39	1.18	1.44	0.51	1.87	0.66	2.20	120.2119	1.90
2017-02-24	2.65	54.69	53.99	0.31	-0.10	0.17	0.80	2.31	0.40	1.12	1.38	0.52	1.80	0.65	2.12	120.5168	1.90
2017-02-27	2.60	54.65	54.04	0.35	0.01	0.27	0.81	2.36	0.44	1.20	1.46	0.50	1.87	0.68	2.18	120.4469	1.86
2017-02-28	2.59	53.36	54.00	0.34	0.00	0.25	0.88	2.36	0.40	1.22	1.49	0.53	1.89	0.69	2.19	120.6910	1.89
2017-03-01	2.54	55.72	53.82	0.43	0.15	0.41	0.92	2.46	0.46	1.29	1.57	0.63	1.99	0.79	2.29	120.7416	1.84
2017-03-02	2.53	54.16	52.63	0.48	0.19	0.44	0.98	2.49	0.52	1.32	1.60	0.67	2.03	0.84	2.32	121.0261	1.84
2017-03-03	2.54	54.12	53.33	0.45	0.10	0.36	0.98	2.49	0.56	1.32	1.59	0.71	2.02	0.84	2.32	120.6570	1.92
2017-03-06	2.54	54.73	53.19	0.48	0.12	0.38	0.97	2.49	0.56	1.31	1.60	0.74	2.02	0.83	2.32	120.4911	1.90
2017-03-07	2.53	54.61	52.68	0.49	0.13	0.39	1.02	2.52	0.55	1.32	1.62	0.76	2.05	0.87	2.34	120.4220	1.92
2017-03-08	2.54	53.30	49.83	0.56	0.18	0.44	1.03	2.57	0.54	1.36	1.65	0.73	2.08	0.86	2.38	120.8364	1.90
2017-03-09	2.58	50.65	48.75	0.60	0.24	0.50	1.04	2.60	0.50	1.37	1.67	0.73	2.13	0.88	2.43	121.1810	1.89
2017-03-10	2.59	50.63	48.05	0.57	0.21	0.47	1.03	2.58	0.60	1.36	1.66	0.75	2.11	0.89	2.40	120.8125	1.90
2017-03-13	2.57	50.10	47.95	0.61	0.28	0.54	1.06	2.62	0.69	1.40	1.69	0.79	2.14	0.93	2.43	120.6119	1.86
2017-03-14	2.61	49.60	47.24	0.61	0.25	0.50	1.06	2.60	0.77	1.40	1.68	0.78	2.13	0.93	2.42	120.7394	1.88
2017-03-15	2.66	50.63	48.34	0.50	0.18	0.45	1.02	2.51	0.71	1.33	1.59	0.73	2.02	0.89	2.31	120.3436	1.84
2017-03-16	2.60	50.56	48.30	0.51	0.18	0.44	1.01	2.53	0.68	1.35	1.63	0.73	2.05	0.89	2.34	119.7661	1.87
2017-03-17	2.60	50.58	48.34	0.49	0.14	0.40	1.00	2.50	0.71	1.33	1.60	0.73	2.03	0.87	2.31	119.3648	1.89
2017-03-20	2.62	50.67	47.79	0.47	0.14	0.40	1.01	2.47	0.70	1.30	1.57	0.76	2.00	0.89	2.28	118.9873	1.86
2017-03-21	2.62	50.14	47.02	0.45	0.16	0.42	1.00	2.43	0.76	1.27	1.54	0.77	1.96	0.91	2.24	119.0545	1.80
2017-03-22	2.63	49.56	47.29	0.43	0.16	0.42	0.99	2.40	0.74	1.27	1.52	0.77	1.95	0.90	2.22	119.0273	1.79
2017-03-23	2.62	50.17	47.00	0.46	0.20	0.41	0.99	2.41	0.73	1.26	1.52	0.76	1.95	0.90	2.23	119.0137	1.75
2017-03-24	2.62	49.97	47.30	0.42	0.20	0.37	1.00	2.40	0.73	1.26	1.52	0.78	1.93	0.89	2.22	118.6593	1.73
2017-03-27	2.60	50.12	47.02	0.41	0.18	0.37	1.00	2.38	0.73	1.27	1.51	0.78	1.93	0.91	2.20	118.3861	1.75
2017-03-28	2.56	50.72	48.36	0.45	0.24	0.41	1.03	2.42	0.75	1.30	1.56	0.78	1.97	0.92	2.25	118.5568	1.73
2017-03-29	2.58	51.36	49.47	0.41	0.13	0.37	1.04	2.39	0.76	1.26	1.53	0.78	1.93	0.92	2.21	118.5113	1.80
2017-03-30	2.55	52.25	50.30	0.46	0.15	0.39	1.03	2.42	0.75	1.28	1.55	0.78	1.96	0.91	2.25	118.2581	1.81
2017-03-31	2.62	52.20	50.54	0.43	0.16	0.40	1.03	2.40	0.74	1.27	1.50	0.76	1.93	0.91	2.22	118.5926	1.77
2017-04-03	2.65	52.04	50.25	0.39	0.15	0.34	1.02	2.35	0.73	1.24	1.47	0.79	1.88	0.92	2.16	118.3823	1.73
2017-04-04	2.63	53.08	50.99	0.40	0.11	0.35	1.03	2.36	0.77	1.25	1.47	0.79	1.88	0.92	2.16	118.5944	1.77
2017-04-05	2.63	53.41	51.14	0.37	0.08	0.32	1.03	2.34	0.77	1.24	1.44	0.80	1.85	0.93	2.14	118.4580	1.77
2017-04-06	2.62	53.62	51.69	0.39	0.16	0.35	1.05	2.34	0.78	1.24	1.45	0.79	1.87	0.94	2.15	118.5669	1.71
2017-04-07	2.58	54.24	52.25	0.44	0.22	0.40	1.08	2.38	0.77	1.29	1.52	0.82	1.92	0.95	2.20	118.4423	1.70
2017-04-10	2.60	54.79	53.06	0.44	0.22	0.40	1.07	2.37	0.77	1.29	1.52	0.82	1.91	0.97	2.18	118.6072	1.69
2017-04-11	2.64	54.73	53.38	0.41	0.14	0.37	1.05	2.32	0.74	1.24	1.45	0.82	1.84	0.94	2.11	118.7019	1.70
2017-04-12	2.64	54.75	53.12	0.38	0.12	0.35	1.04	2.28	0.77	1.24	1.44	0.81	1.81	0.95	2.09	118.6289	1.69
2017-04-13	2.67	55.05	53.19	0.32	0.03	0.25	1.03	2.24	0.76	1.21	1.40	0.81	1.77	0.94	2.05	118.0762	1.74
2017-04-14	.	.	.	.	.	.	.	.	.	.	.	.	.	.	.	118.0904	.
2017-04-17	2.64	54.79	52.62	0.38	0.10	0.31	1.04	2.26	0.76	1.21	1.42	0.83	1.79	0.94	2.07	118.0113	1.69
2017-04-18	2.69	52.60	52.46	0.33	0.06	0.26	1.02	2.18	0.76	1.18	1.35	0.82	1.71	0.94	1.98	118.0006	1.65
2017-04-19	2.67	52.43	50.49	0.36	0.08	0.28	1.02	2.21	0.75	1.19	1.38	0.81	1.74	0.94	2.02	118.7825	1.66
2017-04-20	2.65	50.66	50.26	0.39	-0.04	0.15	1.01	2.24	0.73	1.21	1.41	0.79	1.78	0.93	2.06	118.6532	1.82
2017-04-21	2.64	49.93	49.64	0.40	-0.02	0.17	0.99	2.24	0.72	1.20	1.40	0.79	1.77	0.92	2.05	118.6926	1.79
2017-04-24	2.60	49.45	48.90	0.41	0.00	0.18	1.03	2.28	0.74	1.25	1.44	0.81	1.81	0.96	2.09	118.3198	1.81
2017-04-25	2.56	49.37	49.22	0.44	0.02	0.22	1.09	2.35	0.73	1.29	1.49	0.82	1.87	0.98	2.15	118.6950	1.85
2017-04-26	2.57	49.99	49.22	0.42	0.01	0.21	1.07	2.32	0.74	1.28	1.46	0.83	1.84	0.99	2.12	119.2174	1.83
2017-04-27	2.58	49.46	48.96	0.39	0.00	0.19	1.06	2.30	0.70	1.25	1.44	0.81	1.81	0.98	2.10	119.2032	1.81
2017-04-28	2.57	49.46	49.31	0.37	0.00	0.18	1.07	2.29	0.68	1.28	1.45	0.80	1.81	0.99	2.10	118.9133	1.81
2017-04-30	2.57																
2017-05-01	2.56	50.41	48.83	0.41	0.04	0.23	1.09	2.33	0.67	1.28	1.48	0.83	1.84	0.98	2.13	118.5816	1.80
2017-05-02	2.57	49.31	47.65	0.41	0.04	0.23	1.08	2.29	0.72	1.27	1.45	0.82	1.81	0.99	2.09	118.5330	1.77
2017-05-03	2.53	48.82	47.79	0.46	0.10	0.28	1.10	2.33	0.73	1.30	1.50	0.85	1.86	1.00	2.14	118.5544	1.76
2017-05-04	2.52	47.53	45.55	0.50	0.16	0.34	1.11	2.36	0.71	1.32	1.51	0.86	1.88	1.00	2.17	119.0817	1.72
2017-05-05	2.53	47.45	46.23	0.50	0.14	0.31	1.10	2.36	0.71	1.32	1.52	0.90	1.89	1.01	2.17	119.0944	1.75
2017-05-08	2.51	46.61	46.46	0.53	0.16	0.36	1.12	2.39	0.73	1.33	1.53	0.91	1.91	1.02	2.19	119.3152	1.75
2017-05-09	2.49	47.06	45.84	0.56	0.20	0.40	1.14	2.42	0.74	1.37	1.57	0.91	1.94	1.04	2.22	119.4471	1.74
2017-05-10	2.48	48.09	47.28	0.56	0.16	0.36	1.13	2.41	0.71	1.35	1.56	0.90	1.94	1.04	2.22	119.0457	1.78
2017-05-11	2.49	49.18	47.81	0.51	0.11	0.33	1.13	2.39	0.68	1.35	1.55	0.89	1.93	1.04	2.20	118.8369	1.82
2017-05-12	2.53	49.08	47.83	0.49	0.10	0.32	1.11	2.33	0.69	1.29	1.49	0.88	1.85	1.03	2.13	118.4705	1.75
2017-05-15	2.50	51.29	48.86	0.52	0.12	0.32	1.11	2.34	0.73	1.31	1.49	0.90	1.86	1.02	2.14	118.0853	1.74
2017-05-16	2.50	51.21	48.64	0.51	0.12	0.33	1.11	2.33	0.72	1.29	1.48	0.90	1.86	1.04	2.13	117.9541	1.74
2017-05-17	2.56	51.76	49.04	0.44	0.06	0.26	1.08	2.22	0.72	1.26	1.42	0.90	1.76	1.00	2.03	118.0104	1.70
2017-05-18	2.62	51.71	49.36	0.43	0.06	0.26	1.09	2.23	0.73	1.27	1.44	0.93	1.78	1.02	2.04	119.2006	1.72
2017-05-19	2.60	52.78	50.32	0.41	0.04	0.25	1.10	2.23	0.71	1.28	1.45	0.92	1.79	1.03	2.05	118.3738	1.75
2017-05-22	2.60	53.35	50.81	0.43	0.05	0.25	1.12	2.25	0.70	1.29	1.45	0.93	1.80	1.05	2.06	118.3744	1.75
2017-05-23	2.57	53.19	51.12	0.46	0.07	0.29	1.14	2.29	0.76	1.31	1.49	0.92	1.84	1.08	2.10	118.4570	1.77
2017-05-24	2.58	53.29	50.99	0.45	0.06	0.28	1.18	2.26	0.76	1.29	1.46	0.93	1.79	1.07	2.07	118.3079	1.73
2017-05-25	2.57	52.25	48.57	0.45	0.08	0.31	1.16	2.25	0.72	1.30	1.46	0.94	1.78	1.08	2.06	117.9494	1.70
2017-05-26	2.57	50.84	49.58	0.44	0.06	0.28	1.17	2.25	0.75	1.30	1.46	0.94	1.79	1.08	2.06	117.8638	1.73
2017-05-29	2.57	52.25	.	.	.	.	.	.	.	.	.	.	.	.	.	.	.
2017-05-30	2.58	50.65	49.63	0.40	0.03	0.25	1.16	2.21	0.77	1.28	1.44	0.93	1.76	1.07	2.02	118.1954	1.73
2017-05-31	2.61	49.40	48.29	0.40	0.03	0.23	1.17	2.21	0.86	1.28	1.44	0.98	1.75	1.08	2.02	117.8616	1.72
2017-06-01	2.59	50.41	48.32	0.40	0.03	0.23	1.16	2.21	0.82	1.28	1.45	0.98	1.76	1.07	2.02	117.6986	1.73
2017-06-02	2.62	48.46	47.68	0.36	-0.01	0.20	1.16	2.15	0.82	1.28	1.42	0.98	1.71	1.06	1.96	117.8203	1.72
2017-06-05	2.59	48.25	47.40	0.39	0.02	0.22	1.16	2.18	0.83	1.32	1.45	0.96	1.74	1.06	1.99	117.3770	1.72
2017-06-06	2.60	48.11	48.13	0.37	0.00	0.20	1.16	2.14	0.83	1.30	1.42	0.97	1.71	1.08	1.95	117.1453	1.71
2017-06-07	2.58	47.08	45.80	0.40	0.05	0.24	1.17	2.18	0.84	1.32	1.45	1.00	1.74	1.09	1.99	117.1127	1.69
2017-06-08	2.60	46.30	45.68	0.41	0.06	0.26	1.19	2.19	0.80	1.33	1.47	1.01	1.75	1.11	2.00	117.0245	1.69
2017-06-09	2.60	46.64	45.82	0.43	0.09	0.28	1.20	2.21	0.80	1.35	1.50	1.01	1.77	1.13	2.02	117.0250	1.68
2017-06-12	2.59	47.18	46.10	0.46	0.11	0.29	1.19	2.21	0.82	1.35	1.50	0.98	1.78	1.09	2.02	117.1537	1.67
2017-06-13	2.59	46.95	46.41	0.46	0.12	0.31	1.22	2.21	0.89	1.38	1.51	1.00	1.79	1.12	2.02	116.9377	1.67
2017-06-14	2.61	45.47	44.79	0.44	0.15	0.31	1.20	2.15	0.90	1.35	1.48	1.01	1.74	1.12	1.96	116.4439	1.59
2017-06-15	2.59	45.61	44.47	0.49	0.20	0.35	1.21	2.16	0.86	1.35	1.49	1.02	1.76	1.13	1.98	117.0609	1.56
2017-06-16	2.60	45.70	44.73	0.49	0.19	0.36	1.21	2.16	0.85	1.32	1.48	1.03	1.75	1.13	1.97	116.8406	1.56
2017-06-19	2.57	45.93	44.24	0.52	0.24	0.43	1.22	2.19	0.85	1.36	1.52	1.02	1.80	1.13	2.02	116.9618	1.56
2017-06-20	2.61	43.98	43.34	0.50	0.23	0.39	1.22	2.16	0.88	1.36	1.50	1.01	1.77	1.14	1.99	117.5485	1.54
2017-06-21	2.63	44.62	42.48	0.50	0.24	0.39	1.22	2.16	0.85	1.36	1.50	0.99	1.78	1.12	2.00	117.6447	1.54
2017-06-22	2.65	44.46	42.53	0.46	0.19	0.36	1.22	2.15	0.80	1.34	1.48	0.96	1.76	1.10	1.98	117.5597	1.57
2017-06-23	2.65	44.14	42.86	0.45	0.18	0.34	1.21	2.15	0.76	1.34	1.48	0.97	1.77	1.10	1.98	117.1973	1.59
2017-06-26	2.64	44.09	43.24	0.43	0.16	0.30	1.20	2.14	0.81	1.36	1.48	0.99	1.77	1.10	1.97	117.0427	1.61
2017-06-27	2.61	46.17	44.25	0.50	0.21	0.38	1.22	2.21	0.89	1.38	1.53	1.00	1.83	1.13	2.04	117.1197	1.62
2017-06-28	2.63	46.45	44.74	0.49	0.16	0.35	1.21	2.22	0.89	1.34	1.51	1.02	1.81	1.12	2.05	116.9275	1.65
2017-06-29	2.61	47.02	44.88	0.55	0.23	0.43	1.23	2.27	0.88	1.38	1.53	1.04	1.85	1.14	2.10	117.1417	1.62
2017-06-30	2.61	47.08	46.02	0.58	0.26	0.45	1.24	2.31	0.84	1.38	1.55	1.03	1.89	1.14	2.14	117.1532	1.63
2017-07-03	2.59	49.13	.	0.60	0.27	0.47	1.24	2.35	0.96	1.41	1.60	1.06	1.93	1.13	2.19	117.6310	1.66
2017-07-04	2.59	49.15	.	.	.	.	.	.	.	.	.	.	.	.	.	.	.
2017-07-05	2.61	47.58	45.11	0.58	0.27	0.48	1.24	2.33	0.97	1.41	1.59	1.05	1.92	1.15	2.17	117.9357	1.65
2017-07-06	2.61	48.53	45.52	0.61	0.28	0.48	1.23	2.37	0.95	1.40	1.60	1.04	1.94	1.14	2.21	117.9314	1.66
2017-07-07	2.61	46.47	44.25	0.66	0.32	0.52	1.22	2.39	0.94	1.40	1.60	1.05	1.95	1.14	2.22	117.6308	1.63
2017-07-10	2.62	46.57	44.40	0.66	0.33	0.52	1.23	2.38	0.95	1.40	1.59	1.04	1.93	1.13	2.20	117.2793	1.60
2017-07-11	2.62	46.68	45.06	0.62	0.31	0.51	1.20	2.37	0.97	1.37	1.57	1.05	1.92	1.14	2.18	117.2360	1.61
2017-07-12	2.61	46.73	45.48	0.57	0.25	0.44	1.21	2.33	0.94	1.35	1.53	1.05	1.88	1.13	2.14	116.6148	1.63
2017-07-13	2.58	47.65	46.06	0.58	0.25	0.43	1.23	2.35	0.95	1.37	1.55	1.05	1.89	1.14	2.16	116.4900	1.64
2017-07-14	2.59	47.89	46.53	0.57	0.25	0.45	1.22	2.33	0.93	1.35	1.54	1.04	1.87	1.12	2.13	115.9626	1.62
2017-07-17	2.59	47.66	46.02	0.54	0.22	0.41	1.22	2.31	0.95	1.36	1.53	1.07	1.86	1.10	2.12	116.0205	1.64
2017-07-18	2.60	47.92	46.40	0.51	0.20	0.38	1.19	2.27	0.95	1.36	1.52	1.07	1.82	1.11	2.08	115.6291	1.62
2017-07-19	2.58	48.34	47.10	0.51	0.18	0.38	1.23	2.27	0.99	1.37	1.52	1.11	1.83	1.12	2.09	115.6118	1.65
2017-07-20	2.58	48.54	46.73	0.50	0.20	0.37	1.22	2.27	1.00	1.37	1.51	1.15	1.82	1.12	2.08	115.6675	1.62
2017-07-21	2.58	47.47	45.78	0.48	0.19	0.34	1.22	2.24	1.00	1.36	1.50	1.16	1.81	1.10	2.05	115.7721	1.62
2017-07-24	2.57	47.81	46.21	0.48	0.21	0.39	1.23	2.26	1.00	1.37	1.53	1.17	1.83	1.12	2.07	115.8929	1.62
2017-07-25	2.53	49.19	47.77	0.52	0.23	0.39	1.24	2.33	0.96	1.40	1.56	1.18	1.90	1.15	2.15	116.0735	1.67
2017-07-26	2.56	50.08	48.58	0.49	0.17	0.35	1.23	2.29	1.02	1.36	1.50	1.13	1.83	1.14	2.09	116.0641	1.66
2017-07-27	2.54	50.67	49.05	0.49	0.16	0.35	1.22	2.32	1.01	1.36	1.52	1.11	1.84	1.13	2.12	115.8005	1.68
2017-07-28	2.55	52.00	49.72	0.47	0.15	0.34	1.22	2.30	1.00	1.34	1.51	1.08	1.83	1.13	2.10	115.9385	1.68
2017-07-31	2.54	51.99	50.21	0.48	0.17	0.35	1.23	2.30	1.00	1.34	1.51	1.07	1.84	1.13	2.11	116.0105	1.67
2017-08-01	2.56	50.77	49.19	0.47	0.18	0.38	1.22	2.26	1.00	1.34	1.50	1.08	1.80	1.15	2.07	115.8566	1.62
2017-08-02	2.54	52.09	49.60	0.48	0.19	0.39	1.24	2.27	1.02	1.36	1.52	1.08	1.82	1.15	2.08	115.8660	1.63
2017-08-03	2.54	52.88	49.03	0.46	0.17	0.38	1.22	2.24	1.00	1.34	1.49	1.08	1.79	1.13	2.05	115.9954	1.62
2017-08-04	2.52	52.48	49.57	0.47	0.17	0.38	1.23	2.27	1.00	1.36	1.51	1.08	1.82	1.14	2.08	116.0557	1.65
2017-08-07	2.53	51.42	49.37	0.46	0.16	0.37	1.22	2.26	0.99	1.36	1.52	1.02	1.81	1.14	2.07	116.2317	1.65
2017-08-08	2.51	52.18	49.07	0.46	0.15	0.37	1.24	2.29	1.00	1.36	1.53	1.06	1.84	1.16	2.10	116.0353	1.69
2017-08-09	2.54	52.16	49.59	0.42	0.11	0.31	1.21	2.24	1.01	1.33	1.50	1.06	1.81	1.15	2.06	116.1144	1.70
2017-08-10	2.57	52.59	48.54	0.40	0.10	0.29	1.22	2.20	1.02	1.33	1.49	1.05	1.78	1.14	2.03	115.8578	1.68
2017-08-11	2.61	51.47	48.81	0.40	0.10	0.30	1.21	2.19	0.99	1.30	1.43	1.03	1.74	1.14	2.00	115.8770	1.64
2017-08-14	2.57	51.29	47.59	0.45	0.18	0.39	1.23	2.22	0.95	1.33	1.48	1.02	1.77	1.13	2.04	115.7433	1.59
2017-08-15	2.54	49.90	47.57	0.49	0.20	0.37	1.23	2.27	0.97	1.35	1.51	1.04	1.83	1.16	2.09	116.0033	1.63
2017-08-16	2.56	50.39	46.80	0.45	0.17	0.34	1.24	2.23	0.97	1.33	1.49	1.02	1.79	1.13	2.04	115.8331	1.62
2017-08-17	2.56	50.37	47.07	0.42	0.15	0.32	1.24	2.19	0.95	1.32	1.46	1.00	1.76	1.11	2.01	115.7692	1.61
2017-08-18	2.55	50.96	48.59	0.43	0.16	0.33	1.24	2.19	0.97	1.33	1.47	1.02	1.77	1.13	2.01	115.7488	1.61
2017-08-21	2.55	51.94	47.39	0.43	0.17	0.34	1.23	2.18	0.95	1.32	1.46	1.00	1.76	1.11	2.00	115.4762	1.59
2017-08-22	2.53	52.29	47.65	0.45	0.19	0.37	1.24	2.22	0.93	1.33	1.48	1.00	1.80	1.13	2.04	115.3999	1.61
2017-08-23	2.56	52.31	48.45	0.42	0.18	0.39	1.22	2.17	0.98	1.32	1.45	1.00	1.76	1.11	1.99	115.4725	1.58
2017-08-24	2.52	51.73	47.24	0.44	0.18	0.36	1.23	2.19	0.98	1.33	1.47	1.02	1.78	1.11	2.01	115.4341	1.60
2017-08-25	2.53	51.87	47.65	0.42	0.20	0.39	1.23	2.17	0.99	1.35	1.47	1.03	1.77	1.11	2.00	115.0783	1.57
2017-08-28	2.53	51.87	46.40	0.41	0.18	0.37	1.24	2.16	0.99	1.33	1.46	0.98	1.74	1.12	1.99	115.1860	1.56
2017-08-29	2.53	51.64	46.46	0.39	0.16	0.36	1.23	2.13	0.96	1.33	1.43	1.03	1.70	1.13	1.96	115.2259	1.54
2017-08-30	2.52	51.91	45.96	0.39	0.15	0.31	1.23	2.15	0.96	1.33	1.44	1.03	1.72	1.11	1.97	115.0383	1.57
2017-08-31	2.54	52.69	47.26	0.36	0.12	0.31	1.23	2.12	0.95	1.33	1.44	1.01	1.70	1.08	1.95	115.0441	1.58
2017-09-01	2.51	53.15	47.32	0.37	0.10	0.24	1.24	2.16	0.96	1.35	1.46	1.02	1.73	1.10	1.99	114.7634	1.63
2017-09-04	2.51	52.60	.	.	.	.	.	.	.	.	.	.	.	.	.	.	.
2017-09-05	2.55	53.63	48.63	0.30	0.07	0.27	1.23	2.07	1.30	1.30	1.40	1.03	1.65	1.13	1.90	114.7791	1.58
2017-09-06	2.51	54.48	49.13	0.32	0.09	0.29	1.24	2.10	1.04	1.30	1.42	1.07	1.69	1.17	1.93	114.5862	1.60
2017-09-07	2.53	54.16	49.10	0.26	0.02	0.20	1.21	2.05	0.98	1.27	1.38	1.05	1.63	1.15	1.88	114.0257	1.61
2017-09-08	2.51	54.55	47.44	0.25	0.01	0.20	1.22	2.06	0.96	1.27	1.39	1.04	1.64	1.14	1.89	114.0553	1.63
2017-09-11	2.48	54.20	48.06	0.31	0.08	0.29	1.24	2.14	0.97	1.32	1.44	1.05	1.71	1.16	1.96	114.2018	1.63
2017-09-12	2.46	55.06	48.21	0.33	0.08	0.27	1.27	2.17	0.99	1.33	1.46	1.03	1.75	1.16	1.99	114.4657	1.67
2017-09-13	2.44	55.52	49.30	0.35	0.10	0.29	1.27	2.20	0.99	1.35	1.48	1.04	1.78	1.16	2.01	114.6337	1.68
2017-09-14	2.44	56.76	49.86	0.35	0.09	0.28	1.28	2.20	0.99	1.37	1.50	1.05	1.79	1.17	2.01	114.5992	1.70
2017-09-15	2.42	56.18	49.90	0.35	0.09	0.28	1.30	2.20	0.98	1.39	1.53	1.05	1.81	1.17	2.04	114.4875	1.72
2017-09-18	2.40	55.50	49.88	0.36	0.09	0.27	1.30	2.23	0.96	1.40	1.54	1.05	1.83	1.18	2.06	114.7599	1.74
2017-09-19	2.40	56.58	49.54	0.37	0.10	0.28	1.31	2.24	0.97	1.40	1.55	1.04	1.84	1.19	2.07	114.8257	1.74
2017-09-20	2.38	57.20	50.29	0.43	0.18	0.36	1.32	2.28	0.98	1.45	1.60	1.04	1.89	1.20	2.12	114.5737	1.71
2017-09-21	2.39	57.73	50.58	0.44	0.19	0.37	1.31	2.27	0.99	1.45	1.59	1.04	1.89	1.19	2.11	115.0621	1.70
2017-09-22	2.38	58.16	50.33	0.42	0.17	0.37	1.30	2.26	0.97	1.46	1.58	1.03	1.88	1.19	2.10	114.8573	1.71
2017-09-25	2.41	59.42	51.85	0.38	0.13	0.33	1.30	2.22	0.97	1.44	1.56	1.05	1.85	1.19	2.07	115.4873	1.72
2017-09-26	2.39	59.77	51.59	0.40	0.15	0.35	1.31	2.24	0.96	1.45	1.57	1.06	1.87	1.19	2.08	115.8900	1.72
2017-09-27	2.38	58.74	52.14	0.44	0.17	0.38	1.33	2.31	0.99	1.47	1.60	1.07	1.91	1.20	2.14	116.2239	1.74
2017-09-28	2.38	58.80	51.62	0.44	0.16	0.37	1.31	2.31	0.97	1.45	1.59	1.06	1.89	1.18	2.13	116.5543	1.73
2017-09-29	2.35	57.02	51.67	0.49	0.24	0.46	1.31	2.33	0.96	1.47	1.62	1.06	1.92	1.20	2.16	116.2674	1.68
2017-09-30	2.31																
2017-10-02	2.30	55.67	50.59	0.51	0.21	0.39	1.31	2.34	0.95	1.49	1.63	1.01	1.94	1.22	2.17	116.4525	1.73
2017-10-03	2.29	56.12	50.44	0.49	0.24	0.46	1.32	2.33	1.01	1.47	1.62	1.07	1.92	1.21	2.15	116.4094	1.68
2017-10-04	2.27	56.00	50.00	0.48	0.19	0.39	1.33	2.33	1.00	1.47	1.62	1.08	1.92	1.21	2.15	116.2961	1.73
2017-10-05	2.26	57.09	50.79	0.49	0.20	0.39	1.35	2.35	1.02	1.49	1.63	1.07	1.94	1.21	2.17	116.4641	1.74
2017-10-06	2.26	55.50	49.34	0.50	0.19	0.35	1.35	2.37	1.03	1.54	1.66	1.07	1.97	1.22	2.20	116.9276	1.78
2017-10-09	2.26	55.29	49.58	.	.	.	.	.	.	.	.	.	.	.	.	.	.
2017-10-10	2.26	56.62	50.93	0.47	0.20	0.39	1.42	2.35	1.03	1.51	1.64	1.08	1.95	1.26	2.18	116.5637	1.75
2017-10-11	2.26	56.13	51.30	0.46	0.20	0.39	1.40	2.35	1.04	1.51	1.66	1.10	1.95	1.25	2.17	116.6569	1.75
2017-10-12	2.26	56.13	50.61	0.44	0.16	0.33	1.41	2.33	0.99	1.51	1.66	1.09	1.95	1.27	2.16	116.7143	1.79
2017-10-13	2.28	56.86	51.43	0.43	0.20	0.35	1.39	2.28	0.97	1.51	1.64	1.09	1.91	1.26	2.12	116.7555	1.71
2017-10-16	2.25	57.49	51.86	0.46	0.29	0.43	1.42	2.30	0.97	1.54	1.68	1.10	1.95	1.24	2.15	117.1440	1.66
2017-10-17	2.24	57.63	51.87	0.48	0.28	0.41	1.41	2.30	0.99	1.54	1.69	1.09	1.97	1.25	2.15	117.3799	1.69
2017-10-18	2.22	58.05	52.05	0.50	0.30	0.47	1.42	2.34	0.99	1.59	1.70	1.09	1.99	1.24	2.19	117.2080	1.69
2017-10-19	2.22	57.82	51.29	0.49	0.32	0.46	1.41	2.33	0.99	1.58	1.69	1.10	1.98	1.25	2.18	116.9817	1.66
2017-10-20	2.21	57.89	51.63	0.52	0.27	0.43	1.43	2.39	0.99	1.60	1.72	1.11	2.03	1.27	2.24	117.3739	1.76
2017-10-23	2.23	57.69	51.91	0.52	0.32	0.48	1.42	2.38	1.00	1.58	1.70	1.09	2.01	1.25	2.22	117.6274	1.69
2017-10-24	2.21	57.84	52.32	0.55	0.32	0.50	1.43	2.42	1.00	1.60	1.73	1.12	2.05	1.27	2.26	117.8562	1.73
2017-10-25	2.21	58.45	51.97	0.56	0.32	0.51	1.43	2.44	1.01	1.61	1.74	1.12	2.06	1.27	2.28	117.7282	1.74
2017-10-26	2.21	58.75	52.41	0.57	0.31	0.47	1.43	2.46	0.99	1.63	1.76	1.11	2.07	1.29	2.30	117.6942	1.76
2017-10-27	2.23	60.15	53.92	0.54	0.27	0.44	1.42	2.42	0.98	1.59	1.73	1.10	2.03	1.28	2.26	118.0444	1.76
2017-10-30	2.24	60.65	54.11	0.50	0.23	0.41	1.42	2.37	0.97	1.58	1.71	1.12	2.00	1.24	2.22	117.9704	1.77
2017-10-31	2.25	61.35	54.36	0.50	0.22	0.38	1.43	2.38	0.99	1.60	1.73	1.15	2.01	1.28	2.23	117.7383	1.79
2017-11-01	2.25	60.98	54.32	0.49	0.30	0.46	1.46	2.37	1.06	1.61	1.74	1.18	2.01	1.30	2.22	117.5078	1.71
2017-11-02	2.27	60.79	54.55	0.48	0.21	0.37	1.46	2.35	1.02	1.61	1.73	1.17	2.00	1.29	2.21	117.2953	1.79
2017-11-03	2.29	61.42	55.63	0.48	0.25	0.41	1.49	2.34	1.02	1.63	1.74	1.18	1.99	1.31	2.19	117.8800	1.74
2017-11-06	2.30	64.27	57.34	0.46	0.22	0.38	1.50	2.32	1.03	1.61	1.73	1.19	1.99	1.30	2.17	117.5828	1.77
2017-11-07	2.32	64.36	57.19	0.44	0.19	0.34	1.49	2.32	1.05	1.63	1.75	1.22	1.99	1.33	2.17	117.8215	1.80
2017-11-08	2.33	63.96	56.82	0.45	0.24	0.39	1.53	2.32	1.05	1.65	1.77	1.23	2.01	1.35	2.19	117.5293	1.77
2017-11-09	2.34	64.49	57.16	0.46	0.21	0.36	1.53	2.33	1.07	1.63	1.75	1.24	2.01	1.36	2.20	117.6295	1.80
2017-11-10	2.33	64.35	56.75	0.52	0.28	0.45	1.54	2.40	1.06	1.67	1.79	1.23	2.06	1.37	2.27	.	1.78
2017-11-13	2.33	62.94	56.77	0.52	0.29	0.44	1.55	2.40	1.07	1.70	1.82	1.24	2.08	1.37	2.27	117.9169	1.79
2017-11-14	2.35	60.91	55.67	0.51	0.27	0.41	1.55	2.38	1.06	1.68	1.81	1.26	2.06	1.40	2.26	117.8385	1.79
2017-11-15	2.37	61.25	55.28	0.48	0.26	0.40	1.55	2.33	1.08	1.68	1.79	1.25	2.04	1.39	2.21	117.8216	1.78
2017-11-16	2.31	61.18	55.14	0.53	0.28	0.43	1.59	2.37	1.08	1.72	1.83	1.27	2.07	1.42	2.25	117.4545	1.79
2017-11-17	2.30	61.34	56.21	0.49	0.31	0.45	1.60	2.35	1.08	1.73	1.83	1.29	2.06	1.42	2.23	117.0593	1.75
2017-11-20	2.27	61.34	56.21	0.52	0.35	0.48	1.62	2.37	1.09	1.77	1.86	1.30	2.09	1.46	2.26	117.2692	1.74
2017-11-21	2.27	62.28	56.84	0.52	0.36	0.47	1.62	2.36	1.15	1.77	1.88	1.30	2.11	1.45	2.27	116.7859	1.75
2017-11-22	2.29	62.92	57.88	0.48	0.30	0.42	1.61	2.32	1.16	1.74	1.84	1.29	2.05	1.45	2.22	116.4187	1.75
2017-11-23	2.29	63.27	.	.	.	.	.	.	.	.	.	.	.	.	.	.	.
2017-11-24	2.27	63.58	58.94	0.50	0.36	0.49	1.61	2.34	1.14	1.75	1.85	1.29	2.07	1.45	2.23	116.0041	1.71
2017-11-27	2.26	63.25	58.10	0.49	0.37	0.46	1.62	2.32	1.15	1.74	1.84	1.27	2.06	1.41	2.21	116.0478	1.69
2017-11-28	2.25	63.56	57.96	0.50	0.38	0.48	1.61	2.34	1.16	1.75	1.85	1.30	2.07	1.46	2.24	116.0464	1.69
2017-11-29	2.25	63.74	57.25	0.53	0.40	0.52	1.61	2.37	1.17	1.78	1.86	1.29	2.09	1.45	2.27	115.9949	1.69
2017-11-30	2.19	63.53	57.40	0.56	0.41	0.52	1.62	2.42	1.14	1.78	1.90	1.27	2.14	1.44	2.31	116.3303	1.73
2017-12-01	2.22	64.57	58.35	0.51	0.41	0.50	1.62	2.37	1.14	1.78	1.90	1.27	2.13	1.45	2.28	116.2652	1.72
2017-12-04	2.20	63.45	57.48	0.50	0.39	0.47	1.66	2.37	1.16	1.80	1.93	1.29	2.15	1.45	2.29	116.3556	1.76
2017-12-05	2.19	63.45	57.66	0.50	0.46	0.48	1.64	2.36	1.21	1.83	1.94	1.30	2.15	1.48	2.28	116.4577	1.69
2017-12-06	2.21	62.25	55.79	0.47	0.37	0.44	1.68	2.33	1.18	1.78	1.92	1.30	2.11	1.48	2.25	116.8331	1.74
2017-12-07	2.21	62.37	56.50	0.50	0.40	0.49	1.67	2.37	1.16	1.80	1.92	1.29	2.14	1.47	2.29	116.9982	1.74
2017-12-08	2.22	63.86	57.15	0.50	0.43	0.48	1.65	2.38	1.14	1.80	1.92	1.28	2.14	1.45	2.29	117.0568	1.71
2017-12-11	2.20	65.62	57.84	0.51	0.40	0.49	1.69	2.39	1.18	1.82	1.95	1.33	2.16	1.47	2.30	117.0136	1.76
2017-12-12	2.20	64.96	57.12	0.51	0.40	0.49	1.70	2.40	1.26	1.83	1.95	1.34	2.18	1.49	2.32	117.4638	1.78
2017-12-13	2.25	63.66	56.59	0.48	0.38	0.46	1.68	2.36	1.22	1.79	1.90	1.30	2.12	1.47	2.26	117.2614	1.74
2017-12-14	2.24	63.72	57.00	0.48	0.38	0.45	1.70	2.35	1.21	1.82	1.92	1.32	2.14	1.48	2.27	117.1694	1.76
2017-12-15	2.22	63.81	57.29	0.47	0.39	0.44	1.71	2.35	1.24	1.84	1.95	1.31	2.16	1.48	2.28	117.1044	1.77
2017-12-18	2.21	64.45	57.17	0.50	0.46	0.48	1.70	2.39	1.26	1.84	1.94	1.38	2.17	1.51	2.30	116.8885	1.71
2017-12-19	2.18	63.69	57.49	0.55	0.49	0.53	1.71	2.46	1.25	1.87	1.97	1.37	2.23	1.51	2.37	117.1694	1.74
2017-12-20	2.17	64.43	58.09	0.57	0.50	0.56	1.72	2.49	1.22	1.87	1.98	1.38	2.24	1.51	2.40	116.9382	1.74
2017-12-21	2.18	64.64	58.34	0.55	0.42	0.50	1.73	2.48	1.21	1.89	2.01	1.35	2.26	1.54	2.39	117.2500	1.84
2017-12-22	2.17	64.61	58.25	0.54	0.44	0.51	1.73	2.48	1.15	1.91	2.01	1.33	2.26	1.54	2.40	117.5377	1.82
2017-12-25	.	.	.	.	.	.	.	.	.	.	.	.	.	.	.	.	.
2017-12-26	2.17	.	59.55	0.53	0.49	0.51	1.75	2.47	1.24	1.92	2.02	1.47	2.25	1.52	2.38	117.5551	1.76
2017-12-27	2.20	66.03	59.67	0.48	0.40	0.47	1.75	2.42	1.18	1.89	1.99	1.44	2.22	1.53	2.34	117.5959	1.82
2017-12-28	2.17	66.80	59.84	0.47	0.37	0.43	1.76	2.43	1.19	1.91	2.00	1.39	2.23	1.54	2.36	117.3908	1.86
2017-12-29	2.19	66.73	60.46	0.44	0.34	0.40	1.76	2.40	1.28	1.89	1.98	1.39	2.20	1.53	2.33	117.0409	1.86
2017-12-31	2.10																
2018-01-01	.	.	.	.	.	.	.	.	.	.	.	.	.	.	.	.	.
2018-01-02	2.06	66.65	60.37	0.46	0.35	0.42	1.83	2.46	1.29	1.92	2.01	1.44	2.25	1.61	2.38	116.4089	1.90
2018-01-03	2.05	67.85	61.61	0.46	0.38	0.44	1.81	2.44	1.29	1.94	2.02	1.41	2.25	1.59	2.37	116.2351	1.87
2018-01-04	2.03	68.73	61.98	0.45	0.35	0.41	1.82	2.46	1.28	1.96	2.05	1.41	2.27	1.60	2.38	115.9476	1.92
2018-01-05	2.01	68.01	61.49	0.46	0.34	0.41	1.80	2.47	1.27	1.96	2.06	1.39	2.29	1.58	2.40	115.8742	1.95
2018-01-08	2.00	68.48	61.73	0.47	0.38	0.45	1.79	2.49	1.30	1.96	2.07	1.45	2.29	1.60	2.41	116.0121	1.91
2018-01-09	1.98	69.08	62.92	0.52	0.38	0.46	1.78	2.55	1.27	1.98	2.09	1.44	2.33	1.60	2.46	116.4036	1.95
2018-01-10	2.00	69.79	63.60	0.52	0.38	0.47	1.78	2.55	1.31	1.98	2.08	1.42	2.32	1.59	2.47	116.0776	1.94
2018-01-11	2.00	70.36	63.81	0.54	0.43	0.51	1.77	2.54	1.32	1.98	2.09	1.43	2.32	1.58	2.46	116.0572	1.89
2018-01-12	1.98	69.64	64.22	0.54	0.43	0.51	1.78	2.55	1.31	1.99	2.12	1.43	2.35	1.59	2.48	115.3757	1.92
2018-01-15	1.98	70.31	.	.	.	.	.	.	.	.	.	.	.	.	.	.	.
2018-01-16	1.97	69.40	63.82	0.51	0.42	0.48	1.79	2.54	1.33	2.03	2.12	1.45	2.36	1.63	2.48	115.0394	1.94
2018-01-17	1.96	69.19	63.92	0.53	0.49	0.51	1.79	2.57	1.31	2.05	2.15	1.44	2.39	1.63	2.51	114.6334	1.90
2018-01-18	1.96	69.48	63.96	0.57	0.44	0.53	1.79	2.62	1.29	2.05	2.17	1.45	2.43	1.63	2.55	114.5599	1.99
2018-01-19	1.96	68.56	63.38	0.58	0.45	0.53	1.79	2.64	1.28	2.06	2.20	1.44	2.45	1.62	2.57	114.2750	2.00
2018-01-22	1.95	69.32	63.66	0.60	0.46	0.55	1.79	2.66	1.27	2.08	2.21	1.44	2.46	1.65	2.59	114.5582	2.00
2018-01-23	1.96	69.81	64.45	0.57	0.51	0.56	1.78	2.63	1.26	2.06	2.18	1.44	2.43	1.63	2.55	114.6331	1.92
2018-01-24	1.94	69.91	65.69	0.58	0.47	0.57	1.79	2.65	1.25	2.08	2.20	1.43	2.43	1.63	2.57	113.8548	1.96
2018-01-25	1.95	71.08	65.62	0.56	0.50	0.55	1.80	2.63	1.23	2.08	2.20	1.42	2.41	1.64	2.55	113.2888	1.91
2018-01-26	1.91	70.08	66.27	0.57	0.54	0.57	1.80	2.66	1.24	2.13	2.24	1.41	2.47	1.64	2.60	113.4213	1.93
2018-01-29	1.93	68.41	65.71	0.61	0.57	0.61	1.80	2.70	1.28	2.11	2.26	1.44	2.49	1.66	2.63	113.7683	1.92
2018-01-30	1.92	67.78	64.64	0.63	0.54	0.63	1.88	2.73	1.49	2.13	2.27	1.44	2.51	1.66	2.65	113.9901	1.97
2018-01-31	1.93	67.78	64.82	0.61	0.54	0.60	1.90	2.72	1.43	2.14	2.29	1.46	2.52	1.66	2.66	113.5594	1.98
2018-02-01	1.92	68.60	65.92	0.67	0.63	0.67	1.89	2.78	1.41	2.16	2.33	1.48	2.56	1.64	2.72	113.2193	1.93
2018-02-02	1.91	67.45	65.50	0.70	0.65	0.70	1.88	2.84	1.40	2.15	2.33	1.48	2.58	1.65	2.76	113.8432	1.93
2018-02-05	2.00	67.69	64.18	0.67	0.55	0.65	1.85	2.77	1.40	2.08	2.25	1.51	2.50	1.67	2.68	113.8950	1.95
2018-02-06	2.01	66.75	63.48	0.69	0.64	0.69	1.87	2.79	1.48	2.10	2.30	1.52	2.52	1.69	2.70	114.0632	1.88
2018-02-07	1.95	65.74	61.91	0.74	0.67	0.73	1.91	2.84	1.36	2.15	2.33	1.55	2.57	1.73	2.75	113.9327	1.90
2018-02-08	2.00	64.26	61.30	0.76	0.68	0.76	1.91	2.85	1.32	2.13	2.32	1.55	2.57	1.73	2.76	114.9497	1.89
2018-02-09	2.11	63.04	59.20	0.78	0.69	0.77	1.89	2.83	1.31	2.05	2.26	1.55	2.52	1.73	2.72	114.7984	1.83
2018-02-12	2.07	62.20	59.41	0.79	0.72	0.79	1.93	2.86	1.35	2.09	2.30	1.62	2.56	1.82	2.77	114.4462	1.84
2018-02-13	2.08	61.94	59.33	0.78	0.66	0.77	1.95	2.83	1.34	2.10	2.30	1.59	2.54	1.80	2.74	114.4972	1.88
2018-02-14	2.04	62.29	60.70	0.82	0.74	0.82	1.98	2.91	1.32	2.17	2.40	1.58	2.65	1.81	2.84	114.2500	1.91
2018-02-15	2.05	62.86	61.48	0.79	0.65	0.76	1.99	2.90	1.30	2.19	2.40	1.58	2.65	1.82	2.83	113.9054	2.00
2018-02-16	2.03	64.30	61.89	0.78	0.63	0.75	2.00	2.87	1.35	2.21	2.38	1.62	2.63	1.83	2.81	113.8563	2.00
2018-02-19	2.03	64.95	.	.	.	.	.	.	.	.	.	.	.	.	.	.	.
2018-02-20	2.03	64.68	61.91	0.78	0.61	0.72	2.01	2.88	1.39	2.25	2.40	1.66	2.65	1.87	2.81	114.2715	2.04
2018-02-21	2.00	64.81	61.73	0.82	0.63	0.75	2.03	2.94	1.40	2.26	2.44	1.64	2.69	1.85	2.86	114.3704	2.06
2018-02-22	2.04	66.12	62.72	0.81	0.60	0.72	2.02	2.92	1.34	2.25	2.42	1.63	2.66	1.84	2.84	114.4467	2.06
2018-02-23	2.06	67.04	63.52	0.76	0.58	0.70	2.02	2.88	1.38	2.25	2.39	1.64	2.62	1.85	2.79	114.1282	2.04
2018-02-26	2.05	67.96	63.81	0.73	0.53	0.65	2.03	2.86	1.39	2.22	2.37	1.66	2.60	1.87	2.77	114.0795	2.07
2018-02-27	2.01	67.59	62.94	0.77	0.58	0.69	2.08	2.90	1.49	2.27	2.43	1.66	2.67	1.87	2.83	114.5157	2.09
2018-02-28	2.06	66.08	61.43	0.75	0.61	0.71	2.07	2.87	1.50	2.25	2.42	1.65	2.65	1.86	2.80	114.7158	2.04
2018-03-01	2.11	64.23	60.98	0.71	0.55	0.66	2.05	2.81	1.50	2.22	2.36	1.63	2.58	1.85	2.74	114.8476	2.03
2018-03-02	2.08	64.26	61.19	0.74	0.60	0.73	2.06	2.86	1.50	2.25	2.40	1.65	2.63	1.86	2.79	.	2.03
2018-03-05	2.06	65.78	62.49	0.75	0.60	0.73	2.06	2.88	1.53	2.24	2.41	1.70	2.65	1.86	2.81	114.8036	2.05
2018-03-06	2.06	65.67	62.54	0.76	0.55	0.68	2.06	2.88	1.56	2.25	2.42	1.68	2.65	1.87	2.81	114.1961	2.10
2018-03-07	2.07	65.09	61.09	0.76	0.55	0.68	2.05	2.89	1.57	2.25	2.42	1.68	2.65	1.87	2.81	114.4796	2.10
2018-03-08	2.08	63.87	60.13	0.75	0.55	0.68	2.05	2.86	1.57	2.25	2.42	1.67	2.63	1.89	2.79	114.5643	2.08
2018-03-09	2.07	65.19	62.02	0.78	0.69	0.77	2.03	2.90	1.57	2.27	2.45	1.67	2.65	1.89	2.82	114.1430	1.96
2018-03-12	2.09	64.53	61.35	0.77	0.62	0.74	2.05	2.87	1.60	2.27	2.43	1.71	2.64	1.89	2.79	114.1935	2.02
2018-03-13	2.10	64.20	60.69	0.75	0.57	0.69	2.03	2.84	1.64	2.26	2.41	1.73	2.62	1.90	2.77	113.9410	2.05
2018-03-14	2.12	63.61	60.89	0.74	0.57	0.69	2.05	2.81	1.71	2.26	2.41	1.76	2.61	1.94	2.75	114.0356	2.04
2018-03-15	2.11	63.67	61.16	0.74	0.55	0.66	2.07	2.82	1.70	2.29	2.42	1.77	2.62	1.95	2.76	114.3212	2.07
2018-03-16	2.11	64.68	62.29	0.77	0.60	0.71	2.08	2.85	1.71	2.31	2.44	1.78	2.65	1.96	2.78	114.4690	2.05
2018-03-19	2.14	64.82	62.01	0.77	0.61	0.72	2.08	2.85	1.70	2.31	2.45	1.80	2.65	1.99	2.78	114.5495	2.04
2018-03-20	2.13	66.00	63.37	0.81	0.64	0.74	2.08	2.89	1.76	2.34	2.49	1.81	2.69	1.97	2.82	114.6060	2.05
2018-03-21	2.14	68.15	65.10	0.80	0.73	0.80	2.06	2.89	1.71	2.31	2.46	1.74	2.69	1.95	2.82	.	1.96
2018-03-22	2.19	68.98	64.25	0.75	0.60	0.71	2.05	2.83	1.67	2.29	2.43	1.72	2.63	1.95	2.76	114.3067	2.03
2018-03-23	2.22	69.03	65.80	0.75	0.60	0.72	2.04	2.82	1.69	2.28	2.41	1.74	2.61	1.92	2.74	114.2529	2.01
2018-03-26	2.21	68.81	65.49	0.77	0.63	0.74	2.06	2.85	1.71	2.33	2.44	1.79	2.64	1.94	2.78	113.4357	2.01
2018-03-27	2.24	68.63	65.21	0.71	0.64	0.71	2.10	2.78	1.69	2.26	2.39	1.77	2.58	1.93	2.70	113.5255	1.94
2018-03-28	2.23	68.13	64.30	0.72	0.68	0.72	2.12	2.77	1.65	2.28	2.41	1.73	2.59	1.95	2.72	113.5221	1.91
2018-03-29	2.25	69.02	64.87	0.69	0.64	0.69	2.09	2.74	1.63	2.27	2.39	1.73	2.56	1.93	2.68	113.4027	1.92
2018-03-30	.	.	.	.	.	.	.	.	.	.	.	.	.	.	.	113.1524	.
2018-03-31	2.21																
2018-04-02	2.23	.	63.05	0.68	0.56	0.64	2.08	2.73	1.68	2.25	2.37	1.77	2.55	1.92	2.67	113.4417	1.99
2018-04-03	2.18	69.02	63.41	0.71	0.61	0.70	2.09	2.79	1.70	2.28	2.41	1.75	2.60	1.92	2.73	113.2897	1.99
2018-04-04	2.17	66.04	63.35	0.71	0.57	0.66	2.07	2.79	1.67	2.28	2.42	1.71	2.61	1.90	2.73	113.5449	2.04
2018-04-05	2.14	66.54	63.53	0.75	0.71	0.75	2.07	2.83	1.67	2.30	2.45	1.72	2.64	1.93	2.76	113.3530	1.93
2018-04-06	2.18	66.51	62.03	0.70	0.57	0.66	2.06	2.77	1.68	2.27	2.40	1.73	2.58	1.91	2.70	113.8253	2.01
2018-04-09	2.20	68.19	63.40	0.71	0.58	0.67	2.08	2.78	1.67	2.29	2.43	1.76	2.60	1.93	2.72	113.6685	2.02
2018-04-10	2.21	70.67	65.48	0.72	0.62	0.70	2.09	2.80	1.63	2.32	2.45	1.74	2.62	1.93	2.74	113.6206	2.00
2018-04-11	2.21	72.74	66.81	0.68	0.56	0.63	2.09	2.79	1.64	2.32	2.45	1.73	2.62	1.95	2.72	113.4332	2.06
2018-04-12	2.17	71.44	67.07	0.70	0.62	0.69	2.11	2.83	1.65	2.34	2.49	1.75	2.67	1.95	2.78	113.4871	2.05
2018-04-13	2.17	73.18	67.35	0.69	0.66	0.69	2.12	2.82	1.64	2.37	2.51	1.76	2.67	1.97	2.77	113.3119	2.01
2018-04-16	2.18	72.05	66.23	0.71	0.61	0.67	2.12	2.83	1.64	2.39	2.52	1.79	2.69	1.98	2.78	113.3020	2.08
2018-04-17	2.19	71.71	66.50	0.68	0.67	0.68	2.16	2.82	1.68	2.41	2.52	1.80	2.68	2.02	2.77	113.1826	2.01
2018-04-18	2.15	73.73	68.44	0.71	0.69	0.71	2.17	2.87	1.67	2.42	2.57	1.81	2.73	2.01	2.83	113.1730	2.04
2018-04-19	2.15	74.85	68.30	0.75	0.65	0.74	2.21	2.92	1.67	2.44	2.58	1.82	2.77	2.01	2.87	113.7731	2.12
2018-04-20	2.15	74.62	68.26	0.79	0.70	0.78	2.22	2.96	1.65	2.46	2.62	1.81	2.80	2.01	2.91	114.4905	2.10
2018-04-23	2.16	74.54	67.61	0.80	0.72	0.79	2.25	2.98	1.69	2.49	2.64	1.87	2.83	2.04	2.94	115.3181	2.11
2018-04-24	2.17	75.86	67.66	0.83	0.73	0.83	2.25	3.00	1.70	2.48	2.63	1.87	2.83	2.05	2.95	115.0517	2.10
2018-04-25	2.19	73.79	68.00	0.86	0.75	0.86	2.26	3.03	1.65	2.49	2.64	1.85	2.84	2.03	2.97	115.8077	2.09
2018-04-26	2.21	75.39	68.18	0.82	0.72	0.82	2.25	3.00	1.62	2.49	2.63	1.82	2.82	2.02	2.95	115.5751	2.10
2018-04-27	2.23	75.33	68.11	0.79	0.71	0.79	2.24	2.96	1.62	2.49	2.62	1.82	2.80	2.02	2.92	115.0721	2.09
2018-04-30	2.25	75.92	68.56	0.78	0.69	0.76	2.24	2.95	1.65	2.49	2.62	1.87	2.79	2.04	2.91	115.3018	2.10
2018-05-01	2.24	74.85	67.28	0.81	0.73	0.80	2.26	2.97	1.68	2.50	2.66	1.85	2.82	2.05	2.93	115.5107	2.09
2018-05-02	2.29	73.14	67.91	0.80	0.71	0.80	2.24	2.97	1.69	2.49	2.64	1.84	2.80	2.03	2.92	116.2724	2.09
2018-05-03	2.34	73.45	68.45	0.78	0.69	0.77	2.24	2.94	1.68	2.49	2.62	1.84	2.78	2.02	2.90	116.3274	2.09
2018-05-04	2.37	74.75	69.71	0.79	0.69	0.79	2.24	2.95	1.67	2.51	2.63	1.84	2.78	2.03	2.90	116.4098	2.09
2018-05-07	2.37	.	70.74	0.78	0.67	0.76	2.25	2.95	1.69	2.49	2.64	1.86	2.78	2.05	2.90	117.0158	2.11
2018-05-08	2.40	74.16	68.83	0.81	0.71	0.81	2.26	2.97	1.69	2.51	2.66	1.87	2.81	2.05	2.93	117.4409	2.10
2018-05-09	2.42	77.60	71.16	0.82	0.71	0.82	2.27	3.00	1.68	2.54	2.68	1.88	2.84	2.05	2.96	117.2799	2.13
2018-05-10	2.38	77.59	71.36	0.80	0.71	0.80	2.27	2.97	1.69	2.54	2.69	1.90	2.83	2.05	2.94	116.5951	2.12
2018-05-11	2.36	77.37	70.69	0.82	0.71	0.82	2.28	2.97	1.68	2.54	2.69	1.92	2.84	2.06	2.94	116.6990	2.13
2018-05-14	2.36	78.17	71.01	0.85	0.73	0.85	2.28	3.00	1.70	2.55	2.70	1.93	2.85	2.09	2.96	117.1153	2.12
2018-05-15	2.35	78.94	71.34	0.90	0.77	0.90	2.31	3.08	1.69	2.58	2.75	1.92	2.92	2.09	3.04	117.9190	2.15
2018-05-16	2.35	78.19	71.43	0.92	0.78	0.92	2.32	3.09	1.69	2.58	2.76	1.92	2.94	2.09	3.05	117.8755	2.16
2018-05-17	2.37	80.09	71.47	0.95	0.78	0.90	2.32	3.11	1.70	2.57	2.75	1.92	2.94	2.10	3.07	117.9836	2.16
2018-05-18	2.41	78.38	71.23	0.91	0.76	0.87	2.32	3.06	1.68	2.55	2.71	1.91	2.90	2.09	3.02	118.4660	2.14
2018-05-21	2.42	78.34	72.26	0.90	0.75	0.86	2.35	3.06	1.71	2.58	2.73	1.93	2.90	2.14	3.02	118.3404	2.15
2018-05-22	2.39	80.42	72.09	0.91	0.77	0.91	2.34	3.06	1.73	2.59	2.73	1.93	2.90	2.13	3.02	117.7150	2.13
2018-05-23	2.44	78.69	71.85	0.87	0.71	0.83	2.29	3.01	1.76	2.53	2.67	1.92	2.83	2.11	2.95	118.1129	2.12
2018-05-24	2.43	78.90	70.77	0.86	0.71	0.82	2.28	2.98	1.74	2.50	2.65	1.91	2.82	2.09	2.93	117.9418	2.11
2018-05-25	2.45	76.60	67.92	0.84	0.72	0.84	2.27	2.93	1.70	2.48	2.60	1.90	2.76	2.07	2.88	117.6834	2.04
2018-05-28	2.45	.	.	.	.	.	.	.	.	.	.	.	.	.	.	.	.
2018-05-29	2.56	74.51	66.80	0.73	0.60	0.71	2.17	2.77	1.77	2.32	2.43	1.93	2.58	2.06	2.71	118.3922	1.98
2018-05-30	2.52	75.89	68.24	0.78	0.67	0.78	2.23	2.84	1.77	2.42	2.53	1.94	2.67	2.08	2.79	118.2001	2.00
2018-05-31	2.61	76.45	66.98	0.76	0.65	0.75	2.23	2.83	1.76	2.40	2.54	1.93	2.68	2.08	2.78	118.6254	2.03
2018-06-01	2.60	74.54	65.81	0.80	0.68	0.76	2.28	2.89	1.74	2.47	2.61	1.92	2.74	2.10	2.85	118.3247	2.06
2018-06-04	2.58	73.41	64.76	0.82	0.72	0.81	2.30	2.94	1.77	2.52	2.64	1.94	2.78	2.13	2.89	118.4178	2.06
2018-06-05	2.59	72.91	65.51	0.79	0.71	0.79	2.32	2.92	1.82	2.49	2.62	1.94	2.76	2.13	2.87	119.0690	2.05
2018-06-06	2.57	73.23	64.75	0.83	0.75	0.83	2.32	2.97	1.81	2.52	2.65	1.95	2.81	2.13	2.93	118.7155	2.06
2018-06-07	2.62	75.23	65.96	0.80	0.69	0.76	2.31	2.93	1.78	2.50	2.63	1.94	2.77	2.12	2.88	119.3315	2.08
2018-06-08	2.60	75.11	65.77	0.82	0.71	0.78	2.30	2.93	1.78	2.50	2.63	1.93	2.77	2.12	2.88	119.3231	2.06
2018-06-11	2.61	74.58	66.10	0.83	0.72	0.78	2.32	2.96	1.82	2.52	2.66	1.94	2.80	2.11	2.91	119.3215	2.08
2018-06-12	2.62	74.86	66.38	0.83	0.74	0.80	2.31	2.96	1.81	2.54	2.67	1.92	2.81	2.10	2.91	119.4795	2.07
2018-06-13	2.60	75.07	66.63	0.86	0.76	0.82	2.35	2.98	1.82	2.59	2.71	1.94	2.85	2.09	2.95	119.5329	2.09
2018-06-14	2.62	74.77	66.91	0.82	0.74	0.78	2.35	2.94	1.81	2.59	2.69	1.94	2.81	2.07	2.90	119.7978	2.07
2018-06-15	2.64	72.02	65.01	0.81	0.73	0.77	2.35	2.93	1.82	2.55	2.68	1.94	2.81	2.07	2.89	120.3679	2.08
2018-06-18	2.66	74.87	65.91	0.80	0.72	0.77	2.35	2.92	1.84	2.56	2.67	1.94	2.80	2.13	2.89	120.4629	2.08
2018-06-19	2.70	74.92	65.09	0.77	0.70	0.74	2.34	2.89	1.85	2.54	2.64	1.94	2.77	2.13	2.84	120.5368	2.07
2018-06-20	2.68	74.25	65.92	0.81	0.74	0.78	2.36	2.93	1.85	2.56	2.67	1.94	2.80	2.14	2.89	120.2224	2.06
2018-06-21	2.69	72.87	65.68	0.79	0.72	0.76	2.34	2.90	1.85	2.56	2.65	1.94	2.77	2.12	2.86	120.5196	2.05
2018-06-22	2.67	73.67	69.02	0.78	0.70	0.75	2.33	2.90	1.83	2.56	2.65	1.93	2.77	2.11	2.86	120.0599	2.07
2018-06-25	2.69	72.82	69.91	0.77	0.69	0.74	2.34	2.87	1.80	2.54	2.63	1.93	2.75	2.13	2.83	120.3495	2.06
2018-06-26	2.70	73.58	75.23	0.76	0.68	0.72	2.33	2.88	1.79	2.53	2.63	1.93	2.75	2.14	2.84	120.2713	2.07
2018-06-27	2.73	76.09	77.41	0.72	0.64	0.69	2.33	2.83	1.79	2.52	2.59	1.93	2.71	2.10	2.79	120.9343	2.07
2018-06-28	2.74	76.26	73.45	0.74	0.66	0.70	2.33	2.84	1.76	2.52	2.60	1.93	2.73	2.11	2.81	120.8289	2.07
2018-06-29	2.75	77.44	74.13	0.74	0.67	0.71	2.33	2.85	1.77	2.52	2.63	1.93	2.73	2.11	2.81	120.3783	2.06
2018-06-30	2.76																
2018-07-02	2.76	76.71	73.89	0.73	0.68	0.72	2.34	2.87	1.90	2.57	2.65	1.98	2.75	2.14	2.83	121.6855	2.07
2018-07-03	2.78	75.87	74.19	0.71	0.64	0.68	2.33	2.83	1.91	2.53	2.63	1.98	2.72	2.12	2.79	120.4061	2.08
2018-07-04	2.78	76.99	.	.	.	.	.	.	.	.	.	.	.	.	.	.	.
2018-07-05	2.77	77.09	73.05	0.71	0.64	0.68	2.32	2.84	1.87	2.55	2.65	1.96	2.74	2.11	2.80	119.9806	2.10
2018-07-06	2.78	74.98	73.78	0.70	0.63	0.68	2.34	2.82	1.86	2.53	2.64	1.97	2.71	2.13	2.78	119.6024	2.08
2018-07-09	2.74	77.08	73.93	0.73	0.65	0.70	2.34	2.86	1.87	2.57	2.66	1.98	2.75	2.15	2.82	119.4859	2.10
2018-07-10	2.73	77.80	74.11	0.74	0.68	0.72	2.36	2.87	1.88	2.59	2.69	1.99	2.77	2.15	2.83	119.2663	2.09
2018-07-11	2.74	75.35	70.47	0.74	0.67	0.71	2.36	2.85	1.89	2.58	2.67	1.97	2.74	2.14	2.82	119.7066	2.07
2018-07-12	2.73	72.11	70.28	0.75	0.69	0.72	2.39	2.85	1.89	2.60	2.68	1.98	2.75	2.17	2.83	119.1880	2.06
2018-07-13	2.73	74.11	71.03	0.72	0.66	0.70	2.37	2.83	1.87	2.59	2.66	1.98	2.73	2.16	2.80	119.6301	2.07
2018-07-16	2.70	71.03	68.22	0.75	0.70	0.73	2.39	2.85	1.90	2.59	2.67	2.01	2.75	2.19	2.82	119.4916	2.05
2018-07-17	2.70	70.87	68.03	0.77	0.73	0.75	2.39	2.86	1.93	2.62	2.69	2.02	2.76	2.19	2.83	119.6311	2.03
2018-07-18	2.68	70.52	68.78	0.79	0.74	0.77	2.43	2.88	1.90	2.60	2.69	2.00	2.77	2.17	2.84	119.8091	2.03
2018-07-19	2.70	71.94	69.42	0.75	0.73	0.74	2.40	2.84	1.89	2.60	2.67	2.00	2.74	2.16	2.81	120.6173	2.01
2018-07-20	2.65	71.99	70.31	0.78	0.75	0.76	2.41	2.89	1.86	2.60	2.68	1.99	2.77	2.16	2.85	120.3776	2.02
2018-07-23	2.59	73.45	67.90	0.85	0.82	0.83	2.42	2.96	1.88	2.64	2.72	1.99	2.83	2.19	2.92	120.6231	2.01
2018-07-24	2.60	73.53	70.77	0.84	0.83	0.83	2.42	2.95	1.92	2.63	2.74	2.02	2.83	2.19	2.91	120.1109	2.00
2018-07-25	2.58	73.67	71.13	0.81	0.81	0.81	2.42	2.94	1.90	2.66	2.74	2.01	2.82	2.20	2.90	119.6965	2.01
2018-07-26	2.52	74.51	71.59	0.87	0.86	0.86	2.41	2.98	1.89	2.69	2.78	1.99	2.86	2.19	2.95	119.5942	2.00
2018-07-27	2.51	74.84	68.66	0.84	0.84	0.84	2.43	2.96	1.90	2.67	2.76	2.00	2.84	2.20	2.92	119.4936	2.00
2018-07-30	2.51	74.99	71.19	0.85	0.84	0.85	2.43	2.98	1.91	2.66	2.77	2.04	2.85	2.21	2.94	119.4502	2.01
2018-07-31	2.53	74.16	69.88	0.84	0.85	0.85	2.44	2.96	1.94	2.67	2.77	2.03	2.85	2.21	2.92	119.5244	2.00
2018-08-01	2.53	72.28	68.80	0.87	0.87	0.87	2.45	3.00	1.93	2.67	2.78	2.03	2.87	2.22	2.96	119.7105	2.00
2018-08-02	2.58	72.95	68.95	0.86	0.86	0.86	2.45	2.98	1.89	2.66	2.76	2.02	2.85	2.22	2.93	120.0004	1.99
2018-08-03	2.59	72.48	68.49	0.83	0.82	0.82	2.43	2.95	1.90	2.63	2.74	2.01	2.82	2.23	2.91	119.7430	2.00
2018-08-06	2.60	72.51	69.01	0.83	0.82	0.82	2.44	2.94	1.92	2.64	2.73	2.05	2.80	2.23	2.89	119.8669	1.98
2018-08-07	2.59	72.31	69.17	0.85	0.84	0.84	2.45	2.98	1.96	2.68	2.76	2.06	2.84	2.23	2.92	119.4929	2.00
2018-08-08	2.62	70.71	66.92	0.85	0.85	0.85	2.44	2.96	1.93	2.68	2.77	2.06	2.83	2.24	2.92	119.6761	1.98
2018-08-09	2.68	70.55	66.81	0.82	0.83	0.83	2.44	2.93	1.91	2.64	2.74	2.06	2.80	2.25	2.89	120.0901	1.97
2018-08-10	2.76	71.00	67.61	0.78	0.77	0.77	2.42	2.87	1.92	2.61	2.68	2.05	2.75	2.23	2.82	120.9821	1.98
2018-08-13	2.84	70.62	67.25	0.78	0.76	0.77	2.42	2.88	1.93	2.61	2.68	2.06	2.75	2.22	2.82	122.0690	1.99
2018-08-14	2.83	70.77	67.04	0.80	0.78	0.79	2.44	2.89	1.96	2.63	2.71	2.08	2.77	2.25	2.84	121.5000	1.99
2018-08-15	2.87	68.38	65.07	0.78	0.76	0.77	2.45	2.86	1.96	2.61	2.68	2.07	2.73	2.23	2.81	122.2934	1.97
2018-08-16	2.81	69.21	65.44	0.79	0.78	0.78	2.45	2.87	1.96	2.63	2.70	2.07	2.75	2.24	2.82	121.4994	1.97
2018-08-17	2.81	70.14	65.93	0.79	0.79	0.79	2.44	2.87	1.95	2.61	2.68	2.05	2.75	2.24	2.82	121.5931	1.96
2018-08-20	2.85	71.11	66.50	0.75	0.75	0.75	2.43	2.82	1.93	2.60	2.65	2.06	2.70	2.25	2.77	121.3775	1.95
2018-08-21	2.82	71.65	67.32	0.77	0.76	0.76	2.45	2.85	1.94	2.61	2.67	2.08	2.73	2.25	2.80	120.9797	1.97
2018-08-22	2.83	72.96	67.85	0.74	0.74	0.74	2.43	2.82	1.95	2.60	2.65	2.09	2.70	2.24	2.77	120.9638	1.96
2018-08-23	2.83	73.73	69.13	0.73	0.73	0.73	2.43	2.82	1.94	2.61	2.66	2.08	2.72	2.23	2.78	121.4281	1.99
2018-08-24	2.83	74.41	69.71	0.73	0.73	0.73	2.44	2.82	1.95	2.63	2.68	2.09	2.72	2.25	2.78	120.7761	1.99
2018-08-27	2.81	74.41	69.97	0.74	0.74	0.74	2.47	2.85	1.96	2.67	2.70	2.12	2.74	2.25	2.81	120.5040	2.00
2018-08-28	2.79	75.91	68.54	0.77	0.78	0.77	2.47	2.88	1.96	2.67	2.73	2.13	2.77	2.28	2.84	120.9558	1.99
2018-08-29	2.80	76.07	69.68	0.77	0.78	0.78	2.48	2.89	1.97	2.67	2.75	2.13	2.78	2.28	2.85	121.4619	2.00
2018-08-30	2.85	77.05	70.25	0.76	0.76	0.76	2.47	2.86	1.97	2.64	2.72	2.11	2.75	2.28	2.82	122.1374	1.99
2018-08-31	2.88	76.94	69.84	0.78	0.76	0.76	2.46	2.86	1.95	2.62	2.70	2.11	2.74	2.28	2.81	122.0951	1.98
2018-09-03	2.88	77.81	.	.	.	.	.	.	.	.	.	.	.	.	.	.	.
2018-09-04	2.89	77.51	69.82	0.80	0.79	0.79	2.49	2.90	2.00	2.66	2.73	2.13	2.78	2.29	2.85	122.6923	1.99
2018-09-05	2.89	76.68	68.69	0.81	0.79	0.80	2.49	2.90	2.00	2.66	2.72	2.14	2.77	2.30	2.85	122.7548	1.98
2018-09-06	2.89	75.67	67.81	0.80	0.79	0.80	2.50	2.88	1.98	2.64	2.71	2.13	2.76	2.30	2.83	122.6477	1.97
2018-09-07	2.84	75.55	67.73	0.84	0.84	0.84	2.53	2.94	1.98	2.71	2.78	2.14	2.82	2.30	2.89	122.3346	1.98
2018-09-10	2.86	76.77	67.55	0.84	0.85	0.85	2.54	2.94	1.98	2.73	2.78	2.14	2.83	2.32	2.89	122.7589	1.98
2018-09-11	2.84	78.22	69.29	0.86	0.86	0.86	2.55	2.98	2.02	2.76	2.83	2.15	2.87	2.31	2.94	122.7541	2.01
2018-09-12	2.85	80.02	70.37	0.85	0.85	0.85	2.56	2.97	2.01	2.74	2.82	2.16	2.87	2.33	2.93	122.2766	2.02
2018-09-13	2.82	77.66	68.60	0.87	0.89	0.88	2.55	2.97	2.01	2.76	2.83	2.15	2.87	2.33	2.93	121.8763	1.98
2018-09-14	2.77	77.87	68.98	0.89	0.90	0.90	2.56	2.99	2.02	2.78	2.85	2.16	2.90	2.33	2.96	122.0000	2.00
2018-09-17	2.76	78.22	68.86	0.89	0.90	0.89	2.57	2.99	2.02	2.78	2.85	2.16	2.89	2.35	2.96	121.9628	1.99
2018-09-18	2.74	79.25	69.87	0.92	0.93	0.92	2.58	3.05	2.05	2.81	2.88	2.17	2.94	2.36	3.01	121.7741	2.01
2018-09-19	2.73	79.43	71.08	0.93	0.94	0.94	2.58	3.08	2.03	2.81	2.89	2.16	2.96	2.36	3.04	121.5981	2.02
2018-09-20	2.70	79.03	70.77	0.92	0.94	0.93	2.58	3.07	2.03	2.81	2.89	2.17	2.96	2.37	3.03	121.6207	2.02
2018-09-21	2.68	78.90	70.80	0.92	0.93	0.93	2.58	3.07	2.05	2.81	2.89	2.18	2.95	2.38	3.03	121.4886	2.02
2018-09-24	2.66	80.89	73.23	0.92	0.93	0.93	2.60	3.08	2.07	2.83	2.89	2.22	2.96	2.38	3.04	121.6424	2.03
2018-09-25	2.65	82.21	73.40	0.94	0.94	0.94	2.59	3.10	2.12	2.83	2.91	2.21	2.99	2.38	3.06	121.9807	2.05
2018-09-26	2.65	81.87	72.22	0.92	0.92	0.92	2.58	3.06	2.11	2.83	2.89	2.20	2.96	2.37	3.02	121.7846	2.04
2018-09-27	2.61	81.54	72.18	0.91	0.92	0.92	2.58	3.06	2.10	2.83	2.89	2.18	2.96	2.37	3.02	121.6829	2.04
2018-09-28	2.61	82.72	73.16	0.91	0.91	0.91	2.59	3.05	2.12	2.81	2.88	2.19	2.94	2.36	3.01	121.3708	2.03
2018-09-30	2.63																
2018-10-01	2.63	84.94	75.37	0.95	0.92	0.93	2.60	3.09	2.13	2.82	2.90	2.23	2.96	2.40	3.04	121.3424	2.04
2018-10-02	2.63	85.63	75.16	0.93	0.91	0.92	2.61	3.05	2.14	2.82	2.88	2.23	2.94	2.41	3.01	121.3977	2.03
2018-10-03	2.57	85.45	76.40	0.99	0.95	0.96	2.62	3.15	2.15	2.85	2.94	2.23	3.02	2.41	3.10	121.6507	2.07
2018-10-04	2.61	86.07	74.44	1.03	0.99	1.01	2.63	3.19	2.16	2.87	2.97	2.22	3.05	2.42	3.14	122.5173	2.06
2018-10-05	2.61	85.12	74.26	1.07	1.02	1.04	2.64	3.23	2.15	2.88	2.99	2.23	3.07	2.41	3.18	122.2186	2.05
2018-10-08	2.61	84.22	74.27	.	.	.	.	.	.	.	.	.	.	.	.	.	.
2018-10-09	2.63	85.16	74.95	1.04	1.00	1.02	2.65	3.21	2.17	2.88	2.98	2.25	3.05	2.46	3.15	122.4216	2.05
2018-10-10	2.63	83.82	73.18	1.06	1.01	1.03	2.67	3.22	2.18	2.88	2.97	2.27	3.05	2.45	3.15	122.6244	2.04
2018-10-11	2.68	81.35	70.97	1.02	1.01	1.01	2.66	3.14	2.14	2.85	2.94	2.27	3.00	2.44	3.09	122.2308	1.99
2018-10-12	2.67	80.71	71.41	1.03	1.01	1.02	2.66	3.15	2.14	2.85	2.93	2.28	3.00	2.44	3.09	122.1675	1.99
2018-10-15	2.64	80.91	71.84	1.03	1.01	1.02	2.67	3.16	2.17	2.85	2.94	2.31	3.01	2.47	3.10	121.8558	2.00
2018-10-16	2.64	80.53	71.93	1.03	1.01	1.02	2.66	3.16	2.19	2.87	2.95	2.30	3.02	2.46	3.10	121.6051	2.01
2018-10-17	2.62	79.91	69.63	1.06	1.04	1.05	2.66	3.19	2.20	2.89	2.97	2.31	3.04	2.47	3.13	121.7443	2.00
2018-10-18	2.65	80.30	68.63	1.07	1.04	1.05	2.67	3.17	2.19	2.87	2.95	2.32	3.03	2.47	3.11	122.6289	1.99
2018-10-19	2.64	80.38	69.16	1.09	1.07	1.08	2.67	3.20	2.19	2.92	2.99	2.31	3.05	2.48	3.14	122.6080	1.98
2018-10-22	2.66	80.45	69.25	1.09	1.07	1.08	2.68	3.20	2.18	2.92	2.99	2.34	3.05	2.49	3.13	122.9619	1.98
2018-10-23	2.69	78.67	66.49	1.08	1.07	1.07	2.67	3.17	2.21	2.89	2.95	2.33	3.01	2.48	3.10	123.0914	1.94
2018-10-24	2.72	77.34	66.56	1.03	1.01	1.02	2.64	3.10	2.20	2.84	2.89	2.34	2.94	2.47	3.02	123.2509	1.93
2018-10-25	2.74	77.30	67.25	1.09	1.07	1.08	2.66	3.14	2.19	2.86	2.92	2.34	2.98	2.47	3.07	123.1563	1.91
2018-10-26	2.78	77.40	67.58	1.02	0.98	1.00	2.63	3.08	2.16	2.81	2.85	2.33	2.91	2.47	3.00	123.2436	1.93
2018-10-29	2.78	77.56	67.00	1.02	0.99	1.01	2.64	3.08	2.17	2.81	2.86	2.34	2.91	2.49	3.00	123.9003	1.92
2018-10-30	2.82	75.68	66.18	1.07	1.03	1.05	2.66	3.12	2.21	2.84	2.90	2.33	2.94	2.48	3.03	124.3733	1.91
2018-10-31	2.83	74.84	65.31	1.10	1.08	1.08	2.69	3.15	2.20	2.87	2.93	2.34	2.98	2.49	3.07	124.8833	1.90
2018-11-01	2.85	71.25	63.67	1.12	1.08	1.10	2.67	3.14	2.21	2.84	2.91	2.32	2.96	2.49	3.06	124.0828	1.88
2018-11-02	2.78	71.11	63.12	1.16	1.13	1.14	2.70	3.22	2.19	2.91	2.98	2.33	3.04	2.50	3.13	123.5092	1.91
2018-11-05	2.79	72.68	63.12	1.14	1.12	1.12	2.71	3.20	2.20	2.91	2.99	2.36	3.03	2.51	3.12	123.7499	1.91
2018-11-06	2.77	70.64	62.16	1.15	1.13	1.14	2.72	3.22	2.23	2.93	3.01	2.35	3.05	2.52	3.14	123.4983	1.92
2018-11-07	2.75	70.10	61.69	1.15	1.14	1.14	2.74	3.22	2.23	2.96	3.03	2.37	3.07	2.51	3.15	123.2405	1.93
2018-11-08	2.74	69.29	60.71	1.17	1.17	1.17	2.74	3.24	2.21	2.98	3.05	2.35	3.09	2.52	3.17	123.7587	1.92
2018-11-09	2.79	69.01	60.19	1.15	1.15	1.15	2.73	3.19	2.21	2.94	3.01	2.36	3.05	2.52	3.13	124.6527	1.90
2018-11-12	2.79	69.81	59.85	.	.	.	.	.	.	.	.	.	.	.	.	.	.
2018-11-13	2.85	65.45	55.63	1.12	1.11	1.11	2.72	3.14	2.24	2.89	2.95	2.38	2.99	2.53	3.07	124.9222	1.88
2018-11-14	2.88	64.88	56.16	1.12	1.10	1.11	2.71	3.12	2.24	2.86	2.92	2.38	2.95	2.52	3.04	124.6588	1.85
2018-11-15	2.91	65.61	56.45	1.11	1.09	1.10	2.70	3.11	2.20	2.86	2.91	2.37	2.94	2.51	3.02	124.3823	1.85
2018-11-16	2.96	65.29	56.49	1.06	1.02	1.04	2.68	3.08	2.21	2.81	2.85	2.36	2.90	2.50	2.99	124.0263	1.88
2018-11-19	2.99	64.14	57.16	1.07	1.02	1.04	2.66	3.06	2.23	2.79	2.82	2.38	2.87	2.52	2.97	124.3771	1.85
2018-11-20	3.04	61.50	53.39	1.09	1.06	1.07	2.67	3.06	2.23	2.79	2.83	2.39	2.88	2.51	2.97	124.4434	1.82
2018-11-21	3.04	61.65	54.41	1.09	1.08	1.08	2.67	3.06	2.25	2.81	2.84	2.41	2.89	2.52	2.98	124.0010	1.81
2018-11-22	3.04	61.11	.	.	.	.	.	.	.	.	.	.	.	.	.	.	.
2018-11-23	3.05	57.69	.	1.09	1.11	1.10	2.67	3.05	2.25	2.81	2.83	2.41	2.88	2.52	2.97	124.6783	1.77
2018-11-26	3.05	59.70	51.46	1.11	1.12	1.12	2.70	3.07	2.24	2.84	2.86	2.41	2.90	2.54	2.98	124.8805	1.78
2018-11-27	3.09	59.58	51.31	1.15	1.16	1.15	2.70	3.06	2.31	2.83	2.86	2.41	2.89	2.53	2.98	124.9090	1.73
2018-11-28	3.09	57.97	50.06	1.12	1.13	1.13	2.69	3.06	2.31	2.81	2.84	2.40	2.87	2.53	2.97	124.7953	1.74
2018-11-29	3.06	58.29	51.46	1.05	1.06	1.05	2.69	3.03	2.31	2.81	2.83	2.37	2.85	2.52	2.94	124.1377	1.79
2018-11-30	3.11	57.71	50.78	1.04	1.07	1.06	2.70	3.01	2.31	2.80	2.83	2.37	2.84	2.52	2.92	124.2862	1.77
2018-12-03	3.07	60.17	52.98	1.02	1.07	1.04	2.72	2.98	2.30	2.83	2.84	2.38	2.83	2.56	2.90	123.6004	1.76
2018-12-04	3.09	61.22	53.21	0.97	1.05	1.01	2.71	2.91	2.37	2.80	2.81	2.42	2.79	2.58	2.84	123.7850	1.74
2018-12-05	3.09	61.40	52.64	.	.	.	.	.	.	.	.	.	.	.	.	.	.
2018-12-06	3.14	57.83	51.54	0.97	1.06	1.02	2.70	2.87	2.36	2.75	2.76	2.41	2.75	2.56	2.80	124.2926	1.69
2018-12-07	3.16	61.71	52.76	0.96	1.02	0.99	2.68	2.85	2.32	2.72	2.72	2.40	2.70	2.54	2.77	123.9361	1.68
2018-12-10	3.15	60.29	51.07	0.99	1.06	1.02	2.69	2.85	2.32	2.72	2.73	2.41	2.71	2.54	2.77	124.6203	1.65
2018-12-11	3.13	59.73	51.65	1.06	1.13	1.09	2.70	2.89	2.28	2.78	2.78	2.41	2.75	2.55	2.81	124.4024	1.62
2018-12-12	3.11	59.94	51.04	1.08	1.15	1.11	2.70	2.91	2.30	2.77	2.78	2.43	2.77	2.56	2.84	123.8326	1.62
2018-12-13	3.09	59.03	52.69	1.08	1.13	1.10	2.69	2.91	2.36	2.75	2.76	2.43	2.75	2.56	2.83	124.0726	1.62
2018-12-14	3.10	58.56	51.26	1.07	1.13	1.10	2.68	2.89	2.36	2.73	2.72	2.42	2.73	2.56	2.81	124.4854	1.60
2018-12-17	3.11	57.59	49.80	1.05	1.11	1.08	2.66	2.86	2.36	2.70	2.68	2.40	2.69	2.54	2.77	124.0574	1.58
2018-12-18	3.13	55.26	46.12	1.01	1.07	1.04	2.64	2.82	2.35	2.65	2.64	2.39	2.65	2.53	2.74	123.9806	1.58
2018-12-19	3.16	55.60	47.96	0.97	1.06	1.01	2.62	2.77	2.35	2.63	2.61	2.40	2.62	2.54	2.69	123.6628	1.56
2018-12-20	3.15	52.84	45.64	1.03	1.12	1.06	2.64	2.79	2.42	2.67	2.65	2.39	2.65	2.55	2.72	123.4726	1.53
2018-12-21	3.18	51.93	45.38	1.02	1.09	1.04	2.62	2.79	2.41	2.63	2.61	2.39	2.64	2.54	2.72	123.6863	1.55
2018-12-24	3.22	.	.	0.99	1.06	1.01	2.61	2.74	2.42	2.55	2.56	2.45	2.58	2.52	2.66	123.6771	1.52
2018-12-25	.	.	.	.	.	.	.	.	.	.	.	.	.	.	.	.	.
2018-12-26	3.18	.	46.04	1.04	1.10	1.08	2.61	2.81	2.41	2.61	2.60	2.44	2.67	2.54	2.74	123.5600	1.57
2018-12-27	3.23	51.49	44.48	1.03	1.07	1.05	2.58	2.77	2.43	2.56	2.55	2.41	2.60	2.49	2.68	123.0372	1.53
2018-12-28	3.23	50.57	45.15	0.99	1.04	1.01	2.57	2.72	2.39	2.52	2.50	2.40	2.56	2.48	2.63	122.8539	1.52
2018-12-31	3.28	.	.	0.98	1.00	0.99	2.63	2.69	2.44	2.48	2.46	2.45	2.51	2.56	2.59	122.7108	1.51
2019-01-01	.	.	.	.	.	.	.	.	.	.	.	.	.	.	.	.	.
2019-01-02	3.28	54.06	46.31	0.96	1.00	0.98	2.60	2.66	2.40	2.50	2.47	2.42	2.49	2.51	2.56	122.6505	1.49
2019-01-03	3.35	53.23	46.92	0.88	0.88	0.88	2.50	2.56	2.42	2.39	2.35	2.41	2.37	2.47	2.44	122.6460	1.49
2019-01-04	3.23	55.64	47.76	0.91	0.91	0.91	2.57	2.67	2.40	2.50	2.47	2.42	2.49	2.51	2.56	122.0346	1.58
2019-01-07	3.17	57.10	48.27	0.92	0.92	0.92	2.58	2.70	2.42	2.53	2.51	2.45	2.53	2.54	2.60	121.6701	1.61
2019-01-08	3.12	56.91	49.58	0.91	0.92	0.91	2.60	2.73	2.40	2.58	2.57	2.46	2.58	2.54	2.63	121.8582	1.66
2019-01-09	3.10	59.46	52.19	0.91	0.89	0.90	2.59	2.74	2.40	2.56	2.54	2.45	2.57	2.52	2.64	121.3059	1.68
2019-01-10	3.08	60.47	52.42	0.93	0.91	0.91	2.59	2.74	2.42	2.56	2.54	2.43	2.56	2.51	2.63	121.0233	1.65
2019-01-11	3.09	59.24	51.44	0.88	0.86	0.86	2.58	2.71	2.41	2.55	2.51	2.43	2.52	2.50	2.60	120.8366	1.66
2019-01-14	3.09	58.80	50.31	0.90	0.89	0.88	2.57	2.71	2.42	2.53	2.51	2.45	2.53	2.52	2.60	.	1.64
2019-01-15	3.07	58.65	51.80	0.91	0.90	0.90	2.57	2.72	2.41	2.53	2.51	2.45	2.53	2.52	2.61	120.8775	1.63
2019-01-16	3.02	59.81	52.08	0.91	0.90	0.90	2.57	2.73	2.41	2.55	2.53	2.43	2.54	2.49	2.62	120.6583	1.64
2019-01-17	2.98	59.85	51.83	0.96	0.94	0.95	2.57	2.75	2.41	2.56	2.55	2.42	2.58	2.50	2.66	121.0292	1.64
2019-01-18	2.93	62.04	53.60	0.96	0.95	0.95	2.60	2.79	2.40	2.62	2.60	2.41	2.62	2.50	2.70	121.1613	1.67
2019-01-21	2.93	62.18	.	.	.	.	.	.	.	.	.	.	.	.	.	.	.
2019-01-22	2.96	60.90	52.59	0.95	0.94	0.94	2.59	2.74	2.38	2.58	2.55	2.43	2.57	2.51	2.65	121.4809	1.63
2019-01-23	2.92	61.05	52.44	0.96	0.95	0.95	2.59	2.76	2.37	2.58	2.57	2.41	2.59	2.51	2.66	121.2931	1.64
2019-01-24	2.92	61.09	52.94	0.95	0.93	0.94	2.58	2.72	2.38	2.56	2.54	2.37	2.55	2.50	2.62	121.0077	1.62
2019-01-25	2.88	61.49	53.53	0.97	0.95	0.95	2.60	2.76	2.36	2.60	2.58	2.39	2.59	2.51	2.66	120.5398	1.64
2019-01-28	2.87	59.71	51.79	0.97	0.96	0.96	2.60	2.75	2.39	2.60	2.58	2.42	2.58	2.51	2.65	120.7660	1.62
2019-01-29	2.90	60.98	53.07	0.94	0.93	0.93	2.60	2.72	2.39	2.56	2.54	2.42	2.55	2.51	2.61	120.5891	1.62
2019-01-30	2.92	61.89	54.18	0.86	0.81	0.83	2.57	2.70	2.40	2.52	2.49	2.42	2.49	2.50	2.58	120.7270	1.68
2019-01-31	2.89	62.46	53.84	0.78	0.73	0.75	2.55	2.63	2.42	2.45	2.43	2.41	2.43	2.46	2.51	120.1478	1.70
2019-02-01	2.82	61.86	55.29	0.82	0.79	0.80	2.56	2.70	2.41	2.52	2.50	2.40	2.51	2.46	2.59	120.6264	1.72
2019-02-04	2.80	62.26	54.57	0.86	0.81	0.83	2.57	2.73	2.41	2.53	2.52	2.42	2.53	2.49	2.62	120.5173	1.72
2019-02-05	2.78	61.67	53.69	0.84	0.79	0.81	2.56	2.71	2.39	2.53	2.50	2.42	2.51	2.50	2.60	120.5796	1.72
2019-02-06	2.76	62.22	53.94	0.84	0.79	0.81	2.56	2.70	2.40	2.52	2.50	2.42	2.50	2.50	2.59	120.6988	1.71
2019-02-07	2.82	61.01	52.68	0.81	0.77	0.79	2.55	2.65	2.43	2.48	2.46	2.42	2.46	2.49	2.54	120.7672	1.69
2019-02-08	2.83	61.37	52.75	0.81	0.75	0.77	2.54	2.63	2.43	2.45	2.43	2.43	2.44	2.49	2.53	120.7801	1.69
2019-02-11	2.81	61.30	52.43	0.83	0.78	0.80	2.55	2.65	2.44	2.48	2.47	2.45	2.47	2.51	2.56	121.4379	1.69
2019-02-12	2.79	62.58	53.14	0.85	0.78	0.81	2.55	2.68	2.42	2.50	2.48	2.43	2.49	2.50	2.58	121.1101	1.71
2019-02-13	2.76	63.27	53.84	0.85	0.77	0.80	2.55	2.71	2.42	2.53	2.52	2.44	2.53	2.51	2.61	121.4241	1.76
2019-02-14	2.79	64.00	54.40	0.81	0.74	0.77	2.53	2.66	2.45	2.50	2.48	2.43	2.48	2.51	2.56	121.4741	1.74
2019-02-15	2.77	65.65	55.58	0.80	0.74	0.76	2.55	2.66	2.43	2.52	2.50	2.43	2.49	2.50	2.57	121.3638	1.75
2019-02-18	2.76	66.41	.	.	.	.	.	.	.	.	.	.	.	.	.	.	.
2019-02-19	2.74	65.86	56.12	0.78	0.71	0.73	2.54	2.65	2.44	2.50	2.47	2.45	2.47	2.52	2.55	120.9889	1.76
2019-02-20	2.73	66.82	56.90	0.76	0.68	0.71	2.54	2.65	2.41	2.50	2.47	2.45	2.47	2.51	2.55	.	1.79
2019-02-21	2.72	66.91	56.95	0.78	0.71	0.73	2.55	2.69	2.43	2.53	2.49	2.45	2.51	2.51	2.59	121.0296	1.80
2019-02-22	2.74	66.91	57.01	0.74	0.65	0.68	2.55	2.65	2.43	2.48	2.46	2.46	2.47	2.51	2.55	120.5991	1.82
2019-02-25	2.71	64.02	55.32	0.75	0.66	0.70	2.56	2.67	2.44	2.51	2.48	2.47	2.48	2.51	2.57	120.3121	1.82
2019-02-26	2.72	64.51	55.40	0.72	0.63	0.67	2.55	2.64	2.43	2.48	2.44	2.45	2.45	2.51	2.54	120.5404	1.82
2019-02-27	2.68	65.55	56.92	0.76	0.65	0.70	2.54	2.69	2.43	2.50	2.48	2.45	2.49	2.52	2.59	120.5525	1.84
2019-02-28	2.67	65.03	57.21	0.78	0.68	0.73	2.54	2.73	2.44	2.52	2.50	2.45	2.52	2.50	2.63	120.7865	1.84
2019-03-01	2.65	63.71	55.76	0.80	0.71	0.75	2.55	2.76	2.44	2.55	2.54	2.44	2.56	2.52	2.67	121.0745	1.85
2019-03-04	2.67	64.44	56.60	0.78	0.69	0.73	2.54	2.72	2.45	2.55	2.52	2.46	2.53	2.54	2.63	121.0477	1.84
2019-03-05	2.66	64.24	56.55	0.79	0.70	0.74	2.54	2.72	2.44	2.55	2.52	2.46	2.53	2.53	2.63	120.9831	1.83
2019-03-06	2.67	64.51	56.22	0.78	0.68	0.72	2.54	2.69	2.43	2.52	2.49	2.47	2.49	2.53	2.59	121.2369	1.81
2019-03-07	2.71	64.82	56.60	0.74	0.64	0.68	2.52	2.64	2.45	2.47	2.44	2.45	2.44	2.52	2.54	121.8383	1.80
2019-03-08	2.73	65.66	55.77	0.72	0.62	0.67	2.53	2.62	2.45	2.45	2.43	2.46	2.42	2.52	2.51	121.6717	1.80
2019-03-11	2.70	65.06	56.79	0.73	0.62	0.67	2.53	2.64	2.44	2.47	2.45	2.46	2.44	2.54	2.53	121.5378	1.82
2019-03-12	2.69	65.33	56.89	0.71	0.60	0.65	2.52	2.61	2.44	2.45	2.41	2.46	2.41	2.53	2.50	121.1165	1.81
2019-03-13	2.67	65.89	58.27	0.69	0.58	0.63	2.53	2.61	2.43	2.45	2.41	2.45	2.42	2.53	2.51	121.1717	1.84
2019-03-14	2.64	66.18	58.59	0.69	0.58	0.63	2.52	2.63	2.48	2.46	2.42	2.45	2.43	2.52	2.53	121.2343	1.85
2019-03-15	2.63	66.11	58.51	0.65	0.54	0.59	2.52	2.59	2.46	2.43	2.39	2.45	2.40	2.52	2.49	120.8907	1.86
2019-03-18	2.59	66.65	59.09	0.64	0.54	0.59	2.52	2.60	2.47	2.45	2.41	2.44	2.42	2.51	2.51	120.6104	1.88
2019-03-19	2.57	67.13	59.12	0.66	0.57	0.60	2.50	2.61	2.46	2.46	2.42	2.46	2.42	2.52	2.51	120.3825	1.85
2019-03-20	2.62	68.35	60.12	0.58	0.46	0.51	2.47	2.54	2.45	2.40	2.34	2.48	2.34	2.49	2.44	120.0954	1.88
2019-03-21	2.57	68.30	59.98	0.58	0.48	0.52	2.48	2.54	2.51	2.41	2.34	2.49	2.34	2.50	2.44	120.0735	1.86
2019-03-22	2.63	66.29	58.87	0.54	0.44	0.48	2.45	2.44	2.49	2.31	2.24	2.46	2.24	2.48	2.34	120.9982	1.80
2019-03-25	2.67	67.37	58.71	0.55	0.44	0.48	2.41	2.43	2.47	2.26	2.19	2.46	2.21	2.49	2.32	120.5569	1.77
2019-03-26	2.65	67.51	59.87	0.55	0.43	0.48	2.44	2.41	2.46	2.24	2.18	2.46	2.18	2.49	2.29	120.8620	1.75
2019-03-27	2.68	67.35	59.39	0.55	0.44	0.49	2.40	2.39	2.45	2.22	2.16	2.44	2.18	2.46	2.28	121.5939	1.74
2019-03-28	2.68	66.08	59.29	0.56	0.48	0.51	2.40	2.39	2.44	2.23	2.18	2.43	2.20	2.44	2.29	121.7103	1.72
2019-03-29	2.64	67.93	60.19	0.53	0.45	0.48	2.40	2.41	2.43	2.27	2.21	2.40	2.23	2.44	2.31	121.5029	1.78
2019-03-31	2.68																
2019-04-01	2.63	69.08	61.59	0.59	0.49	0.53	2.41	2.49	2.42	2.33	2.29	2.43	2.31	2.46	2.40	121.0561	1.82
2019-04-02	2.64	69.68	62.53	0.58	0.47	0.52	2.41	2.48	2.43	2.30	2.26	2.42	2.28	2.45	2.38	121.1537	1.81
2019-04-03	2.62	69.21	62.46	0.61	0.51	0.55	2.41	2.52	2.42	2.33	2.29	2.44	2.32	2.45	2.42	120.8420	1.81
2019-04-04	2.62	69.80	62.12	0.61	0.51	0.55	2.41	2.51	2.43	2.33	2.29	2.44	2.32	2.46	2.41	121.0023	1.81
2019-04-05	2.62	69.93	63.10	0.60	0.52	0.55	2.43	2.50	2.42	2.35	2.30	2.44	2.31	2.46	2.40	120.8467	1.79
2019-04-08	2.61	71.12	64.37	0.61	0.52	0.56	2.43	2.52	2.43	2.36	2.31	2.43	2.33	2.48	2.42	120.7111	1.81
2019-04-09	2.62	71.02	64.05	0.60	0.51	0.54	2.42	2.51	2.42	2.35	2.31	2.42	2.31	2.46	2.40	120.4934	1.80
2019-04-10	2.62	71.63	64.62	0.54	0.45	0.48	2.41	2.48	2.40	2.31	2.27	2.43	2.28	2.46	2.37	120.2865	1.83
2019-04-11	2.60	71.30	63.61	0.57	0.49	0.52	2.44	2.51	2.42	2.35	2.30	2.43	2.31	2.46	2.40	120.4302	1.82
2019-04-12	2.58	71.57	63.86	0.61	0.52	0.55	2.44	2.56	2.41	2.40	2.36	2.44	2.38	2.47	2.47	120.1183	1.86
2019-04-15	2.59	70.90	63.43	0.61	0.52	0.55	2.43	2.55	2.42	2.40	2.36	2.43	2.37	2.46	2.46	120.3268	1.85
2019-04-16	2.56	70.74	64.01	0.64	0.55	0.59	2.45	2.60	2.43	2.41	2.38	2.43	2.41	2.47	2.50	120.6458	1.86
2019-04-17	2.56	71.14	63.74	0.65	0.56	0.59	2.44	2.59	2.43	2.40	2.37	2.44	2.40	2.47	2.49	120.2894	1.84
2019-04-18	2.57	70.71	64.02	0.62	0.52	0.56	2.44	2.57	2.44	2.38	2.36	2.42	2.38	2.47	2.46	120.3100	1.86
2019-04-19	.	.	.	.	.	.	.	.	.	.	.	.	.	.	.	120.2869	.
2019-04-22	2.56	70.71	65.66	0.64	0.52	0.58	2.46	2.59	2.44	2.38	2.36	2.44	2.39	2.47	2.49	120.5339	1.87
2019-04-23	2.57	74.39	66.24	0.62	0.49	0.55	2.43	2.57	2.43	2.36	2.34	2.45	2.36	2.46	2.46	120.8928	1.87
2019-04-24	2.59	73.59	65.96	0.57	0.45	0.50	2.42	2.53	2.42	2.32	2.28	2.44	2.32	2.46	2.41	121.2371	1.87
2019-04-25	2.59	74.94	65.23	0.56	0.47	0.51	2.42	2.54	2.43	2.33	2.29	2.43	2.33	2.46	2.42	121.6265	1.86
2019-04-26	2.60	71.03	63.29	0.54	0.43	0.48	2.41	2.51	2.42	2.28	2.25	2.42	2.29	2.46	2.39	121.2082	1.86
2019-04-29	2.58	71.22	63.39	0.58	0.46	0.51	2.42	2.54	2.45	2.30	2.27	2.44	2.32	2.47	2.42	121.3451	1.86
2019-04-30	2.61	72.19	63.83	0.56	0.43	0.49	2.39	2.51	2.43	2.27	2.24	2.43	2.28	2.46	2.39	121.3000	1.85
2019-05-01	2.59	72.01	63.55	0.59	0.48	0.53	2.39	2.52	2.42	2.31	2.28	2.43	2.31	2.44	2.41	120.9682	1.83
2019-05-02	2.58	70.56	61.75	0.66	0.56	0.60	2.41	2.55	2.44	2.35	2.32	2.47	2.34	2.46	2.44	121.6090	1.78
2019-05-03	2.58	71.95	61.98	0.63	0.53	0.57	2.41	2.54	2.42	2.33	2.30	2.43	2.33	2.46	2.43	121.2304	1.80
2019-05-06	2.61	71.95	62.30	0.60	0.49	0.54	2.39	2.51	2.43	2.31	2.27	2.44	2.30	2.46	2.40	121.4720	1.81
2019-05-07	2.63	70.98	61.41	0.58	0.49	0.53	2.37	2.45	2.44	2.28	2.24	2.43	2.25	2.46	2.35	121.8180	1.76
2019-05-08	2.62	71.09	62.13	0.62	0.53	0.57	2.37	2.49	2.42	2.30	2.26	2.43	2.28	2.45	2.38	121.7926	1.75
2019-05-09	2.65	70.61	61.58	0.60	0.52	0.55	2.36	2.45	2.43	2.26	2.22	2.43	2.25	2.46	2.34	122.5912	1.73
2019-05-10	2.66	71.63	61.65	0.59	0.51	0.54	2.36	2.47	2.42	2.26	2.23	2.43	2.26	2.45	2.37	122.1982	1.75
2019-05-13	2.70	72.35	60.97	0.55	0.45	0.49	2.32	2.40	2.41	2.18	2.15	2.41	2.18	2.42	2.28	122.8552	1.73
2019-05-14	2.71	72.53	61.82	0.56	0.45	0.50	2.32	2.42	2.41	2.20	2.17	2.41	2.20	2.43	2.30	122.6753	1.75
2019-05-15	2.73	73.09	62.03	0.54	0.41	0.47	2.30	2.37	2.40	2.16	2.12	2.42	2.15	2.43	2.25	122.5445	1.74
2019-05-16	2.69	74.70	62.93	0.56	0.43	0.48	2.33	2.40	2.40	2.20	2.15	2.40	2.18	2.43	2.28	122.6445	1.75
2019-05-17	2.70	73.94	62.77	0.58	0.46	0.51	2.33	2.39	2.39	2.20	2.15	2.39	2.17	2.42	2.27	123.2492	1.71
2019-05-20	2.70	73.21	63.12	0.60	0.50	0.54	2.34	2.41	2.39	2.21	2.17	2.39	2.21	2.42	2.30	123.1112	1.71
2019-05-21	2.67	72.94	63.02	0.60	0.51	0.54	2.36	2.43	2.37	2.26	2.20	2.39	2.23	2.42	2.33	122.9210	1.72
2019-05-22	2.69	71.94	61.42	0.60	0.51	0.54	2.37	2.39	2.36	2.23	2.17	2.38	2.19	2.41	2.28	122.8238	1.68
2019-05-23	2.77	68.37	57.65	0.58	0.49	0.52	2.32	2.31	2.38	2.12	2.08	2.37	2.11	2.40	2.20	122.8888	1.62
2019-05-24	2.72	67.98	58.40	0.56	0.50	0.52	2.33	2.32	2.37	2.16	2.10	2.35	2.12	2.39	2.22	122.8073	1.62
2019-05-27	2.72	.	.	.	.	.	.	.	.	.	.	.	.	.	.	.	.
2019-05-28	2.76	70.19	58.91	0.53	0.48	0.50	2.31	2.26	2.35	2.12	2.06	2.37	2.06	2.38	2.16	123.0859	1.58
2019-05-29	2.79	70.64	58.84	0.50	0.46	0.47	2.30	2.25	2.35	2.09	2.04	2.37	2.05	2.38	2.16	123.2571	1.59
2019-05-30	2.80	69.55	56.47	0.48	0.44	0.45	2.29	2.22	2.37	2.06	2.00	2.38	2.03	2.40	2.12	122.9326	1.59
2019-05-31	2.89	66.78	53.49	0.40	0.35	0.37	2.21	2.14	2.35	1.95	1.90	2.35	1.93	2.35	2.03	123.8213	1.58
2019-06-03	2.93	63.16	53.25	0.34	0.27	0.29	2.11	2.07	2.36	1.82	1.79	2.35	1.83	2.31	1.95	123.7582	1.56
2019-06-04	2.90	63.56	53.50	0.38	0.30	0.33	2.11	2.12	2.34	1.88	1.84	2.35	1.89	2.29	2.01	123.3299	1.59
2019-06-05	2.89	62.14	51.57	0.37	0.27	0.31	2.04	2.12	2.31	1.83	1.81	2.35	1.86	2.25	2.00	123.3043	1.59
2019-06-06	2.87	62.77	52.59	0.39	0.30	0.33	2.02	2.12	2.32	1.88	1.85	2.33	1.88	2.22	2.01	123.5624	1.58
2019-06-07	2.90	64.10	53.95	0.35	0.24	0.29	1.97	2.09	2.30	1.85	1.82	2.28	1.85	2.15	1.97	123.4370	1.61
2019-06-10	2.83	64.31	53.33	0.42	0.31	0.36	2.03	2.15	2.30	1.90	1.87	2.29	1.91	2.21	2.03	122.7882	1.60
2019-06-11	2.82	63.56	53.30	0.43	0.35	0.38	2.05	2.15	2.27	1.93	1.87	2.27	1.92	2.21	2.03	122.4953	1.57
2019-06-12	2.81	61.66	51.13	0.42	0.35	0.38	2.02	2.13	2.19	1.88	1.83	2.24	1.88	2.20	2.00	122.5366	1.53
2019-06-13	2.84	63.28	52.38	0.42	0.33	0.36	2.00	2.10	2.24	1.83	1.78	2.19	1.84	2.18	1.96	122.6656	1.51
2019-06-14	2.82	63.13	52.47	0.46	0.37	0.41	2.00	2.09	2.23	1.84	1.79	2.20	1.85	2.18	1.96	122.7413	1.48
2019-06-17	2.83	62.56	51.94	0.48	0.40	0.43	2.03	2.09	2.22	1.86	1.80	2.23	1.85	2.20	1.96	122.8645	1.45
2019-06-18	2.80	63.35	53.86	0.42	0.34	0.37	2.04	2.06	2.18	1.86	1.80	2.22	1.83	2.20	1.93	122.5011	1.49
2019-06-19	2.84	62.85	53.74	0.36	0.24	0.28	1.96	2.03	2.14	1.74	1.70	2.18	1.77	2.11	1.89	122.5813	1.53
2019-06-20	2.77	65.44	56.88	0.27	0.16	0.22	1.91	2.01	2.17	1.72	1.69	2.14	1.74	2.04	1.87	121.5128	1.58
2019-06-21	2.73	65.99	57.35	0.34	0.20	0.26	1.95	2.07	2.16	1.77	1.74	2.11	1.80	2.05	1.93	121.7799	1.60
2019-06-24	2.76	65.16	57.73	0.31	0.18	0.23	1.92	2.02	2.12	1.72	1.69	2.13	1.75	2.10	1.88	121.8654	1.57
2019-06-25	2.77	66.24	57.63	0.33	0.21	0.26	1.93	2.00	2.11	1.71	1.67	2.12	1.73	2.10	1.86	121.9355	1.52
2019-06-26	2.72	66.85	59.17	0.35	0.24	0.28	1.96	2.05	2.11	1.77	1.74	2.15	1.80	2.12	1.92	121.7836	1.56
2019-06-27	2.74	66.78	59.18	0.33	0.23	0.27	1.93	2.01	2.19	1.74	1.71	2.14	1.76	2.12	1.88	121.8727	1.53
2019-06-28	2.72	67.52	58.20	0.31	0.23	0.26	1.92	2.00	2.18	1.75	1.71	2.12	1.76	2.09	1.87	121.7886	1.53
2019-06-30	2.72																
2019-07-01	2.67	65.10	58.91	0.34	0.26	0.29	1.94	2.03	2.17	1.78	1.74	2.21	1.79	2.10	1.90	121.4669	1.53
2019-07-02	2.67	62.72	56.00	0.33	0.25	0.28	1.91	1.98	2.21	1.77	1.71	2.20	1.75	2.09	1.85	121.7097	1.50
2019-07-03	2.65	63.53	57.06	0.31	0.23	0.26	1.91	1.96	2.25	1.77	1.71	2.21	1.74	2.08	1.83	121.6923	1.51
2019-07-04	2.65	63.62	.	.	.	.	.	.	.	.	.	.	.	.	.	.	.
2019-07-05	2.58	64.23	.	0.35	0.29	0.31	1.98	2.04	2.26	1.87	1.82	2.23	1.84	2.14	1.93	121.7173	1.55
2019-07-08	2.60	64.89	57.35	0.35	0.31	0.32	1.99	2.05	2.23	1.88	1.84	2.26	1.86	2.14	1.94	121.5049	1.55
2019-07-09	2.60	64.30	57.57	0.36	0.32	0.33	2.00	2.07	2.22	1.92	1.88	2.26	1.88	2.15	1.96	121.5231	1.56
2019-07-10	2.63	66.41	60.28	0.33	0.23	0.27	1.93	2.07	2.18	1.82	1.79	2.20	1.82	2.07	1.93	121.9211	1.59
2019-07-11	2.57	67.64	59.93	0.36	0.25	0.30	1.97	2.13	2.17	1.85	1.84	2.17	1.88	2.08	1.99	121.5428	1.63
2019-07-12	2.60	66.65	59.99	0.35	0.24	0.28	1.96	2.12	2.16	1.84	1.81	2.14	1.86	2.07	1.98	121.5279	1.62
2019-07-15	2.60	66.86	59.30	0.32	0.23	0.26	1.95	2.09	2.17	1.83	1.80	2.16	1.84	2.06	1.96	121.3851	1.61
2019-07-16	2.57	65.87	57.44	0.33	0.25	0.28	2.00	2.13	2.16	1.87	1.84	2.15	1.88	2.06	2.00	121.6265	1.63
2019-07-17	2.62	63.67	56.50	0.31	0.23	0.26	1.95	2.06	2.13	1.83	1.80	2.14	1.83	2.04	1.94	121.5308	1.60
2019-07-18	2.65	60.70	55.08	0.25	0.18	0.20	1.90	2.04	2.11	1.77	1.74	2.05	1.78	2.01	1.89	121.5028	1.60
2019-07-19	2.64	61.04	55.42	0.25	0.20	0.22	1.94	2.05	2.11	1.80	1.77	2.06	1.80	2.03	1.91	121.5034	1.60
2019-07-22	2.64	61.96	55.87	0.26	0.21	0.23	1.95	2.05	2.13	1.80	1.77	2.09	1.80	2.08	1.92	121.6291	1.59
2019-07-23	2.62	62.28	56.58	0.27	0.22	0.24	1.97	2.08	2.12	1.83	1.79	2.06	1.83	2.09	1.94	121.8458	1.61
2019-07-24	2.62	63.83	55.90	0.26	0.23	0.24	1.98	2.05	2.10	1.83	1.79	2.10	1.82	2.08	1.93	121.7109	1.59
2019-07-25	2.57	63.47	55.88	0.28	0.25	0.26	1.99	2.08	2.16	1.86	1.83	2.10	1.85	2.08	1.95	121.7206	1.60
2019-07-26	2.57	62.46	56.04	0.30	0.28	0.29	2.00	2.08	2.13	1.86	1.83	2.12	1.85	2.10	1.95	121.8237	1.57
2019-07-29	2.57	62.29	56.85	0.29	0.27	0.28	1.98	2.06	2.12	1.85	1.81	2.12	1.84	2.10	1.93	121.9251	1.57
2019-07-30	2.57	62.55	58.04	0.28	0.26	0.27	1.97	2.06	2.07	1.85	1.82	2.08	1.84	2.07	1.93	121.8846	1.58
2019-07-31	2.58	64.07	58.53	0.26	0.28	0.27	2.00	2.02	2.01	1.89	1.84	2.08	1.84	2.10	1.92	121.7002	1.56
2019-08-01	2.72	62.90	53.64	0.20	0.21	0.20	1.88	1.90	2.11	1.73	1.67	2.07	1.68	2.04	1.77	122.3379	1.47
2019-08-02	2.72	61.12	55.67	0.20	0.21	0.20	1.85	1.86	2.11	1.72	1.67	2.06	1.66	2.02	1.75	123.0960	1.45
2019-08-05	2.84	59.32	54.63	0.15	0.16	0.16	1.78	1.75	2.07	1.59	1.55	2.05	1.55	1.99	1.63	124.5725	1.39
2019-08-06	2.86	58.63	53.60	0.11	0.13	0.12	1.80	1.73	2.05	1.60	1.54	2.05	1.53	2.00	1.62	124.5240	1.40
2019-08-07	2.86	55.03	51.14	0.09	0.14	0.11	1.75	1.71	2.02	1.59	1.51	2.02	1.52	1.95	1.60	124.9138	1.38
2019-08-08	2.82	56.29	52.60	0.07	0.11	0.09	1.79	1.72	2.09	1.62	1.54	2.02	1.54	1.96	1.62	124.2460	1.43
2019-08-09	2.79	57.37	54.41	0.08	0.13	0.10	1.78	1.74	2.05	1.63	1.58	2.00	1.57	1.95	1.65	124.3469	1.44
2019-08-12	2.93	57.13	54.98	0.04	0.10	0.07	1.75	1.65	2.09	1.58	1.51	2.00	1.49	1.94	1.56	124.9135	1.39
2019-08-13	2.90	59.90	57.05	0.05	0.13	0.09	1.86	1.68	2.05	1.66	1.60	2.00	1.57	1.96	1.62	124.5485	1.44
2019-08-14	3.00	57.86	55.16	0.02	0.15	0.09	1.79	1.59	1.98	1.58	1.53	1.96	1.51	1.92	1.55	124.9946	1.36
2019-08-15	3.04	57.37	54.51	-0.02	0.08	0.03	1.72	1.52	2.08	1.48	1.44	1.91	1.42	1.86	1.47	125.1013	1.34
2019-08-16	3.03	59.00	54.83	0.01	0.08	0.05	1.71	1.55	2.05	1.48	1.44	1.87	1.42	1.85	1.49	124.8083	1.34
2019-08-19	2.99	59.79	56.24	0.04	0.11	0.07	1.75	1.60	2.06	1.53	1.49	1.94	1.47	1.90	1.54	125.3783	1.36
2019-08-20	3.00	59.03	56.18	0.02	0.08	0.05	1.72	1.55	2.05	1.50	1.44	1.94	1.42	1.89	1.49	125.3105	1.34
2019-08-21	2.96	60.60	55.65	0.05	0.13	0.09	1.77	1.59	2.03	1.56	1.50	1.97	1.47	1.90	1.54	125.0244	1.34
2019-08-22	2.93	59.81	55.33	0.07	0.15	0.11	1.79	1.62	2.10	1.61	1.53	2.00	1.50	1.91	1.56	125.4156	1.35
2019-08-23	3.01	58.64	54.08	-0.02	0.05	0.02	1.73	1.52	2.07	1.51	1.43	1.97	1.40	1.87	1.46	125.7525	1.35
2019-08-26	2.97	58.64	53.54	0.00	0.09	0.05	1.75	1.54	2.09	1.54	1.47	2.01	1.43	1.90	1.49	126.3134	1.34
2019-08-27	3.00	58.44	54.99	-0.06	0.04	-0.01	1.77	1.49	2.07	1.53	1.43	1.98	1.40	1.94	1.44	126.4908	1.36
2019-08-28	3.02	60.42	55.76	-0.08	0.01	-0.04	1.74	1.47	2.07	1.50	1.42	1.99	1.37	1.89	1.42	126.5909	1.36
2019-08-29	3.00	60.59	56.67	-0.09	0.01	-0.04	1.75	1.50	2.10	1.53	1.44	1.99	1.40	1.89	1.46	126.6731	1.39
2019-08-30	3.01	61.04	55.07	-0.05	0.04	-0.01	1.76	1.50	2.10	1.50	1.42	1.99	1.39	1.89	1.45	126.5259	1.35
2019-08-31	3.02																
2019-09-02	3.02	58.55	.	.	.	.	.	.	.	.	.	.	.	.	.	.	.
2019-09-03	3.04	57.93	53.91	-0.03	0.06	0.01	1.72	1.47	2.06	1.47	1.38	1.98	1.35	1.88	1.42	126.6553	1.29
2019-09-04	3.04	60.68	56.22	-0.04	0.01	-0.02	1.69	1.47	2.05	1.43	1.36	1.97	1.32	1.87	1.40	125.8934	1.31
2019-09-05	2.96	62.70	56.33	0.01	0.08	0.04	1.73	1.57	2.05	1.55	1.47	1.97	1.43	1.88	1.51	125.6081	1.35
2019-09-06	2.98	61.28	56.45	0.01	0.07	0.03	1.73	1.55	2.05	1.53	1.46	1.96	1.42	1.88	1.50	125.0631	1.35
2019-09-09	2.93	63.99	57.88	0.06	0.11	0.08	1.74	1.63	2.04	1.58	1.52	1.96	1.49	1.87	1.57	125.0550	1.38
2019-09-10	2.88	64.67	57.37	0.12	0.18	0.14	1.81	1.72	2.04	1.67	1.61	1.95	1.58	1.89	1.66	124.9975	1.40
2019-09-11	2.88	63.02	55.66	0.15	0.20	0.17	1.79	1.75	2.01	1.68	1.62	1.96	1.60	1.88	1.68	125.0316	1.40
2019-09-12	2.80	60.76	55.13	0.16	0.22	0.19	1.82	1.79	1.99	1.72	1.67	1.95	1.65	1.90	1.72	124.3669	1.43
2019-09-13	2.74	61.25	54.76	0.23	0.29	0.25	1.88	1.90	1.99	1.79	1.76	1.96	1.75	1.92	1.83	124.1678	1.46
2019-09-16	2.78	68.42	63.10	0.17	0.21	0.19	1.86	1.84	2.08	1.74	1.71	1.99	1.69	1.93	1.77	124.4264	1.48
2019-09-17	2.80	65.59	59.26	0.15	0.20	0.17	1.87	1.81	2.10	1.72	1.68	1.99	1.66	1.93	1.75	124.6153	1.46
2019-09-18	2.79	64.29	58.19	0.21	0.28	0.23	1.87	1.80	1.94	1.77	1.72	1.95	1.68	1.91	1.76	124.4564	1.40
2019-09-19	2.79	64.25	58.19	0.18	0.25	0.21	1.88	1.79	2.01	1.74	1.68	1.93	1.66	1.92	1.73	124.7032	1.41
2019-09-20	2.80	65.23	57.92	0.13	0.19	0.14	1.84	1.74	1.95	1.69	1.63	1.91	1.61	1.91	1.68	124.6872	1.42
2019-09-23	2.82	64.66	58.69	0.11	0.17	0.13	1.81	1.72	1.94	1.68	1.61	1.94	1.59	1.93	1.65	124.9020	1.42
2019-09-24	2.89	64.13	57.22	0.06	0.13	0.08	1.78	1.64	1.90	1.60	1.53	1.92	1.52	1.91	1.58	124.9266	1.39
2019-09-25	2.82	62.41	56.38	0.13	0.19	0.15	1.82	1.73	1.80	1.68	1.61	1.89	1.60	1.90	1.66	125.2998	1.41
2019-09-26	2.85	62.08	56.24	0.13	0.19	0.15	1.79	1.70	1.91	1.66	1.61	1.83	1.59	1.88	1.65	125.4094	1.40
2019-09-27	2.87	62.48	55.95	0.16	0.20	0.17	1.74	1.69	1.90	1.63	1.58	1.80	1.56	1.85	1.62	125.3862	1.36
2019-09-30	2.85	60.99	54.09	0.15	0.20	0.16	1.75	1.68	1.91	1.63	1.56	1.88	1.55	1.83	1.62	125.6382	1.35
2019-10-01	2.89	60.06	53.60	0.13	0.18	0.14	1.73	1.65	1.79	1.56	1.51	1.82	1.51	1.81	1.59	125.8036	1.33
2019-10-02	2.92	57.92	52.67	0.10	0.14	0.11	1.67	1.60	1.75	1.48	1.43	1.79	1.43	1.75	1.53	125.8324	1.29
2019-10-03	2.96	58.01	52.41	0.06	0.09	0.06	1.58	1.54	1.78	1.39	1.34	1.70	1.34	1.66	1.45	125.5245	1.25
2019-10-04	2.93	59.13	52.84	0.02	0.07	0.03	1.58	1.52	1.73	1.40	1.35	1.71	1.34	1.65	1.43	125.0454	1.27
2019-10-07	2.89	59.46	52.76	0.05	0.11	0.06	1.64	1.56	1.76	1.46	1.41	1.75	1.38	1.73	1.47	125.1932	1.27
2019-10-08	2.92	58.14	52.64	0.06	0.11	0.07	1.62	1.54	1.69	1.42	1.38	1.72	1.36	1.69	1.45	125.2243	1.25
2019-10-09	2.88	59.70	52.63	0.10	0.16	0.12	1.59	1.59	1.69	1.47	1.43	1.69	1.40	1.69	1.50	125.1975	1.24
2019-10-10	2.84	59.08	53.57	0.15	0.19	0.16	1.63	1.67	1.74	1.53	1.49	1.68	1.48	1.68	1.57	124.8027	1.29
2019-10-11	2.79	60.59	54.76	0.20	0.25	0.21	1.67	1.76	1.76	1.63	1.60	1.68	1.59	1.68	1.68	124.4044	1.34
2019-10-14	2.78	58.81	53.57	.	.	.	.	.	.	.	.	.	.	.	.	.	.
2019-10-15	2.77	59.19	52.81	0.21	0.26	0.22	1.65	1.77	1.74	1.61	1.60	1.67	1.59	1.67	1.68	124.3012	1.33
2019-10-16	2.80	59.30	53.42	0.18	0.22	0.19	1.59	1.75	1.71	1.58	1.57	1.66	1.57	1.64	1.65	124.2975	1.35
2019-10-17	2.78	59.35	53.89	0.17	0.05	0.09	1.59	1.76	1.74	1.60	1.57	1.66	1.57	1.63	1.66	124.0046	1.52
2019-10-18	2.78	59.96	53.75	0.16	0.04	0.08	1.58	1.76	1.75	1.58	1.56	1.66	1.56	1.63	1.66	123.9446	1.52
2019-10-21	2.74	58.95	53.28	0.19	0.08	0.11	1.59	1.80	1.76	1.62	1.59	1.67	1.61	1.65	1.70	123.8648	1.53
2019-10-22	2.73	60.50	54.21	0.17	0.07	0.11	1.59	1.78	1.75	1.60	1.59	1.65	1.60	1.64	1.68	123.6890	1.53
2019-10-23	2.73	60.52	55.90	0.16	0.06	0.09	1.58	1.77	1.74	1.58	1.58	1.65	1.58	1.64	1.67	123.6472	1.52
2019-10-24	2.72	61.71	56.11	0.15	0.06	0.09	1.59	1.77	1.75	1.58	1.58	1.67	1.58	1.65	1.67	123.6304	1.52
2019-10-25	2.68	62.06	56.52	0.15	0.07	0.10	1.60	1.80	1.73	1.63	1.62	1.66	1.62	1.66	1.71	123.4718	1.55
2019-10-28	2.66	60.39	55.60	0.21	0.13	0.15	1.60	1.85	1.74	1.64	1.65	1.65	1.66	1.65	1.75	123.3972	1.53
2019-10-29	2.66	61.05	55.34	0.23	0.15	0.18	1.59	1.84	1.66	1.64	1.65	1.63	1.66	1.64	1.74	123.4731	1.51
2019-10-30	2.69	60.22	54.85	0.21	0.14	0.16	1.59	1.78	1.61	1.61	1.60	1.62	1.61	1.62	1.69	123.6244	1.47
2019-10-31	2.77	59.30	54.02	0.15	0.07	0.09	1.53	1.69	1.59	1.52	1.52	1.54	1.51	1.57	1.60	123.5494	1.44
2019-11-01	2.72	60.17	56.04	0.14	0.05	0.08	1.53	1.73	1.58	1.56	1.55	1.52	1.55	1.55	1.63	123.2560	1.50
2019-11-04	2.69	62.52	56.33	0.15	0.04	0.08	1.56	1.79	1.58	1.60	1.59	1.53	1.60	1.57	1.69	123.2956	1.56
2019-11-05	2.66	62.72	57.04	0.18	0.08	0.12	1.62	1.86	1.56	1.63	1.63	1.56	1.66	1.58	1.77	123.2454	1.58
2019-11-06	2.69	62.11	56.15	0.15	0.06	0.09	1.58	1.81	1.55	1.61	1.60	1.56	1.63	1.57	1.73	123.2671	1.57
2019-11-07	2.62	62.60	56.91	0.23	0.13	0.17	1.58	1.92	1.57	1.68	1.70	1.56	1.74	1.58	1.84	123.0430	1.61
2019-11-08	2.64	62.00	57.02	0.23	0.11	0.16	1.58	1.94	1.56	1.68	1.70	1.55	1.74	1.58	1.86	123.2602	1.63
2019-11-11	2.63	62.58	.	.	.	.	.	.	.	.	.	.	.	.	.	.	.
2019-11-12	2.66	62.19	56.67	0.22	0.13	0.17	1.58	1.92	1.56	1.66	1.69	1.59	1.73	1.59	1.84	123.8400	1.60
2019-11-13	2.68	62.27	56.88	0.22	0.11	0.16	1.57	1.88	1.56	1.63	1.65	1.57	1.69	1.59	1.79	124.3339	1.58
2019-11-14	2.70	62.46	56.57	0.20	0.09	0.14	1.55	1.82	1.59	1.58	1.59	1.57	1.63	1.58	1.73	124.3819	1.54
2019-11-15	2.68	63.32	57.54	0.21	0.13	0.16	1.54	1.84	1.59	1.61	1.61	1.57	1.65	1.59	1.75	123.7634	1.52
2019-11-18	2.71	62.82	56.82	0.18	0.09	0.13	1.54	1.81	1.59	1.60	1.59	1.57	1.63	1.58	1.73	123.9137	1.54
2019-11-19	2.71	62.37	54.93	0.16	0.10	0.12	1.54	1.79	1.58	1.60	1.59	1.57	1.63	1.58	1.71	124.1533	1.53
2019-11-20	2.72	63.80	56.71	0.13	0.07	0.09	1.54	1.73	1.57	1.56	1.55	1.57	1.58	1.58	1.66	124.4657	1.51
2019-11-21	2.70	64.99	58.36	0.14	0.09	0.10	1.55	1.77	1.57	1.60	1.59	1.58	1.62	1.59	1.71	124.4191	1.53
2019-11-22	2.70	64.83	57.68	0.15	0.09	0.11	1.56	1.77	1.58	1.61	1.60	1.58	1.62	1.59	1.71	124.4216	1.53
2019-11-25	2.70	64.67	57.79	0.14	0.09	0.10	1.58	1.76	1.60	1.61	1.60	1.61	1.62	1.61	1.71	124.4975	1.53
2019-11-26	2.71	64.82	58.25	0.12	0.06	0.08	1.59	1.74	1.63	1.58	1.58	1.60	1.58	1.62	1.68	124.6139	1.52
2019-11-27	2.68	65.03	58.12	0.14	0.09	0.11	1.60	1.77	1.65	1.63	1.61	1.62	1.63	1.63	1.71	124.7130	1.54
2019-11-28	.	64.68	.	.	.	.	.	.	.	.	.	.	.	.	.	.	.
2019-11-29	2.68	64.50	58.12	0.17	0.12	0.13	1.60	1.78	1.62	1.61	1.61	1.59	1.62	1.63	1.73	124.7943	1.50
2019-11-30	2.72																
2019-12-02	2.71	63.20	55.97	0.18	0.11	0.14	1.60	1.83	1.60	1.61	1.63	1.60	1.65	1.62	1.77	124.8441	1.54
2019-12-03	2.79	62.95	56.15	0.09	0.03	0.05	1.57	1.72	1.56	1.53	1.54	1.57	1.54	1.57	1.65	124.9533	1.51
2019-12-04	2.72	65.25	58.46	0.11	0.06	0.07	1.56	1.77	1.59	1.58	1.58	1.55	1.60	1.56	1.71	124.7177	1.54
2019-12-05	2.72	65.67	58.42	0.13	0.07	0.09	1.56	1.80	1.52	1.58	1.60	1.54	1.62	1.55	1.73	124.3841	1.55
2019-12-06	2.70	66.50	59.20	0.15	0.08	0.10	1.57	1.84	1.52	1.61	1.64	1.53	1.67	1.56	1.78	124.2192	1.59
2019-12-09	2.72	66.44	58.99	0.14	0.08	0.11	1.56	1.83	1.54	1.63	1.63	1.54	1.67	1.58	1.77	123.9620	1.59
2019-12-10	2.70	66.57	59.22	0.14	0.09	0.11	1.56	1.85	1.53	1.65	1.67	1.56	1.68	1.57	1.78	123.9165	1.59
2019-12-11	2.73	65.37	58.74	0.10	0.04	0.07	1.55	1.79	1.54	1.61	1.62	1.57	1.64	1.58	1.74	123.8083	1.60
2019-12-12	2.64	66.67	59.18	0.18	0.11	0.13	1.55	1.90	1.57	1.66	1.69	1.56	1.73	1.57	1.84	123.2735	1.62
2019-12-13	2.68	67.44	60.11	0.12	0.04	0.07	1.54	1.82	1.55	1.61	1.62	1.57	1.66	1.56	1.76	123.1308	1.62
2019-12-16	2.61	68.04	60.21	0.16	0.08	0.11	1.54	1.89	1.57	1.65	1.67	1.57	1.72	1.58	1.82	122.9135	1.64
2019-12-17	2.60	68.99	60.88	0.14	0.06	0.09	1.53	1.89	1.56	1.63	1.66	1.56	1.71	1.58	1.82	122.7611	1.65
2019-12-18	2.57	69.12	60.93	0.16	0.06	0.10	1.54	1.92	1.56	1.63	1.67	1.56	1.74	1.58	1.86	122.8706	1.68
2019-12-19	2.58	69.70	61.30	0.15	0.05	0.09	1.52	1.92	1.54	1.62	1.65	1.57	1.73	1.57	1.84	122.8420	1.68
2019-12-20	2.57	68.66	60.43	0.15	0.06	0.10	1.52	1.92	1.57	1.63	1.67	1.58	1.73	1.58	1.84	122.7777	1.67
2019-12-23	2.55	67.49	60.51	0.18	0.08	0.12	1.53	1.93	1.57	1.64	1.67	1.59	1.75	1.60	1.86	122.8439	1.67
2019-12-24	2.57	69.26	61.17	0.15	0.05	0.09	1.53	1.90	1.55	1.62	1.64	1.58	1.72	1.61	1.83	.	1.67
2019-12-25	.	.	.	.	.	.	.	.	.	.	.	.	.	.	.	.	.
2019-12-26	2.57	69.26	61.72	0.16	0.06	0.10	1.53	1.90	1.59	1.64	1.65	1.58	1.72	1.61	1.85	122.7099	1.66
2019-12-27	2.59	68.91	61.76	0.15	0.04	0.08	1.51	1.88	1.56	1.59	1.60	1.57	1.68	1.59	1.80	122.4674	1.64
2019-12-30	2.59	68.30	61.66	0.15	0.02	0.08	1.57	1.90	1.51	1.58	1.59	1.57	1.68	1.60	1.81	122.3494	1.66
2019-12-31	2.58	67.77	61.14	0.15	0.01	0.07	1.59	1.92	1.48	1.58	1.62	1.55	1.69	1.60	1.83	122.1713	1.68
2020-01-01	.	.	.	.	.	.	.	.	.	.	.	.	.	.	.	.	.
2020-01-02	2.57	67.05	61.17	0.08	-0.05	0.01	1.56	1.88	1.53	1.58	1.59	1.54	1.67	1.57	1.79	122.3064	1.72
2020-01-03	2.59	69.08	63.00	0.03	-0.10	-0.05	1.55	1.80	1.52	1.53	1.54	1.52	1.59	1.55	1.71	122.4265	1.69
2020-01-06	2.55	70.25	63.27	0.06	-0.08	-0.02	1.54	1.81	1.54	1.54	1.56	1.56	1.61	1.56	1.72	122.4759	1.69
2020-01-07	2.55	68.74	62.70	0.09	-0.05	0.01	1.53	1.83	1.52	1.54	1.55	1.54	1.62	1.56	1.74	122.4264	1.67
2020-01-08	2.50	67.31	59.65	0.12	-0.01	0.04	1.55	1.87	1.50	1.58	1.61	1.54	1.67	1.56	1.78	122.1980	1.68
2020-01-09	2.50	66.58	59.56	0.11	-0.02	0.03	1.54	1.85	1.53	1.58	1.59	1.54	1.65	1.56	1.77	122.1020	1.67
2020-01-10	2.50	66.77	59.02	0.07	-0.04	0.01	1.53	1.83	1.52	1.56	1.59	1.54	1.63	1.55	1.74	121.9098	1.67
2020-01-13	2.47	64.14	58.17	0.08	-0.05	0.01	1.53	1.85	1.54	1.58	1.60	1.57	1.65	1.57	1.76	121.8275	1.70
2020-01-14	2.47	64.45	58.34	0.05	-0.07	-0.02	1.53	1.82	1.53	1.58	1.59	1.57	1.63	1.57	1.74	121.7938	1.70
2020-01-15	2.47	63.29	57.86	0.04	-0.07	-0.02	1.54	1.79	1.53	1.56	1.56	1.57	1.60	1.58	1.71	121.8768	1.67
2020-01-16	2.44	64.63	58.52	0.07	-0.05	0.00	1.54	1.81	1.54	1.58	1.58	1.55	1.63	1.56	1.73	121.8344	1.68
2020-01-17	2.42	64.05	58.55	0.09	-0.05	0.01	1.56	1.84	1.54	1.58	1.56	1.56	1.63	1.57	1.74	121.6494	1.68
2020-01-20	2.42	64.63	.	.	.	.	.	.	.	.	.	.	.	.	.	.	.
2020-01-21	2.45	63.66	58.25	0.04	-0.09	-0.04	1.54	1.78	1.52	1.53	1.53	1.56	1.57	1.57	1.69	121.9648	1.66
2020-01-22	2.44	62.11	56.76	0.05	-0.07	-0.02	1.55	1.77	1.52	1.53	1.52	1.55	1.57	1.56	1.68	121.9045	1.64
2020-01-23	2.46	61.26	55.51	0.04	-0.09	-0.04	1.55	1.74	1.55	1.51	1.51	1.55	1.55	1.56	1.65	122.4073	1.64
2020-01-24	2.50	59.34	54.09	0.02	-0.11	-0.06	1.55	1.70	1.54	1.49	1.48	1.54	1.51	1.55	1.61	122.3023	1.62
2020-01-27	2.54	58.54	53.09	-0.02	-0.12	-0.08	1.53	1.61	1.53	1.44	1.41	1.55	1.44	1.57	1.52	122.7153	1.56
2020-01-28	2.50	59.37	53.33	0.00	-0.12	-0.07	1.53	1.65	1.53	1.45	1.45	1.57	1.47	1.58	1.56	122.3950	1.59
2020-01-29	2.54	59.46	53.29	-0.04	-0.17	-0.12	1.51	1.60	1.52	1.42	1.39	1.56	1.41	1.57	1.51	122.2705	1.58
2020-01-30	2.59	57.72	52.19	-0.07	-0.20	-0.15	1.48	1.57	1.59	1.41	1.37	1.57	1.39	1.57	1.49	122.7462	1.59
2020-01-31	2.67	57.77	51.58	-0.14	-0.28	-0.22	1.45	1.51	1.56	1.33	1.30	1.55	1.32	1.54	1.42	122.9464	1.60
2020-02-03	2.66	54.00	50.06	-0.09	-0.21	-0.16	1.46	1.54	1.56	1.36	1.34	1.57	1.35	1.56	1.45	123.2795	1.56
2020-02-04	2.60	53.90	49.59	-0.03	-0.16	-0.11	1.48	1.61	1.55	1.41	1.40	1.57	1.42	1.57	1.52	122.7863	1.58
2020-02-05	2.55	55.36	50.87	0.00	-0.15	-0.09	1.49	1.66	1.55	1.44	1.43	1.57	1.46	1.57	1.57	122.6339	1.61
2020-02-06	2.53	55.18	50.94	-0.02	-0.16	-0.11	1.51	1.65	1.59	1.44	1.43	1.57	1.45	1.58	1.56	122.7112	1.61
2020-02-07	2.56	54.53	50.34	-0.07	-0.20	-0.15	1.49	1.59	1.57	1.41	1.39	1.56	1.41	1.57	1.51	123.2280	1.61
2020-02-10	2.58	53.39	49.59	-0.10	-0.24	-0.18	1.45	1.56	1.58	1.37	1.36	1.58	1.38	1.58	1.47	123.1748	1.62
2020-02-11	2.55	54.00	50.00	-0.06	-0.20	-0.14	1.48	1.59	1.57	1.41	1.39	1.57	1.40	1.55	1.50	122.8549	1.60
2020-02-12	2.50	55.54	51.13	-0.04	-0.19	-0.12	1.49	1.62	1.57	1.44	1.42	1.58	1.45	1.56	1.55	122.7328	1.64
2020-02-13	2.50	56.34	51.41	-0.06	-0.22	-0.15	1.48	1.61	1.59	1.44	1.42	1.59	1.43	1.56	1.53	122.8166	1.65
2020-02-14	2.50	57.37	52.03	-0.07	-0.22	-0.16	1.49	1.59	1.60	1.42	1.40	1.58	1.42	1.56	1.51	122.7916	1.64
2020-02-17	2.50	57.83	.	.	.	.	.	.	.	.	.	.	.	.	.	.	.
2020-02-18	2.50	57.35	52.10	-0.10	-0.25	-0.19	1.47	1.55	1.61	1.41	1.37	1.58	1.39	1.56	1.48	123.0087	1.64
2020-02-19	2.48	59.72	53.31	-0.09	-0.24	-0.17	1.47	1.56	1.61	1.42	1.39	1.58	1.41	1.56	1.50	123.0524	1.65
2020-02-20	2.50	59.57	53.77	-0.11	-0.26	-0.19	1.46	1.52	1.61	1.39	1.35	1.58	1.37	1.55	1.45	123.7931	1.63
2020-02-21	2.52	58.60	53.36	-0.15	-0.30	-0.24	1.43	1.46	1.60	1.34	1.30	1.56	1.30	1.53	1.39	123.8993	1.60
2020-02-24	2.61	56.71	51.36	-0.21	-0.36	-0.30	1.35	1.38	1.60	1.26	1.21	1.53	1.21	1.49	1.30	124.5975	1.57
2020-02-25	2.67	55.29	49.78	-0.20	-0.36	-0.29	1.30	1.33	1.59	1.20	1.16	1.53	1.16	1.47	1.25	124.4294	1.52
2020-02-26	2.73	54.96	48.67	-0.21	-0.36	-0.30	1.26	1.33	1.59	1.16	1.14	1.53	1.14	1.42	1.25	124.6563	1.50
2020-02-27	2.84	52.19	47.17	-0.23	-0.37	-0.31	1.18	1.30	1.56	1.11	1.08	1.45	1.11	1.33	1.22	124.9350	1.48
2020-02-28	3.07	51.31	44.83	-0.28	-0.44	-0.37	0.97	1.13	1.45	0.86	0.85	1.27	0.89	1.11	1.03	125.6834	1.33
2020-02-29	3.08																
2020-03-02	3.09	52.52	46.78	-0.31	-0.44	-0.39	0.89	1.10	1.41	0.84	0.85	1.13	0.88	0.95	1.01	124.9631	1.32
2020-03-03	3.10	52.24	47.27	-0.43	-0.57	-0.51	0.73	1.02	1.11	0.71	0.72	0.95	0.77	0.83	0.91	124.5019	1.34
2020-03-04	3.06	51.86	46.78	-0.44	-0.59	-0.53	0.59	1.02	1.00	0.67	0.68	0.72	0.75	0.68	0.90	124.7218	1.34
2020-03-05	3.14	51.29	45.90	-0.48	-0.61	-0.56	0.48	0.92	0.92	0.59	0.61	0.62	0.67	0.53	0.81	125.3722	1.28
2020-03-06	3.28	45.60	41.14	-0.57	-0.56	-0.57	0.39	0.74	0.79	0.49	0.53	0.45	0.58	0.41	0.69	126.0451	1.14
2020-03-09	3.78	35.33	31.05	-0.45	-0.34	-0.44	0.31	0.54	0.57	0.38	0.40	0.33	0.46	0.27	0.56	127.7865	0.80
2020-03-10	3.73	35.57	34.47	-0.24	-0.14	-0.23	0.43	0.76	0.57	0.50	0.58	0.44	0.63	0.43	0.73	127.9113	0.77
2020-03-11	3.81	34.45	33.13	-0.14	-0.03	-0.13	0.40	0.82	0.42	0.50	0.58	0.42	0.66	0.40	0.78	128.2173	0.69
2020-03-12	4.18	31.02	31.56	-0.04	0.03	-0.04	0.39	0.88	0.41	0.50	0.58	0.33	0.66	0.37	0.82	131.0103	0.63
2020-03-13	4.35	32.25	31.72	0.04	0.17	0.07	0.38	0.94	0.33	0.49	0.58	0.28	0.70	0.38	0.89	130.1329	0.53
2020-03-16	4.81	27.98	28.96	0.00	0.19	0.04	0.29	0.73	0.25	0.36	0.43	0.24	0.49	0.29	0.67	131.6912	0.30
2020-03-17	4.93	27.97	26.96	0.39	0.50	0.41	0.30	1.02	0.12	0.47	0.54	0.19	0.66	0.24	0.91	132.8906	0.16
2020-03-18	5.39	22.79	20.48	0.55	0.63	0.56	0.21	1.18	0.04	0.54	0.66	0.02	0.79	0.08	1.08	134.3553	0.16
2020-03-19	5.91	23.98	25.09	0.62	0.52	0.56	0.20	1.12	0.04	0.44	0.53	0.04	0.66	0.06	1.00	135.3126	0.14
2020-03-20	6.09	25.55	19.48	0.17	0.21	0.17	0.15	0.92	0.04	0.37	0.41	0.05	0.52	0.05	0.82	135.1037	0.31
2020-03-23	6.41	23.75	23.33	-0.04	0.01	-0.03	0.17	0.76	0.01	0.28	0.31	0.02	0.38	0.08	0.63	137.2848	0.37
2020-03-24	6.37	24.50	21.03	-0.13	-0.03	-0.11	0.25	0.84	0.01	0.38	0.44	0.01	0.52	0.09	0.75	136.7196	0.55
2020-03-25	6.27	25.62	20.75	-0.19	-0.13	-0.18	0.19	0.88	0.00	0.34	0.41	0.00	0.56	0.07	0.77	135.7854	0.69
2020-03-26	6.01	23.55	16.60	-0.24	-0.21	-0.24	0.13	0.83	0.01	0.30	0.36	0.00	0.51	0.04	0.72	133.2665	0.72
2020-03-27	5.96	22.39	15.48	-0.22	-0.13	-0.20	0.11	0.72	0.01	0.25	0.30	0.03	0.41	0.02	0.60	133.8288	0.54
2020-03-30	5.99	19.19	14.10	-0.25	-0.18	-0.24	0.14	0.70	0.04	0.23	0.29	0.12	0.39	0.12	0.57	135.3110	0.57
2020-03-31	5.97	14.85	20.51	-0.17	-0.12	-0.16	0.17	0.70	0.05	0.23	0.29	0.11	0.37	0.15	0.55	133.9285	0.49
2020-04-01	6.02	14.97	20.28	-0.29	-0.19	-0.27	0.16	0.62	0.03	0.23	0.28	0.09	0.37	0.14	0.51	135.9321	0.56
2020-04-02	5.99	20.24	25.18	-0.40	-0.34	-0.39	0.14	0.63	0.09	0.23	0.29	0.09	0.39	0.15	0.53	135.2000	0.73
2020-04-03	6.01	24.33	28.36	-0.46	-0.39	-0.45	0.15	0.62	0.09	0.23	0.30	0.10	0.39	0.15	0.52	136.2491	0.78
2020-04-06	5.99	22.58	26.21	-0.47	-0.41	-0.47	0.20	0.67	0.09	0.27	0.35	0.15	0.44	0.17	0.58	135.8373	0.85
2020-04-07	5.91	22.10	23.54	-0.42	-0.38	-0.42	0.20	0.75	0.10	0.28	0.36	0.14	0.48	0.20	0.64	134.5004	0.86
2020-04-08	5.86	25.22	24.97	-0.42	-0.40	-0.42	0.23	0.77	0.14	0.27	0.34	0.22	0.47	0.24	0.65	134.6639	0.87
2020-04-09	5.73	20.23	22.90	-0.50	-0.49	-0.50	0.25	0.73	0.20	0.23	0.29	0.25	0.41	0.24	0.60	133.6941	0.90
2020-04-10	.	.	.	.	.	.	.	.	.	.	.	.	.	.	.	133.2086	.
2020-04-13	5.66	.	22.36	-0.50	-0.50	-0.51	0.27	0.76	0.17	0.25	0.31	0.26	0.44	0.27	0.63	133.9345	0.94
2020-04-14	5.47	21.74	20.15	-0.53	-0.52	-0.53	0.25	0.76	0.17	0.23	0.29	0.20	0.42	0.24	0.61	133.7554	0.94
2020-04-15	5.46	19.80	19.96	-0.56	-0.53	-0.56	0.19	0.63	0.14	0.20	0.24	0.14	0.34	0.19	0.49	134.7865	0.87
2020-04-16	5.43	18.69	19.82	-0.42	-0.35	-0.41	0.17	0.61	0.14	0.20	0.25	0.14	0.35	0.18	0.50	134.9979	0.70
2020-04-17	5.35	19.75	18.31	-0.36	-0.31	-0.36	0.16	0.65	0.12	0.20	0.26	0.12	0.36	0.16	0.53	134.3925	0.67
2020-04-20	5.34	17.36	-36.98	-0.31	-0.21	-0.30	0.15	0.63	0.10	0.20	0.26	0.12	0.35	0.15	0.51	134.6893	0.56
2020-04-21	5.41	9.12	8.91	-0.38	-0.24	-0.37	0.17	0.58	0.08	0.20	0.24	0.11	0.34	0.14	0.48	135.6961	0.58
2020-04-22	5.42	13.77	13.64	-0.43	-0.32	-0.42	0.16	0.63	0.09	0.22	0.26	0.12	0.37	0.14	0.52	135.8292	0.69
2020-04-23	5.40	15.06	15.06	-0.44	-0.30	-0.41	0.17	0.61	0.09	0.22	0.26	0.11	0.37	0.14	0.51	135.7396	0.67
2020-04-24	5.44	15.87	15.99	-0.51	-0.36	-0.48	0.18	0.60	0.10	0.22	0.26	0.12	0.36	0.14	0.51	136.3267	0.72
2020-04-27	5.41	15.17	12.17	-0.50	-0.37	-0.47	0.17	0.67	0.09	0.24	0.29	0.12	0.41	0.15	0.56	136.1891	0.78
2020-04-28	5.41	15.60	12.40	-0.52	-0.39	-0.50	0.16	0.62	0.08	0.20	0.26	0.11	0.37	0.13	0.52	135.3721	0.76
2020-04-29	5.34	17.86	15.04	-0.51	-0.42	-0.49	0.18	0.63	0.10	0.20	0.24	0.10	0.36	0.12	0.52	134.3537	0.78
2020-04-30	5.18	18.11	19.23	-0.43	-0.36	-0.42	0.16	0.64	0.10	0.20	0.24	0.09	0.36	0.11	0.53	134.0565	0.72
2020-05-01	5.17	18.49	19.72	-0.42	-0.32	-0.40	0.17	0.64	0.10	0.20	0.25	0.12	0.36	0.12	0.53	135.5917	0.68
2020-05-04	5.21	20.40	20.47	-0.43	-0.33	-0.41	0.16	0.64	0.10	0.19	0.24	0.13	0.36	0.14	0.52	135.1925	0.69
2020-05-05	5.17	25.46	24.56	-0.44	-0.35	-0.42	0.16	0.66	0.09	0.19	0.24	0.13	0.36	0.15	0.53	134.1789	0.71
2020-05-06	5.13	24.20	23.88	-0.38	-0.34	-0.38	0.16	0.72	0.08	0.17	0.24	0.12	0.37	0.16	0.57	135.3455	0.71
2020-05-07	5.16	24.23	23.68	-0.45	-0.41	-0.44	0.15	0.63	0.10	0.13	0.19	0.11	0.29	0.14	0.49	134.7794	0.70
2020-05-08	5.08	.	24.73	-0.43	-0.41	-0.43	0.15	0.69	0.10	0.16	0.21	0.12	0.33	0.15	0.53	134.0060	0.74
2020-05-11	5.01	25.53	24.02	-0.40	-0.39	-0.41	0.16	0.73	0.09	0.17	0.24	0.12	0.36	0.16	0.56	134.6796	0.75
2020-05-12	4.98	26.67	25.76	-0.40	-0.38	-0.40	0.16	0.69	0.10	0.17	0.22	0.13	0.34	0.16	0.53	134.6645	0.72
2020-05-13	4.99	27.89	25.37	-0.43	-0.40	-0.43	0.15	0.64	0.10	0.16	0.20	0.13	0.31	0.15	0.50	135.2965	0.71
2020-05-14	5.02	29.87	27.40	-0.43	-0.40	-0.43	0.15	0.63	0.09	0.16	0.20	0.12	0.31	0.15	0.48	135.2338	0.71
2020-05-15	4.98	30.95	29.44	-0.45	-0.44	-0.45	0.15	0.64	0.09	0.16	0.19	0.12	0.31	0.15	0.49	135.1005	0.75
2020-05-18	4.85	33.30	31.83	-0.44	-0.46	-0.46	0.17	0.73	0.10	0.18	0.24	0.13	0.38	0.15	0.57	134.3026	0.84
2020-05-19	4.81	33.06	32.30	-0.45	-0.47	-0.47	0.16	0.70	0.09	0.17	0.22	0.13	0.35	0.15	0.54	134.1456	0.82
2020-05-20	4.75	34.76	33.56	-0.48	-0.49	-0.49	0.16	0.68	0.08	0.16	0.21	0.12	0.34	0.14	0.53	133.4379	0.83
2020-05-21	4.64	34.78	34.30	-0.46	-0.46	-0.46	0.16	0.68	0.09	0.17	0.21	0.12	0.35	0.14	0.53	133.0638	0.81
2020-05-22	4.66	33.80	33.49	-0.46	-0.46	-0.46	0.17	0.66	0.09	0.17	0.21	0.12	0.34	0.16	0.51	133.0257	0.80
2020-05-25	4.66	.	.	.	.	.	.	.	.	.	.	.	.	.	.	.	.
2020-05-26	4.60	33.95	34.70	-0.44	-0.47	-0.46	0.17	0.69	0.10	0.18	0.22	0.14	0.35	0.17	0.53	132.1397	0.82
2020-05-27	4.56	32.73	32.80	-0.46	-0.48	-0.48	0.18	0.68	0.11	0.19	0.22	0.15	0.34	0.17	0.52	132.4198	0.82
2020-05-28	4.53	33.98	33.67	-0.48	-0.52	-0.52	0.17	0.70	0.14	0.17	0.22	0.15	0.34	0.18	0.54	131.9828	0.86
2020-05-29	4.56	34.15	35.57	-0.50	-0.53	-0.53	0.17	0.65	0.13	0.16	0.19	0.14	0.30	0.18	0.50	131.9034	0.83
2020-05-31	4.52																
2020-06-01	4.48	36.74	35.49	-0.52	-0.53	-0.53	0.17	0.66	0.12	0.14	0.20	0.14	0.31	0.18	0.50	131.3037	0.84
2020-06-02	4.42	37.72	36.88	-0.50	-0.52	-0.52	0.17	0.68	0.12	0.17	0.20	0.15	0.32	0.18	0.52	130.4220	0.84
2020-06-03	4.27	37.98	37.33	-0.44	-0.50	-0.49	0.17	0.77	0.12	0.19	0.26	0.16	0.38	0.19	0.59	130.0188	0.88
2020-06-04	4.21	38.41	37.42	-0.40	-0.48	-0.45	0.17	0.82	0.13	0.19	0.26	0.15	0.40	0.18	0.63	130.4395	0.88
2020-06-05	4.08	41.00	39.49	-0.36	-0.48	-0.43	0.18	0.91	0.13	0.22	0.29	0.15	0.47	0.18	0.71	129.4844	0.95
2020-06-08	3.99	39.66	38.17	-0.40	-0.53	-0.48	0.19	0.88	0.15	0.22	0.29	0.17	0.45	0.19	0.69	129.4533	0.98
2020-06-09	4.01	40.45	38.98	-0.42	-0.58	-0.51	0.19	0.84	0.14	0.20	0.25	0.19	0.40	0.19	0.65	129.6245	0.98
2020-06-10	4.06	41.18	39.54	-0.52	-0.67	-0.61	0.18	0.75	0.13	0.17	0.22	0.17	0.33	0.19	0.56	129.7479	1.00
2020-06-11	4.15	37.76	36.43	-0.55	-0.63	-0.61	0.19	0.66	0.14	0.19	0.22	0.17	0.32	0.18	0.51	130.9171	0.95
2020-06-12	4.15	38.54	36.24	-0.50	-0.62	-0.57	0.18	0.71	0.14	0.19	0.22	0.16	0.33	0.18	0.54	130.8525	0.95
2020-06-15	4.19	39.44	37.07	-0.52	-0.65	-0.59	0.17	0.71	0.15	0.19	0.22	0.18	0.33	0.19	0.54	131.5027	0.98
2020-06-16	4.09	40.75	38.26	-0.52	-0.68	-0.62	0.18	0.75	0.14	0.21	0.23	0.17	0.34	0.19	0.56	130.8207	1.02
2020-06-17	4.09	40.47	37.91	-0.52	-0.67	-0.61	0.19	0.74	0.13	0.19	0.23	0.17	0.34	0.18	0.55	131.3011	1.01
2020-06-18	4.10	41.75	38.79	-0.57	-0.78	-0.69	0.19	0.71	0.13	0.19	0.22	0.16	0.34	0.17	0.54	131.8265	1.12
2020-06-19	4.08	42.33	39.72	-0.60	-0.73	-0.68	0.18	0.70	0.13	0.19	0.22	0.15	0.33	0.17	0.53	131.5912	1.06
2020-06-22	4.06	43.20	40.60	-0.63	-0.77	-0.71	0.17	0.71	0.14	0.19	0.22	0.16	0.34	0.18	0.54	131.2279	1.11
2020-06-23	4.04	42.72	40.40	-0.66	-0.81	-0.75	0.18	0.72	0.12	0.18	0.22	0.16	0.33	0.17	0.54	130.8978	1.14
2020-06-24	4.06	40.40	37.91	-0.64	-0.77	-0.72	0.17	0.69	0.11	0.19	0.21	0.15	0.33	0.17	0.52	131.5985	1.10
2020-06-25	4.07	41.18	38.66	-0.65	-0.79	-0.73	0.17	0.68	0.13	0.17	0.21	0.16	0.32	0.17	0.53	131.8243	1.11
2020-06-26	4.09	40.97	38.53	-0.68	-0.81	-0.76	0.17	0.64	0.12	0.17	0.19	0.14	0.30	0.17	0.49	132.1386	1.11
2020-06-29	4.11	41.58	39.67	-0.70	-0.86	-0.80	0.16	0.64	0.11	0.16	0.18	0.14	0.28	0.18	0.47	132.3887	1.14
2020-06-30	4.03	41.64	39.27	-0.68	-0.87	-0.79	0.16	0.66	0.13	0.16	0.18	0.16	0.29	0.18	0.49	132.2777	1.16
2020-07-01	4.01	42.18	39.88	-0.68	-0.86	-0.79	0.16	0.69	0.12	0.17	0.19	0.14	0.31	0.17	0.52	131.8118	1.17
2020-07-02	3.98	43.19	40.57	-0.73	-0.92	-0.84	0.16	0.68	0.13	0.16	0.19	0.14	0.29	0.16	0.50	131.1851	1.21
2020-07-03	3.98	42.92	.	.	.	.	.	.	.	.	.	.	.	.	.	.	.
2020-07-06	3.92	42.73	40.51	-0.76	-0.97	-0.88	0.16	0.69	0.12	0.16	0.19	0.15	0.31	0.16	0.51	130.4767	1.28
2020-07-07	3.92	43.28	40.59	-0.78	-0.97	-0.89	0.15	0.65	0.12	0.16	0.19	0.15	0.29	0.17	0.48	131.0538	1.26
2020-07-08	3.91	43.67	40.91	-0.75	-0.95	-0.87	0.15	0.67	0.11	0.16	0.19	0.15	0.30	0.17	0.49	131.3349	1.25
2020-07-09	3.94	42.35	39.64	-0.77	-0.94	-0.87	0.15	0.62	0.11	0.16	0.18	0.13	0.28	0.16	0.46	131.0328	1.22
2020-07-10	3.92	43.27	40.56	-0.76	-0.95	-0.87	0.15	0.65	0.10	0.16	0.19	0.13	0.30	0.15	0.49	130.8613	1.25
2020-07-13	3.91	42.85	40.06	-0.78	-0.97	-0.90	0.16	0.64	0.11	0.16	0.19	0.14	0.30	0.15	0.48	130.6748	1.27
2020-07-14	3.93	42.97	40.30	-0.78	-0.99	-0.90	0.17	0.63	0.11	0.14	0.19	0.15	0.28	0.14	0.47	131.1569	1.27
2020-07-15	3.90	43.96	41.20	-0.77	-1.00	-0.90	0.15	0.64	0.12	0.16	0.18	0.16	0.28	0.15	0.47	130.6499	1.28
2020-07-16	3.89	43.71	40.74	-0.79	-1.02	-0.92	0.14	0.62	0.12	0.16	0.17	0.11	0.28	0.13	0.46	130.5299	1.30
2020-07-17	3.86	43.53	40.55	-0.82	-1.06	-0.96	0.14	0.64	0.11	0.14	0.18	0.11	0.29	0.13	0.47	130.8555	1.35
2020-07-20	3.83	43.30	40.83	-0.84	-1.08	-0.97	0.14	0.62	0.11	0.16	0.18	0.13	0.29	0.14	0.47	130.9142	1.37
2020-07-21	3.78	44.31	41.76	-0.87	-1.13	-1.01	0.15	0.61	0.09	0.14	0.17	0.13	0.27	0.13	0.45	130.2172	1.40
2020-07-22	3.74	43.98	41.88	-0.88	-1.13	-1.02	0.14	0.60	0.09	0.14	0.17	0.13	0.27	0.14	0.45	130.1394	1.40
2020-07-23	3.72	42.96	40.99	-0.90	-1.10	-1.02	0.14	0.59	0.09	0.16	0.16	0.12	0.27	0.13	0.44	130.3432	1.37
2020-07-24	3.72	43.29	41.23	-0.92	-1.08	-1.01	0.16	0.59	0.10	0.14	0.17	0.11	0.27	0.14	0.44	130.5980	1.35
2020-07-27	3.69	43.39	41.46	-0.90	-1.08	-1.00	0.14	0.62	0.10	0.15	0.18	0.11	0.30	0.14	0.46	129.8038	1.38
2020-07-28	3.70	43.11	40.89	-0.92	-1.10	-1.03	0.14	0.59	0.09	0.14	0.16	0.11	0.26	0.12	0.44	129.7723	1.36
2020-07-29	3.68	43.51	41.13	-0.95	-1.13	-1.06	0.13	0.58	0.09	0.12	0.15	0.11	0.25	0.12	0.43	129.7336	1.38
2020-07-30	3.69	42.98	39.85	-0.97	-1.14	-1.07	0.11	0.55	0.10	0.11	0.14	0.09	0.23	0.11	0.40	130.1271	1.37
2020-07-31	3.69	43.13	40.10	-1.00	-1.19	-1.11	0.11	0.55	0.09	0.11	0.11	0.09	0.21	0.10	0.39	129.9842	1.40
2020-08-03	3.66	43.76	40.83	-1.02	-1.24	-1.15	0.12	0.56	0.09	0.11	0.13	0.10	0.22	0.11	0.40	130.6908	1.46
2020-08-04	3.65	43.99	41.67	-1.05	-1.26	-1.17	0.14	0.52	0.09	0.11	0.10	0.09	0.19	0.11	0.36	130.9123	1.45
2020-08-05	3.59	44.92	42.25	-1.06	-1.30	-1.20	0.12	0.55	0.08	0.11	0.13	0.10	0.22	0.12	0.39	130.0565	1.52
2020-08-06	3.57	45.04	41.93	-1.08	-1.32	-1.22	0.14	0.55	0.07	0.11	0.13	0.10	0.21	0.11	0.39	130.1163	1.53
2020-08-07	3.55	44.07	41.16	-1.04	-1.27	-1.18	0.14	0.57	0.08	0.13	0.14	0.10	0.23	0.12	0.41	130.5367	1.50
2020-08-10	3.53	44.19	41.94	-1.02	-1.25	-1.15	0.13	0.59	0.09	0.14	0.15	0.11	0.24	0.13	0.42	130.5034	1.49
2020-08-11	3.45	43.68	41.53	-0.99	-1.23	-1.13	0.15	0.64	0.08	0.16	0.18	0.11	0.27	0.12	0.46	130.1111	1.50
2020-08-12	3.46	45.09	42.60	-0.98	-1.26	-1.14	0.13	0.69	0.08	0.16	0.19	0.11	0.30	0.12	0.50	130.0904	1.56
2020-08-13	3.44	44.87	42.26	-0.96	-1.24	-1.12	0.14	0.71	0.08	0.16	0.19	0.10	0.32	0.12	0.52	130.0146	1.56
2020-08-14	3.47	44.86	42.05	-0.94	-1.24	-1.11	0.13	0.71	0.09	0.14	0.18	0.10	0.29	0.12	0.51	129.6868	1.53
2020-08-17	3.48	44.91	42.89	-0.97	-1.25	-1.13	0.13	0.69	0.09	0.14	0.18	0.10	0.29	0.12	0.49	129.6684	1.54
2020-08-18	3.50	45.34	42.89	-1.01	-1.28	-1.17	0.13	0.67	0.08	0.14	0.17	0.09	0.27	0.13	0.47	129.8017	1.55
2020-08-19	3.49	45.21	42.91	-0.99	-1.26	-1.15	0.13	0.68	0.07	0.14	0.17	0.11	0.29	0.12	0.48	129.5514	1.55
2020-08-20	3.51	44.56	42.62	-0.97	-1.22	-1.12	0.12	0.65	0.08	0.13	0.15	0.11	0.26	0.13	0.46	129.9037	1.48
2020-08-21	3.51	43.94	42.32	-1.00	-1.25	-1.15	0.13	0.64	0.07	0.16	0.16	0.10	0.27	0.12	0.46	129.8356	1.52
2020-08-24	3.49	44.43	42.44	-1.02	-1.29	-1.18	0.14	0.65	0.09	0.14	0.18	0.12	0.28	0.12	0.47	129.6030	1.57
2020-08-25	3.47	46.01	43.17	-1.01	-1.30	-1.18	0.13	0.69	0.08	0.15	0.18	0.11	0.30	0.12	0.49	129.5481	1.60
2020-08-26	3.47	45.79	43.21	-1.03	-1.35	-1.22	0.12	0.69	0.08	0.16	0.18	0.11	0.28	0.12	0.50	129.3294	1.63
2020-08-27	3.44	44.84	42.88	-0.99	-1.34	-1.19	0.13	0.74	0.09	0.16	0.19	0.11	0.31	0.11	0.53	129.5468	1.65
2020-08-28	3.45	45.22	42.96	-1.03	-1.40	-1.26	0.12	0.74	0.09	0.14	0.16	0.10	0.28	0.11	0.51	128.6933	1.68
2020-08-31	3.42	.	42.61	-1.08	-1.41	-1.27	0.12	0.72	0.08	0.14	0.15	0.11	0.28	0.13	0.50	128.6874	1.69
2020-09-01	3.42	45.72	42.76	-1.08	-1.39	-1.26	0.12	0.68	0.09	0.13	0.14	0.12	0.26	0.13	0.46	128.1939	1.65
2020-09-02	3.39	42.70	42.76	-1.07	-1.35	-1.23	0.13	0.66	0.10	0.14	0.16	0.12	0.26	0.12	0.45	128.5119	1.61
2020-09-03	3.40	42.72	41.39	-1.02	-1.29	-1.18	0.12	0.63	0.10	0.13	0.15	0.11	0.24	0.12	0.43	128.3165	1.53
2020-09-04	3.36	41.10	39.69	-0.98	-1.27	-1.15	0.13	0.72	0.09	0.14	0.18	0.11	0.30	0.12	0.50	128.1776	1.57
2020-09-07	3.36	40.67	.	.	.	.	.	.	.	.	.	.	.	.	.	.	.
2020-09-08	3.41	38.53	36.87	-0.99	-1.27	-1.16	0.15	0.69	0.10	0.14	0.17	0.13	0.28	0.14	0.47	128.5526	1.55
2020-09-09	3.41	39.98	38.05	-1.00	-1.29	-1.17	0.14	0.71	0.10	0.14	0.17	0.12	0.28	0.14	0.48	127.9963	1.57
2020-09-10	3.41	39.27	37.25	-1.01	-1.28	-1.17	0.15	0.68	0.10	0.14	0.17	0.12	0.26	0.12	0.46	127.6599	1.54
2020-09-11	3.44	38.80	37.33	-0.98	-1.27	-1.15	0.13	0.67	0.10	0.13	0.16	0.11	0.26	0.12	0.45	127.7678	1.53
2020-09-14	3.42	38.57	37.23	-0.97	-1.27	-1.14	0.14	0.68	0.10	0.14	0.16	0.11	0.27	0.13	0.46	127.2039	1.54
2020-09-15	3.42	39.54	38.29	-0.99	-1.27	-1.15	0.13	0.68	0.09	0.14	0.16	0.11	0.27	0.12	0.46	126.9066	1.54
2020-09-16	3.42	41.23	40.17	-0.99	-1.29	-1.16	0.12	0.69	0.08	0.14	0.16	0.12	0.28	0.12	0.47	126.6471	1.57
2020-09-17	3.44	42.35	40.99	-0.97	-1.29	-1.15	0.12	0.69	0.09	0.13	0.16	0.09	0.28	0.11	0.47	126.6431	1.57
2020-09-18	3.42	42.16	41.09	-0.97	-1.29	-1.15	0.13	0.70	0.09	0.14	0.16	0.10	0.29	0.12	0.48	126.4781	1.58
2020-09-21	3.48	40.37	39.26	-0.94	-1.23	-1.11	0.12	0.68	0.09	0.14	0.16	0.10	0.27	0.11	0.46	127.8202	1.50
2020-09-22	3.50	40.84	39.55	-0.94	-1.23	-1.10	0.12	0.68	0.08	0.13	0.15	0.10	0.27	0.11	0.46	127.8252	1.50
2020-09-23	3.52	41.09	39.92	-0.92	-1.20	-1.08	0.13	0.68	0.08	0.14	0.15	0.11	0.28	0.11	0.46	128.9966	1.48
2020-09-24	3.59	41.24	40.11	-0.91	-1.18	-1.07	0.12	0.67	0.08	0.14	0.16	0.10	0.27	0.11	0.46	129.4978	1.45
2020-09-25	3.65	40.91	40.06	-0.92	-1.17	-1.07	0.12	0.66	0.08	0.12	0.15	0.10	0.26	0.11	0.45	129.7853	1.43
2020-09-28	3.68	41.59	40.47	-0.94	-1.22	-1.11	0.12	0.67	0.09	0.14	0.16	0.11	0.26	0.11	0.46	129.7541	1.48
2020-09-29	3.68	40.33	39.03	-0.98	-1.25	-1.14	0.12	0.66	0.07	0.11	0.13	0.09	0.24	0.11	0.44	129.7325	1.49
2020-09-30	3.57	40.30	40.05	-0.94	-1.22	-1.11	0.12	0.69	0.08	0.13	0.16	0.10	0.28	0.11	0.47	128.8637	1.50
2020-10-01	3.57	39.75	38.51	-0.95	-1.21	-1.11	0.12	0.68	0.09	0.14	0.16	0.09	0.27	0.10	0.46	128.6055	1.48
2020-10-02	3.56	38.00	36.90	-0.94	-1.20	-1.10	0.12	0.70	0.10	0.13	0.16	0.09	0.28	0.11	0.48	128.3605	1.48
2020-10-05	3.50	39.78	39.12	-0.90	-1.19	-1.07	0.12	0.78	0.09	0.14	0.19	0.10	0.33	0.11	0.55	127.6818	1.52
2020-10-06	3.46	41.27	40.52	-0.90	-1.19	-1.07	0.14	0.76	0.08	0.14	0.17	0.10	0.32	0.11	0.53	127.8016	1.51
2020-10-07	3.43	40.62	39.82	-0.90	-1.19	-1.07	0.13	0.81	0.08	0.16	0.21	0.10	0.35	0.12	0.56	127.8061	1.54
2020-10-08	3.42	42.00	41.04	-0.94	-1.23	-1.12	0.13	0.78	0.09	0.13	0.18	0.09	0.33	0.12	0.54	127.5481	1.56
2020-10-09	3.39	41.63	40.44	-0.94	-1.22	-1.10	0.15	0.79	0.10	0.16	0.20	0.10	0.34	0.12	0.55	126.3678	1.56
2020-10-12	3.39	40.50	39.22	.	.	.	.	.	.	.	.	.	.	.	.	.	.
2020-10-13	3.39	41.34	40.03	-0.96	-1.21	-1.11	0.13	0.74	0.09	0.16	0.18	0.11	0.31	0.12	0.52	127.2605	1.52
2020-10-14	3.41	41.81	40.86	-0.96	-1.22	-1.11	0.13	0.73	0.10	0.14	0.18	0.12	0.30	0.12	0.51	126.9708	1.52
2020-10-15	3.43	41.61	40.84	-0.95	-1.20	-1.10	0.12	0.74	0.10	0.14	0.18	0.11	0.32	0.12	0.52	127.1799	1.52
2020-10-16	3.43	41.34	40.70	-0.95	-1.21	-1.10	0.12	0.76	0.09	0.14	0.18	0.11	0.32	0.12	0.53	126.6691	1.53
2020-10-19	3.42	41.29	40.69	-0.93	-1.19	-1.08	0.13	0.78	0.09	0.16	0.19	0.11	0.34	0.11	0.54	126.4041	1.53
2020-10-20	3.41	41.62	41.37	-0.91	-1.19	-1.08	0.13	0.81	0.08	0.14	0.19	0.10	0.34	0.12	0.57	126.2554	1.53
2020-10-21	3.40	40.09	39.88	-0.91	-1.20	-1.08	0.13	0.83	0.08	0.14	0.20	0.10	0.36	0.12	0.58	126.0740	1.56
2020-10-22	3.39	41.28	40.46	-0.89	-1.30	-1.13	0.13	0.87	0.09	0.16	0.21	0.09	0.38	0.11	0.62	126.1845	1.68
2020-10-23	3.39	40.71	39.73	-0.90	-1.29	-1.12	0.12	0.85	0.08	0.18	0.21	0.10	0.37	0.11	0.61	125.9976	1.66
2020-10-26	3.41	39.06	38.39	-0.91	-1.28	-1.12	0.12	0.81	0.08	0.16	0.18	0.11	0.35	0.12	0.58	126.2513	1.63
2020-10-27	3.42	39.72	39.34	-0.92	-1.30	-1.14	0.12	0.79	0.08	0.16	0.19	0.10	0.34	0.11	0.56	126.0229	1.64
2020-10-28	3.44	37.86	37.27	-0.91	-1.27	-1.11	0.12	0.79	0.07	0.16	0.19	0.10	0.34	0.11	0.56	126.8329	1.61
2020-10-29	3.46	36.56	35.94	-0.86	-1.23	-1.07	0.12	0.85	0.08	0.16	0.20	0.09	0.38	0.10	0.61	127.1512	1.61
2020-10-30	3.47	36.33	35.64	-0.82	-1.21	-1.04	0.13	0.88	0.08	0.14	0.19	0.09	0.38	0.11	0.64	126.8995	1.59
2020-10-31	3.46																
2020-11-02	3.47	37.78	36.60	-0.84	-1.22	-1.06	0.13	0.87	0.09	0.16	0.20	0.09	0.38	0.11	0.63	127.1586	1.60
2020-11-03	3.43	38.17	37.44	-0.82	-1.23	-1.05	0.14	0.90	0.09	0.17	0.21	0.10	0.39	0.12	0.65	126.5311	1.62
2020-11-04	3.42	39.68	38.97	-0.86	-1.23	-1.07	0.12	0.78	0.08	0.14	0.18	0.10	0.33	0.10	0.55	125.9634	1.56
2020-11-05	3.34	39.47	38.56	-0.87	-1.22	-1.07	0.12	0.79	0.09	0.14	0.18	0.10	0.33	0.10	0.56	125.2027	1.55
2020-11-06	3.31	38.08	36.97	-0.82	-1.18	-1.03	0.12	0.83	0.10	0.16	0.21	0.10	0.36	0.11	0.59	124.7387	1.54
2020-11-09	3.18	40.93	40.05	-0.77	-1.19	-1.01	0.12	0.96	0.10	0.17	0.25	0.11	0.44	0.11	0.70	124.3047	1.63
2020-11-10	3.17	42.25	41.18	-0.78	-1.23	-1.04	0.12	0.98	0.09	0.19	0.26	0.10	0.46	0.11	0.72	124.3354	1.69
2020-11-11	3.17	42.50	41.23	.	.	.	.	.	.	.	.	.	.	.	.	.	.
2020-11-12	3.20	42.16	40.90	-0.83	-1.23	-1.06	0.13	0.88	0.10	0.17	0.23	0.10	0.40	0.10	0.64	124.4706	1.63
2020-11-13	3.19	41.51	39.93	-0.83	-1.23	-1.05	0.12	0.89	0.10	0.17	0.23	0.09	0.41	0.10	0.65	124.3731	1.64
2020-11-16	3.16	42.71	41.14	-0.81	-1.23	-1.05	0.12	0.91	0.09	0.19	0.24	0.09	0.41	0.12	0.66	123.8839	1.64
2020-11-17	3.19	42.54	41.24	-0.83	-1.24	-1.07	0.12	0.87	0.08	0.18	0.22	0.09	0.39	0.10	0.63	123.6473	1.63
2020-11-18	3.16	42.91	41.64	-0.82	-1.23	-1.05	0.11	0.88	0.07	0.16	0.22	0.09	0.40	0.10	0.64	123.4875	1.63
2020-11-19	3.17	43.09	41.57	-0.84	-1.23	-1.05	0.11	0.86	0.08	0.18	0.22	0.07	0.39	0.10	0.63	123.6599	1.62
2020-11-20	3.18	43.79	41.99	-0.86	-1.23	-1.06	0.11	0.83	0.09	0.16	0.21	0.07	0.38	0.10	0.62	123.3920	1.61
2020-11-23	3.15	45.00	42.91	-0.85	-1.23	-1.04	0.10	0.86	0.08	0.16	0.22	0.08	0.39	0.08	0.64	123.6684	1.62
2020-11-24	3.12	46.63	44.71	-0.86	-1.26	-1.07	0.11	0.88	0.08	0.16	0.22	0.09	0.39	0.10	0.65	123.4154	1.65
2020-11-25	3.10	47.30	45.58	-0.87	-1.28	-1.09	0.11	0.88	0.07	0.17	0.21	0.09	0.39	0.09	0.65	123.1956	1.67
2020-11-26	3.09	46.32	.	.	.	.	.	.	.	.	.	.	.	.	.	.	.
2020-11-27	3.10	46.88	.	-0.91	-1.30	-1.11	0.11	0.84	0.09	0.16	0.20	0.09	0.37	0.10	0.61	.	1.67
2020-11-30	3.07	46.84	45.20	-0.93	-1.32	-1.13	0.11	0.84	0.08	0.16	0.19	0.08	0.36	0.09	0.62	123.4581	1.68
2020-12-01	2.99	47.03	44.54	-0.89	-1.30	-1.11	0.12	0.92	0.07	0.17	0.22	0.09	0.42	0.10	0.68	123.0880	1.72
2020-12-02	2.99	47.80	45.23	-0.90	-1.34	-1.13	0.11	0.95	0.07	0.16	0.22	0.09	0.42	0.10	0.69	122.9442	1.76
2020-12-03	2.98	48.37	45.65	-0.94	-1.38	-1.18	0.10	0.92	0.08	0.16	0.21	0.08	0.40	0.09	0.67	122.3751	1.78
2020-12-04	2.94	49.10	46.23	-0.92	-1.41	-1.18	0.11	0.97	0.07	0.16	0.21	0.09	0.42	0.10	0.70	121.9303	1.83
2020-12-07	2.94	48.63	45.72	-0.94	-1.44	-1.21	0.10	0.94	0.09	0.14	0.20	0.08	0.40	0.10	0.67	121.9790	1.84
2020-12-08	2.93	48.84	45.64	-0.97	-1.45	-1.22	0.10	0.92	0.08	0.14	0.20	0.09	0.39	0.09	0.65	121.8627	1.84
2020-12-09	2.92	48.81	45.48	-0.96	-1.43	-1.20	0.10	0.95	0.07	0.16	0.21	0.08	0.41	0.09	0.68	122.1491	1.84
2020-12-10	2.93	50.33	46.76	-0.96	-1.44	-1.21	0.10	0.92	0.07	0.14	0.20	0.08	0.39	0.09	0.65	122.3082	1.83
2020-12-11	2.93	50.01	46.59	-0.97	-1.45	-1.21	0.10	0.90	0.08	0.11	0.18	0.08	0.37	0.08	0.63	122.4864	1.82
2020-12-14	2.91	50.27	47.02	-0.98	-1.47	-1.23	0.10	0.90	0.07	0.13	0.17	0.09	0.37	0.08	0.63	122.7581	1.84
2020-12-15	2.88	50.77	47.58	-0.99	-1.49	-1.25	0.09	0.92	0.07	0.11	0.18	0.08	0.37	0.08	0.64	122.4572	1.86
2020-12-16	2.87	50.83	47.86	-1.00	-1.53	-1.27	0.09	0.92	0.08	0.13	0.18	0.09	0.37	0.09	0.64	122.2319	1.90
2020-12-17	2.84	51.20	48.34	-1.00	-1.52	-1.27	0.09	0.94	0.08	0.13	0.19	0.08	0.38	0.09	0.66	121.8066	1.90
2020-12-18	2.82	52.17	49.04	-1.00	-1.53	-1.26	0.09	0.95	0.08	0.13	0.19	0.08	0.39	0.09	0.67	122.2574	1.92
2020-12-21	2.83	50.61	47.79	-1.00	-1.51	-1.25	0.09	0.95	0.08	0.13	0.18	0.09	0.39	0.09	0.66	122.6434	1.90
2020-12-22	2.84	49.88	47.02	-1.01	-1.55	-1.29	0.09	0.93	0.07	0.13	0.17	0.09	0.37	0.09	0.64	122.6752	1.92
2020-12-23	2.82	51.05	47.94	-1.01	-1.55	-1.28	0.09	0.96	0.07	0.13	0.18	0.09	0.38	0.09	0.67	122.6843	1.93
2020-12-24	2.83	50.88	48.18	-1.03	-1.55	-1.29	0.10	0.94	0.09	0.13	0.17	0.09	0.37	0.09	0.66	.	1.92
2020-12-25	.	.	.	.	.	.	.	.	.	.	.	.	.	.	.	.	.
2020-12-28	2.83	50.88	47.50	-1.03	-1.54	-1.28	0.11	0.94	0.09	0.13	0.17	0.11	0.38	0.11	0.65	122.5511	1.92
2020-12-29	2.82	50.44	47.85	-1.02	-1.53	-1.27	0.11	0.94	0.08	0.12	0.17	0.10	0.37	0.12	0.66	122.1044	1.90
2020-12-30	2.82	50.74	48.24	-1.03	-1.55	-1.28	0.12	0.93	0.06	0.12	0.17	0.08	0.37	0.09	0.66	121.9741	1.92
2020-12-31	2.85	51.22	48.35	-1.06	-1.59	-1.31	0.10	0.93	0.08	0.13	0.17	0.09	0.36	0.09	0.65	121.8942	1.95
2021-01-01	.	.	.	.	.	.	.	.	.	.	.	.	.	.	.	.	.
2021-01-04	2.83	50.37	47.47	-1.08	-1.62	-1.34	0.10	0.93	0.09	0.11	0.16	0.09	0.36	0.09	0.64	121.5962	1.98
2021-01-05	2.82	53.16	49.78	-1.07	-1.63	-1.34	0.10	0.96	0.08	0.13	0.17	0.09	0.38	0.09	0.66	121.6021	2.01
2021-01-06	2.82	53.80	50.45	-1.02	-1.61	-1.30	0.11	1.04	0.09	0.14	0.20	0.09	0.43	0.09	0.74	121.2974	2.04
2021-01-07	2.84	53.70	50.63	-1.01	-1.63	-1.30	0.11	1.08	0.09	0.14	0.22	0.09	0.46	0.09	0.78	121.9268	2.09
2021-01-08	2.86	55.51	52.14	-0.93	-1.58	-1.23	0.10	1.13	0.08	0.14	0.24	0.08	0.49	0.09	0.81	121.9166	2.07
2021-01-11	2.87	54.84	52.15	-0.91	-1.54	-1.20	0.10	1.15	0.09	0.14	0.22	0.08	0.50	0.10	0.84	122.4106	2.04
2021-01-12	2.91	55.98	53.08	-0.93	-1.56	-1.22	0.11	1.15	0.09	0.14	0.23	0.09	0.50	0.09	0.83	121.9973	2.06
2021-01-13	2.93	55.52	52.81	-0.96	-1.56	-1.23	0.12	1.10	0.09	0.14	0.22	0.09	0.48	0.10	0.80	121.6821	2.04
2021-01-14	2.90	55.76	53.47	-0.94	-1.60	-1.24	0.10	1.15	0.09	0.16	0.23	0.09	0.49	0.09	0.82	121.5309	2.09
2021-01-15	2.91	54.80	52.25	-0.99	-1.63	-1.28	0.10	1.11	0.08	0.13	0.20	0.09	0.46	0.10	0.78	121.7287	2.09
2021-01-18	2.90	54.21	.	.	.	.	.	.	.	.	.	.	.	.	.	.	.
2021-01-19	2.90	55.38	52.87	-1.00	-1.67	-1.30	0.10	1.10	0.07	0.14	0.21	0.09	0.45	0.11	0.78	121.6957	2.12
2021-01-20	2.87	55.66	53.16	-1.02	-1.70	-1.33	0.10	1.10	0.08	0.13	0.19	0.08	0.45	0.10	0.78	.	2.15
2021-01-21	2.85	55.68	53.00	-0.98	-1.73	-1.34	0.10	1.12	0.07	0.13	0.19	0.09	0.45	0.09	0.79	121.5900	2.18
2021-01-22	2.85	55.22	52.28	-0.99	-1.72	-1.34	0.10	1.10	0.07	0.13	0.19	0.08	0.44	0.10	0.77	122.2333	2.16
2021-01-25	2.85	55.44	52.78	-1.03	-1.73	-1.37	0.10	1.05	0.07	0.13	0.17	0.09	0.42	0.09	0.73	122.6032	2.15
2021-01-26	2.84	55.26	52.61	-1.03	-1.73	-1.37	0.09	1.05	0.05	0.11	0.18	0.07	0.42	0.09	0.74	122.3576	2.15
2021-01-27	2.84	55.07	52.81	-1.04	-1.74	-1.38	0.09	1.04	0.05	0.12	0.18	0.08	0.41	0.09	0.72	122.7763	2.15
2021-01-28	2.83	54.87	52.26	-1.06	-1.76	-1.40	0.08	1.07	0.05	0.12	0.18	0.07	0.42	0.08	0.75	122.6381	2.18
2021-01-29	2.82	55.25	52.16	-1.02	-1.76	-1.38	0.10	1.11	0.07	0.11	0.19	0.06	0.45	0.07	0.79	122.5954	2.21
2021-01-31	2.83																
2021-02-01	2.83	56.42	53.55	-1.02	-1.76	-1.39	0.08	1.09	0.06	0.11	0.17	0.07	0.42	0.08	0.76	123.0507	2.18
2021-02-02	2.79	57.62	54.77	-1.03	-1.78	-1.40	0.08	1.12	0.04	0.11	0.18	0.07	0.45	0.08	0.79	122.5405	2.23
2021-02-03	2.77	58.61	55.67	-1.04	-1.81	-1.43	0.08	1.15	0.03	0.11	0.19	0.04	0.46	0.06	0.81	122.6420	2.27
2021-02-04	2.76	58.98	56.19	-1.02	-1.79	-1.40	0.07	1.15	0.03	0.11	0.18	0.04	0.46	0.06	0.81	123.2325	2.25
2021-02-05	2.74	59.48	56.80	-1.02	-1.81	-1.42	0.06	1.19	0.02	0.09	0.19	0.03	0.47	0.05	0.83	122.6177	2.28
2021-02-08	2.77	60.17	57.95	-1.03	-1.83	-1.43	0.07	1.19	0.04	0.11	0.20	0.05	0.48	0.05	0.83	122.3855	2.31
2021-02-09	2.76	60.74	58.34	-1.04	-1.83	-1.43	0.07	1.18	0.04	0.11	0.19	0.04	0.48	0.06	0.83	122.3190	2.31
2021-02-10	2.77	61.17	58.69	-1.06	-1.85	-1.46	0.07	1.15	0.05	0.11	0.19	0.05	0.46	0.06	0.80	122.1941	2.31
2021-02-11	2.74	61.09	58.22	-1.04	-1.86	-1.45	0.07	1.16	0.05	0.11	0.19	0.05	0.46	0.06	0.81	121.9911	2.32
2021-02-12	2.73	62.47	59.50	-1.01	-1.85	-1.44	0.06	1.20	0.03	0.11	0.20	0.04	0.50	0.05	0.85	121.9013	2.35
2021-02-15	2.73	63.58	.	.	.	.	.	.	.	.	.	.	.	.	.	.	.
2021-02-16	2.68	63.96	60.07	-0.94	-1.80	-1.38	0.08	1.30	0.03	0.13	0.23	0.04	0.57	0.06	0.94	122.3771	2.37
2021-02-17	2.69	65.02	61.09	-0.92	-1.78	-1.36	0.07	1.29	0.03	0.11	0.21	0.04	0.57	0.06	0.94	122.4677	2.35
2021-02-18	2.67	64.09	60.40	-0.87	-1.73	-1.31	0.06	1.29	0.03	0.11	0.21	0.03	0.56	0.04	0.94	123.0343	2.29
2021-02-19	2.65	62.84	59.12	-0.80	-1.70	-1.27	0.07	1.34	0.03	0.11	0.22	0.04	0.59	0.06	0.98	122.7078	2.29
2021-02-22	2.68	64.73	61.67	-0.79	-1.74	-1.28	0.06	1.37	0.03	0.11	0.22	0.03	0.61	0.04	1.00	123.3135	2.35
2021-02-23	2.68	65.16	61.66	-0.79	-1.76	-1.29	0.08	1.37	0.03	0.11	0.22	0.04	0.59	0.05	1.00	123.1434	2.35
2021-02-24	2.65	66.85	63.21	-0.79	-1.76	-1.28	0.08	1.38	0.03	0.12	0.24	0.03	0.62	0.05	1.02	122.8499	2.38
2021-02-25	2.60	66.69	63.43	-0.60	-1.53	-1.06	0.09	1.54	0.04	0.17	0.34	0.04	0.81	0.06	1.23	123.6358	2.34
2021-02-26	2.67	65.86	61.55	-0.71	-1.64	-1.16	0.08	1.44	0.04	0.14	0.30	0.04	0.75	0.05	1.15	124.2675	2.39
2021-02-28	2.66																
2021-03-01	2.68	64.56	60.54	-0.71	-1.69	-1.19	0.08	1.45	0.03	0.13	0.27	0.05	0.71	0.07	1.12	123.5626	2.40
2021-03-02	2.69	63.17	59.70	-0.78	-1.76	-1.26	0.08	1.42	0.04	0.13	0.26	0.04	0.67	0.06	1.08	123.8072	2.43
2021-03-03	2.68	64.70	61.33	-0.74	-1.72	-1.21	0.08	1.47	0.04	0.14	0.29	0.05	0.73	0.07	1.14	124.2214	2.45
2021-03-04	2.67	67.32	63.81	-0.66	-1.66	-1.14	0.08	1.54	0.03	0.14	0.32	0.04	0.77	0.07	1.21	123.9297	2.43
2021-03-05	2.73	69.95	66.08	-0.66	-1.64	-1.12	0.08	1.56	0.04	0.14	0.32	0.04	0.79	0.07	1.23	125.0838	2.43
2021-03-08	2.77	68.00	65.03	-0.62	-1.56	-1.06	0.09	1.59	0.04	0.17	0.34	0.05	0.86	0.06	1.28	125.7678	2.42
2021-03-09	2.82	67.03	64.02	-0.66	-1.58	-1.09	0.10	1.55	0.04	0.17	0.35	0.05	0.83	0.07	1.23	125.4172	2.41
2021-03-10	2.82	67.53	64.45	-0.73	-1.67	-1.17	0.08	1.53	0.03	0.16	0.32	0.04	0.80	0.06	1.20	124.7955	2.47
2021-03-11	2.77	69.34	66.02	-0.74	-1.73	-1.20	0.08	1.54	0.04	0.14	0.31	0.04	0.78	0.05	1.20	124.0691	2.51
2021-03-12	2.75	68.87	65.59	-0.62	-1.66	-1.11	0.09	1.64	0.03	0.14	0.34	0.04	0.85	0.06	1.30	124.2801	2.51
2021-03-15	2.76	68.78	65.36	-0.65	-1.70	-1.14	0.08	1.62	0.02	0.14	0.33	0.04	0.84	0.06	1.28	124.3465	2.54
2021-03-16	2.72	67.95	64.82	-0.68	-1.76	-1.18	0.07	1.62	0.01	0.15	0.33	0.02	0.83	0.06	1.28	123.9798	2.59
2021-03-17	2.74	67.73	64.55	-0.67	-1.78	-1.19	0.07	1.63	0.01	0.13	0.29	0.02	0.80	0.05	1.27	124.2717	2.58
2021-03-18	2.69	62.11	59.95	-0.56	-1.64	-1.06	0.08	1.71	0.01	0.16	0.33	0.01	0.86	0.03	1.35	123.7457	2.50
2021-03-19	2.68	64.00	61.43	-0.57	-1.61	-1.05	0.07	1.74	0.01	0.16	0.33	0.01	0.90	0.03	1.38	123.8310	2.51
2021-03-22	2.71	63.89	61.48	-0.64	-1.64	-1.10	0.06	1.69	0.02	0.15	0.32	0.03	0.87	0.05	1.34	124.0039	2.51
2021-03-23	2.72	59.96	57.75	-0.66	-1.65	-1.12	0.08	1.63	0.02	0.15	0.31	0.01	0.83	0.04	1.29	124.1765	2.48
2021-03-24	2.75	63.70	61.12	-0.69	-1.70	-1.15	0.07	1.62	0.02	0.14	0.31	0.02	0.83	0.04	1.27	124.6433	2.53
2021-03-25	2.77	61.21	58.47	-0.69	-1.72	-1.16	0.07	1.63	0.02	0.14	0.30	0.02	0.82	0.04	1.29	124.8992	2.54
2021-03-26	2.77	63.77	60.93	-0.67	-1.72	-1.15	0.06	1.67	0.02	0.14	0.31	0.02	0.85	0.04	1.32	124.5559	2.57
2021-03-29	2.75	64.06	61.49	-0.63	-1.67	-1.11	0.06	1.73	0.02	0.14	0.32	0.03	0.89	0.04	1.37	124.8338	2.56
2021-03-30	2.78	63.28	60.55	-0.62	-1.62	-1.07	0.06	1.73	0.01	0.16	0.33	0.02	0.90	0.04	1.39	124.9349	2.52
2021-03-31	2.71	63.52	59.19	-0.63	-1.62	-1.08	0.07	1.74	0.01	0.16	0.35	0.03	0.92	0.05	1.40	124.3701	2.54
2021-04-01	2.72	63.85	61.41	-0.66	-1.65	-1.11	0.06	1.69	0.02	0.17	0.35	0.02	0.90	0.04	1.37	124.3400	2.55
2021-04-02	.	.	.	-0.64	-1.61	-1.08	0.07	1.72	0.02	0.19	0.39	0.02	0.97	0.04	1.42	124.2807	2.58
2021-04-05	2.70	.	58.73	-0.62	-1.61	-1.07	0.06	1.73	0.03	0.17	0.37	0.03	0.94	0.04	1.40	124.0995	2.55
2021-04-06	2.72	61.47	59.34	-0.65	-1.64	-1.10	0.06	1.67	0.02	0.16	0.35	0.02	0.88	0.04	1.34	123.6943	2.52
2021-04-07	2.71	61.86	59.77	-0.66	-1.66	-1.11	0.06	1.68	0.01	0.16	0.34	0.02	0.87	0.04	1.34	123.8356	2.53
2021-04-08	2.74	62.09	59.61	-0.69	-1.70	-1.14	0.05	1.64	0.02	0.14	0.33	0.01	0.85	0.04	1.30	123.7330	2.55
2021-04-09	2.72	61.89	59.29	-0.64	-1.64	-1.09	0.06	1.67	0.02	0.16	0.35	0.02	0.87	0.03	1.33	123.9780	2.51
2021-04-12	2.72	62.38	59.70	-0.64	-1.63	-1.09	0.06	1.69	0.02	0.18	0.38	0.02	0.89	0.04	1.35	123.9679	2.52
2021-04-13	2.79	62.83	60.20	-0.69	-1.69	-1.14	0.06	1.64	0.03	0.16	0.35	0.03	0.85	0.05	1.29	123.8823	2.54
2021-04-14	2.80	66.11	63.15	-0.69	-1.69	-1.14	0.06	1.64	0.02	0.16	0.35	0.02	0.87	0.04	1.31	123.6569	2.56
2021-04-15	2.86	66.13	63.42	-0.77	-1.74	-1.21	0.06	1.56	0.02	0.16	0.32	0.02	0.81	0.04	1.24	123.2258	2.55
2021-04-16	2.81	65.98	63.16	-0.77	-1.73	-1.20	0.06	1.59	0.02	0.16	0.34	0.02	0.84	0.04	1.26	123.1623	2.57
2021-04-19	2.74	66.54	63.33	-0.73	-1.71	-1.18	0.08	1.61	0.01	0.16	0.34	0.02	0.85	0.04	1.28	122.8791	2.56
2021-04-20	2.78	65.34	62.61	-0.74	-1.71	-1.18	0.07	1.58	0.01	0.15	0.31	0.03	0.81	0.04	1.25	122.9360	2.52
2021-04-21	2.78	64.02	61.34	-0.76	-1.72	-1.20	0.07	1.57	0.00	0.15	0.32	0.03	0.81	0.04	1.24	122.9639	2.53
2021-04-22	2.77	65.07	61.45	-0.76	-1.61	-1.02	0.06	1.57	0.02	0.16	0.32	0.03	0.81	0.04	1.24	122.8756	2.42
2021-04-23	2.75	65.75	62.18	-0.76	-1.61	-1.04	0.07	1.58	0.01	0.16	0.34	0.03	0.83	0.03	1.26	122.8404	2.44
2021-04-26	2.76	65.50	62.02	-0.78	-1.62	-1.05	0.06	1.58	0.02	0.18	0.35	0.03	0.85	0.04	1.27	122.5973	2.47
2021-04-27	2.75	66.25	63.03	-0.76	-1.63	-1.03	0.06	1.63	0.01	0.17	0.36	0.01	0.88	0.04	1.32	122.7602	2.51
2021-04-28	2.76	67.08	63.81	-0.78	-1.68	-1.08	0.05	1.63	0.01	0.17	0.35	0.01	0.86	0.04	1.31	122.6723	2.54
2021-04-29	2.74	68.26	65.00	-0.77	-1.70	-1.06	0.05	1.65	0.01	0.16	0.35	0.01	0.86	0.04	1.32	122.8045	2.56
2021-04-30	2.71	67.73	63.50	-0.76	-1.71	-1.06	0.05	1.65	0.01	0.16	0.35	0.01	0.86	0.03	1.32	123.0331	2.57
2021-05-03	2.71	.	64.46	-0.79	-1.76	-1.14	0.06	1.63	0.02	0.16	0.33	0.04	0.84	0.04	1.29	123.1360	2.60
2021-05-04	2.71	68.91	65.72	-0.81	-1.80	-1.16	0.06	1.61	0.01	0.16	0.33	0.02	0.82	0.04	1.28	123.3354	2.62
2021-05-05	2.71	69.71	65.63	-0.88	-1.88	-1.21	0.06	1.59	0.01	0.16	0.32	0.02	0.80	0.04	1.25	123.2172	2.68
2021-05-06	2.71	68.62	64.73	-0.87	-1.85	-1.24	0.05	1.58	0.01	0.16	0.32	0.02	0.81	0.04	1.25	122.9428	2.66
2021-05-07	2.69	68.73	64.96	-0.89	-1.88	-1.23	0.05	1.60	0.01	0.14	0.29	0.02	0.77	0.04	1.24	122.0987	2.65
2021-05-10	2.67	68.61	64.92	-0.91	-1.91	-1.27	0.05	1.63	0.02	0.16	0.32	0.02	0.80	0.04	1.27	121.8795	2.71
2021-05-11	2.67	68.83	65.31	-0.89	-1.88	-1.29	0.05	1.64	0.01	0.16	0.31	0.01	0.80	0.04	1.28	122.0484	2.68
2021-05-12	2.65	69.62	65.96	-0.85	-1.85	-1.23	0.05	1.69	0.01	0.16	0.35	0.02	0.87	0.04	1.34	122.7940	2.72
2021-05-13	2.69	67.36	63.82	-0.85	-1.81	-1.18	0.05	1.66	0.00	0.16	0.33	0.02	0.84	0.03	1.31	122.7066	2.65
2021-05-14	2.69	69.24	65.32	-0.88	-1.86	-1.27	0.06	1.63	0.01	0.16	0.33	0.01	0.82	0.03	1.29	122.2302	2.68
2021-05-17	2.68	69.62	66.24	-0.90	-1.88	-1.29	0.06	1.64	0.00	0.16	0.34	0.02	0.84	0.04	1.30	122.3164	2.72
2021-05-18	2.67	69.01	65.49	-0.88	-1.89	-1.34	0.06	1.64	0.00	0.16	0.34	0.02	0.83	0.03	1.29	122.1046	2.72
2021-05-19	2.66	66.88	63.28	-0.80	-1.79	-1.25	0.05	1.68	0.00	0.16	0.35	0.01	0.87	0.03	1.34	122.1725	2.66
2021-05-20	2.69	65.18	61.95	-0.78	-1.76	-1.22	0.05	1.63	0.01	0.15	0.34	0.01	0.83	0.03	1.29	122.3025	2.59
2021-05-21	2.67	66.72	63.61	-0.80	-1.78	-1.25	0.04	1.63	0.00	0.17	0.34	0.01	0.84	0.02	1.29	122.4254	2.62
2021-05-24	2.68	68.59	66.13	-0.83	-1.82	-1.28	0.04	1.61	0.01	0.15	0.32	0.02	0.82	0.03	1.28	122.2327	2.64
2021-05-25	2.67	68.80	66.27	-0.86	-1.84	-1.30	0.04	1.56	0.01	0.15	0.30	0.02	0.79	0.04	1.23	122.1775	2.63
2021-05-26	2.65	68.93	66.41	-0.82	-1.80	-1.27	0.04	1.58	0.00	0.14	0.31	0.02	0.80	0.04	1.24	121.9990	2.60
2021-05-27	2.65	69.43	66.87	-0.81	-1.78	-1.25	0.04	1.61	0.00	0.14	0.31	0.02	0.81	0.04	1.28	122.0050	2.59
2021-05-28	2.66	69.36	66.31	-0.84	-1.78	-1.27	0.05	1.58	0.01	0.14	0.30	0.01	0.79	0.03	1.24	121.7233	2.57
2021-05-31	2.68	.	.	.	.	.	.	.	.	.	.	.	.	.	.	.	.
2021-06-01	2.68	70.03	67.80	-0.84	-1.79	-1.26	0.04	1.62	0.01	0.16	0.31	0.02	0.81	0.04	1.28	121.5987	2.60
2021-06-02	2.68	70.60	68.79	-0.85	-1.79	-1.28	0.05	1.59	0.01	0.13	0.30	0.02	0.80	0.04	1.26	121.5739	2.59
2021-06-03	2.67	70.71	68.81	-0.79	-1.72	-1.22	0.04	1.63	0.00	0.16	0.34	0.02	0.84	0.04	1.30	122.0721	2.56
2021-06-04	2.71	71.30	69.57	-0.84	-1.76	-1.26	0.05	1.56	0.01	0.14	0.32	0.02	0.78	0.04	1.23	121.6906	2.54
2021-06-07	2.68	70.89	69.21	-0.82	-1.72	-1.22	0.05	1.57	0.01	0.16	0.33	0.02	0.79	0.04	1.24	121.4082	2.51
2021-06-08	2.68	71.39	70.11	-0.83	-1.70	-1.21	0.05	1.53	0.01	0.14	0.32	0.02	0.77	0.04	1.20	121.4598	2.47
2021-06-09	2.68	71.31	69.90	-0.82	-1.66	-1.19	0.05	1.50	0.01	0.16	0.31	0.03	0.75	0.04	1.17	121.2749	2.41
2021-06-10	2.71	71.65	70.34	-0.90	-1.74	-1.27	0.05	1.45	0.01	0.14	0.30	0.03	0.73	0.04	1.14	121.2600	2.47
2021-06-11	2.68	72.05	71.00	-0.85	-1.67	-1.21	0.05	1.47	0.01	0.16	0.31	0.03	0.76	0.04	1.16	121.8368	2.43
2021-06-14	2.67	72.27	70.94	-0.85	-1.64	-1.19	0.05	1.51	0.01	0.16	0.33	0.03	0.80	0.05	1.20	121.7270	2.44
2021-06-15	2.68	73.38	72.06	-0.87	-1.67	-1.21	0.08	1.51	0.02	0.16	0.34	0.03	0.79	0.05	1.21	122.2690	2.46
2021-06-16	2.63	73.88	72.03	-0.75	-1.52	-1.09	0.08	1.57	0.04	0.21	0.41	0.04	0.89	0.06	1.29	121.9327	2.41
2021-06-17	2.66	72.92	71.06	-0.75	-1.41	-0.94	0.08	1.52	0.05	0.23	0.43	0.04	0.90	0.06	1.27	123.2943	2.31
2021-06-18	2.64	73.10	71.64	-0.79	-1.48	-1.10	0.09	1.45	0.05	0.26	0.47	0.05	0.89	0.06	1.22	123.7648	2.37
2021-06-21	2.62	74.49	73.64	-0.75	-1.51	-1.11	0.09	1.50	0.04	0.27	0.48	0.05	0.90	0.06	1.25	123.7797	2.41
2021-06-22	2.65	74.92	73.15	-0.83	-1.59	-1.19	0.09	1.48	0.04	0.25	0.44	0.04	0.87	0.06	1.23	123.8980	2.46
2021-06-23	2.65	75.22	73.11	-0.84	-1.59	-1.19	0.08	1.50	0.04	0.26	0.47	0.05	0.90	0.05	1.25	123.2095	2.49
2021-06-24	2.64	75.95	73.31	-0.81	-1.55	-1.15	0.08	1.49	0.05	0.26	0.48	0.05	0.90	0.05	1.26	122.7937	2.45
2021-06-25	2.62	76.45	74.21	-0.80	-1.54	-1.13	0.09	1.54	0.05	0.28	0.48	0.06	0.92	0.06	1.29	122.2251	2.46
2021-06-28	2.65	74.78	72.98	-0.84	-1.55	-1.16	0.08	1.49	0.04	0.25	0.47	0.05	0.90	0.06	1.25	122.2702	2.45
2021-06-29	2.65	75.38	73.14	-0.83	-1.57	-1.16	0.08	1.49	0.04	0.27	0.47	0.04	0.89	0.06	1.24	122.4249	2.46
2021-06-30	2.66	76.94	73.52	-0.87	-1.60	-1.21	0.07	1.45	0.05	0.25	0.46	0.05	0.87	0.06	1.21	122.6051	2.47
2021-07-01	2.66	76.69	75.33	-0.87	-1.60	-1.21	0.09	1.48	0.05	0.25	0.47	0.05	0.89	0.05	1.24	122.9347	2.49
2021-07-02	2.68	77.51	75.37	-0.89	-1.63	-1.23	0.08	1.44	0.05	0.24	0.45	0.05	0.86	0.05	1.19	122.7168	2.49
2021-07-05	2.68	78.34	.	.	.	.	.	.	.	.	.	.	.	.	.	.	.
2021-07-06	2.73	75.81	73.62	-0.94	-1.67	-1.28	0.07	1.37	0.05	0.22	0.42	0.05	0.81	0.06	1.13	123.1934	2.48
2021-07-07	2.74	74.31	72.22	-0.95	-1.64	-1.25	0.08	1.33	0.05	0.22	0.41	0.05	0.79	0.05	1.09	123.3509	2.43
2021-07-08	2.77	75.07	72.98	-0.92	-1.64	-1.26	0.07	1.30	0.06	0.19	0.37	0.06	0.74	0.06	1.06	123.5091	2.38
2021-07-09	2.75	77.14	74.56	-0.91	-1.65	-1.25	0.08	1.37	0.06	0.23	0.41	0.06	0.79	0.05	1.12	123.2693	2.44
2021-07-12	2.72	76.77	74.21	-0.95	-1.67	-1.26	0.08	1.38	0.05	0.23	0.43	0.05	0.81	0.06	1.13	123.1660	2.48
2021-07-13	2.69	77.50	75.24	-0.94	-1.71	-1.28	0.08	1.42	0.05	0.26	0.47	0.05	0.85	0.06	1.16	123.3108	2.56
2021-07-14	2.72	75.74	73.06	-0.97	-1.73	-1.31	0.08	1.37	0.06	0.23	0.44	0.06	0.80	0.05	1.11	123.1234	2.53
2021-07-15	2.72	74.53	71.67	-1.01	-1.75	-1.34	0.07	1.31	0.05	0.23	0.43	0.05	0.78	0.05	1.07	123.1192	2.53
2021-07-16	2.72	74.46	71.76	-1.02	-1.73	-1.31	0.08	1.31	0.05	0.25	0.43	0.05	0.79	0.05	1.08	123.1102	2.52
2021-07-19	2.78	69.33	66.45	-1.05	-1.71	-1.31	0.07	1.19	0.05	0.21	0.38	0.05	0.70	0.06	0.97	123.7153	2.41
2021-07-20	2.80	70.03	67.32	-1.03	-1.71	-1.32	0.08	1.23	0.05	0.20	0.37	0.05	0.69	0.06	0.98	123.9409	2.40
2021-07-21	2.77	72.54	70.26	-0.98	-1.71	-1.30	0.07	1.30	0.04	0.22	0.39	0.05	0.74	0.05	1.05	123.8233	2.45
2021-07-22	2.81	74.25	72.15	-1.01	-1.75	-1.34	0.07	1.27	0.04	0.20	0.37	0.05	0.71	0.05	1.02	123.8259	2.46
2021-07-23	2.80	74.86	72.24	-1.05	-1.81	-1.40	0.07	1.30	0.05	0.22	0.38	0.05	0.72	0.05	1.04	123.6548	2.53
2021-07-26	2.81	74.79	72.15	-1.11	-1.86	-1.45	0.08	1.29	0.05	0.22	0.38	0.05	0.73	0.06	1.04	123.6450	2.59
2021-07-27	2.90	74.87	71.68	-1.13	-1.84	-1.42	0.07	1.25	0.04	0.20	0.37	0.05	0.71	0.05	1.01	123.7627	2.55
2021-07-28	2.93	75.09	72.37	-1.15	-1.85	-1.39	0.07	1.26	0.04	0.20	0.38	0.05	0.72	0.05	1.01	123.5714	2.57
2021-07-29	2.94	76.30	73.62	-1.15	-1.85	-1.40	0.08	1.28	0.05	0.20	0.37	0.06	0.73	0.05	1.04	122.9373	2.58
2021-07-30	2.98	77.72	73.93	-1.16	-1.87	-1.43	0.07	1.24	0.05	0.19	0.35	0.06	0.69	0.05	1.00	123.0925	2.56
2021-07-31	2.95																
2021-08-02	2.96	73.91	71.31	-1.17	-1.85	-1.41	0.07	1.20	0.05	0.17	0.33	0.05	0.66	0.06	0.96	123.0844	2.51
2021-08-03	2.94	73.24	70.64	-1.19	-1.86	-1.42	0.07	1.19	0.05	0.17	0.33	0.05	0.65	0.06	0.95	123.2702	2.51
2021-08-04	2.91	70.99	68.19	-1.16	-1.83	-1.42	0.07	1.19	0.05	0.17	0.34	0.05	0.67	0.05	0.96	123.3010	2.50
2021-08-05	2.88	72.14	69.10	-1.10	-1.74	-1.32	0.08	1.23	0.05	0.21	0.38	0.05	0.72	0.06	1.01	123.1616	2.46
2021-08-06	2.84	71.02	68.26	-1.06	-1.73	-1.34	0.09	1.31	0.04	0.21	0.42	0.06	0.77	0.06	1.07	123.6174	2.50
2021-08-09	2.86	69.65	66.56	-1.04	-1.71	-1.32	0.08	1.33	0.04	0.23	0.43	0.06	0.79	0.06	1.09	123.7783	2.50
2021-08-10	2.84	71.14	68.33	-1.04	-1.71	-1.32	0.08	1.36	0.05	0.24	0.47	0.05	0.82	0.05	1.12	123.7946	2.53
2021-08-11	2.83	71.99	69.30	-1.07	-1.74	-1.34	0.08	1.35	0.05	0.23	0.45	0.05	0.81	0.06	1.11	123.5010	2.55
2021-08-12	2.81	71.79	69.12	-1.05	-1.72	-1.32	0.09	1.36	0.05	0.23	0.46	0.06	0.83	0.06	1.13	123.4209	2.55
2021-08-13	2.82	70.90	68.36	-1.08	-1.73	-1.33	0.08	1.29	0.04	0.23	0.44	0.06	0.79	0.05	1.08	123.4011	2.52
2021-08-16	2.83	70.07	67.44	-1.10	-1.75	-1.38	0.08	1.26	0.04	0.21	0.42	0.06	0.75	0.05	1.04	123.4710	2.50
2021-08-17	2.81	69.40	66.50	-1.07	-1.72	-1.35	0.07	1.26	0.03	0.23	0.43	0.07	0.77	0.06	1.05	123.8401	2.49
2021-08-18	2.81	68.61	65.36	-1.05	-1.69	-1.32	0.07	1.27	0.03	0.23	0.43	0.07	0.79	0.05	1.06	123.8553	2.48
2021-08-19	2.81	66.80	63.69	-1.04	-1.67	-1.33	0.06	1.24	0.04	0.22	0.44	0.06	0.78	0.05	1.04	124.2348	2.45
2021-08-20	2.81	65.51	62.25	-1.01	-1.60	-1.26	0.06	1.26	0.04	0.23	0.44	0.05	0.80	0.05	1.06	124.8191	2.40
2021-08-23	2.82	69.07	65.65	-1.02	-1.65	-1.30	0.07	1.25	0.04	0.23	0.43	0.05	0.78	0.06	1.05	124.4326	2.43
2021-08-24	2.79	71.21	67.50	-1.01	-1.65	-1.30	0.06	1.29	0.03	0.24	0.44	0.05	0.80	0.05	1.08	124.1051	2.45
2021-08-25	2.77	72.12	68.54	-1.00	-1.67	-1.32	0.07	1.35	0.04	0.23	0.47	0.06	0.84	0.06	1.13	123.9935	2.51
2021-08-26	2.75	70.42	67.42	-0.99	-1.66	-1.32	0.07	1.34	0.04	0.25	0.46	0.05	0.84	0.06	1.13	124.2010	2.50
2021-08-27	2.76	72.26	68.84	-1.08	-1.74	-1.39	0.07	1.31	0.04	0.22	0.41	0.05	0.79	0.05	1.09	123.6513	2.53
2021-08-30	2.76	.	69.28	-1.08	-1.74	-1.39	0.08	1.29	0.04	0.20	0.40	0.05	0.77	0.05	1.07	123.4152	2.51
2021-08-31	2.73	73.45	68.43	-1.03	-1.71	-1.36	0.07	1.30	0.03	0.20	0.40	0.04	0.77	0.06	1.08	123.0772	2.48
2021-09-01	2.73	71.99	68.63	-1.03	-1.70	-1.35	0.07	1.31	0.04	0.20	0.42	0.05	0.78	0.06	1.08	122.8948	2.48
2021-09-02	2.73	73.56	70.07	-1.03	-1.69	-1.34	0.07	1.29	0.05	0.20	0.42	0.05	0.78	0.06	1.07	122.9175	2.47
2021-09-03	2.71	73.07	69.34	-1.01	-1.70	-1.34	0.08	1.33	0.04	0.21	0.42	0.05	0.78	0.05	1.09	122.7184	2.48
2021-09-06	2.71	72.43	.	.	.	.	.	.	.	.	.	.	.	.	.	.	.
2021-09-07	2.69	71.52	68.49	-0.98	-1.69	-1.32	0.08	1.38	0.04	0.22	0.45	0.05	0.82	0.06	1.14	123.0648	2.51
2021-09-08	2.70	72.36	69.36	-1.03	-1.72	-1.36	0.08	1.35	0.05	0.22	0.43	0.05	0.81	0.06	1.11	123.2330	2.53
2021-09-09	2.71	71.32	68.26	-1.08	-1.76	-1.40	0.07	1.30	0.07	0.23	0.43	0.04	0.79	0.05	1.08	123.1428	2.55
2021-09-10	2.69	72.44	69.82	-1.05	-1.73	-1.36	0.08	1.35	0.06	0.23	0.45	0.05	0.82	0.06	1.12	122.8996	2.55
2021-09-13	2.69	72.97	70.54	-1.04	-1.72	-1.35	0.07	1.33	0.06	0.21	0.44	0.06	0.81	0.06	1.11	122.9984	2.53
2021-09-14	2.70	73.05	70.53	-1.05	-1.70	-1.35	0.07	1.28	0.05	0.21	0.43	0.04	0.79	0.05	1.07	122.9917	2.49
2021-09-15	2.70	74.84	72.59	-1.04	-1.70	-1.33	0.07	1.31	0.04	0.21	0.43	0.04	0.81	0.05	1.10	122.9220	2.51
2021-09-16	2.74	75.14	72.69	-1.01	-1.69	-1.32	0.07	1.34	0.06	0.23	0.46	0.04	0.84	0.05	1.13	123.2158	2.53
2021-09-17	2.76	74.64	72.09	-0.96	-1.63	-1.28	0.07	1.37	0.06	0.23	0.47	0.04	0.88	0.05	1.17	123.4562	2.51
2021-09-20	2.86	73.59	70.41	-0.98	-1.60	-1.25	0.07	1.31	0.06	0.23	0.45	0.04	0.83	0.05	1.12	123.9393	2.43
2021-09-21	2.85	73.65	70.51	-0.96	-1.60	-1.24	0.07	1.33	0.05	0.22	0.46	0.03	0.84	0.04	1.13	123.7883	2.44
2021-09-22	2.83	75.50	72.37	-0.96	-1.55	-1.22	0.08	1.32	0.04	0.25	0.48	0.03	0.86	0.05	1.13	123.5743	2.41
2021-09-23	2.80	76.44	73.43	-0.90	-1.54	-1.20	0.08	1.41	0.05	0.27	0.53	0.03	0.94	0.04	1.22	123.5001	2.48
2021-09-24	2.81	77.42	74.18	-0.87	-1.50	-1.15	0.08	1.47	0.06	0.29	0.55	0.03	0.97	0.05	1.27	123.7726	2.47
2021-09-27	2.83	78.85	75.54	-0.87	-1.52	-1.16	0.09	1.48	0.06	0.31	0.56	0.04	0.98	0.05	1.30	123.7501	2.50
2021-09-28	2.85	78.30	75.44	-0.84	-1.51	-1.15	0.09	1.54	0.07	0.31	0.55	0.04	1.02	0.06	1.34	124.3656	2.53
2021-09-29	2.86	77.86	75.06	-0.82	-1.51	-1.14	0.09	1.55	0.05	0.30	0.55	0.04	1.01	0.05	1.34	124.7015	2.52
2021-09-30	2.89	77.81	75.22	-0.85	-1.53	-1.17	0.09	1.52	0.07	0.28	0.53	0.04	0.98	0.05	1.32	124.6910	2.51
2021-10-01	2.93	79.40	76.01	-0.90	-1.58	-1.23	0.09	1.48	0.08	0.27	0.49	0.04	0.93	0.05	1.26	124.4706	2.51
2021-10-04	2.94	81.44	77.68	-0.89	-1.58	-1.22	0.09	1.49	0.09	0.27	0.52	0.04	0.95	0.06	1.27	124.6368	2.53
2021-10-05	2.97	82.72	79.17	-0.91	-1.61	-1.25	0.09	1.54	0.10	0.28	0.54	0.04	0.98	0.06	1.32	124.7630	2.59
2021-10-06	3.02	81.39	77.66	-0.90	-1.58	-1.23	0.10	1.53	0.06	0.30	0.55	0.04	0.99	0.06	1.32	125.0362	2.57
2021-10-07	3.04	82.34	78.46	-0.88	-1.59	-1.22	0.10	1.58	0.03	0.32	0.57	0.05	1.02	0.06	1.36	124.8791	2.61
2021-10-08	3.08	82.17	79.55	-0.89	-1.59	-1.22	0.09	1.61	0.02	0.32	0.59	0.05	1.05	0.07	1.39	125.2224	2.64
2021-10-11	3.08	83.75	80.64	.	.	.	.	.	.	.	.	.	.	.	.	.	.
2021-10-12	3.22	83.53	80.75	-0.90	-1.56	-1.21	0.10	1.59	0.03	0.35	0.64	0.06	1.08	0.06	1.39	125.3146	2.64
2021-10-13	3.20	83.53	80.67	-0.96	-1.59	-1.26	0.11	1.56	0.03	0.37	0.66	0.05	1.09	0.06	1.38	124.9091	2.68
2021-10-14	3.21	83.86	81.43	-1.00	-1.64	-1.31	0.10	1.52	0.05	0.36	0.62	0.05	1.05	0.06	1.34	124.7409	2.69
2021-10-15	3.14	84.67	82.39	-0.97	-1.58	-1.26	0.12	1.59	0.04	0.41	0.70	0.05	1.13	0.06	1.42	124.4208	2.71
2021-10-18	3.08	84.13	82.62	-0.95	-1.55	-1.24	0.11	1.59	0.05	0.44	0.72	0.06	1.16	0.06	1.43	124.3195	2.71
2021-10-19	3.03	85.02	83.19	-0.89	-1.54	-1.20	0.11	1.65	0.06	0.41	0.71	0.05	1.17	0.06	1.47	123.8117	2.71
2021-10-20	3.03	85.76	84.40	-0.92	-1.61	-1.25	0.10	1.65	0.06	0.40	0.70	0.05	1.16	0.06	1.46	123.6878	2.77
2021-10-21	3.00	84.58	82.64	-0.96	-1.71	-1.31	0.12	1.68	0.06	0.45	0.78	0.06	1.23	0.06	1.52	123.9512	2.94
2021-10-22	3.04	85.43	84.53	-0.98	-1.69	-1.30	0.13	1.66	0.05	0.48	0.79	0.06	1.22	0.07	1.49	123.8620	2.91
2021-10-25	3.06	84.85	84.64	-1.02	-1.76	-1.36	0.14	1.64	0.07	0.47	0.76	0.06	1.19	0.06	1.47	123.6603	2.95
2021-10-26	3.06	85.11	85.64	-1.06	-1.79	-1.39	0.14	1.63	0.06	0.47	0.77	0.06	1.20	0.06	1.46	123.6233	2.99
2021-10-27	3.08	84.12	82.66	-1.11	-1.80	-1.43	0.12	1.54	0.06	0.50	0.77	0.06	1.16	0.07	1.41	123.7358	2.96
2021-10-28	3.07	83.40	82.78	-1.00	-1.72	-1.33	0.15	1.57	0.06	0.50	0.77	0.06	1.18	0.06	1.44	123.8267	2.90
2021-10-29	3.10	83.10	83.50	-0.96	-1.71	-1.31	0.15	1.55	0.06	0.48	0.75	0.05	1.18	0.07	1.44	124.4011	2.89
2021-10-31	3.04																
2021-11-01	3.08	84.51	84.08	-0.92	-1.66	-1.26	0.15	1.58	0.05	0.50	0.79	0.05	1.20	0.06	1.46	124.8632	2.86
2021-11-02	3.16	84.42	83.91	-0.95	-1.69	-1.29	0.15	1.56	0.05	0.46	0.73	0.05	1.15	0.07	1.42	124.7282	2.84
2021-11-03	3.13	81.10	80.82	-0.93	-1.67	-1.27	0.17	1.60	0.05	0.47	0.77	0.05	1.19	0.07	1.46	124.9355	2.86
2021-11-04	3.20	80.15	78.88	-1.03	-1.78	-1.38	0.14	1.53	0.05	0.41	0.69	0.04	1.10	0.07	1.37	124.5519	2.88
2021-11-05	3.25	82.43	81.25	-1.09	-1.83	-1.43	0.14	1.45	0.05	0.39	0.66	0.05	1.04	0.07	1.30	124.0687	2.87
2021-11-08	3.24	83.22	81.96	-1.11	-1.81	-1.43	0.16	1.51	0.04	0.45	0.75	0.06	1.13	0.07	1.38	123.7964	2.94
2021-11-09	3.32	84.52	84.12	-1.17	-1.88	-1.50	0.14	1.46	0.04	0.41	0.71	0.04	1.08	0.06	1.32	123.6292	2.96
2021-11-10	3.25	82.91	81.23	-1.14	-1.85	-1.47	0.17	1.56	0.06	0.51	0.83	0.05	1.23	0.07	1.45	123.9331	3.08
2021-11-11	3.24	83.40	81.47	.	.	.	.	.	.	.	.	.	.	.	.	.	.
2021-11-12	3.16	82.90	80.87	-1.15	-1.87	-1.48	0.17	1.58	0.05	0.53	0.85	0.05	1.24	0.07	1.47	124.0027	3.11
2021-11-15	3.05	81.94	80.85	-1.13	-1.91	-1.49	0.18	1.63	0.06	0.53	0.87	0.05	1.26	0.06	1.51	124.2016	3.17
2021-11-16	3.07	82.85	80.76	-1.10	-1.90	-1.47	0.17	1.63	0.06	0.54	0.87	0.05	1.27	0.07	1.52	124.6761	3.17
2021-11-17	3.10	80.67	78.32	-1.10	-1.90	-1.47	0.18	1.60	0.06	0.52	0.85	0.05	1.24	0.06	1.49	124.4028	3.14
2021-11-18	3.09	82.45	78.92	-1.14	-1.89	-1.49	0.18	1.59	0.12	0.52	0.84	0.05	1.22	0.06	1.47	124.5762	3.11
2021-11-19	3.09	80.24	76.11	-1.11	-1.80	-1.43	0.18	1.54	0.11	0.52	0.86	0.05	1.22	0.06	1.45	124.7446	3.02
2021-11-22	3.03	80.97	76.74	-0.98	-1.65	-1.29	0.20	1.63	0.07	0.63	0.95	0.05	1.33	0.07	1.55	125.0643	2.98
2021-11-23	3.08	83.43	78.32	-0.95	-1.67	-1.27	0.21	1.67	0.06	0.60	0.95	0.06	1.33	0.07	1.58	125.6799	3.00
2021-11-24	3.09	82.37	78.32	-0.97	-1.69	-1.30	0.24	1.64	0.14	0.64	0.97	0.06	1.34	0.10	1.58	125.9346	3.03
2021-11-25	3.09	82.05	.	.	.	.	.	.	.	.	.	.	.	.	.	.	.
2021-11-26	3.24	72.37	.	-1.07	-1.76	-1.38	0.20	1.48	0.11	0.50	0.81	0.06	1.16	0.10	1.40	126.8987	2.92
2021-11-29	3.28	73.34	69.88	-1.02	-1.73	-1.34	0.21	1.52	0.07	0.51	0.83	0.06	1.18	0.10	1.42	126.7103	2.91
2021-11-30	3.24	70.86	66.14	-1.07	-1.66	-1.34	0.24	1.43	0.11	0.52	0.81	0.05	1.14	0.10	1.36	126.0373	2.80
2021-12-01	3.24	69.53	65.44	-1.01	-1.55	-1.25	0.25	1.43	0.09	0.56	0.85	0.06	1.15	0.10	1.35	125.7406	2.70
2021-12-02	3.20	70.56	66.60	-1.03	-1.52	-1.25	0.27	1.44	0.05	0.63	0.90	0.05	1.21	0.09	1.38	125.7958	2.73
2021-12-03	3.25	70.71	66.39	-1.08	-1.59	-1.31	0.26	1.35	0.04	0.60	0.86	0.06	1.13	0.09	1.29	126.1430	2.72
2021-12-06	3.16	73.38	69.62	-1.01	-1.58	-1.26	0.28	1.43	0.05	0.65	0.91	0.05	1.21	0.12	1.38	125.9085	2.79
2021-12-07	3.12	75.54	71.94	-0.99	-1.58	-1.25	0.31	1.48	0.05	0.70	0.99	0.06	1.26	0.15	1.43	125.4504	2.84
2021-12-08	3.08	75.94	72.43	-1.00	-1.61	-1.28	0.29	1.52	0.04	0.68	0.99	0.07	1.27	0.13	1.44	124.9756	2.88
2021-12-09	3.06	74.10	70.87	-0.98	-1.54	-1.24	0.28	1.49	0.03	0.70	0.99	0.06	1.26	0.12	1.42	125.3210	2.80
2021-12-10	3.04	74.98	71.71	-0.96	-1.51	-1.22	0.27	1.48	0.03	0.67	0.98	0.06	1.25	0.13	1.42	125.1302	2.76
2021-12-13	3.05	74.12	71.19	-0.98	-1.52	-1.23	0.27	1.42	0.01	0.66	0.95	0.05	1.21	0.11	1.37	125.3427	2.73
2021-12-14	3.04	73.37	70.57	-0.93	-1.43	-1.17	0.26	1.44	0.02	0.67	0.98	0.05	1.23	0.13	1.39	125.8157	2.66
2021-12-15	3.03	73.71	70.89	-0.92	-1.41	-1.16	0.29	1.47	0.03	0.69	1.00	0.05	1.26	0.13	1.42	125.9862	2.67
2021-12-16	3.08	74.64	72.34	-0.98	-1.51	-1.23	0.26	1.44	0.04	0.64	0.92	0.05	1.19	0.13	1.36	125.2620	2.70
2021-12-17	3.09	72.97	70.93	-0.97	-1.47	-1.21	0.27	1.41	0.03	0.66	0.93	0.05	1.18	0.13	1.34	125.0767	2.65
2021-12-20	3.12	70.51	68.69	-0.96	-1.48	-1.21	0.27	1.43	0.03	0.65	0.91	0.07	1.17	0.16	1.34	125.3152	2.65
2021-12-21	3.08	72.85	71.10	-0.96	-1.45	-1.20	0.29	1.48	0.03	0.70	0.96	0.07	1.24	0.16	1.40	125.3739	2.69
2021-12-22	3.09	74.69	72.82	-1.01	-1.47	-1.23	0.28	1.46	0.03	0.68	0.96	0.08	1.23	0.16	1.39	125.1849	2.70
2021-12-23	3.06	76.26	73.89	-0.97	-1.47	-1.21	0.31	1.50	0.04	0.71	0.97	0.07	1.25	0.18	1.42	124.8658	2.72
2021-12-24	.	75.24	.	.	.	.	.	.	.	.	.	.	.	.	.	.	.
2021-12-27	3.06	.	75.49	-1.02	-1.49	-1.25	0.33	1.48	0.04	0.76	0.98	0.06	1.26	0.21	1.41	124.7791	2.75
2021-12-28	3.06	.	76.01	-1.01	-1.51	-1.25	0.39	1.49	0.03	0.74	0.99	0.06	1.27	0.20	1.41	124.5931	2.78
2021-12-29	3.03	78.63	76.58	-0.98	-1.54	-1.24	0.38	1.55	0.01	0.75	0.99	0.05	1.29	0.19	1.47	124.6201	2.83
2021-12-30	3.05	78.61	76.83	-1.06	-1.59	-1.31	0.38	1.52	0.06	0.73	0.98	0.05	1.27	0.19	1.44	124.4563	2.86
2021-12-31	2.82	77.24	75.33	-1.04	-1.61	-1.31	0.39	1.52	0.06	0.73	0.97	0.06	1.26	0.19	1.44	.	2.87
2022-01-03	2.75	78.25	75.99	-0.97	-1.58	-1.25	0.40	1.63	0.05	0.78	1.04	0.08	1.37	0.22	1.55	124.5273	2.95
2022-01-04	2.77	79.39	77.00	-0.91	-1.56	-1.20	0.38	1.66	0.06	0.77	1.02	0.08	1.37	0.22	1.57	124.5365	2.93
2022-01-05	2.74	80.60	77.83	-0.82	-1.44	-1.10	0.41	1.71	0.05	0.83	1.10	0.09	1.43	0.22	1.62	124.3942	2.87
2022-01-06	2.78	81.99	79.47	-0.73	-1.30	-0.99	0.45	1.73	0.04	0.88	1.15	0.10	1.47	0.23	1.66	124.6794	2.77
2022-01-07	2.78	82.28	79.00	-0.72	-1.28	-0.97	0.43	1.76	0.05	0.87	1.17	0.10	1.50	0.24	1.69	124.4270	2.78
2022-01-10	2.81	81.56	78.11	-0.70	-1.24	-0.95	0.46	1.78	0.05	0.92	1.21	0.13	1.53	0.28	1.71	124.5468	2.77
2022-01-11	2.84	84.98	81.17	-0.79	-1.36	-1.05	0.46	1.75	0.04	0.90	1.22	0.11	1.51	0.28	1.69	124.1492	2.87
2022-01-12	2.86	85.83	82.51	-0.74	-1.32	-1.01	0.48	1.74	0.04	0.92	1.21	0.12	1.50	0.27	1.67	123.9482	2.82
2022-01-13	2.91	85.80	81.97	-0.73	-1.30	-0.99	0.47	1.70	0.05	0.91	1.18	0.12	1.47	0.28	1.64	123.9094	2.77
2022-01-14	2.91	87.17	83.82	-0.66	-1.24	-0.92	0.51	1.78	0.05	0.99	1.26	0.13	1.55	0.30	1.72	123.8570	2.79
2022-01-17	2.91	87.82	.	.	.	.	.	.	.	.	.	.	.	.	.	.	.
2022-01-18	2.99	88.83	85.42	-0.59	-1.15	-0.84	0.58	1.87	0.05	1.06	1.35	0.16	1.65	0.37	1.82	124.0928	2.80
2022-01-19	2.98	89.64	86.84	-0.57	-1.11	-0.81	0.57	1.83	0.05	1.04	1.33	0.17	1.62	0.36	1.78	124.0565	2.73
2022-01-20	2.93	89.75	86.29	-0.50	-1.12	-0.76	0.60	1.83	0.05	1.08	1.34	0.17	1.62	0.36	1.77	123.8571	2.74
2022-01-21	2.95	89.75	85.16	-0.59	-1.16	-0.84	0.58	1.75	0.05	1.01	1.28	0.17	1.54	0.35	1.70	123.9650	2.70
2022-01-24	2.98	87.74	84.48	-0.63	-1.21	-0.89	0.58	1.75	0.05	0.99	1.25	0.19	1.53	0.39	1.69	124.4723	2.74
2022-01-25	2.95	89.49	86.61	-0.63	-1.22	-0.89	0.65	1.78	0.05	1.02	1.28	0.19	1.56	0.39	1.73	124.4240	2.78
2022-01-26	2.89	91.22	88.33	-0.53	-1.09	-0.78	0.70	1.85	0.06	1.13	1.39	0.19	1.66	0.40	1.81	124.3335	2.75
2022-01-27	2.94	90.70	87.61	-0.59	-1.10	-0.82	0.75	1.81	0.04	1.18	1.43	0.20	1.66	0.43	1.78	124.8958	2.76
2022-01-28	2.98	91.47	87.67	-0.66	-1.19	-0.90	0.75	1.78	0.04	1.15	1.38	0.19	1.61	0.43	1.74	125.0300	2.80
2022-01-31	2.97	92.35	89.16	-0.65	-1.20	-0.90	0.78	1.79	0.03	1.18	1.39	0.22	1.62	0.49	1.75	124.4915	2.82
2022-02-01	2.95	90.24	88.22	-0.62	-1.17	-0.87	0.78	1.81	0.04	1.18	1.39	0.19	1.63	0.48	1.76	124.4058	2.80
2022-02-02	2.95	91.43	88.16	-0.63	-1.19	-0.89	0.76	1.78	0.04	1.16	1.38	0.19	1.60	0.45	1.74	124.3499	2.79
2022-02-03	2.91	92.99	90.17	-0.56	-1.10	-0.81	0.78	1.82	0.03	1.19	1.42	0.20	1.66	0.48	1.78	124.3728	2.76
2022-02-04	2.87	96.86	92.27	-0.48	-1.00	-0.72	0.89	1.93	0.05	1.31	1.55	0.23	1.78	0.56	1.90	124.6135	2.78
2022-02-07	2.94	97.28	91.25	-0.48	-0.99	-0.72	0.88	1.92	0.03	1.30	1.54	0.27	1.76	0.58	1.88	124.4766	2.75
2022-02-08	2.95	96.07	89.32	-0.46	-0.96	-0.69	0.91	1.96	0.03	1.35	1.59	0.25	1.81	0.59	1.93	124.4710	2.77
2022-02-09	2.93	94.95	89.57	-0.48	-0.96	-0.71	0.91	1.94	0.04	1.36	1.61	0.26	1.82	0.57	1.92	124.1333	2.78
2022-02-10	2.82	96.37	89.83	-0.42	-0.85	-0.63	1.14	2.03	0.05	1.61	1.82	0.40	1.96	0.74	2.03	123.9078	2.81
2022-02-11	2.92	97.50	93.10	-0.51	-0.98	-0.74	1.07	1.92	0.03	1.50	1.71	0.36	1.84	0.71	1.92	123.9972	2.82
2022-02-14	2.92	101.66	95.52	-0.50	-1.01	-0.75	1.13	1.98	0.03	1.58	1.80	0.43	1.90	0.76	1.98	124.0862	2.91
2022-02-15	2.96	98.43	92.07	-0.43	-0.95	-0.68	1.11	2.05	0.02	1.58	1.80	0.40	1.94	0.72	2.03	123.8044	2.89
2022-02-16	2.98	97.44	93.83	-0.43	-0.97	-0.68	1.09	2.03	0.03	1.52	1.75	0.38	1.90	0.67	2.00	123.6272	2.87
2022-02-17	3.03	95.28	91.78	-0.46	-1.02	-0.73	1.05	1.97	0.06	1.49	1.70	0.36	1.85	0.65	1.94	123.6000	2.87
2022-02-18	3.06	96.18	91.26	-0.49	-1.04	-0.75	1.03	1.92	0.03	1.47	1.68	0.35	1.82	0.65	1.90	123.5093	2.86
2022-02-21	3.07	98.95	.	.	.	.	.	.	.	.	.	.	.	.	.	.	.
2022-02-22	3.09	98.73	92.11	-0.51	-1.04	-0.76	1.17	1.94	0.03	1.56	1.74	0.37	1.85	0.73	1.93	123.4785	2.89
2022-02-23	3.16	99.29	92.14	-0.54	-1.12	-0.81	1.16	1.99	0.02	1.58	1.78	0.34	1.89	0.74	1.98	123.3212	3.01
2022-02-24	3.39	101.29	92.77	-0.59	-1.21	-0.88	1.08	1.96	0.05	1.54	1.73	0.32	1.84	0.65	1.94	124.6320	3.05
2022-02-25	3.39	98.56	91.68	-0.57	-1.16	-0.84	1.13	1.97	0.03	1.55	1.76	0.33	1.86	0.71	1.96	123.9800	3.02
2022-02-28	3.64	103.08	96.13	-0.79	-1.40	-1.07	1.01	1.83	0.06	1.44	1.62	0.35	1.71	0.69	1.81	124.2129	3.11
2022-03-01	3.80	110.93	103.66	-0.90	-1.58	-1.21	0.91	1.72	0.11	1.31	1.47	0.32	1.56	0.60	1.67	124.7157	3.14
2022-03-02	3.69	118.94	110.74	-0.85	-1.49	-1.15	1.06	1.86	0.13	1.50	1.67	0.34	1.74	0.68	1.83	124.6682	3.23
2022-03-03	3.75	115.36	107.69	-0.83	-1.43	-1.11	1.08	1.86	0.19	1.53	1.69	0.38	1.74	0.69	1.82	124.7824	3.17
2022-03-04	3.88	123.86	115.77	-0.93	-1.54	-1.23	1.05	1.74	0.15	1.50	1.62	0.34	1.65	0.69	1.70	125.4797	3.19
2022-03-07	3.91	129.02	119.26	-0.99	-1.58	-1.28	1.07	1.78	0.17	1.55	1.68	0.38	1.71	0.75	1.77	126.4478	3.29
2022-03-08	3.95	133.18	123.64	-1.04	-1.63	-1.33	1.12	1.86	0.16	1.63	1.78	0.36	1.80	0.72	1.85	126.6499	3.43
2022-03-09	3.85	116.58	108.81	-0.90	-1.46	-1.17	1.15	1.94	0.18	1.68	1.83	0.38	1.87	0.75	1.92	125.7488	3.33
2022-03-10	3.83	114.54	105.93	-0.88	-1.50	-1.18	1.19	1.98	0.19	1.72	1.88	0.39	1.92	0.75	1.98	125.7951	3.42
2022-03-11	3.90	118.11	109.31	-0.94	-1.56	-1.24	1.22	2.00	0.17	1.75	1.91	0.40	1.96	0.78	2.01	125.9732	3.52
2022-03-14	3.91	110.39	103.22	-0.79	-1.40	-1.07	1.28	2.14	0.23	1.87	2.04	0.45	2.10	0.86	2.16	126.1071	3.50
2022-03-15	3.95	105.14	96.42	-0.69	-1.32	-0.98	1.28	2.15	0.22	1.85	2.04	0.46	2.10	0.86	2.16	126.0619	3.42
2022-03-16	3.93	104.61	94.85	-0.61	-1.16	-0.86	1.35	2.19	0.24	1.95	2.14	0.44	2.18	0.86	2.22	125.4571	3.34
2022-03-17	3.88	113.50	102.97	-0.71	-1.34	-1.00	1.30	2.20	0.20	1.94	2.14	0.40	2.17	0.81	2.22	124.8267	3.51
2022-03-18	3.85	114.32	104.69	-0.72	-1.34	-1.00	1.29	2.14	0.19	1.97	2.15	0.42	2.14	0.83	2.17	124.7116	3.48
2022-03-21	3.69	122.29	112.14	-0.58	-1.19	-0.86	1.40	2.32	0.22	2.14	2.34	0.54	2.33	0.95	2.36	124.5282	3.52
2022-03-22	3.71	121.53	111.03	-0.53	-1.13	-0.80	1.59	2.38	0.20	2.18	2.38	0.51	2.39	0.96	2.42	124.5243	3.52
2022-03-23	3.72	127.52	114.89	-0.62	-1.23	-0.89	1.52	2.32	0.15	2.13	2.32	0.50	2.34	0.93	2.37	124.3104	3.57
2022-03-24	3.70	123.98	114.20	-0.58	-1.20	-0.85	1.55	2.34	0.16	2.13	2.35	0.52	2.37	0.96	2.39	124.1931	3.57
2022-03-25	3.56	122.67	116.20	-0.47	-1.04	-0.72	1.67	2.48	0.17	2.30	2.51	0.55	2.55	1.01	2.56	123.8331	3.59
2022-03-28	3.60	114.50	107.55	-0.49	-1.02	-0.73	1.69	2.46	0.19	2.35	2.55	0.59	2.54	1.08	2.55	124.2058	3.56
2022-03-29	3.58	112.79	104.25	-0.45	-0.91	-0.66	1.67	2.41	0.18	2.35	2.54	0.55	2.49	1.06	2.50	123.7098	3.40
2022-03-30	3.54	115.59	107.81	-0.51	-0.97	-0.72	1.64	2.35	0.16	2.31	2.49	0.55	2.44	1.04	2.43	123.1388	3.41
2022-03-31	3.03	107.29	100.53	-0.52	-0.92	-0.71	1.63	2.32	0.17	2.28	2.45	0.52	2.42	1.06	2.40	123.1931	3.34
2022-04-01	2.99	106.13	99.32	-0.41	-0.73	-0.57	1.72	2.39	0.15	2.44	2.61	0.53	2.55	1.09	2.50	123.2819	3.28
2022-04-04	2.96	108.15	103.29	-0.38	-0.72	-0.54	1.72	2.42	0.18	2.43	2.61	0.66	2.56	1.14	2.52	122.9805	3.28
2022-04-05	2.89	106.60	101.98	-0.30	-0.62	-0.45	1.77	2.54	0.18	2.51	2.69	0.65	2.69	1.13	2.65	123.2974	3.31
2022-04-06	2.93	100.81	96.39	-0.22	-0.58	-0.38	1.79	2.61	0.21	2.50	2.67	0.67	2.70	1.15	2.69	123.5944	3.28
2022-04-07	2.91	99.83	96.05	-0.16	-0.56	-0.34	1.78	2.66	0.21	2.47	2.66	0.68	2.70	1.15	2.73	123.9242	3.26
2022-04-08	2.91	101.26	98.35	-0.15	-0.57	-0.33	1.81	2.72	0.20	2.53	2.73	0.70	2.76	1.19	2.79	123.9120	3.33
2022-04-11	2.97	97.92	94.22	-0.12	-0.58	-0.32	1.85	2.79	0.22	2.50	2.73	0.77	2.79	1.23	2.84	123.9590	3.37
2022-04-12	3.08	104.42	100.52	-0.14	-0.65	-0.36	1.77	2.72	0.21	2.39	2.58	0.74	2.66	1.20	2.73	123.6430	3.31
2022-04-13	3.08	108.49	104.26	-0.10	-0.59	-0.31	1.78	2.70	0.26	2.37	2.57	0.75	2.66	1.20	2.71	123.5034	3.25
2022-04-14	2.97	110.83	106.84	-0.06	-0.54	-0.27	1.84	2.83	0.37	2.47	2.67	0.79	2.79	1.25	2.84	123.8957	3.33
2022-04-15	.	.	.	.	.	.	.	.	.	.	.	.	.	.	.	123.8667	.
2022-04-18	2.98	.	108.24	-0.07	-0.57	-0.28	1.84	2.85	0.38	2.46	2.68	0.81	2.79	1.27	2.85	123.9030	3.36
2022-04-19	2.97	105.49	102.54	0.00	-0.45	-0.19	1.94	2.93	0.37	2.61	2.81	0.81	2.91	1.28	2.95	124.2999	3.36
2022-04-20	3.02	105.05	102.56	-0.07	-0.49	-0.25	1.93	2.85	0.35	2.60	2.79	0.82	2.87	1.29	2.88	124.3114	3.36
2022-04-21	2.98	107.20	103.89	-0.12	-0.41	-0.26	2.01	2.90	0.50	2.68	2.87	0.83	2.96	1.32	2.96	124.7876	3.37
2022-04-22	3.04	105.15	102.86	-0.08	-0.43	-0.24	2.06	2.90	0.46	2.72	2.88	0.83	2.94	1.34	2.95	125.5771	3.37
2022-04-25	3.10	99.27	99.60	-0.10	-0.43	-0.26	2.03	2.81	0.40	2.63	2.79	0.91	2.84	1.42	2.85	126.1822	3.27
2022-04-26	3.16	102.89	102.62	-0.08	-0.46	-0.26	1.99	2.77	0.38	2.54	2.72	0.83	2.79	1.40	2.80	126.5363	3.25
2022-04-27	3.19	103.30	101.96	-0.06	-0.47	-0.25	1.97	2.82	0.37	2.58	2.75	0.82	2.81	1.39	2.84	126.7110	3.28
2022-04-28	3.14	105.78	105.47	-0.12	-0.53	-0.31	2.04	2.85	0.37	2.63	2.80	0.82	2.86	1.38	2.88	127.3035	3.39
2022-04-29	3.13	108.36	104.59	0.01	-0.38	-0.17	2.10	2.89	0.37	2.70	2.87	0.85	2.92	1.41	2.94	126.6226	3.30
2022-04-30	3.00																
2022-05-02	2.99	.	105.18	0.18	-0.20	0.00	2.10	2.99	0.41	2.73	2.93	0.90	3.01	1.49	3.04	126.9867	3.21
2022-05-03	3.01	104.94	102.53	0.14	-0.20	-0.02	2.16	2.97	0.48	2.78	2.95	0.91	3.01	1.45	3.03	126.7870	3.21
2022-05-04	3.11	110.53	107.84	0.07	-0.31	-0.11	2.07	2.93	0.49	2.66	2.85	0.89	2.93	1.44	2.97	126.5268	3.24
2022-05-05	3.01	112.11	108.17	0.18	-0.22	0.00	2.08	3.05	0.49	2.71	2.91	0.85	3.01	1.37	3.07	126.9314	3.23
2022-05-06	3.06	113.86	109.72	0.26	-0.16	0.07	2.08	3.12	0.48	2.72	2.94	0.85	3.06	1.41	3.13	126.9149	3.22
2022-05-09	3.16	106.67	103.08	0.30	-0.11	0.12	1.99	3.05	0.51	2.61	2.81	0.92	2.95	1.43	3.04	127.8502	3.06
2022-05-10	3.21	102.61	99.74	0.34	-0.01	0.18	2.01	2.99	0.57	2.62	2.81	0.89	2.91	1.44	2.99	128.0749	2.92
2022-05-11	3.23	107.70	105.50	0.21	-0.11	0.06	1.99	2.91	0.59	2.66	2.81	0.91	2.89	1.43	2.94	127.5829	3.00
2022-05-12	3.32	108.06	106.15	0.25	-0.08	0.09	1.96	2.84	0.61	2.56	2.73	0.96	2.81	1.44	2.86	128.2987	2.89
2022-05-13	3.26	112.12	110.52	0.24	-0.14	0.07	2.04	2.93	0.67	2.61	2.79	1.03	2.89	1.47	2.95	127.8655	3.03
2022-05-16	3.31	114.86	114.07	0.20	-0.21	0.01	2.07	2.88	0.64	2.58	2.75	1.07	2.83	1.54	2.89	127.7421	3.04
2022-05-17	3.23	112.89	112.31	0.27	-0.12	0.09	2.16	2.98	0.61	2.71	2.89	1.06	2.96	1.57	3.00	127.0492	3.08
2022-05-18	3.32	110.04	109.67	0.17	-0.16	0.01	2.16	2.89	0.56	2.68	2.84	1.03	2.89	1.56	2.91	127.2026	3.05
2022-05-19	3.35	113.22	112.21	0.25	-0.13	0.08	2.11	2.84	0.65	2.63	2.78	1.05	2.84	1.52	2.87	126.7606	2.97
2022-05-20	3.38	113.63	112.63	0.23	-0.08	0.07	2.07	2.78	0.63	2.60	2.73	1.03	2.80	1.51	2.82	126.3889	2.88
2022-05-23	3.31	115.13	110.32	0.26	-0.04	0.11	2.09	2.86	0.55	2.65	2.80	1.07	2.88	1.57	2.90	125.8484	2.92
2022-05-24	3.38	115.77	112.55	0.21	-0.11	0.05	2.02	2.76	0.55	2.50	2.66	1.06	2.76	1.53	2.80	125.9924	2.87
2022-05-25	3.32	116.41	112.88	0.19	-0.17	0.01	2.01	2.75	0.58	2.48	2.63	1.06	2.71	1.52	2.76	126.2062	2.88
2022-05-26	3.27	119.81	116.19	0.13	-0.26	-0.06	1.99	2.75	0.71	2.46	2.63	1.07	2.70	1.52	2.75	126.3872	2.96
2022-05-27	3.23	121.19	114.96	0.11	-0.24	-0.07	2.01	2.74	0.69	2.47	2.64	1.08	2.71	1.54	2.76	125.5554	2.95
2022-05-30	3.23	123.01	.	.	.	.	.	.	.	.	.	.	.	.	.	.	.
2022-05-31	3.18	125.53	114.38	0.21	-0.15	0.03	2.08	2.85	0.73	2.53	2.71	1.16	2.81	1.64	2.87	125.3437	2.96
2022-06-01	3.10	122.20	115.26	0.29	-0.02	0.14	2.16	2.94	0.77	2.66	2.84	1.15	2.94	1.63	2.98	125.7857	2.96
2022-06-02	3.14	.	116.88	0.26	-0.05	0.11	2.15	2.92	0.85	2.65	2.83	1.17	2.92	1.64	2.95	125.3104	2.97
2022-06-03	3.11	125.68	118.97	0.22	-0.09	0.07	2.18	2.96	0.87	2.66	2.87	1.21	2.95	1.68	2.99	125.3779	3.04
2022-06-06	3.07	124.99	118.41	0.28	-0.02	0.14	2.23	3.04	0.88	2.73	2.94	1.26	3.03	1.74	3.07	125.3661	3.05
2022-06-07	3.12	126.89	119.55	0.25	-0.04	0.11	2.26	2.98	0.87	2.75	2.91	1.26	2.99	1.75	3.02	125.6160	3.03
2022-06-08	3.06	129.20	121.94	0.28	-0.03	0.13	2.29	3.03	0.89	2.78	2.94	1.28	3.03	1.77	3.06	125.5901	3.06
2022-06-09	3.06	128.47	121.52	0.29	-0.01	0.15	2.35	3.04	1.05	2.83	2.99	1.30	3.07	1.81	3.08	125.8065	3.08
2022-06-10	2.99	127.44	120.73	0.39	0.12	0.26	2.58	3.15	1.10	3.06	3.21	1.39	3.25	1.98	3.24	126.7169	3.13
2022-06-13	3.08	128.44	120.92	0.69	0.45	0.58	2.89	3.43	1.13	3.40	3.56	1.73	3.56	2.25	3.53	128.1882	3.11
2022-06-14	3.06	127.02	118.92	0.89	0.73	0.82	3.15	3.49	1.19	3.45	3.60	1.83	3.61	2.43	3.60	128.6255	2.88
2022-06-15	3.20	124.96	115.32	0.63	0.38	0.52	2.93	3.33	1.21	3.20	3.35	1.74	3.38	2.32	3.39	128.4166	3.00
2022-06-16	3.28	125.78	117.56	0.66	0.48	0.57	2.88	3.28	1.19	3.14	3.33	1.59	3.35	2.24	3.36	128.1119	2.87
2022-06-17	3.28	119.22	109.56	0.67	0.54	0.60	2.86	3.25	1.15	3.17	3.35	1.63	3.34	2.25	3.34	128.1010	2.80
2022-06-20	3.29	118.25	.	.	.	.	.	.	.	.	.	.	.	.	.	.	.
2022-06-21	3.31	118.51	110.49	0.70	0.54	0.62	2.92	3.31	1.08	3.21	3.35	1.70	3.38	2.46	3.39	127.5789	2.84
2022-06-22	3.44	115.54	106.22	0.62	0.48	0.55	2.79	3.16	0.98	3.06	3.20	1.61	3.22	2.40	3.24	127.5363	2.74
2022-06-23	3.48	114.50	105.75	0.59	0.45	0.52	2.78	3.09	1.12	3.01	3.12	1.65	3.14	2.44	3.16	127.5998	2.69
2022-06-24	3.45	117.36	109.07	0.57	0.36	0.47	2.83	3.13	1.19	3.04	3.13	1.73	3.18	2.51	3.19	127.3983	2.82
2022-06-27	3.42	119.69	111.44	0.65	0.45	0.56	2.89	3.20	1.16	3.08	3.21	1.79	3.24	2.56	3.27	127.2237	2.79
2022-06-28	3.46	122.21	113.66	0.72	0.52	0.63	2.88	3.20	1.12	3.10	3.21	1.79	3.25	2.55	3.27	127.5548	2.73
2022-06-29	3.58	120.80	111.65	0.74	0.56	0.65	2.88	3.10	1.12	3.06	3.13	1.78	3.15	2.55	3.17	127.9390	2.59
2022-06-30	3.66	119.78	107.76	0.65	0.43	0.54	2.80	2.98	1.28	2.92	2.99	1.72	3.01	2.51	3.04	127.9933	2.58
2022-07-01	3.69	119.21	110.30	0.54	0.28	0.42	2.79	2.88	1.27	2.84	2.85	1.73	2.88	2.52	2.92	128.5060	2.60
2022-07-04	3.69	121.80	.	.	.	.	.	.	.	.	.	.	.	.	.	.	.
2022-07-05	3.78	110.49	101.55	0.52	0.31	0.41	2.77	2.82	1.33	2.82	2.82	1.90	2.82	2.59	2.87	129.4453	2.51
2022-07-06	3.69	108.54	100.31	0.64	0.48	0.56	2.82	2.93	1.36	2.97	2.99	1.90	2.96	2.62	2.99	129.8106	2.48
2022-07-07	3.70	113.40	104.62	0.68	0.52	0.60	2.87	3.01	1.55	3.03	3.05	1.95	3.05	2.64	3.07	129.4170	2.53
2022-07-08	3.62	113.95	106.78	0.72	0.51	0.62	2.96	3.09	1.57	3.12	3.14	1.98	3.13	2.68	3.16	129.1030	2.62
2022-07-11	3.72	114.85	106.09	0.67	0.49	0.58	2.97	2.99	1.58	3.07	3.09	2.18	3.05	2.79	3.06	129.9392	2.56
2022-07-12	3.75	106.98	97.69	0.64	0.51	0.57	3.07	2.96	1.63	3.03	3.07	2.22	3.01	2.78	3.01	130.1165	2.50
2022-07-13	3.79	107.17	98.44	0.60	0.51	0.55	3.21	2.91	1.78	3.13	3.14	2.39	3.02	2.96	3.00	129.9402	2.51
2022-07-14	3.84	107.74	97.79	0.62	0.52	0.56	3.16	2.96	1.99	3.15	3.16	2.40	3.06	2.93	3.05	130.5753	2.54
2022-07-15	3.86	112.26	99.59	0.57	0.46	0.51	3.12	2.93	1.98	3.13	3.14	2.37	3.05	2.94	3.03	129.9893	2.59
2022-07-18	3.87	117.27	104.48	0.59	0.43	0.50	3.13	2.96	1.96	3.15	3.15	2.50	3.06	3.02	3.05	129.4389	2.63
2022-07-19	3.84	114.96	106.12	0.62	0.47	0.54	3.18	3.01	1.93	3.23	3.22	2.52	3.14	3.06	3.11	129.4707	2.67
2022-07-20	3.79	115.86	104.45	0.66	0.51	0.58	3.18	3.04	1.92	3.25	3.25	2.51	3.18	3.04	3.15	129.5419	2.67
2022-07-21	3.89	112.81	98.44	0.58	0.45	0.50	3.11	2.91	2.15	3.10	3.07	2.48	3.00	3.00	2.99	130.0762	2.55
2022-07-22	3.86	106.77	97.71	0.43	0.31	0.36	3.01	2.77	2.15	2.98	2.93	2.49	2.87	2.97	2.85	129.6721	2.56
2022-07-25	3.80	108.23	99.83	0.45	0.31	0.37	3.07	2.81	2.14	3.00	2.98	2.62	2.89	3.06	2.89	129.6051	2.58
2022-07-26	3.78	107.32	97.74	0.45	0.33	0.38	3.06	2.81	2.17	3.02	3.01	2.55	2.89	3.01	2.88	129.6476	2.56
2022-07-27	3.82	109.64	100.03	0.36	0.21	0.27	3.00	2.78	2.14	2.96	2.93	2.44	2.82	2.93	2.83	129.6490	2.61
2022-07-28	3.80	109.68	99.11	0.20	0.02	0.09	2.93	2.68	2.20	2.85	2.81	2.42	2.69	2.90	2.69	129.1055	2.67
2022-07-29	3.71	111.51	101.31	0.14	-0.03	0.04	2.98	2.67	2.22	2.89	2.83	2.41	2.70	2.91	2.70	128.9384	2.73
2022-07-31	3.67																
2022-08-01	3.65	106.09	96.59	0.09	-0.06	0.00	2.98	2.60	2.22	2.90	2.82	2.56	2.66	2.96	2.64	128.7689	2.72
2022-08-02	3.50	106.51	97.14	0.27	0.16	0.20	3.09	2.75	2.22	3.06	3.02	2.56	2.85	3.00	2.82	129.1825	2.69
2022-08-03	3.55	101.82	93.25	0.23	0.14	0.18	3.14	2.73	2.20	3.10	3.04	2.52	2.86	3.00	2.81	129.4523	2.72
2022-08-04	3.58	97.99	91.29	0.22	0.12	0.16	3.11	2.68	2.19	3.03	2.95	2.50	2.76	2.98	2.73	128.9322	2.64
2022-08-05	3.42	100.31	91.77	0.37	0.33	0.34	3.29	2.83	2.21	3.24	3.18	2.58	2.97	3.10	2.91	129.0692	2.64
2022-08-08	3.47	103.46	93.52	0.29	0.26	0.27	3.30	2.77	2.23	3.21	3.14	2.65	2.91	3.15	2.85	128.7860	2.65
2022-08-09	3.42	103.81	93.18	0.33	0.31	0.32	3.33	2.80	2.23	3.28	3.20	2.67	2.97	3.16	2.89	128.7613	2.66
2022-08-10	3.42	105.06	94.68	0.35	0.32	0.33	3.26	2.78	2.24	3.23	3.13	2.65	2.93	3.13	2.86	127.8819	2.61
2022-08-11	3.31	107.19	97.02	0.40	0.31	0.34	3.25	2.87	2.24	3.23	3.16	2.62	2.98	3.08	2.94	127.8897	2.67
2022-08-12	3.32	103.70	94.86	0.37	0.30	0.33	3.26	2.84	2.23	3.25	3.18	2.63	2.97	3.13	2.92	127.7757	2.67
2022-08-15	3.35	98.25	92.24	0.35	0.29	0.31	3.23	2.79	2.27	3.20	3.14	2.72	2.91	3.13	2.86	127.9513	2.62
2022-08-16	3.29	95.36	89.23	0.38	0.34	0.35	3.26	2.82	2.26	3.25	3.19	2.70	2.95	3.12	2.90	128.2548	2.61
2022-08-17	3.30	97.22	90.85	0.43	0.39	0.40	3.27	2.89	2.22	3.28	3.27	2.68	3.04	3.15	2.99	128.5942	2.65
2022-08-18	3.33	96.35	93.20	0.36	0.32	0.33	3.24	2.88	2.23	3.22	3.23	2.71	3.02	3.12	2.97	128.8436	2.70
2022-08-19	3.32	96.45	93.55	0.43	0.39	0.40	3.26	2.98	2.23	3.25	3.28	2.74	3.11	3.16	3.06	129.3346	2.72
2022-08-22	3.34	95.06	93.42	0.46	0.43	0.43	3.32	3.03	2.27	3.32	3.36	2.82	3.17	3.23	3.12	129.6616	2.74
2022-08-23	3.36	99.49	96.46	0.47	0.41	0.43	3.29	3.05	2.28	3.29	3.35	2.80	3.18	3.21	3.14	129.2748	2.77
2022-08-24	3.30	99.87	95.52	0.49	0.41	0.44	3.35	3.11	2.29	3.36	3.40	2.82	3.20	3.28	3.20	129.1458	2.79
2022-08-25	3.33	98.81	93.33	0.43	0.38	0.39	3.33	3.03	2.42	3.35	3.37	2.88	3.15	3.25	3.11	129.1115	2.77
2022-08-26	3.30	101.13	93.63	0.47	0.47	0.47	3.36	3.04	2.39	3.37	3.40	2.89	3.20	3.26	3.14	129.1124	2.73
2022-08-29	3.33	.	97.40	0.54	0.56	0.55	3.43	3.12	2.45	3.42	3.45	2.97	3.27	3.32	3.21	129.6742	2.71
2022-08-30	3.32	99.34	92.08	0.56	0.60	0.58	3.48	3.11	2.43	3.46	3.47	2.97	3.27	3.31	3.22	129.8409	2.67
2022-08-31	3.34	96.55	90.09	0.67	0.72	0.69	3.50	3.15	2.40	3.45	3.46	2.96	3.30	3.32	3.25	129.7552	2.58
2022-09-01	3.32	92.24	87.09	0.81	0.87	0.84	3.51	3.26	2.53	3.51	3.54	2.97	3.39	3.34	3.36	130.3827	2.52
2022-09-02	3.40	93.09	87.29	0.73	0.75	0.74	3.47	3.20	2.49	3.40	3.44	2.94	3.30	3.33	3.29	129.8160	2.55
2022-09-05	3.41	94.22	.	.	.	.	.	.	.	.	.	.	.	.	.	.	.
2022-09-06	3.33	91.43	87.35	0.85	0.87	0.86	3.61	3.33	2.44	3.50	3.55	3.04	3.43	3.40	3.41	130.7656	2.56
2022-09-07	3.39	86.83	82.50	0.82	0.86	0.84	3.60	3.27	2.30	3.45	3.50	3.07	3.37	3.42	3.35	130.7537	2.51
2022-09-08	3.32	87.99	84.04	0.88	0.93	0.91	3.60	3.29	2.57	3.48	3.54	3.06	3.39	3.44	3.37	130.5377	2.46
2022-09-09	3.28	91.68	87.27	0.91	0.94	0.92	3.67	3.33	2.57	3.56	3.61	3.08	3.45	3.52	3.42	130.0282	2.51
2022-09-12	3.27	93.45	88.18	0.95	0.95	0.95	3.70	3.37	2.62	3.58	3.60	3.17	3.47	3.56	3.45	129.8795	2.52
2022-09-13	3.19	92.04	87.84	0.98	1.02	1.00	3.92	3.42	2.55	3.75	3.75	3.28	3.58	3.75	3.53	130.5407	2.56
2022-09-14	3.28	92.83	88.88	0.95	0.98	0.96	3.95	3.41	2.54	3.78	3.79	3.24	3.60	3.76	3.52	130.6557	2.62
2022-09-15	3.23	89.28	85.72	1.02	1.09	1.05	4.00	3.45	2.76	3.87	3.85	3.22	3.66	3.78	3.59	131.2172	2.57
2022-09-16	3.30	89.43	85.57	1.07	1.13	1.09	3.96	3.45	2.68	3.85	3.81	3.20	3.62	3.77	3.56	131.0948	2.49
2022-09-19	3.28	.	86.15	1.15	1.25	1.19	4.05	3.49	2.62	3.95	3.90	3.37	3.69	3.87	3.62	131.2127	2.44
2022-09-20	3.29	89.62	84.69	1.17	1.27	1.21	4.03	3.57	2.57	3.96	3.94	3.35	3.75	3.86	3.69	131.2793	2.48
2022-09-21	3.30	89.86	83.38	1.13	1.27	1.19	4.08	3.51	2.59	4.02	3.98	3.31	3.74	3.86	3.65	131.6124	2.47
2022-09-22	3.27	90.40	84.02	1.29	1.46	1.36	4.08	3.70	2.73	4.11	4.12	3.29	3.91	3.87	3.84	131.9706	2.45
2022-09-23	3.32	84.29	79.07	1.32	1.58	1.42	4.15	3.69	2.67	4.20	4.21	3.24	3.96	3.85	3.85	132.8010	2.38
2022-09-26	3.34	82.55	77.17	1.56	1.82	1.67	4.17	3.88	2.73	4.27	4.37	3.39	4.15	3.95	4.06	133.7077	2.33
2022-09-27	3.37	85.97	78.91	1.64	1.86	1.73	4.16	3.97	2.71	4.30	4.39	3.35	4.21	3.91	4.14	133.7301	2.35
2022-09-28	3.69	89.55	82.61	1.39	1.55	1.45	3.99	3.72	2.63	4.07	4.12	3.40	3.92	3.87	3.83	133.8990	2.37
2022-09-29	3.64	89.41	81.78	1.57	1.80	1.66	3.98	3.76	2.78	4.16	4.19	3.36	3.98	3.87	3.89	133.3057	2.18
2022-09-30	3.57	88.90	79.91	1.68	1.92	1.77	4.05	3.83	2.79	4.22	4.25	3.33	4.06	3.92	3.97	133.1977	2.14
2022-10-03	3.67	90.68	84.05	1.43	1.64	1.51	4.01	3.67	2.87	4.12	4.12	3.46	3.90	3.97	3.79	132.8657	2.26
2022-10-04	3.56	93.74	86.87	1.38	1.56	1.45	4.15	3.62	2.91	4.10	4.08	3.45	3.84	3.98	3.73	132.5124	2.28
2022-10-05	3.55	94.35	88.22	1.54	1.70	1.60	4.14	3.76	2.89	4.15	4.17	3.46	3.96	4.00	3.87	132.7620	2.26
2022-10-06	3.49	95.65	88.90	1.61	1.76	1.67	4.19	3.83	3.05	4.23	4.24	3.46	4.05	4.04	3.95	132.7822	2.29
2022-10-07	3.48	98.88	93.07	1.62	1.78	1.68	4.24	3.89	3.03	4.30	4.33	3.45	4.14	4.09	4.03	132.8312	2.36
2022-10-10	3.48	97.13	91.60	.	.	.	.	.	.	.	.	.	.	.	.	.	.
2022-10-11	3.57	95.17	89.75	1.62	1.78	1.68	4.28	3.93	3.07	4.30	4.31	3.67	4.14	4.17	4.06	133.2775	2.36
2022-10-12	3.61	93.44	87.83	1.62	1.80	1.69	4.28	3.91	3.07	4.28	4.29	3.70	4.12	4.16	4.03	133.4763	2.32
2022-10-13	3.57	95.16	89.59	1.63	1.83	1.71	4.46	3.97	3.35	4.47	4.44	3.79	4.21	4.30	4.11	133.4864	2.38
2022-10-14	3.57	92.22	86.10	1.59	1.81	1.68	4.50	4.00	3.30	4.48	4.47	3.81	4.25	4.31	4.15	133.7813	2.44
2022-10-17	3.63	91.04	86.00	1.57	1.76	1.64	4.50	4.02	3.30	4.45	4.45	3.97	4.24	4.38	4.15	133.6920	2.48
2022-10-18	3.68	89.46	83.29	1.60	1.79	1.68	4.50	4.01	3.25	4.43	4.43	4.04	4.21	4.39	4.12	133.8611	2.42
2022-10-19	3.63	91.34	86.00	1.72	1.89	1.78	4.60	4.14	3.31	4.55	4.56	4.07	4.35	4.45	4.26	134.3129	2.46
2022-10-20	3.65	91.52	86.02	1.73	1.80	1.76	4.66	4.24	3.58	4.62	4.66	4.09	4.45	4.48	4.36	134.0392	2.65
2022-10-21	3.76	91.82	85.47	1.69	1.65	1.66	4.58	4.21	3.55	4.49	4.52	4.09	4.34	4.43	4.28	134.0099	2.69
2022-10-24	3.74	91.57	86.12	1.66	1.64	1.65	4.61	4.25	3.57	4.50	4.52	4.16	4.36	4.52	4.31	134.4839	2.72
2022-10-25	3.82	91.76	86.93	1.59	1.63	1.61	4.60	4.10	3.56	4.42	4.45	4.14	4.25	4.50	4.17	134.2172	2.62
2022-10-26	3.79	92.93	89.39	1.60	1.64	1.62	4.54	4.04	3.54	4.39	4.41	4.11	4.20	4.47	4.12	133.5019	2.56
2022-10-27	3.85	94.17	89.06	1.51	1.52	1.51	4.50	3.96	3.76	4.30	4.29	4.13	4.09	4.44	4.01	133.5715	2.57
2022-10-28	3.75	94.64	87.85	1.51	1.57	1.54	4.55	4.02	3.75	4.41	4.38	4.18	4.19	4.51	4.10	133.8628	2.62
2022-10-31	3.72	93.30	86.54	1.58	1.60	1.59	4.66	4.10	3.73	4.51	4.45	4.22	4.27	4.57	4.18	134.2190	2.67
2022-11-01	3.65	95.12	88.36	1.56	1.62	1.58	4.75	4.07	3.72	4.54	4.48	4.23	4.27	4.58	4.18	133.6913	2.65
2022-11-02	3.63	96.07	90.06	1.57	1.62	1.59	4.76	4.10	3.70	4.61	4.54	4.22	4.30	4.57	4.20	133.6891	2.68
2022-11-03	3.66	95.29	88.14	1.74	1.82	1.77	4.78	4.14	3.75	4.71	4.63	4.25	4.36	4.57	4.26	133.9568	2.54
2022-11-04	3.66	99.53	92.58	1.69	1.72	1.71	4.76	4.17	3.73	4.66	4.58	4.21	4.33	4.55	4.26	133.5036	2.61
2022-11-07	3.61	99.87	91.80	1.69	1.72	1.70	4.80	4.22	3.78	4.72	4.63	4.29	4.39	4.62	4.31	132.7553	2.67
2022-11-08	3.67	96.85	88.80	1.64	1.70	1.67	4.77	4.14	3.66	4.67	4.55	4.28	4.31	4.60	4.22	132.5198	2.61
2022-11-09	3.67	93.05	85.79	1.70	1.74	1.72	4.75	4.12	3.65	4.61	4.49	4.29	4.27	4.59	4.20	132.4588	2.53
2022-11-10	3.80	94.25	86.52	1.43	1.48	1.45	4.59	3.82	3.71	4.34	4.17	4.28	3.95	4.52	3.89	131.7183	2.47
2022-11-11	3.78	96.37	89.14	.	.	.	.	.	.	.	.	.	.	.	.	.	.
2022-11-14	3.54	93.59	85.85	1.51	1.58	1.54	4.63	3.88	3.72	4.40	4.24	4.34	4.00	4.55	3.95	130.5024	2.42
2022-11-15	3.51	94.30	86.87	1.45	1.53	1.48	4.60	3.80	3.77	4.37	4.17	4.31	3.93	4.54	3.88	130.2034	2.40
2022-11-16	3.50	92.61	85.62	1.38	1.48	1.42	4.62	3.67	3.81	4.35	4.13	4.32	3.83	4.54	3.77	130.6038	2.35
2022-11-17	3.44	91.00	81.69	1.49	1.61	1.54	4.68	3.77	3.93	4.43	4.22	4.32	3.93	4.57	3.87	131.4813	2.32
2022-11-18	3.41	88.93	80.07	1.57	1.71	1.63	4.74	3.82	3.93	4.51	4.28	4.34	3.99	4.61	3.92	131.3253	2.28
2022-11-21	3.43	88.44	79.74	1.52	1.63	1.56	4.75	3.83	3.97	4.48	4.32	4.41	3.97	4.65	3.94	131.8405	2.34
2022-11-22	3.44	88.65	80.83	1.44	1.58	1.50	4.79	3.76	3.97	4.47	4.27	4.40	3.93	4.68	3.86	131.5184	2.35
2022-11-23	3.47	85.90	77.93	1.39	1.55	1.46	4.75	3.71	4.12	4.46	4.23	4.40	3.88	4.67	3.81	131.3987	2.33
2022-11-24	3.47	85.59	.	.	.	.	.	.	.	.	.	.	.	.	.	.	.
2022-11-25	3.35	83.40	76.45	1.36	1.51	1.42	4.76	3.68	4.16	4.42	4.20	4.41	3.85	4.67	3.78	130.9671	2.34
2022-11-28	3.32	83.50	77.10	1.43	1.59	1.49	4.76	3.69	4.11	4.46	4.22	4.41	3.88	4.72	3.80	131.2394	2.29
2022-11-29	3.26	83.22	77.96	1.50	1.62	1.55	4.78	3.75	4.08	4.48	4.24	4.38	3.92	4.72	3.85	130.6456	2.30
2022-11-30	3.22	85.61	80.48	1.34	1.41	1.37	4.74	3.68	4.07	4.38	4.13	4.37	3.82	4.70	3.76	130.2885	2.41
2022-12-01	3.20	86.28	81.06	1.17	1.23	1.20	4.66	3.53	4.04	4.25	3.98	4.33	3.68	4.65	3.62	129.1546	2.45
2022-12-02	3.16	86.54	79.86	1.08	1.16	1.11	4.69	3.51	3.91	4.28	3.99	4.34	3.67	4.65	3.61	129.3254	2.51
2022-12-05	3.05	83.36	76.83	1.21	1.34	1.27	4.77	3.60	3.93	4.41	4.13	4.36	3.80	4.73	3.72	129.7597	2.46
2022-12-06	3.11	79.92	74.21	1.20	1.35	1.26	4.73	3.51	3.87	4.34	4.07	4.37	3.73	4.74	3.64	130.3808	2.38
2022-12-07	3.18	77.11	71.93	1.16	1.29	1.21	4.67	3.42	3.79	4.26	3.97	4.29	3.62	4.72	3.54	129.9350	2.33
2022-12-08	3.08	76.02	71.30	1.20	1.35	1.26	4.71	3.48	3.75	4.31	4.04	4.28	3.71	4.71	3.63	129.7443	2.36
2022-12-09	3.03	76.37	71.05	1.31	1.45	1.36	4.72	3.57	3.81	4.33	4.07	4.31	3.75	4.72	3.69	129.8000	2.30
2022-12-12	3.02	78.00	72.96	1.33	1.45	1.38	4.75	3.61	3.86	4.39	4.10	4.38	3.80	4.78	3.73	130.1788	2.35
2022-12-13	3.09	80.14	75.44	1.27	1.35	1.30	4.64	3.51	3.89	4.22	3.96	4.35	3.66	4.70	3.60	129.4714	2.31
2022-12-14	3.05	83.33	77.14	1.30	1.39	1.34	4.64	3.49	3.91	4.23	3.94	4.33	3.64	4.68	3.59	129.5288	2.25
2022-12-15	3.06	82.34	75.89	1.28	1.41	1.33	4.65	3.44	3.95	4.23	3.96	4.34	3.62	4.70	3.56	130.1150	2.21
2022-12-16	3.08	80.20	74.19	1.35	1.47	1.40	4.61	3.48	3.94	4.17	3.91	4.31	3.61	4.68	3.58	130.1357	2.14
2022-12-19	3.04	81.66	75.05	1.42	1.51	1.46	4.64	3.57	3.95	4.25	3.99	4.37	3.70	4.71	3.67	130.1231	2.19
2022-12-20	3.04	79.45	75.92	1.45	1.53	1.48	4.64	3.69	3.89	4.25	4.03	4.35	3.79	4.70	3.78	129.9779	2.26
2022-12-21	3.04	80.25	78.17	1.41	1.47	1.43	4.60	3.68	3.90	4.21	4.00	4.33	3.78	4.67	3.77	129.9153	2.31
2022-12-22	3.00	79.58	77.68	1.48	1.55	1.51	4.64	3.67	3.80	4.24	4.02	4.35	3.79	4.66	3.77	129.5995	2.24
2022-12-23	2.99	82.45	79.57	1.55	1.57	1.56	4.66	3.75	3.80	4.31	4.09	4.34	3.86	4.67	3.83	129.3606	2.29
2022-12-26	.	.	.	.	.	.	.	.	.	.	.	.	.	.	.	.	.
2022-12-27	2.94	.	79.45	1.58	1.61	1.59	4.75	3.84	3.87	4.32	4.17	4.46	3.94	4.76	3.93	129.2390	2.33
2022-12-28	2.97	81.70	78.89	1.60	1.64	1.62	4.71	3.88	3.86	4.31	4.18	4.46	3.97	4.75	3.97	129.3497	2.33
2022-12-29	2.97	80.96	78.43	1.56	1.62	1.58	4.71	3.83	4.04	4.34	4.16	4.45	3.94	4.73	3.91	129.1475	2.32
2022-12-30	2.95	82.82	80.16	1.58	1.66	1.61	4.73	3.88	4.12	4.41	4.22	4.42	3.99	4.76	3.96	128.9700	2.33
2022-12-31	2.95																
2023-01-02	.	.	.	.	.	.	.	.	.	.	.	.	.	.	.	.	.
2023-01-03	2.94	80.36	76.87	1.53	1.65	1.58	4.72	3.79	4.17	4.40	4.18	4.53	3.94	4.77	3.89	129.1647	2.29
2023-01-04	2.93	75.31	72.82	1.47	1.64	1.54	4.71	3.69	4.20	4.36	4.11	4.55	3.85	4.77	3.79	128.8208	2.21
2023-01-05	2.90	76.73	73.61	1.49	1.68	1.57	4.78	3.71	4.30	4.45	4.18	4.66	3.90	4.81	3.82	128.8266	2.22
2023-01-06	3.01	76.41	73.77	1.34	1.51	1.41	4.71	3.55	4.32	4.24	3.96	4.67	3.69	4.79	3.63	127.9955	2.18
2023-01-09	2.95	77.50	74.69	1.31	1.48	1.38	4.69	3.53	4.37	4.19	3.93	4.70	3.66	4.83	3.60	127.2327	2.18
2023-01-10	2.88	78.40	75.11	1.37	1.52	1.43	4.74	3.61	4.41	4.24	3.94	4.73	3.72	4.85	3.67	126.9964	2.20
2023-01-11	2.90	81.11	77.46	1.31	1.45	1.37	4.73	3.54	4.42	4.20	3.90	4.72	3.66	4.84	3.61	126.7326	2.21
2023-01-12	2.94	82.59	78.32	1.22	1.32	1.26	4.66	3.43	4.57	4.12	3.79	4.66	3.53	4.76	3.48	126.0847	2.21
2023-01-13	2.85	83.43	79.90	1.31	1.40	1.35	4.69	3.49	4.58	4.22	3.88	4.67	3.60	4.77	3.55	125.6246	2.20
2023-01-16	2.85	82.65	.	.	.	.	.	.	.	.	.	.	.	.	.	.	.
2023-01-17	2.85	84.38	80.25	1.36	1.42	1.38	4.67	3.53	4.60	4.18	3.86	4.71	3.60	4.82	3.57	125.9055	2.18
2023-01-18	2.88	83.78	79.53	1.25	1.34	1.29	4.63	3.37	4.59	4.06	3.72	4.69	3.43	4.79	3.40	125.7855	2.09
2023-01-19	2.79	85.08	80.31	1.19	1.27	1.22	4.65	3.39	4.69	4.09	3.76	4.71	3.48	4.79	3.43	126.5436	2.21
2023-01-20	2.74	86.96	81.27	1.25	1.33	1.28	4.68	3.48	4.69	4.14	3.83	4.72	3.56	4.80	3.51	126.1869	2.23
2023-01-23	2.70	87.54	81.62	1.24	1.33	1.28	4.70	3.52	4.69	4.21	3.88	4.73	3.61	4.82	3.56	125.9930	2.28
2023-01-24	2.74	85.25	79.86	1.19	1.29	1.23	4.70	3.46	4.70	4.12	3.86	4.72	3.58	4.84	3.52	125.9953	2.29
2023-01-25	2.74	85.08	79.78	1.17	1.26	1.21	4.67	3.46	4.67	4.11	3.84	4.72	3.54	4.79	3.51	125.8948	2.28
2023-01-26	2.69	86.29	80.64	1.16	1.26	1.20	4.68	3.49	4.61	4.17	3.88	4.71	3.58	4.79	3.54	125.9103	2.32
2023-01-27	2.69	85.36	79.73	1.19	1.29	1.23	4.68	3.52	4.61	4.19	3.90	4.73	3.62	4.81	3.58	125.8118	2.33
2023-01-30	2.67	84.90	77.97	1.26	1.38	1.31	4.71	3.55	4.60	4.25	3.96	4.72	3.68	4.82	3.62	125.5922	2.30
2023-01-31	2.72	83.42	78.95	1.28	1.36	1.31	4.68	3.52	4.58	4.21	3.90	4.70	3.63	4.80	3.59	125.7479	2.27
2023-02-01	2.78	81.61	76.34	1.14	1.19	1.16	4.66	3.39	4.59	4.09	3.75	4.66	3.48	4.79	3.43	125.4053	2.29
2023-02-02	2.69	80.57	75.87	1.18	1.23	1.20	4.64	3.40	4.62	4.09	3.75	4.66	3.49	4.76	3.44	124.9395	2.26
2023-02-03	2.57	78.85	73.40	1.31	1.40	1.34	4.79	3.53	4.61	4.30	3.96	4.70	3.67	4.82	3.61	126.0500	2.27
2023-02-06	2.56	80.48	74.11	1.38	1.48	1.42	4.85	3.63	4.61	4.44	4.10	4.71	3.81	4.89	3.73	127.1938	2.33
2023-02-07	2.60	82.92	77.17	1.36	1.45	1.40	4.88	3.67	4.62	4.47	4.11	4.71	3.85	4.89	3.78	126.9665	2.40
2023-02-08	2.62	84.17	78.47	1.29	1.36	1.32	4.87	3.63	4.64	4.45	4.08	4.72	3.82	4.88	3.75	126.8827	2.46
2023-02-09	2.59	83.46	78.04	1.34	1.42	1.38	4.88	3.67	4.66	4.48	4.15	4.77	3.87	4.90	3.79	126.8244	2.45
2023-02-10	2.62	85.46	79.74	1.41	1.46	1.43	4.89	3.74	4.66	4.50	4.19	4.79	3.93	4.89	3.86	126.7218	2.47
2023-02-13	2.67	85.98	80.14	1.41	1.49	1.44	4.91	3.72	4.66	4.52	4.22	4.81	3.93	4.99	3.84	126.7191	2.44
2023-02-14	2.60	84.96	79.08	1.46	1.55	1.49	4.99	3.77	4.63	4.60	4.32	4.80	4.00	4.98	3.90	126.5577	2.45
2023-02-15	2.63	84.11	78.57	1.46	1.53	1.49	4.96	3.81	4.64	4.62	4.35	4.79	4.04	4.97	3.94	127.1000	2.51
2023-02-16	2.61	83.84	78.45	1.49	1.54	1.51	4.99	3.86	4.66	4.62	4.35	4.84	4.06	4.98	3.98	127.0271	2.52
2023-02-17	2.70	81.97	76.31	1.46	1.53	1.49	5.00	3.82	4.64	4.60	4.33	4.84	4.03	4.99	3.95	127.0455	2.50
2023-02-20	2.71	82.79	.	.	.	.	.	.	.	.	.	.	.	.	.	.	.
2023-02-21	2.71	82.14	76.28	1.53	1.58	1.55	5.07	3.95	4.63	4.67	4.44	4.86	4.16	5.07	4.08	127.0928	2.58
2023-02-22	2.73	79.55	73.95	1.52	1.61	1.56	5.07	3.93	4.62	4.66	4.43	4.84	4.13	5.08	4.07	127.2396	2.52
2023-02-23	2.73	82.08	75.26	1.49	1.59	1.53	5.03	3.88	4.66	4.66	4.40	4.84	4.09	5.05	4.02	127.3848	2.50
2023-02-24	2.66	82.31	76.19	1.57	1.72	1.63	5.05	3.95	4.68	4.78	4.52	4.86	4.19	5.06	4.10	127.7976	2.47
2023-02-27	2.70	81.24	75.57	1.56	1.68	1.61	5.03	3.92	4.67	4.78	4.49	4.89	4.17	5.18	4.08	127.9276	2.49
2023-02-28	2.70	83.21	76.88	1.49	1.60	1.54	5.02	3.92	4.65	4.81	4.51	4.88	4.18	5.17	4.07	127.8001	2.58
2023-03-01	2.63	83.68	77.57	1.57	1.68	1.62	5.06	4.01	4.67	4.89	4.61	4.90	4.27	5.20	4.17	126.7155	2.59
2023-03-02	2.65	84.15	78.05	1.60	1.67	1.63	5.04	4.08	4.75	4.89	4.63	4.91	4.32	5.18	4.24	127.0805	2.65
2023-03-03	2.68	85.74	79.62	1.45	1.55	1.49	5.03	3.97	4.75	4.86	4.60	4.91	4.26	5.18	4.15	126.6776	2.71
2023-03-06	2.61	85.86	80.39	1.49	1.57	1.52	5.05	3.98	4.75	4.89	4.61	4.93	4.27	5.22	4.16	126.6287	2.70
2023-03-07	2.57	83.03	77.45	1.59	1.77	1.66	5.22	3.97	4.80	5.00	4.66	5.04	4.31	5.32	4.17	127.2227	2.54
2023-03-08	2.61	82.10	76.56	1.66	1.87	1.74	5.25	3.98	4.77	5.05	4.71	5.06	4.34	5.34	4.19	126.9621	2.47
2023-03-09	2.71	81.00	75.60	1.63	1.79	1.70	5.18	3.93	4.83	4.90	4.56	5.05	4.22	5.32	4.10	127.2874	2.43
2023-03-10	2.86	82.30	76.55	1.44	1.62	1.51	4.90	3.70	4.81	4.60	4.31	5.01	3.96	5.17	3.86	127.4821	2.34
2023-03-13	3.07	79.67	74.68	1.31	1.42	1.35	4.30	3.55	4.62	4.03	3.88	4.87	3.68	4.81	3.65	127.7010	2.26
2023-03-14	2.91	76.77	71.18	1.33	1.43	1.37	4.45	3.64	4.47	4.20	4.05	4.88	3.78	4.93	3.74	127.8178	2.35
2023-03-15	3.20	74.30	67.38	1.22	1.26	1.24	4.19	3.51	4.23	3.93	3.83	4.75	3.59	4.73	3.57	128.7196	2.33
2023-03-16	3.00	73.12	68.15	1.34	1.46	1.39	4.49	3.56	4.22	4.14	3.99	4.74	3.72	4.94	3.67	128.5419	2.26
2023-03-17	3.19	71.03	66.61	1.29	1.34	1.31	4.26	3.39	4.31	3.81	3.68	4.52	3.44	4.71	3.45	128.5083	2.10
2023-03-20	3.12	72.42	67.56	1.33	1.42	1.36	4.34	3.47	4.34	3.92	3.77	4.81	3.56	4.80	3.55	128.1416	2.14
2023-03-21	3.04	74.78	69.40	1.36	1.48	1.40	4.68	3.59	4.07	4.17	3.98	4.78	3.73	4.96	3.68	127.9010	2.25
2023-03-22	3.19	76.08	70.71	1.20	1.23	1.21	4.56	3.48	4.16	3.96	3.76	4.79	3.54	4.95	3.53	127.5102	2.31
2023-03-23	3.21	74.31	69.77	1.19	1.13	1.15	4.38	3.38	4.26	3.76	3.57	4.73	3.39	4.80	3.39	126.6667	2.26
2023-03-24	3.20	73.63	69.22	1.16	1.20	1.18	4.32	3.38	4.28	3.76	3.58	4.74	3.41	4.76	3.40	127.1277	2.21
2023-03-27	3.12	76.80	72.87	1.29	1.32	1.30	4.51	3.53	4.22	3.94	3.79	4.91	3.59	4.86	3.57	127.0426	2.27
2023-03-28	3.13	78.07	73.12	1.24	1.29	1.26	4.55	3.55	4.24	4.02	3.84	4.80	3.63	4.90	3.60	126.5240	2.34
2023-03-29	3.08	77.51	72.95	1.24	1.29	1.26	4.59	3.57	4.34	4.08	3.87	4.80	3.67	4.92	3.62	126.3901	2.38
2023-03-30	3.04	78.45	74.32	1.21	1.26	1.23	4.63	3.55	4.74	4.10	3.87	4.97	3.66	4.92	3.61	126.2784	2.40
2023-03-31	3.10	79.19	75.68	1.16	1.20	1.17	4.64	3.48	4.74	4.06	3.81	4.85	3.60	4.94	3.55	126.1034	2.40
2023-04-03	3.10	85.81	80.40	1.14	1.13	1.13	4.60	3.43	4.70	3.97	3.73	4.90	3.52	4.88	3.48	126.4528	2.39
2023-04-04	3.14	85.70	80.70	1.10	1.07	1.07	4.50	3.35	4.66	3.84	3.60	4.88	3.39	4.80	3.38	126.5371	2.32
2023-04-05	3.13	85.89	80.69	1.07	1.07	1.07	4.43	3.30	4.62	3.79	3.55	4.86	3.36	4.82	3.34	126.7013	2.29
2023-04-06	3.10	86.56	80.70	1.06	1.06	1.06	4.51	3.30	4.57	3.82	3.59	4.91	3.37	4.93	3.34	126.6498	2.31
2023-04-07	.	.	.	1.14	1.16	1.15	4.61	3.39	4.56	3.97	3.72	4.95	3.49	4.95	3.45	126.4975	2.33
2023-04-10	3.04	.	79.79	1.14	1.18	1.16	4.65	3.41	4.53	4.00	3.75	5.08	3.52	4.98	3.47	126.6836	2.34
2023-04-11	3.03	87.32	81.54	1.14	1.18	1.16	4.67	3.43	4.27	4.03	3.76	5.04	3.54	4.99	3.48	126.7348	2.36
2023-04-12	3.06	88.31	83.26	1.14	1.17	1.15	4.64	3.41	4.27	3.95	3.68	5.02	3.46	4.98	3.43	126.3298	2.29
2023-04-13	3.01	86.51	82.16	1.16	1.22	1.18	4.66	3.45	4.08	3.96	3.70	5.10	3.51	4.95	3.48	125.9360	2.29
2023-04-14	2.94	87.31	82.58	1.22	1.29	1.25	4.77	3.52	4.29	4.08	3.83	5.14	3.60	5.03	3.56	126.0789	2.31
2023-04-17	2.91	85.63	80.93	1.28	1.34	1.30	4.80	3.60	4.09	4.18	3.92	5.21	3.69	5.07	3.64	126.4041	2.35
2023-04-18	2.94	85.48	80.85	1.30	1.36	1.32	4.81	3.58	3.89	4.19	3.92	5.20	3.69	5.09	3.63	126.4149	2.33
2023-04-19	2.96	85.34	79.18	1.32	1.38	1.34	4.84	3.60	3.95	4.24	3.97	5.16	3.71	5.10	3.66	126.6018	2.33
2023-04-20	3.01	83.29	77.27	1.28	1.35	1.31	4.77	3.54	3.40	4.14	3.87	5.12	3.63	5.06	3.59	126.4116	2.28
2023-04-21	2.98	83.36	77.86	1.29	1.36	1.32	4.78	3.57	3.36	4.17	3.89	5.14	3.66	5.07	3.62	126.5883	2.30
2023-04-24	3.02	84.23	78.64	1.24	1.27	1.25	4.76	3.52	3.54	4.12	3.84	5.20	3.60	5.06	3.56	126.6599	2.33
2023-04-25	3.13	82.13	77.05	1.15	1.17	1.16	4.60	3.40	4.11	3.86	3.62	5.12	3.43	4.98	3.42	126.9653	2.26
2023-04-26	3.07	79.19	74.33	1.18	1.20	1.19	4.64	3.43	3.91	3.90	3.65	5.16	3.46	5.00	3.45	126.9503	2.26
2023-04-27	3.00	80.11	74.77	1.26	1.31	1.28	4.78	3.53	4.27	4.07	3.82	5.18	3.60	5.05	3.57	126.8837	2.29
2023-04-28	3.04	81.32	76.78	1.26	1.31	1.28	4.80	3.44	4.35	4.04	3.75	5.10	3.51	5.06	3.49	126.6745	2.20
2023-04-30	3.06																
2023-05-01	2.97	.	75.65	1.36	1.40	1.38	4.86	3.59	4.49	4.14	3.85	5.27	3.64	5.14	3.62	126.5535	2.24
2023-05-02	3.12	76.71	71.71	1.24	1.28	1.26	4.74	3.44	4.56	3.97	3.67	5.24	3.46	5.06	3.44	126.9202	2.18
2023-05-03	3.14	72.91	68.62	1.18	1.18	1.18	4.70	3.38	4.70	3.89	3.58	5.26	3.37	5.08	3.37	126.4673	2.19
2023-05-04	3.16	73.00	68.52	1.18	1.16	1.17	4.59	3.37	5.76	3.75	3.47	5.26	3.29	5.04	3.32	126.3844	2.13
2023-05-05	3.08	75.85	71.32	1.23	1.22	1.23	4.73	3.44	5.59	3.92	3.63	5.26	3.41	5.13	3.41	125.8325	2.19
2023-05-08	3.04	.	73.13	1.29	1.27	1.27	4.79	3.52	5.51	4.00	3.70	5.31	3.49	5.14	3.50	126.0259	2.22
2023-05-09	3.05	77.76	73.68	1.30	1.29	1.29	4.81	3.53	5.56	4.01	3.67	5.29	3.51	5.18	3.51	126.0361	2.22
2023-05-10	3.15	76.70	72.53	1.26	1.24	1.25	4.70	3.43	5.50	3.90	3.55	5.24	3.37	5.13	3.40	125.7550	2.13
2023-05-11	3.12	75.32	70.81	1.23	1.26	1.24	4.70	3.39	5.81	3.89	3.56	5.20	3.36	5.14	3.37	125.9729	2.10
2023-05-12	3.06	74.54	70.02	1.28	1.34	1.31	4.75	3.46	5.79	3.98	3.65	5.25	3.45	5.16	3.45	126.0727	2.11
2023-05-15	3.09	75.46	71.07	1.31	1.34	1.32	4.73	3.50	5.64	3.99	3.67	5.21	3.46	5.24	3.48	125.9815	2.12
2023-05-16	3.06	75.15	70.85	1.35	1.41	1.38	4.88	3.54	5.58	4.06	3.74	5.23	3.52	5.26	3.53	125.9656	2.11
2023-05-17	3.05	76.98	72.78	1.35	1.42	1.38	4.92	3.57	5.50	4.12	3.80	5.26	3.58	5.30	3.58	126.4666	2.16
2023-05-18	3.01	75.75	71.82	1.42	1.53	1.46	5.02	3.65	5.59	4.24	3.94	5.31	3.69	5.38	3.67	126.9383	2.16
2023-05-19	3.00	75.42	71.57	1.46	1.57	1.50	5.02	3.70	5.62	4.28	3.98	5.29	3.76	5.36	3.74	126.6585	2.19
2023-05-22	3.00	75.77	71.81	1.48	1.59	1.52	5.07	3.72	5.69	4.29	3.98	5.40	3.77	5.43	3.74	127.0896	2.18
2023-05-23	3.03	76.66	72.87	1.44	1.55	1.49	5.06	3.70	5.67	4.26	3.99	5.34	3.76	5.39	3.73	127.4051	2.21
2023-05-24	3.00	77.99	74.37	1.48	1.61	1.53	5.12	3.73	5.73	4.31	4.04	5.37	3.75	5.42	3.76	127.2532	2.14
2023-05-25	2.94	75.66	71.68	1.58	1.78	1.66	5.24	3.83	5.95	4.50	4.21	5.38	3.90	5.46	3.86	127.5938	2.12
2023-05-26	2.94	76.33	72.35	1.57	1.79	1.66	5.25	3.80	6.02	4.54	4.23	5.34	3.92	5.44	3.86	127.0984	2.13
2023-05-29	2.95	.	.	.	.	.	.	.	.	.	.	.	.	.	.	.	.
2023-05-30	3.01	73.38	69.45	1.47	1.69	1.56	5.22	3.69	5.31	4.46	4.10	5.55	3.81	5.52	3.75	127.2205	2.12
2023-05-31	3.00	71.98	68.11	1.46	1.67	1.55	5.18	3.64	5.28	4.40	4.04	5.52	3.74	5.46	3.69	127.6774	2.07
2023-06-01	3.03	74.18	70.09	1.45	1.63	1.52	5.11	3.61	5.30	4.33	3.98	5.50	3.70	5.44	3.66	127.0115	2.07
2023-06-02	2.89	76.00	71.76	1.51	1.71	1.59	5.22	3.69	5.28	4.50	4.13	5.50	3.84	5.50	3.78	126.6545	2.13
2023-06-05	2.93	76.61	72.14	1.50	1.67	1.57	5.17	3.69	5.25	4.46	4.10	5.46	3.82	5.46	3.77	126.7036	2.15
2023-06-06	2.89	76.22	71.71	1.50	1.71	1.59	5.20	3.70	5.15	4.51	4.15	5.44	3.85	5.44	3.78	126.5655	2.14
2023-06-07	2.85	76.85	72.52	1.58	1.78	1.66	5.16	3.79	5.07	4.56	4.21	5.42	3.93	5.43	3.88	126.4855	2.15
2023-06-08	2.92	75.88	71.28	1.53	1.73	1.61	5.12	3.73	5.25	4.52	4.17	5.38	3.87	5.39	3.80	126.5138	2.14
2023-06-09	2.86	74.74	70.16	1.55	1.79	1.65	5.17	3.75	5.25	4.59	4.23	5.37	3.92	5.39	3.84	126.2022	2.13
2023-06-12	2.88	71.80	67.08	1.56	1.80	1.65	5.18	3.73	5.24	4.55	4.16	5.40	3.89	5.38	3.82	126.3760	2.09
2023-06-13	2.77	74.24	69.39	1.64	1.89	1.74	5.26	3.84	5.19	4.67	4.30	5.36	4.01	5.36	3.94	126.0761	2.12
2023-06-14	2.77	73.39	68.22	1.62	1.91	1.74	5.27	3.83	5.18	4.74	4.37	5.36	4.06	5.36	3.95	125.8396	2.15
2023-06-15	2.82	75.75	70.61	1.51	1.75	1.61	5.21	3.72	5.18	4.62	4.23	5.33	3.91	5.33	3.82	125.8335	2.16
2023-06-16	2.75	76.76	71.81	1.55	1.82	1.66	5.24	3.77	5.18	4.70	4.32	5.34	3.99	5.35	3.88	125.5561	2.17
2023-06-19	2.76	76.09	.	.	.	.	.	.	.	.	.	.	.	.	.	.	.
2023-06-20	2.79	75.79	70.94	1.52	1.82	1.64	5.24	3.74	5.17	4.68	4.29	5.39	3.96	5.41	3.85	126.2594	2.14
2023-06-21	2.80	76.92	72.55	1.51	1.80	1.63	5.25	3.72	5.16	4.68	4.29	5.40	3.95	5.41	3.84	126.2370	2.15
2023-06-22	2.74	73.93	69.22	1.56	1.85	1.68	5.29	3.80	5.18	4.77	4.37	5.40	4.03	5.41	3.92	126.2559	2.18
2023-06-23	2.78	73.56	68.91	1.53	1.83	1.65	5.25	3.74	5.17	4.71	4.32	5.41	3.99	5.41	3.88	126.4960	2.16
2023-06-26	2.81	73.86	69.09	1.54	1.83	1.66	5.27	3.72	5.17	4.65	4.30	5.50	3.96	5.45	3.85	126.7188	2.13
2023-06-27	2.77	71.88	67.68	1.57	1.90	1.70	5.33	3.77	5.17	4.74	4.38	5.44	4.02	5.46	3.90	126.5020	2.12
2023-06-28	2.82	73.64	69.54	1.53	1.85	1.66	5.32	3.71	5.17	4.71	4.32	5.44	3.97	5.47	3.83	126.7783	2.12
2023-06-29	2.71	73.86	69.85	1.65	1.99	1.79	5.41	3.85	5.25	4.87	4.49	5.46	4.14	5.50	3.99	127.0043	2.15
2023-06-30	2.73	74.51	70.66	1.59	1.95	1.74	5.40	3.81	5.24	4.87	4.49	5.43	4.13	5.47	3.97	127.0723	2.18
2023-07-03	2.68	74.52	69.71	1.61	1.98	1.76	5.43	3.86	5.27	4.94	4.56	5.44	4.19	5.53	4.03	126.7181	2.21
2023-07-04	2.68	76.23	.	.	.	.	.	.	.	.	.	.	.	.	.	.	.
2023-07-05	2.65	76.74	71.78	1.69	2.05	1.84	5.40	3.95	5.28	4.94	4.59	5.44	4.25	5.52	4.11	126.6768	2.20
2023-07-06	2.64	76.72	71.76	1.78	2.15	1.93	5.44	4.05	5.32	4.99	4.68	5.46	4.37	5.54	4.22	127.4498	2.22
2023-07-07	2.68	78.77	73.91	1.79	2.13	1.93	5.41	4.06	5.32	4.94	4.64	5.46	4.35	5.53	4.23	126.9339	2.22
2023-07-10	2.74	77.83	73.05	1.76	2.06	1.88	5.38	4.01	5.34	4.85	4.54	5.48	4.25	5.54	4.14	126.9033	2.19
2023-07-11	2.70	79.54	74.87	1.75	2.08	1.89	5.44	3.99	5.35	4.88	4.52	5.49	4.24	5.55	4.13	126.7299	2.16
2023-07-12	2.76	80.35	75.77	1.60	1.89	1.71	5.35	3.86	5.36	4.72	4.36	5.47	4.07	5.53	3.97	125.7708	2.18
2023-07-13	2.76	81.31	76.86	1.52	1.77	1.62	5.27	3.76	5.37	4.59	4.21	5.47	3.93	5.49	3.85	125.5007	2.16
2023-07-14	2.68	79.90	75.44	1.59	1.89	1.71	5.34	3.83	5.37	4.74	4.35	5.49	4.04	5.52	3.94	125.1419	2.15
2023-07-17	2.70	77.80	74.17	1.56	1.86	1.68	5.33	3.81	5.37	4.74	4.34	5.49	4.02	5.52	3.91	125.3652	2.16
2023-07-18	2.68	79.54	75.76	1.57	1.87	1.69	5.32	3.80	5.37	4.74	4.35	5.49	4.00	5.51	3.90	125.1107	2.13
2023-07-19	2.70	79.38	75.40	1.53	1.85	1.65	5.32	3.75	5.37	4.74	4.34	5.49	3.98	5.51	3.87	125.4643	2.13
2023-07-20	2.66	79.62	75.65	1.50	1.87	1.65	5.35	3.85	5.44	4.80	4.43	5.49	4.08	5.52	3.98	125.3970	2.21
2023-07-21	2.67	81.06	77.06	1.49	1.86	1.64	5.35	3.84	5.43	4.82	4.44	5.50	4.09	5.53	3.97	125.8165	2.23
2023-07-24	2.64	82.53	78.81	1.48	1.85	1.63	5.38	3.86	5.44	4.81	4.48	5.51	4.13	5.55	4.00	125.5873	2.28
2023-07-25	2.66	83.46	79.76	1.52	1.89	1.67	5.38	3.91	5.46	4.85	4.53	5.51	4.15	5.57	4.05	125.4982	2.26
2023-07-26	2.69	82.98	79.11	1.50	1.85	1.64	5.37	3.86	5.46	4.82	4.47	5.51	4.09	5.55	3.99	125.4381	2.24
2023-07-27	2.56	84.28	80.17	1.64	1.97	1.78	5.40	4.01	5.47	4.91	4.58	5.51	4.24	5.56	4.13	125.2793	2.27
2023-07-28	2.59	84.49	80.55	1.58	1.90	1.71	5.37	3.96	5.47	4.87	4.52	5.52	4.18	5.54	4.08	125.1553	2.28
2023-07-31	2.56	85.22	81.80	1.60	1.91	1.72	5.37	3.97	5.48	4.88	4.51	5.55	4.18	5.53	4.08	125.1668	2.27
2023-08-01	2.53	85.34	81.37	1.68	1.98	1.80	5.38	4.05	5.49	4.92	4.57	5.54	4.24	5.54	4.15	125.8110	2.26
2023-08-02	2.56	84.01	79.50	1.72	1.99	1.83	5.36	4.08	5.48	4.88	4.54	5.53	4.24	5.52	4.17	126.5833	2.25
2023-08-03	2.56	86.19	81.56	1.83	2.06	1.92	5.37	4.20	5.54	4.90	4.58	5.54	4.30	5.52	4.26	127.1928	2.24
2023-08-04	2.64	87.38	82.76	1.67	1.89	1.76	5.33	4.05	5.54	4.78	4.45	5.54	4.15	5.50	4.10	126.6984	2.26
2023-08-07	2.62	86.47	81.94	1.68	1.87	1.76	5.30	4.09	5.54	4.76	4.44	5.56	4.16	5.53	4.13	126.8754	2.29
2023-08-08	2.62	88.00	82.94	1.66	1.86	1.74	5.35	4.02	5.54	4.74	4.36	5.57	4.10	5.53	4.06	127.4449	2.24
2023-08-09	2.60	89.31	84.35	1.66	1.89	1.75	5.35	4.00	5.51	4.79	4.41	5.55	4.12	5.54	4.07	127.2119	2.23
2023-08-10	2.54	87.44	82.81	1.76	1.96	1.84	5.33	4.09	5.55	4.82	4.47	5.54	4.21	5.52	4.17	126.8753	2.25
2023-08-11	2.52	87.93	83.17	1.80	2.01	1.89	5.36	4.16	5.54	4.89	4.56	5.54	4.31	5.52	4.26	127.3340	2.30
2023-08-14	2.54	87.40	82.50	1.83	2.07	1.93	5.37	4.19	5.55	4.96	4.64	5.56	4.36	5.56	4.29	127.9921	2.29
2023-08-15	2.59	86.28	81.06	1.89	2.12	1.98	5.36	4.21	5.53	4.92	4.64	5.56	4.36	5.55	4.31	128.2916	2.24
2023-08-16	2.57	84.49	79.40	1.96	2.19	2.05	5.37	4.28	5.52	4.97	4.68	5.56	4.42	5.54	4.37	128.2775	2.23
2023-08-17	2.64	85.24	80.43	1.97	2.18	2.06	5.36	4.30	5.55	4.94	4.67	5.56	4.42	5.53	4.38	128.4071	2.24
2023-08-18	2.67	85.92	81.25	1.94	2.16	2.03	5.35	4.26	5.53	4.92	4.63	5.55	4.38	5.52	4.34	128.1685	2.22
2023-08-21	2.67	85.44	80.71	2.00	2.21	2.08	5.37	4.34	5.55	4.97	4.70	5.57	4.46	5.58	4.42	128.1845	2.25
2023-08-22	2.66	84.70	80.25	1.99	2.22	2.08	5.39	4.34	5.54	5.02	4.75	5.57	4.49	5.57	4.44	127.9077	2.27
2023-08-23	2.71	83.94	78.91	1.84	2.10	1.95	5.35	4.19	5.54	4.95	4.64	5.57	4.36	5.55	4.30	127.4655	2.26
2023-08-24	2.64	84.07	79.52	1.91	2.15	2.00	5.39	4.23	5.55	4.98	4.69	5.58	4.39	5.59	4.34	127.4113	2.24
2023-08-25	2.65	85.42	80.47	1.92	2.19	2.03	5.44	4.25	5.56	5.03	4.72	5.61	4.44	5.61	4.37	127.4840	2.25
2023-08-28	2.67	.	80.65	1.90	2.17	2.01	5.44	4.20	5.56	4.98	4.69	5.58	4.38	5.56	4.32	127.3448	2.21
2023-08-29	2.72	86.37	81.14	1.83	2.08	1.93	5.37	4.12	5.54	4.87	4.56	5.56	4.26	5.52	4.21	127.5485	2.18
2023-08-30	2.68	86.62	81.64	1.86	2.11	1.96	5.39	4.12	5.55	4.90	4.57	5.56	4.27	5.51	4.22	127.3177	2.16
2023-08-31	2.64	87.29	83.55	1.85	2.08	1.94	5.37	4.09	5.52	4.85	4.54	5.56	4.23	5.48	4.19	127.5490	2.15
2023-09-01	2.59	89.98	85.52	1.92	2.12	2.00	5.36	4.18	5.51	4.87	4.57	5.53	4.29	5.47	4.27	128.0857	2.17
2023-09-04	2.59	90.42	.	.	.	.	.	.	.	.	.	.	.	.	.	.	.
2023-09-05	2.56	91.25	86.74	1.98	2.16	2.05	5.42	4.27	5.51	4.94	4.65	5.55	4.37	5.51	4.35	128.9331	2.21
2023-09-06	2.54	91.79	87.55	2.00	2.21	2.09	5.44	4.30	5.52	5.01	4.73	5.55	4.44	5.52	4.39	129.4981	2.23
2023-09-07	2.59	91.16	86.87	1.95	2.14	2.03	5.40	4.27	5.52	4.94	4.66	5.53	4.38	5.50	4.35	129.6022	2.24
2023-09-08	2.57	91.85	87.51	1.93	2.13	2.01	5.42	4.26	5.52	4.98	4.68	5.55	4.39	5.49	4.35	129.7234	2.26
2023-09-11	2.58	91.97	87.30	1.94	2.14	2.02	5.40	4.29	5.52	4.97	4.64	5.55	4.40	5.51	4.37	128.9108	2.26
2023-09-12	2.58	93.58	88.87	1.93	2.14	2.02	5.42	4.27	5.52	4.98	4.66	5.56	4.41	5.53	4.36	128.6840	2.27
2023-09-13	2.61	93.04	88.59	1.90	2.11	1.99	5.42	4.25	5.53	4.96	4.64	5.55	4.39	5.51	4.34	128.2934	2.28
2023-09-14	2.56	95.20	90.13	1.95	2.15	2.03	5.42	4.29	5.52	5.00	4.68	5.55	4.42	5.50	4.38	128.2871	2.27
2023-09-15	2.56	95.55	90.83	1.98	2.18	2.06	5.43	4.33	5.51	5.02	4.72	5.56	4.45	5.49	4.41	128.2050	2.27
2023-09-18	2.56	95.95	91.47	1.96	2.17	2.04	5.44	4.32	5.53	5.05	4.74	5.55	4.46	5.51	4.41	128.3952	2.29
2023-09-19	2.52	96.11	91.16	2.00	2.21	2.08	5.45	4.37	5.53	5.08	4.79	5.54	4.51	5.51	4.47	128.3943	2.30
2023-09-20	2.50	94.56	89.20	2.00	2.25	2.10	5.47	4.35	5.53	5.12	4.82	5.56	4.52	5.51	4.46	128.2060	2.27
2023-09-21	2.52	93.70	89.56	2.11	2.32	2.19	5.46	4.49	5.52	5.12	4.85	5.57	4.61	5.52	4.57	128.8098	2.29
2023-09-22	2.56	93.99	90.00	2.07	2.28	2.15	5.46	4.44	5.52	5.10	4.80	5.56	4.57	5.52	4.53	128.6698	2.29
2023-09-25	2.53	94.01	89.68	2.18	2.37	2.26	5.45	4.55	5.54	5.09	4.83	5.58	4.62	5.52	4.61		2.25
2023-09-26	2.55			2.23	2.42	2.30	5.45	4.56	5.54	5.04	4.84	5.58	4.62	5.53	4.62		2.20
2023-09-27	2.51			2.27	2.44	2.33	5.49	4.61	5.54	5.10	4.89	5.58	4.67	5.53	4.69		2.23
2023-09-28																	2.27
