Time Series Search Export,Search term,Search filters,,Last update of Bilateral exchange rates data,Downloaded at,Source,Source URL,Download URL,About Bilateral exchange rates
,,,,2023-09-14,2023-09-15 13:32 CEST,BIS,"https://data.bis.org/topics/XRU/BIS,WS_XRU,1.0/D.XM.EUR.A",https://data.bis.org/export/c1cabd3c1072700678243ef247e80f21,https://data.bis.org/topics/XRU

DATAFLOW_ID,KEY,FREQ,REF_AREA,CURRENCY,COLLECTION,TIME_PERIOD,OBS_VALUE,OBS_PRE_BREAK,OBS_STATUS,OBS_CONF
"BIS,WS_XRU,1.0",D.XM.EUR.A,D,XM,EUR,A,1974-06-28,0.828947,,A,F
"BIS,WS_XRU,1.0",D.XM.EUR.A,D,XM,EUR,A,1974-07-01,0.828322,,A,F
"BIS,WS_XRU,1.0",D.XM.EUR.A,D,XM,EUR,A,1974-07-02,0.828837,,A,F
"BIS,WS_XRU,1.0",D.XM.EUR.A,D,XM,EUR,A,1974-07-03,0.826228,,A,F
"BIS,WS_XRU,1.0",D.XM.EUR.A,D,XM,EUR,A,1974-07-04,0.830006,,A,F
"BIS,WS_XRU,1.0",D.XM.EUR.A,D,XM,EUR,A,1974-07-05,0.828377,,A,F
"BIS,WS_XRU,1.0",D.XM.EUR.A,D,XM,EUR,A,1974-07-08,0.827794,,A,F
"BIS,WS_XRU,1.0",D.XM.EUR.A,D,XM,EUR,A,1974-07-09,0.82991,,A,F
"BIS,WS_XRU,1.0",D.XM.EUR.A,D,XM,EUR,A,1974-07-10,0.830344,,A,F
"BIS,WS_XRU,1.0",D.XM.EUR.A,D,XM,EUR,A,1974-07-11,0.831622,,A,F
"BIS,WS_XRU,1.0",D.XM.EUR.A,D,XM,EUR,A,1974-07-12,0.829428,,A,F
"BIS,WS_XRU,1.0",D.XM.EUR.A,D,XM,EUR,A,1974-07-15,0.828597,,A,F
"BIS,WS_XRU,1.0",D.XM.EUR.A,D,XM,EUR,A,1974-07-16,0.826446,,A,F
"BIS,WS_XRU,1.0",D.XM.EUR.A,D,XM,EUR,A,1974-07-17,0.826071,,A,F
"BIS,WS_XRU,1.0",D.XM.EUR.A,D,XM,EUR,A,1974-07-18,0.826057,,A,F
"BIS,WS_XRU,1.0",D.XM.EUR.A,D,XM,EUR,A,1974-07-19,0.825832,,A,F
"BIS,WS_XRU,1.0",D.XM.EUR.A,D,XM,EUR,A,1974-07-22,0.82558,,A,F
"BIS,WS_XRU,1.0",D.XM.EUR.A,D,XM,EUR,A,1974-07-23,0.824239,,A,F
"BIS,WS_XRU,1.0",D.XM.EUR.A,D,XM,EUR,A,1974-07-24,0.81825,,A,F
"BIS,WS_XRU,1.0",D.XM.EUR.A,D,XM,EUR,A,1974-07-25,0.818565,,A,F
"BIS,WS_XRU,1.0",D.XM.EUR.A,D,XM,EUR,A,1974-07-26,0.822037,,A,F
"BIS,WS_XRU,1.0",D.XM.EUR.A,D,XM,EUR,A,1974-07-29,0.823798,,A,F
"BIS,WS_XRU,1.0",D.XM.EUR.A,D,XM,EUR,A,1974-07-30,0.824878,,A,F
"BIS,WS_XRU,1.0",D.XM.EUR.A,D,XM,EUR,A,1974-07-31,0.829105,,A,F
"BIS,WS_XRU,1.0",D.XM.EUR.A,D,XM,EUR,A,1974-08-01,0.827465,,A,F
"BIS,WS_XRU,1.0",D.XM.EUR.A,D,XM,EUR,A,1974-08-02,0.826945,,A,F
"BIS,WS_XRU,1.0",D.XM.EUR.A,D,XM,EUR,A,1974-08-05,0.826692,,A,F
"BIS,WS_XRU,1.0",D.XM.EUR.A,D,XM,EUR,A,1974-08-06,0.824334,,A,F
"BIS,WS_XRU,1.0",D.XM.EUR.A,D,XM,EUR,A,1974-08-07,0.828301,,A,F
"BIS,WS_XRU,1.0",D.XM.EUR.A,D,XM,EUR,A,1974-08-08,0.834529,,A,F
"BIS,WS_XRU,1.0",D.XM.EUR.A,D,XM,EUR,A,1974-08-09,0.832148,,A,F
"BIS,WS_XRU,1.0",D.XM.EUR.A,D,XM,EUR,A,1974-08-12,0.834474,,A,F
"BIS,WS_XRU,1.0",D.XM.EUR.A,D,XM,EUR,A,1974-08-13,0.838975,,A,F
"BIS,WS_XRU,1.0",D.XM.EUR.A,D,XM,EUR,A,1974-08-14,0.839194,,A,F
"BIS,WS_XRU,1.0",D.XM.EUR.A,D,XM,EUR,A,1974-08-15,0.839194,,A,F
"BIS,WS_XRU,1.0",D.XM.EUR.A,D,XM,EUR,A,1974-08-16,0.842602,,A,F
"BIS,WS_XRU,1.0",D.XM.EUR.A,D,XM,EUR,A,1974-08-19,0.848155,,A,F
"BIS,WS_XRU,1.0",D.XM.EUR.A,D,XM,EUR,A,1974-08-20,0.848702,,A,F
"BIS,WS_XRU,1.0",D.XM.EUR.A,D,XM,EUR,A,1974-08-21,0.843989,,A,F
"BIS,WS_XRU,1.0",D.XM.EUR.A,D,XM,EUR,A,1974-08-22,0.847616,,A,F
"BIS,WS_XRU,1.0",D.XM.EUR.A,D,XM,EUR,A,1974-08-23,0.848385,,A,F
"BIS,WS_XRU,1.0",D.XM.EUR.A,D,XM,EUR,A,1974-08-26,0.845788,,A,F
"BIS,WS_XRU,1.0",D.XM.EUR.A,D,XM,EUR,A,1974-08-27,0.849545,,A,F
"BIS,WS_XRU,1.0",D.XM.EUR.A,D,XM,EUR,A,1974-08-28,0.851782,,A,F
"BIS,WS_XRU,1.0",D.XM.EUR.A,D,XM,EUR,A,1974-08-29,0.84943,,A,F
"BIS,WS_XRU,1.0",D.XM.EUR.A,D,XM,EUR,A,1974-08-30,0.851506,,A,F
"BIS,WS_XRU,1.0",D.XM.EUR.A,D,XM,EUR,A,1974-09-02,0.854241,,A,F
"BIS,WS_XRU,1.0",D.XM.EUR.A,D,XM,EUR,A,1974-09-03,0.851883,,A,F
"BIS,WS_XRU,1.0",D.XM.EUR.A,D,XM,EUR,A,1974-09-04,0.848688,,A,F
"BIS,WS_XRU,1.0",D.XM.EUR.A,D,XM,EUR,A,1974-09-05,0.854526,,A,F
"BIS,WS_XRU,1.0",D.XM.EUR.A,D,XM,EUR,A,1974-09-06,0.853089,,A,F
"BIS,WS_XRU,1.0",D.XM.EUR.A,D,XM,EUR,A,1974-09-09,0.853709,,A,F
"BIS,WS_XRU,1.0",D.XM.EUR.A,D,XM,EUR,A,1974-09-10,0.851491,,A,F
"BIS,WS_XRU,1.0",D.XM.EUR.A,D,XM,EUR,A,1974-09-11,0.852086,,A,F
"BIS,WS_XRU,1.0",D.XM.EUR.A,D,XM,EUR,A,1974-09-12,0.853308,,A,F
"BIS,WS_XRU,1.0",D.XM.EUR.A,D,XM,EUR,A,1974-09-13,0.852762,,A,F
"BIS,WS_XRU,1.0",D.XM.EUR.A,D,XM,EUR,A,1974-09-16,0.852842,,A,F
"BIS,WS_XRU,1.0",D.XM.EUR.A,D,XM,EUR,A,1974-09-17,0.849907,,A,F
"BIS,WS_XRU,1.0",D.XM.EUR.A,D,XM,EUR,A,1974-09-18,0.848997,,A,F
"BIS,WS_XRU,1.0",D.XM.EUR.A,D,XM,EUR,A,1974-09-19,0.849798,,A,F
"BIS,WS_XRU,1.0",D.XM.EUR.A,D,XM,EUR,A,1974-09-20,0.851209,,A,F
"BIS,WS_XRU,1.0",D.XM.EUR.A,D,XM,EUR,A,1974-09-23,0.851172,,A,F
"BIS,WS_XRU,1.0",D.XM.EUR.A,D,XM,EUR,A,1974-09-24,0.848817,,A,F
"BIS,WS_XRU,1.0",D.XM.EUR.A,D,XM,EUR,A,1974-09-25,0.850065,,A,F
"BIS,WS_XRU,1.0",D.XM.EUR.A,D,XM,EUR,A,1974-09-26,0.849279,,A,F
"BIS,WS_XRU,1.0",D.XM.EUR.A,D,XM,EUR,A,1974-09-27,0.848061,,A,F
"BIS,WS_XRU,1.0",D.XM.EUR.A,D,XM,EUR,A,1974-09-30,0.84563,,A,F
"BIS,WS_XRU,1.0",D.XM.EUR.A,D,XM,EUR,A,1974-10-01,0.844851,,A,F
"BIS,WS_XRU,1.0",D.XM.EUR.A,D,XM,EUR,A,1974-10-02,0.846625,,A,F
"BIS,WS_XRU,1.0",D.XM.EUR.A,D,XM,EUR,A,1974-10-03,0.847005,,A,F
"BIS,WS_XRU,1.0",D.XM.EUR.A,D,XM,EUR,A,1974-10-04,0.843192,,A,F
"BIS,WS_XRU,1.0",D.XM.EUR.A,D,XM,EUR,A,1974-10-07,0.841029,,A,F
"BIS,WS_XRU,1.0",D.XM.EUR.A,D,XM,EUR,A,1974-10-08,0.841871,,A,F
"BIS,WS_XRU,1.0",D.XM.EUR.A,D,XM,EUR,A,1974-10-09,0.838392,,A,F
"BIS,WS_XRU,1.0",D.XM.EUR.A,D,XM,EUR,A,1974-10-10,0.839483,,A,F
"BIS,WS_XRU,1.0",D.XM.EUR.A,D,XM,EUR,A,1974-10-11,0.841227,,A,F
"BIS,WS_XRU,1.0",D.XM.EUR.A,D,XM,EUR,A,1974-10-14,0.839948,,A,F
"BIS,WS_XRU,1.0",D.XM.EUR.A,D,XM,EUR,A,1974-10-15,0.839468,,A,F
"BIS,WS_XRU,1.0",D.XM.EUR.A,D,XM,EUR,A,1974-10-16,0.838581,,A,F
"BIS,WS_XRU,1.0",D.XM.EUR.A,D,XM,EUR,A,1974-10-17,0.835904,,A,F
"BIS,WS_XRU,1.0",D.XM.EUR.A,D,XM,EUR,A,1974-10-18,0.836764,,A,F
"BIS,WS_XRU,1.0",D.XM.EUR.A,D,XM,EUR,A,1974-10-21,0.838532,,A,F
"BIS,WS_XRU,1.0",D.XM.EUR.A,D,XM,EUR,A,1974-10-22,0.838012,,A,F
"BIS,WS_XRU,1.0",D.XM.EUR.A,D,XM,EUR,A,1974-10-23,0.835038,,A,F
"BIS,WS_XRU,1.0",D.XM.EUR.A,D,XM,EUR,A,1974-10-24,0.834773,,A,F
"BIS,WS_XRU,1.0",D.XM.EUR.A,D,XM,EUR,A,1974-10-25,0.833389,,A,F
"BIS,WS_XRU,1.0",D.XM.EUR.A,D,XM,EUR,A,1974-10-28,0.834752,,A,F
"BIS,WS_XRU,1.0",D.XM.EUR.A,D,XM,EUR,A,1974-10-29,0.833563,,A,F
"BIS,WS_XRU,1.0",D.XM.EUR.A,D,XM,EUR,A,1974-10-30,0.833757,,A,F
"BIS,WS_XRU,1.0",D.XM.EUR.A,D,XM,EUR,A,1974-10-31,0.834244,,A,F
"BIS,WS_XRU,1.0",D.XM.EUR.A,D,XM,EUR,A,1974-11-01,,,M,F
"BIS,WS_XRU,1.0",D.XM.EUR.A,D,XM,EUR,A,1974-11-04,0.830482,,A,F
"BIS,WS_XRU,1.0",D.XM.EUR.A,D,XM,EUR,A,1974-11-05,0.828631,,A,F
"BIS,WS_XRU,1.0",D.XM.EUR.A,D,XM,EUR,A,1974-11-06,0.828837,,A,F
"BIS,WS_XRU,1.0",D.XM.EUR.A,D,XM,EUR,A,1974-11-07,0.828397,,A,F
"BIS,WS_XRU,1.0",D.XM.EUR.A,D,XM,EUR,A,1974-11-08,0.831421,,A,F
"BIS,WS_XRU,1.0",D.XM.EUR.A,D,XM,EUR,A,1974-11-11,0.831421,,A,F
"BIS,WS_XRU,1.0",D.XM.EUR.A,D,XM,EUR,A,1974-11-12,0.831954,,A,F
"BIS,WS_XRU,1.0",D.XM.EUR.A,D,XM,EUR,A,1974-11-13,0.835227,,A,F
"BIS,WS_XRU,1.0",D.XM.EUR.A,D,XM,EUR,A,1974-11-14,0.830158,,A,F
"BIS,WS_XRU,1.0",D.XM.EUR.A,D,XM,EUR,A,1974-11-15,0.824436,,A,F
"BIS,WS_XRU,1.0",D.XM.EUR.A,D,XM,EUR,A,1974-11-18,0.820526,,A,F
"BIS,WS_XRU,1.0",D.XM.EUR.A,D,XM,EUR,A,1974-11-19,0.819424,,A,F
"BIS,WS_XRU,1.0",D.XM.EUR.A,D,XM,EUR,A,1974-11-20,0.822497,,A,F
"BIS,WS_XRU,1.0",D.XM.EUR.A,D,XM,EUR,A,1974-11-21,0.829181,,A,F
"BIS,WS_XRU,1.0",D.XM.EUR.A,D,XM,EUR,A,1974-11-22,0.821241,,A,F
"BIS,WS_XRU,1.0",D.XM.EUR.A,D,XM,EUR,A,1974-11-25,0.822213,,A,F
"BIS,WS_XRU,1.0",D.XM.EUR.A,D,XM,EUR,A,1974-11-26,0.817815,,A,F
"BIS,WS_XRU,1.0",D.XM.EUR.A,D,XM,EUR,A,1974-11-27,0.818076,,A,F
"BIS,WS_XRU,1.0",D.XM.EUR.A,D,XM,EUR,A,1974-11-28,0.818458,,A,F
"BIS,WS_XRU,1.0",D.XM.EUR.A,D,XM,EUR,A,1974-11-29,0.818538,,A,F
"BIS,WS_XRU,1.0",D.XM.EUR.A,D,XM,EUR,A,1974-12-02,0.822389,,A,F
"BIS,WS_XRU,1.0",D.XM.EUR.A,D,XM,EUR,A,1974-12-03,0.824137,,A,F
"BIS,WS_XRU,1.0",D.XM.EUR.A,D,XM,EUR,A,1974-12-04,0.819108,,A,F
"BIS,WS_XRU,1.0",D.XM.EUR.A,D,XM,EUR,A,1974-12-05,0.819095,,A,F
"BIS,WS_XRU,1.0",D.XM.EUR.A,D,XM,EUR,A,1974-12-06,0.817789,,A,F
"BIS,WS_XRU,1.0",D.XM.EUR.A,D,XM,EUR,A,1974-12-09,0.812816,,A,F
"BIS,WS_XRU,1.0",D.XM.EUR.A,D,XM,EUR,A,1974-12-10,0.81608,,A,F
"BIS,WS_XRU,1.0",D.XM.EUR.A,D,XM,EUR,A,1974-12-11,0.811464,,A,F
"BIS,WS_XRU,1.0",D.XM.EUR.A,D,XM,EUR,A,1974-12-12,0.809225,,A,F
"BIS,WS_XRU,1.0",D.XM.EUR.A,D,XM,EUR,A,1974-12-13,0.81285,,A,F
"BIS,WS_XRU,1.0",D.XM.EUR.A,D,XM,EUR,A,1974-12-16,0.811102,,A,F
"BIS,WS_XRU,1.0",D.XM.EUR.A,D,XM,EUR,A,1974-12-17,0.805581,,A,F
"BIS,WS_XRU,1.0",D.XM.EUR.A,D,XM,EUR,A,1974-12-18,0.803432,,A,F
"BIS,WS_XRU,1.0",D.XM.EUR.A,D,XM,EUR,A,1974-12-19,0.809494,,A,F
"BIS,WS_XRU,1.0",D.XM.EUR.A,D,XM,EUR,A,1974-12-20,0.808257,,A,F
"BIS,WS_XRU,1.0",D.XM.EUR.A,D,XM,EUR,A,1974-12-23,0.80767,,A,F
"BIS,WS_XRU,1.0",D.XM.EUR.A,D,XM,EUR,A,1974-12-24,0.805951,,A,F
"BIS,WS_XRU,1.0",D.XM.EUR.A,D,XM,EUR,A,1974-12-25,,,M,F
"BIS,WS_XRU,1.0",D.XM.EUR.A,D,XM,EUR,A,1974-12-26,0.804124,,A,F
"BIS,WS_XRU,1.0",D.XM.EUR.A,D,XM,EUR,A,1974-12-27,0.801783,,A,F
"BIS,WS_XRU,1.0",D.XM.EUR.A,D,XM,EUR,A,1974-12-30,0.796838,,A,F
"BIS,WS_XRU,1.0",D.XM.EUR.A,D,XM,EUR,A,1974-12-31,0.795323,,A,F
"BIS,WS_XRU,1.0",D.XM.EUR.A,D,XM,EUR,A,1975-01-01,,,M,F
"BIS,WS_XRU,1.0",D.XM.EUR.A,D,XM,EUR,A,1975-01-02,0.800365,,A,F
"BIS,WS_XRU,1.0",D.XM.EUR.A,D,XM,EUR,A,1975-01-03,0.795938,,A,F
"BIS,WS_XRU,1.0",D.XM.EUR.A,D,XM,EUR,A,1975-01-06,0.794275,,A,F
"BIS,WS_XRU,1.0",D.XM.EUR.A,D,XM,EUR,A,1975-01-07,0.789771,,A,F
"BIS,WS_XRU,1.0",D.XM.EUR.A,D,XM,EUR,A,1975-01-08,0.789341,,A,F
"BIS,WS_XRU,1.0",D.XM.EUR.A,D,XM,EUR,A,1975-01-09,0.792996,,A,F
"BIS,WS_XRU,1.0",D.XM.EUR.A,D,XM,EUR,A,1975-01-10,0.790127,,A,F
"BIS,WS_XRU,1.0",D.XM.EUR.A,D,XM,EUR,A,1975-01-13,0.79134,,A,F
"BIS,WS_XRU,1.0",D.XM.EUR.A,D,XM,EUR,A,1975-01-14,0.793941,,A,F
"BIS,WS_XRU,1.0",D.XM.EUR.A,D,XM,EUR,A,1975-01-15,0.795798,,A,F
"BIS,WS_XRU,1.0",D.XM.EUR.A,D,XM,EUR,A,1975-01-16,0.790808,,A,F
"BIS,WS_XRU,1.0",D.XM.EUR.A,D,XM,EUR,A,1975-01-17,0.789827,,A,F
"BIS,WS_XRU,1.0",D.XM.EUR.A,D,XM,EUR,A,1975-01-20,0.789665,,A,F
"BIS,WS_XRU,1.0",D.XM.EUR.A,D,XM,EUR,A,1975-01-21,0.783024,,A,F
"BIS,WS_XRU,1.0",D.XM.EUR.A,D,XM,EUR,A,1975-01-22,0.778386,,A,F
"BIS,WS_XRU,1.0",D.XM.EUR.A,D,XM,EUR,A,1975-01-23,0.774845,,A,F
"BIS,WS_XRU,1.0",D.XM.EUR.A,D,XM,EUR,A,1975-01-24,0.773539,,A,F
"BIS,WS_XRU,1.0",D.XM.EUR.A,D,XM,EUR,A,1975-01-27,0.771337,,A,F
"BIS,WS_XRU,1.0",D.XM.EUR.A,D,XM,EUR,A,1975-01-28,0.768539,,A,F
"BIS,WS_XRU,1.0",D.XM.EUR.A,D,XM,EUR,A,1975-01-29,0.782252,,A,F
"BIS,WS_XRU,1.0",D.XM.EUR.A,D,XM,EUR,A,1975-01-30,0.77594,,A,F
"BIS,WS_XRU,1.0",D.XM.EUR.A,D,XM,EUR,A,1975-01-31,0.77864,,A,F
"BIS,WS_XRU,1.0",D.XM.EUR.A,D,XM,EUR,A,1975-02-03,0.773443,,A,F
"BIS,WS_XRU,1.0",D.XM.EUR.A,D,XM,EUR,A,1975-02-04,0.787457,,A,F
"BIS,WS_XRU,1.0",D.XM.EUR.A,D,XM,EUR,A,1975-02-05,0.788059,,A,F
"BIS,WS_XRU,1.0",D.XM.EUR.A,D,XM,EUR,A,1975-02-06,0.788438,,A,F
"BIS,WS_XRU,1.0",D.XM.EUR.A,D,XM,EUR,A,1975-02-07,0.785157,,A,F
"BIS,WS_XRU,1.0",D.XM.EUR.A,D,XM,EUR,A,1975-02-10,0.781232,,A,F
"BIS,WS_XRU,1.0",D.XM.EUR.A,D,XM,EUR,A,1975-02-11,0.779417,,A,F
"BIS,WS_XRU,1.0",D.XM.EUR.A,D,XM,EUR,A,1975-02-12,0.77983,,A,F
"BIS,WS_XRU,1.0",D.XM.EUR.A,D,XM,EUR,A,1975-02-13,0.775771,,A,F
"BIS,WS_XRU,1.0",D.XM.EUR.A,D,XM,EUR,A,1975-02-14,0.773192,,A,F
"BIS,WS_XRU,1.0",D.XM.EUR.A,D,XM,EUR,A,1975-02-17,0.771813,,A,F
"BIS,WS_XRU,1.0",D.XM.EUR.A,D,XM,EUR,A,1975-02-18,0.773353,,A,F
"BIS,WS_XRU,1.0",D.XM.EUR.A,D,XM,EUR,A,1975-02-19,0.77278,,A,F
"BIS,WS_XRU,1.0",D.XM.EUR.A,D,XM,EUR,A,1975-02-20,0.772756,,A,F
"BIS,WS_XRU,1.0",D.XM.EUR.A,D,XM,EUR,A,1975-02-21,0.769331,,A,F
"BIS,WS_XRU,1.0",D.XM.EUR.A,D,XM,EUR,A,1975-02-24,0.765451,,A,F
"BIS,WS_XRU,1.0",D.XM.EUR.A,D,XM,EUR,A,1975-02-25,0.760711,,A,F
"BIS,WS_XRU,1.0",D.XM.EUR.A,D,XM,EUR,A,1975-02-26,0.761649,,A,F
"BIS,WS_XRU,1.0",D.XM.EUR.A,D,XM,EUR,A,1975-02-27,0.75745,,A,F
"BIS,WS_XRU,1.0",D.XM.EUR.A,D,XM,EUR,A,1975-02-28,0.758622,,A,F
"BIS,WS_XRU,1.0",D.XM.EUR.A,D,XM,EUR,A,1975-03-03,0.755082,,A,F
"BIS,WS_XRU,1.0",D.XM.EUR.A,D,XM,EUR,A,1975-03-04,0.759082,,A,F
"BIS,WS_XRU,1.0",D.XM.EUR.A,D,XM,EUR,A,1975-03-05,0.760908,,A,F
"BIS,WS_XRU,1.0",D.XM.EUR.A,D,XM,EUR,A,1975-03-06,0.758817,,A,F
"BIS,WS_XRU,1.0",D.XM.EUR.A,D,XM,EUR,A,1975-03-07,0.765169,,A,F
"BIS,WS_XRU,1.0",D.XM.EUR.A,D,XM,EUR,A,1975-03-10,0.770945,,A,F
"BIS,WS_XRU,1.0",D.XM.EUR.A,D,XM,EUR,A,1975-03-11,0.765703,,A,F
"BIS,WS_XRU,1.0",D.XM.EUR.A,D,XM,EUR,A,1975-03-12,0.763382,,A,F
"BIS,WS_XRU,1.0",D.XM.EUR.A,D,XM,EUR,A,1975-03-13,0.766759,,A,F
"BIS,WS_XRU,1.0",D.XM.EUR.A,D,XM,EUR,A,1975-03-14,0.766336,,A,F
"BIS,WS_XRU,1.0",D.XM.EUR.A,D,XM,EUR,A,1975-03-17,0.764883,,A,F
"BIS,WS_XRU,1.0",D.XM.EUR.A,D,XM,EUR,A,1975-03-18,0.763009,,A,F
"BIS,WS_XRU,1.0",D.XM.EUR.A,D,XM,EUR,A,1975-03-19,0.761122,,A,F
"BIS,WS_XRU,1.0",D.XM.EUR.A,D,XM,EUR,A,1975-03-20,0.763009,,A,F
"BIS,WS_XRU,1.0",D.XM.EUR.A,D,XM,EUR,A,1975-03-21,0.763989,,A,F
"BIS,WS_XRU,1.0",D.XM.EUR.A,D,XM,EUR,A,1975-03-24,0.767195,,A,F
"BIS,WS_XRU,1.0",D.XM.EUR.A,D,XM,EUR,A,1975-03-25,0.767955,,A,F
"BIS,WS_XRU,1.0",D.XM.EUR.A,D,XM,EUR,A,1975-03-26,0.767943,,A,F
"BIS,WS_XRU,1.0",D.XM.EUR.A,D,XM,EUR,A,1975-03-27,0.769586,,A,F
"BIS,WS_XRU,1.0",D.XM.EUR.A,D,XM,EUR,A,1975-03-28,,,M,F
"BIS,WS_XRU,1.0",D.XM.EUR.A,D,XM,EUR,A,1975-03-31,,,M,F
"BIS,WS_XRU,1.0",D.XM.EUR.A,D,XM,EUR,A,1975-04-01,0.770048,,A,F
"BIS,WS_XRU,1.0",D.XM.EUR.A,D,XM,EUR,A,1975-04-02,0.766848,,A,F
"BIS,WS_XRU,1.0",D.XM.EUR.A,D,XM,EUR,A,1975-04-03,0.771343,,A,F
"BIS,WS_XRU,1.0",D.XM.EUR.A,D,XM,EUR,A,1975-04-04,0.775098,,A,F
"BIS,WS_XRU,1.0",D.XM.EUR.A,D,XM,EUR,A,1975-04-07,0.775362,,A,F
"BIS,WS_XRU,1.0",D.XM.EUR.A,D,XM,EUR,A,1975-04-08,0.776024,,A,F
"BIS,WS_XRU,1.0",D.XM.EUR.A,D,XM,EUR,A,1975-04-09,0.774425,,A,F
"BIS,WS_XRU,1.0",D.XM.EUR.A,D,XM,EUR,A,1975-04-10,0.778798,,A,F
"BIS,WS_XRU,1.0",D.XM.EUR.A,D,XM,EUR,A,1975-04-11,0.779053,,A,F
"BIS,WS_XRU,1.0",D.XM.EUR.A,D,XM,EUR,A,1975-04-14,0.782436,,A,F
"BIS,WS_XRU,1.0",D.XM.EUR.A,D,XM,EUR,A,1975-04-15,0.780829,,A,F
"BIS,WS_XRU,1.0",D.XM.EUR.A,D,XM,EUR,A,1975-04-16,0.779205,,A,F
"BIS,WS_XRU,1.0",D.XM.EUR.A,D,XM,EUR,A,1975-04-17,0.778695,,A,F
"BIS,WS_XRU,1.0",D.XM.EUR.A,D,XM,EUR,A,1975-04-18,0.776422,,A,F
"BIS,WS_XRU,1.0",D.XM.EUR.A,D,XM,EUR,A,1975-04-21,0.778489,,A,F
"BIS,WS_XRU,1.0",D.XM.EUR.A,D,XM,EUR,A,1975-04-22,0.778131,,A,F
"BIS,WS_XRU,1.0",D.XM.EUR.A,D,XM,EUR,A,1975-04-23,0.774821,,A,F
"BIS,WS_XRU,1.0",D.XM.EUR.A,D,XM,EUR,A,1975-04-24,0.7733,,A,F
"BIS,WS_XRU,1.0",D.XM.EUR.A,D,XM,EUR,A,1975-04-25,0.776265,,A,F
"BIS,WS_XRU,1.0",D.XM.EUR.A,D,XM,EUR,A,1975-04-28,0.779976,,A,F
"BIS,WS_XRU,1.0",D.XM.EUR.A,D,XM,EUR,A,1975-04-29,0.777007,,A,F
"BIS,WS_XRU,1.0",D.XM.EUR.A,D,XM,EUR,A,1975-04-30,0.775278,,A,F
"BIS,WS_XRU,1.0",D.XM.EUR.A,D,XM,EUR,A,1975-05-01,,,M,F
"BIS,WS_XRU,1.0",D.XM.EUR.A,D,XM,EUR,A,1975-05-02,0.776663,,A,F
"BIS,WS_XRU,1.0",D.XM.EUR.A,D,XM,EUR,A,1975-05-05,0.774377,,A,F
"BIS,WS_XRU,1.0",D.XM.EUR.A,D,XM,EUR,A,1975-05-06,0.772744,,A,F
"BIS,WS_XRU,1.0",D.XM.EUR.A,D,XM,EUR,A,1975-05-07,0.771456,,A,F
"BIS,WS_XRU,1.0",D.XM.EUR.A,D,XM,EUR,A,1975-05-08,,,M,F
"BIS,WS_XRU,1.0",D.XM.EUR.A,D,XM,EUR,A,1975-05-09,0.770096,,A,F
"BIS,WS_XRU,1.0",D.XM.EUR.A,D,XM,EUR,A,1975-05-12,0.772374,,A,F
"BIS,WS_XRU,1.0",D.XM.EUR.A,D,XM,EUR,A,1975-05-13,0.766272,,A,F
"BIS,WS_XRU,1.0",D.XM.EUR.A,D,XM,EUR,A,1975-05-14,0.765497,,A,F
"BIS,WS_XRU,1.0",D.XM.EUR.A,D,XM,EUR,A,1975-05-15,0.770173,,A,F
"BIS,WS_XRU,1.0",D.XM.EUR.A,D,XM,EUR,A,1975-05-16,0.769693,,A,F
"BIS,WS_XRU,1.0",D.XM.EUR.A,D,XM,EUR,A,1975-05-19,,,M,F
"BIS,WS_XRU,1.0",D.XM.EUR.A,D,XM,EUR,A,1975-05-20,0.768988,,A,F
"BIS,WS_XRU,1.0",D.XM.EUR.A,D,XM,EUR,A,1975-05-21,0.766401,,A,F
"BIS,WS_XRU,1.0",D.XM.EUR.A,D,XM,EUR,A,1975-05-22,0.763662,,A,F
"BIS,WS_XRU,1.0",D.XM.EUR.A,D,XM,EUR,A,1975-05-23,0.762992,,A,F
"BIS,WS_XRU,1.0",D.XM.EUR.A,D,XM,EUR,A,1975-05-26,0.759382,,A,F
"BIS,WS_XRU,1.0",D.XM.EUR.A,D,XM,EUR,A,1975-05-27,0.762899,,A,F
"BIS,WS_XRU,1.0",D.XM.EUR.A,D,XM,EUR,A,1975-05-28,0.762259,,A,F
"BIS,WS_XRU,1.0",D.XM.EUR.A,D,XM,EUR,A,1975-05-29,0.76344,,A,F
"BIS,WS_XRU,1.0",D.XM.EUR.A,D,XM,EUR,A,1975-05-30,0.768971,,A,F
"BIS,WS_XRU,1.0",D.XM.EUR.A,D,XM,EUR,A,1975-06-02,0.76736,,A,F
"BIS,WS_XRU,1.0",D.XM.EUR.A,D,XM,EUR,A,1975-06-03,0.764024,,A,F
"BIS,WS_XRU,1.0",D.XM.EUR.A,D,XM,EUR,A,1975-06-04,0.763989,,A,F
"BIS,WS_XRU,1.0",D.XM.EUR.A,D,XM,EUR,A,1975-06-05,0.765427,,A,F
"BIS,WS_XRU,1.0",D.XM.EUR.A,D,XM,EUR,A,1975-06-06,0.765041,,A,F
"BIS,WS_XRU,1.0",D.XM.EUR.A,D,XM,EUR,A,1975-06-09,0.768427,,A,F
"BIS,WS_XRU,1.0",D.XM.EUR.A,D,XM,EUR,A,1975-06-10,0.766325,,A,F
"BIS,WS_XRU,1.0",D.XM.EUR.A,D,XM,EUR,A,1975-06-11,0.765808,,A,F
"BIS,WS_XRU,1.0",D.XM.EUR.A,D,XM,EUR,A,1975-06-12,0.766084,,A,F
"BIS,WS_XRU,1.0",D.XM.EUR.A,D,XM,EUR,A,1975-06-13,0.765937,,A,F
"BIS,WS_XRU,1.0",D.XM.EUR.A,D,XM,EUR,A,1975-06-16,0.765398,,A,F
"BIS,WS_XRU,1.0",D.XM.EUR.A,D,XM,EUR,A,1975-06-17,0.765468,,A,F
"BIS,WS_XRU,1.0",D.XM.EUR.A,D,XM,EUR,A,1975-06-18,0.766724,,A,F
"BIS,WS_XRU,1.0",D.XM.EUR.A,D,XM,EUR,A,1975-06-19,0.767713,,A,F
"BIS,WS_XRU,1.0",D.XM.EUR.A,D,XM,EUR,A,1975-06-20,0.767654,,A,F
"BIS,WS_XRU,1.0",D.XM.EUR.A,D,XM,EUR,A,1975-06-23,0.768917,,A,F
"BIS,WS_XRU,1.0",D.XM.EUR.A,D,XM,EUR,A,1975-06-24,0.770861,,A,F
"BIS,WS_XRU,1.0",D.XM.EUR.A,D,XM,EUR,A,1975-06-25,0.768905,,A,F
"BIS,WS_XRU,1.0",D.XM.EUR.A,D,XM,EUR,A,1975-06-26,0.771778,,A,F
"BIS,WS_XRU,1.0",D.XM.EUR.A,D,XM,EUR,A,1975-06-27,0.773832,,A,F
"BIS,WS_XRU,1.0",D.XM.EUR.A,D,XM,EUR,A,1975-06-30,0.77861,,A,F
"BIS,WS_XRU,1.0",D.XM.EUR.A,D,XM,EUR,A,1975-07-01,0.780433,,A,F
"BIS,WS_XRU,1.0",D.XM.EUR.A,D,XM,EUR,A,1975-07-02,0.784406,,A,F
"BIS,WS_XRU,1.0",D.XM.EUR.A,D,XM,EUR,A,1975-07-03,0.78837,,A,F
"BIS,WS_XRU,1.0",D.XM.EUR.A,D,XM,EUR,A,1975-07-04,0.788457,,A,F
"BIS,WS_XRU,1.0",D.XM.EUR.A,D,XM,EUR,A,1975-07-07,0.792801,,A,F
"BIS,WS_XRU,1.0",D.XM.EUR.A,D,XM,EUR,A,1975-07-08,0.789995,,A,F
"BIS,WS_XRU,1.0",D.XM.EUR.A,D,XM,EUR,A,1975-07-09,0.788476,,A,F
"BIS,WS_XRU,1.0",D.XM.EUR.A,D,XM,EUR,A,1975-07-10,0.794729,,A,F
"BIS,WS_XRU,1.0",D.XM.EUR.A,D,XM,EUR,A,1975-07-11,0.7968,,A,F
"BIS,WS_XRU,1.0",D.XM.EUR.A,D,XM,EUR,A,1975-07-14,0.801333,,A,F
"BIS,WS_XRU,1.0",D.XM.EUR.A,D,XM,EUR,A,1975-07-15,0.800685,,A,F
"BIS,WS_XRU,1.0",D.XM.EUR.A,D,XM,EUR,A,1975-07-16,0.80863,,A,F
"BIS,WS_XRU,1.0",D.XM.EUR.A,D,XM,EUR,A,1975-07-17,0.807794,,A,F
"BIS,WS_XRU,1.0",D.XM.EUR.A,D,XM,EUR,A,1975-07-18,0.813968,,A,F
"BIS,WS_XRU,1.0",D.XM.EUR.A,D,XM,EUR,A,1975-07-21,0.817969,,A,F
"BIS,WS_XRU,1.0",D.XM.EUR.A,D,XM,EUR,A,1975-07-22,0.814127,,A,F
"BIS,WS_XRU,1.0",D.XM.EUR.A,D,XM,EUR,A,1975-07-23,0.823676,,A,F
"BIS,WS_XRU,1.0",D.XM.EUR.A,D,XM,EUR,A,1975-07-24,0.821902,,A,F
"BIS,WS_XRU,1.0",D.XM.EUR.A,D,XM,EUR,A,1975-07-25,0.820526,,A,F
"BIS,WS_XRU,1.0",D.XM.EUR.A,D,XM,EUR,A,1975-07-28,0.822856,,A,F
"BIS,WS_XRU,1.0",D.XM.EUR.A,D,XM,EUR,A,1975-07-29,0.830572,,A,F
"BIS,WS_XRU,1.0",D.XM.EUR.A,D,XM,EUR,A,1975-07-30,0.831076,,A,F
"BIS,WS_XRU,1.0",D.XM.EUR.A,D,XM,EUR,A,1975-07-31,0.835268,,A,F
"BIS,WS_XRU,1.0",D.XM.EUR.A,D,XM,EUR,A,1975-08-01,0.834599,,A,F
"BIS,WS_XRU,1.0",D.XM.EUR.A,D,XM,EUR,A,1975-08-04,0.83626,,A,F
"BIS,WS_XRU,1.0",D.XM.EUR.A,D,XM,EUR,A,1975-08-05,0.831933,,A,F
"BIS,WS_XRU,1.0",D.XM.EUR.A,D,XM,EUR,A,1975-08-06,0.83325,,A,F
"BIS,WS_XRU,1.0",D.XM.EUR.A,D,XM,EUR,A,1975-08-07,0.838427,,A,F
"BIS,WS_XRU,1.0",D.XM.EUR.A,D,XM,EUR,A,1975-08-08,0.839194,,A,F
"BIS,WS_XRU,1.0",D.XM.EUR.A,D,XM,EUR,A,1975-08-11,0.841517,,A,F
"BIS,WS_XRU,1.0",D.XM.EUR.A,D,XM,EUR,A,1975-08-12,0.839335,,A,F
"BIS,WS_XRU,1.0",D.XM.EUR.A,D,XM,EUR,A,1975-08-13,0.840725,,A,F
"BIS,WS_XRU,1.0",D.XM.EUR.A,D,XM,EUR,A,1975-08-14,0.838237,,A,F
"BIS,WS_XRU,1.0",D.XM.EUR.A,D,XM,EUR,A,1975-08-15,,,M,F
"BIS,WS_XRU,1.0",D.XM.EUR.A,D,XM,EUR,A,1975-08-18,0.836855,,A,F
"BIS,WS_XRU,1.0",D.XM.EUR.A,D,XM,EUR,A,1975-08-19,0.835317,,A,F
"BIS,WS_XRU,1.0",D.XM.EUR.A,D,XM,EUR,A,1975-08-20,0.830579,,A,F
"BIS,WS_XRU,1.0",D.XM.EUR.A,D,XM,EUR,A,1975-08-21,0.835862,,A,F
"BIS,WS_XRU,1.0",D.XM.EUR.A,D,XM,EUR,A,1975-08-22,0.834321,,A,F
"BIS,WS_XRU,1.0",D.XM.EUR.A,D,XM,EUR,A,1975-08-25,0.838195,,A,F
"BIS,WS_XRU,1.0",D.XM.EUR.A,D,XM,EUR,A,1975-08-26,0.839624,,A,F
"BIS,WS_XRU,1.0",D.XM.EUR.A,D,XM,EUR,A,1975-08-27,0.837493,,A,F
"BIS,WS_XRU,1.0",D.XM.EUR.A,D,XM,EUR,A,1975-08-28,0.837928,,A,F
"BIS,WS_XRU,1.0",D.XM.EUR.A,D,XM,EUR,A,1975-08-29,0.839736,,A,F
"BIS,WS_XRU,1.0",D.XM.EUR.A,D,XM,EUR,A,1975-09-01,0.840654,,A,F
"BIS,WS_XRU,1.0",D.XM.EUR.A,D,XM,EUR,A,1975-09-02,0.841595,,A,F
"BIS,WS_XRU,1.0",D.XM.EUR.A,D,XM,EUR,A,1975-09-03,0.837346,,A,F
"BIS,WS_XRU,1.0",D.XM.EUR.A,D,XM,EUR,A,1975-09-04,0.838884,,A,F
"BIS,WS_XRU,1.0",D.XM.EUR.A,D,XM,EUR,A,1975-09-05,0.839553,,A,F
"BIS,WS_XRU,1.0",D.XM.EUR.A,D,XM,EUR,A,1975-09-08,0.840244,,A,F
"BIS,WS_XRU,1.0",D.XM.EUR.A,D,XM,EUR,A,1975-09-09,0.838807,,A,F
"BIS,WS_XRU,1.0",D.XM.EUR.A,D,XM,EUR,A,1975-09-10,0.840061,,A,F
"BIS,WS_XRU,1.0",D.XM.EUR.A,D,XM,EUR,A,1975-09-11,0.841786,,A,F
"BIS,WS_XRU,1.0",D.XM.EUR.A,D,XM,EUR,A,1975-09-12,0.843377,,A,F
"BIS,WS_XRU,1.0",D.XM.EUR.A,D,XM,EUR,A,1975-09-15,0.84523,,A,F
"BIS,WS_XRU,1.0",D.XM.EUR.A,D,XM,EUR,A,1975-09-16,0.847099,,A,F
"BIS,WS_XRU,1.0",D.XM.EUR.A,D,XM,EUR,A,1975-09-17,0.852617,,A,F
"BIS,WS_XRU,1.0",D.XM.EUR.A,D,XM,EUR,A,1975-09-18,0.855556,,A,F
"BIS,WS_XRU,1.0",D.XM.EUR.A,D,XM,EUR,A,1975-09-19,0.857471,,A,F
"BIS,WS_XRU,1.0",D.XM.EUR.A,D,XM,EUR,A,1975-09-22,0.861519,,A,F
"BIS,WS_XRU,1.0",D.XM.EUR.A,D,XM,EUR,A,1975-09-23,0.873218,,A,F
"BIS,WS_XRU,1.0",D.XM.EUR.A,D,XM,EUR,A,1975-09-24,0.867739,,A,F
"BIS,WS_XRU,1.0",D.XM.EUR.A,D,XM,EUR,A,1975-09-25,0.867438,,A,F
"BIS,WS_XRU,1.0",D.XM.EUR.A,D,XM,EUR,A,1975-09-26,0.866341,,A,F
"BIS,WS_XRU,1.0",D.XM.EUR.A,D,XM,EUR,A,1975-09-29,0.870428,,A,F
"BIS,WS_XRU,1.0",D.XM.EUR.A,D,XM,EUR,A,1975-09-30,0.866168,,A,F
"BIS,WS_XRU,1.0",D.XM.EUR.A,D,XM,EUR,A,1975-10-01,0.859461,,A,F
"BIS,WS_XRU,1.0",D.XM.EUR.A,D,XM,EUR,A,1975-10-02,0.856553,,A,F
"BIS,WS_XRU,1.0",D.XM.EUR.A,D,XM,EUR,A,1975-10-03,0.860815,,A,F
"BIS,WS_XRU,1.0",D.XM.EUR.A,D,XM,EUR,A,1975-10-06,0.859077,,A,F
"BIS,WS_XRU,1.0",D.XM.EUR.A,D,XM,EUR,A,1975-10-07,0.850897,,A,F
"BIS,WS_XRU,1.0",D.XM.EUR.A,D,XM,EUR,A,1975-10-08,0.852682,,A,F
"BIS,WS_XRU,1.0",D.XM.EUR.A,D,XM,EUR,A,1975-10-09,0.853424,,A,F
"BIS,WS_XRU,1.0",D.XM.EUR.A,D,XM,EUR,A,1975-10-10,0.84684,,A,F
"BIS,WS_XRU,1.0",D.XM.EUR.A,D,XM,EUR,A,1975-10-13,0.843284,,A,F
"BIS,WS_XRU,1.0",D.XM.EUR.A,D,XM,EUR,A,1975-10-14,0.84917,,A,F
"BIS,WS_XRU,1.0",D.XM.EUR.A,D,XM,EUR,A,1975-10-15,0.847371,,A,F
"BIS,WS_XRU,1.0",D.XM.EUR.A,D,XM,EUR,A,1975-10-16,0.844894,,A,F
"BIS,WS_XRU,1.0",D.XM.EUR.A,D,XM,EUR,A,1975-10-17,0.841999,,A,F
"BIS,WS_XRU,1.0",D.XM.EUR.A,D,XM,EUR,A,1975-10-20,0.839271,,A,F
"BIS,WS_XRU,1.0",D.XM.EUR.A,D,XM,EUR,A,1975-10-21,0.843754,,A,F
"BIS,WS_XRU,1.0",D.XM.EUR.A,D,XM,EUR,A,1975-10-22,0.837865,,A,F
"BIS,WS_XRU,1.0",D.XM.EUR.A,D,XM,EUR,A,1975-10-23,0.838026,,A,F
"BIS,WS_XRU,1.0",D.XM.EUR.A,D,XM,EUR,A,1975-10-24,0.838912,,A,F
"BIS,WS_XRU,1.0",D.XM.EUR.A,D,XM,EUR,A,1975-10-27,0.838104,,A,F
"BIS,WS_XRU,1.0",D.XM.EUR.A,D,XM,EUR,A,1975-10-28,0.842772,,A,F
"BIS,WS_XRU,1.0",D.XM.EUR.A,D,XM,EUR,A,1975-10-29,0.843647,,A,F
"BIS,WS_XRU,1.0",D.XM.EUR.A,D,XM,EUR,A,1975-10-30,0.837759,,A,F
"BIS,WS_XRU,1.0",D.XM.EUR.A,D,XM,EUR,A,1975-10-31,0.836778,,A,F
"BIS,WS_XRU,1.0",D.XM.EUR.A,D,XM,EUR,A,1975-11-03,0.836785,,A,F
"BIS,WS_XRU,1.0",D.XM.EUR.A,D,XM,EUR,A,1975-11-04,0.83944,,A,F
"BIS,WS_XRU,1.0",D.XM.EUR.A,D,XM,EUR,A,1975-11-05,0.840887,,A,F
"BIS,WS_XRU,1.0",D.XM.EUR.A,D,XM,EUR,A,1975-11-06,0.842971,,A,F
"BIS,WS_XRU,1.0",D.XM.EUR.A,D,XM,EUR,A,1975-11-07,0.839786,,A,F
"BIS,WS_XRU,1.0",D.XM.EUR.A,D,XM,EUR,A,1975-11-10,0.840887,,A,F
"BIS,WS_XRU,1.0",D.XM.EUR.A,D,XM,EUR,A,1975-11-11,0.841538,,A,F
"BIS,WS_XRU,1.0",D.XM.EUR.A,D,XM,EUR,A,1975-11-12,0.842929,,A,F
"BIS,WS_XRU,1.0",D.XM.EUR.A,D,XM,EUR,A,1975-11-13,0.840626,,A,F
"BIS,WS_XRU,1.0",D.XM.EUR.A,D,XM,EUR,A,1975-11-14,0.848565,,A,F
"BIS,WS_XRU,1.0",D.XM.EUR.A,D,XM,EUR,A,1975-11-17,0.851477,,A,F
"BIS,WS_XRU,1.0",D.XM.EUR.A,D,XM,EUR,A,1975-11-18,0.853111,,A,F
"BIS,WS_XRU,1.0",D.XM.EUR.A,D,XM,EUR,A,1975-11-19,0.852588,,A,F
"BIS,WS_XRU,1.0",D.XM.EUR.A,D,XM,EUR,A,1975-11-20,0.849798,,A,F
"BIS,WS_XRU,1.0",D.XM.EUR.A,D,XM,EUR,A,1975-11-21,0.849928,,A,F
"BIS,WS_XRU,1.0",D.XM.EUR.A,D,XM,EUR,A,1975-11-24,0.852275,,A,F
"BIS,WS_XRU,1.0",D.XM.EUR.A,D,XM,EUR,A,1975-11-25,0.851528,,A,F
"BIS,WS_XRU,1.0",D.XM.EUR.A,D,XM,EUR,A,1975-11-26,0.854226,,A,F
"BIS,WS_XRU,1.0",D.XM.EUR.A,D,XM,EUR,A,1975-11-27,0.855608,,A,F
"BIS,WS_XRU,1.0",D.XM.EUR.A,D,XM,EUR,A,1975-11-28,0.859321,,A,F
"BIS,WS_XRU,1.0",D.XM.EUR.A,D,XM,EUR,A,1975-12-01,0.859166,,A,F
"BIS,WS_XRU,1.0",D.XM.EUR.A,D,XM,EUR,A,1975-12-02,0.856458,,A,F
"BIS,WS_XRU,1.0",D.XM.EUR.A,D,XM,EUR,A,1975-12-03,0.855234,,A,F
"BIS,WS_XRU,1.0",D.XM.EUR.A,D,XM,EUR,A,1975-12-04,0.855132,,A,F
"BIS,WS_XRU,1.0",D.XM.EUR.A,D,XM,EUR,A,1975-12-05,0.856399,,A,F
"BIS,WS_XRU,1.0",D.XM.EUR.A,D,XM,EUR,A,1975-12-08,0.856773,,A,F
"BIS,WS_XRU,1.0",D.XM.EUR.A,D,XM,EUR,A,1975-12-09,0.857736,,A,F
"BIS,WS_XRU,1.0",D.XM.EUR.A,D,XM,EUR,A,1975-12-10,0.858723,,A,F
"BIS,WS_XRU,1.0",D.XM.EUR.A,D,XM,EUR,A,1975-12-11,0.857905,,A,F
"BIS,WS_XRU,1.0",D.XM.EUR.A,D,XM,EUR,A,1975-12-12,0.85972,,A,F
"BIS,WS_XRU,1.0",D.XM.EUR.A,D,XM,EUR,A,1975-12-15,0.861319,,A,F
"BIS,WS_XRU,1.0",D.XM.EUR.A,D,XM,EUR,A,1975-12-16,0.861497,,A,F
"BIS,WS_XRU,1.0",D.XM.EUR.A,D,XM,EUR,A,1975-12-17,0.860119,,A,F
"BIS,WS_XRU,1.0",D.XM.EUR.A,D,XM,EUR,A,1975-12-18,0.857236,,A,F
"BIS,WS_XRU,1.0",D.XM.EUR.A,D,XM,EUR,A,1975-12-19,0.858318,,A,F
"BIS,WS_XRU,1.0",D.XM.EUR.A,D,XM,EUR,A,1975-12-22,0.85637,,A,F
"BIS,WS_XRU,1.0",D.XM.EUR.A,D,XM,EUR,A,1975-12-23,0.856216,,A,F
"BIS,WS_XRU,1.0",D.XM.EUR.A,D,XM,EUR,A,1975-12-24,0.855169,,A,F
"BIS,WS_XRU,1.0",D.XM.EUR.A,D,XM,EUR,A,1975-12-25,,,M,F
"BIS,WS_XRU,1.0",D.XM.EUR.A,D,XM,EUR,A,1975-12-26,,,M,F
"BIS,WS_XRU,1.0",D.XM.EUR.A,D,XM,EUR,A,1975-12-29,0.857979,,A,F
"BIS,WS_XRU,1.0",D.XM.EUR.A,D,XM,EUR,A,1975-12-30,0.86006,,A,F
"BIS,WS_XRU,1.0",D.XM.EUR.A,D,XM,EUR,A,1975-12-31,0.858163,,A,F
"BIS,WS_XRU,1.0",D.XM.EUR.A,D,XM,EUR,A,1976-01-01,,,M,F
"BIS,WS_XRU,1.0",D.XM.EUR.A,D,XM,EUR,A,1976-01-02,0.858811,,A,F
"BIS,WS_XRU,1.0",D.XM.EUR.A,D,XM,EUR,A,1976-01-05,0.856062,,A,F
"BIS,WS_XRU,1.0",D.XM.EUR.A,D,XM,EUR,A,1976-01-06,0.853301,,A,F
"BIS,WS_XRU,1.0",D.XM.EUR.A,D,XM,EUR,A,1976-01-07,0.852748,,A,F
"BIS,WS_XRU,1.0",D.XM.EUR.A,D,XM,EUR,A,1976-01-08,0.852021,,A,F
"BIS,WS_XRU,1.0",D.XM.EUR.A,D,XM,EUR,A,1976-01-09,0.854613,,A,F
"BIS,WS_XRU,1.0",D.XM.EUR.A,D,XM,EUR,A,1976-01-12,0.853009,,A,F
"BIS,WS_XRU,1.0",D.XM.EUR.A,D,XM,EUR,A,1976-01-13,0.857001,,A,F
"BIS,WS_XRU,1.0",D.XM.EUR.A,D,XM,EUR,A,1976-01-14,0.856054,,A,F
"BIS,WS_XRU,1.0",D.XM.EUR.A,D,XM,EUR,A,1976-01-15,0.854657,,A,F
"BIS,WS_XRU,1.0",D.XM.EUR.A,D,XM,EUR,A,1976-01-16,0.856025,,A,F
"BIS,WS_XRU,1.0",D.XM.EUR.A,D,XM,EUR,A,1976-01-19,0.855674,,A,F
"BIS,WS_XRU,1.0",D.XM.EUR.A,D,XM,EUR,A,1976-01-20,0.856458,,A,F
"BIS,WS_XRU,1.0",D.XM.EUR.A,D,XM,EUR,A,1976-01-21,0.860882,,A,F
"BIS,WS_XRU,1.0",D.XM.EUR.A,D,XM,EUR,A,1976-01-22,0.868689,,A,F
"BIS,WS_XRU,1.0",D.XM.EUR.A,D,XM,EUR,A,1976-01-23,0.865681,,A,F
"BIS,WS_XRU,1.0",D.XM.EUR.A,D,XM,EUR,A,1976-01-26,0.863938,,A,F
"BIS,WS_XRU,1.0",D.XM.EUR.A,D,XM,EUR,A,1976-01-27,0.863722,,A,F
"BIS,WS_XRU,1.0",D.XM.EUR.A,D,XM,EUR,A,1976-01-28,0.863178,,A,F
"BIS,WS_XRU,1.0",D.XM.EUR.A,D,XM,EUR,A,1976-01-29,0.865434,,A,F
"BIS,WS_XRU,1.0",D.XM.EUR.A,D,XM,EUR,A,1976-01-30,0.865366,,A,F
"BIS,WS_XRU,1.0",D.XM.EUR.A,D,XM,EUR,A,1976-02-02,0.865456,,A,F
"BIS,WS_XRU,1.0",D.XM.EUR.A,D,XM,EUR,A,1976-02-03,0.864282,,A,F
"BIS,WS_XRU,1.0",D.XM.EUR.A,D,XM,EUR,A,1976-02-04,0.863036,,A,F
"BIS,WS_XRU,1.0",D.XM.EUR.A,D,XM,EUR,A,1976-02-05,0.861074,,A,F
"BIS,WS_XRU,1.0",D.XM.EUR.A,D,XM,EUR,A,1976-02-06,0.862619,,A,F
"BIS,WS_XRU,1.0",D.XM.EUR.A,D,XM,EUR,A,1976-02-09,0.860585,,A,F
"BIS,WS_XRU,1.0",D.XM.EUR.A,D,XM,EUR,A,1976-02-10,0.862805,,A,F
"BIS,WS_XRU,1.0",D.XM.EUR.A,D,XM,EUR,A,1976-02-11,0.859949,,A,F
"BIS,WS_XRU,1.0",D.XM.EUR.A,D,XM,EUR,A,1976-02-12,0.860593,,A,F
"BIS,WS_XRU,1.0",D.XM.EUR.A,D,XM,EUR,A,1976-02-13,0.861549,,A,F
"BIS,WS_XRU,1.0",D.XM.EUR.A,D,XM,EUR,A,1976-02-16,0.861868,,A,F
"BIS,WS_XRU,1.0",D.XM.EUR.A,D,XM,EUR,A,1976-02-17,0.865718,,A,F
"BIS,WS_XRU,1.0",D.XM.EUR.A,D,XM,EUR,A,1976-02-18,0.863416,,A,F
"BIS,WS_XRU,1.0",D.XM.EUR.A,D,XM,EUR,A,1976-02-19,0.86282,,A,F
"BIS,WS_XRU,1.0",D.XM.EUR.A,D,XM,EUR,A,1976-02-20,0.864678,,A,F
"BIS,WS_XRU,1.0",D.XM.EUR.A,D,XM,EUR,A,1976-02-23,0.866589,,A,F
"BIS,WS_XRU,1.0",D.XM.EUR.A,D,XM,EUR,A,1976-02-24,0.868259,,A,F
"BIS,WS_XRU,1.0",D.XM.EUR.A,D,XM,EUR,A,1976-02-25,0.866236,,A,F
"BIS,WS_XRU,1.0",D.XM.EUR.A,D,XM,EUR,A,1976-02-26,0.865539,,A,F
"BIS,WS_XRU,1.0",D.XM.EUR.A,D,XM,EUR,A,1976-02-27,0.865591,,A,F
"BIS,WS_XRU,1.0",D.XM.EUR.A,D,XM,EUR,A,1976-03-01,0.866356,,A,F
"BIS,WS_XRU,1.0",D.XM.EUR.A,D,XM,EUR,A,1976-03-02,0.870034,,A,F
"BIS,WS_XRU,1.0",D.XM.EUR.A,D,XM,EUR,A,1976-03-03,0.870042,,A,F
"BIS,WS_XRU,1.0",D.XM.EUR.A,D,XM,EUR,A,1976-03-04,0.871604,,A,F
"BIS,WS_XRU,1.0",D.XM.EUR.A,D,XM,EUR,A,1976-03-05,0.875879,,A,F
"BIS,WS_XRU,1.0",D.XM.EUR.A,D,XM,EUR,A,1976-03-08,0.877308,,A,F
"BIS,WS_XRU,1.0",D.XM.EUR.A,D,XM,EUR,A,1976-03-09,0.879167,,A,F
"BIS,WS_XRU,1.0",D.XM.EUR.A,D,XM,EUR,A,1976-03-10,0.87943,,A,F
"BIS,WS_XRU,1.0",D.XM.EUR.A,D,XM,EUR,A,1976-03-11,0.88523,,A,F
"BIS,WS_XRU,1.0",D.XM.EUR.A,D,XM,EUR,A,1976-03-12,0.883658,,A,F
"BIS,WS_XRU,1.0",D.XM.EUR.A,D,XM,EUR,A,1976-03-15,0.892108,,A,F
"BIS,WS_XRU,1.0",D.XM.EUR.A,D,XM,EUR,A,1976-03-16,0.896033,,A,F
"BIS,WS_XRU,1.0",D.XM.EUR.A,D,XM,EUR,A,1976-03-17,0.898836,,A,F
"BIS,WS_XRU,1.0",D.XM.EUR.A,D,XM,EUR,A,1976-03-18,0.892674,,A,F
"BIS,WS_XRU,1.0",D.XM.EUR.A,D,XM,EUR,A,1976-03-19,0.890813,,A,F
"BIS,WS_XRU,1.0",D.XM.EUR.A,D,XM,EUR,A,1976-03-22,0.892682,,A,F
"BIS,WS_XRU,1.0",D.XM.EUR.A,D,XM,EUR,A,1976-03-23,0.890884,,A,F
"BIS,WS_XRU,1.0",D.XM.EUR.A,D,XM,EUR,A,1976-03-24,0.888834,,A,F
"BIS,WS_XRU,1.0",D.XM.EUR.A,D,XM,EUR,A,1976-03-25,0.888415,,A,F
"BIS,WS_XRU,1.0",D.XM.EUR.A,D,XM,EUR,A,1976-03-26,0.890068,,A,F
"BIS,WS_XRU,1.0",D.XM.EUR.A,D,XM,EUR,A,1976-03-29,0.892323,,A,F
"BIS,WS_XRU,1.0",D.XM.EUR.A,D,XM,EUR,A,1976-03-30,0.889965,,A,F
"BIS,WS_XRU,1.0",D.XM.EUR.A,D,XM,EUR,A,1976-03-31,0.887918,,A,F
"BIS,WS_XRU,1.0",D.XM.EUR.A,D,XM,EUR,A,1976-04-01,0.889181,,A,F
"BIS,WS_XRU,1.0",D.XM.EUR.A,D,XM,EUR,A,1976-04-02,0.892873,,A,F
"BIS,WS_XRU,1.0",D.XM.EUR.A,D,XM,EUR,A,1976-04-05,0.893839,,A,F
"BIS,WS_XRU,1.0",D.XM.EUR.A,D,XM,EUR,A,1976-04-06,0.893855,,A,F
"BIS,WS_XRU,1.0",D.XM.EUR.A,D,XM,EUR,A,1976-04-07,0.895047,,A,F
"BIS,WS_XRU,1.0",D.XM.EUR.A,D,XM,EUR,A,1976-04-08,0.895287,,A,F
"BIS,WS_XRU,1.0",D.XM.EUR.A,D,XM,EUR,A,1976-04-09,0.897489,,A,F
"BIS,WS_XRU,1.0",D.XM.EUR.A,D,XM,EUR,A,1976-04-12,0.902039,,A,F
"BIS,WS_XRU,1.0",D.XM.EUR.A,D,XM,EUR,A,1976-04-13,0.900722,,A,F
"BIS,WS_XRU,1.0",D.XM.EUR.A,D,XM,EUR,A,1976-04-14,0.896507,,A,F
"BIS,WS_XRU,1.0",D.XM.EUR.A,D,XM,EUR,A,1976-04-15,0.895696,,A,F
"BIS,WS_XRU,1.0",D.XM.EUR.A,D,XM,EUR,A,1976-04-16,,,M,F
"BIS,WS_XRU,1.0",D.XM.EUR.A,D,XM,EUR,A,1976-04-19,,,M,F
"BIS,WS_XRU,1.0",D.XM.EUR.A,D,XM,EUR,A,1976-04-20,0.896387,,A,F
"BIS,WS_XRU,1.0",D.XM.EUR.A,D,XM,EUR,A,1976-04-21,0.897658,,A,F
"BIS,WS_XRU,1.0",D.XM.EUR.A,D,XM,EUR,A,1976-04-22,0.901266,,A,F
"BIS,WS_XRU,1.0",D.XM.EUR.A,D,XM,EUR,A,1976-04-23,0.900536,,A,F
"BIS,WS_XRU,1.0",D.XM.EUR.A,D,XM,EUR,A,1976-04-26,0.901876,,A,F
"BIS,WS_XRU,1.0",D.XM.EUR.A,D,XM,EUR,A,1976-04-27,0.900617,,A,F
"BIS,WS_XRU,1.0",D.XM.EUR.A,D,XM,EUR,A,1976-04-28,0.90056,,A,F
"BIS,WS_XRU,1.0",D.XM.EUR.A,D,XM,EUR,A,1976-04-29,0.897594,,A,F
"BIS,WS_XRU,1.0",D.XM.EUR.A,D,XM,EUR,A,1976-04-30,0.898893,,A,F
"BIS,WS_XRU,1.0",D.XM.EUR.A,D,XM,EUR,A,1976-05-03,0.898812,,A,F
"BIS,WS_XRU,1.0",D.XM.EUR.A,D,XM,EUR,A,1976-05-04,0.901746,,A,F
"BIS,WS_XRU,1.0",D.XM.EUR.A,D,XM,EUR,A,1976-05-05,0.902429,,A,F
"BIS,WS_XRU,1.0",D.XM.EUR.A,D,XM,EUR,A,1976-05-06,0.899111,,A,F
"BIS,WS_XRU,1.0",D.XM.EUR.A,D,XM,EUR,A,1976-05-07,0.897634,,A,F
"BIS,WS_XRU,1.0",D.XM.EUR.A,D,XM,EUR,A,1976-05-10,0.89336,,A,F
"BIS,WS_XRU,1.0",D.XM.EUR.A,D,XM,EUR,A,1976-05-11,0.895696,,A,F
"BIS,WS_XRU,1.0",D.XM.EUR.A,D,XM,EUR,A,1976-05-12,0.897352,,A,F
"BIS,WS_XRU,1.0",D.XM.EUR.A,D,XM,EUR,A,1976-05-13,0.897972,,A,F
"BIS,WS_XRU,1.0",D.XM.EUR.A,D,XM,EUR,A,1976-05-14,0.900122,,A,F
"BIS,WS_XRU,1.0",D.XM.EUR.A,D,XM,EUR,A,1976-05-17,0.905207,,A,F
"BIS,WS_XRU,1.0",D.XM.EUR.A,D,XM,EUR,A,1976-05-18,0.907318,,A,F
"BIS,WS_XRU,1.0",D.XM.EUR.A,D,XM,EUR,A,1976-05-19,0.905338,,A,F
"BIS,WS_XRU,1.0",D.XM.EUR.A,D,XM,EUR,A,1976-05-20,0.902307,,A,F
"BIS,WS_XRU,1.0",D.XM.EUR.A,D,XM,EUR,A,1976-05-21,0.908554,,A,F
"BIS,WS_XRU,1.0",D.XM.EUR.A,D,XM,EUR,A,1976-05-24,0.907878,,A,F
"BIS,WS_XRU,1.0",D.XM.EUR.A,D,XM,EUR,A,1976-05-25,0.905551,,A,F
"BIS,WS_XRU,1.0",D.XM.EUR.A,D,XM,EUR,A,1976-05-26,0.907845,,A,F
"BIS,WS_XRU,1.0",D.XM.EUR.A,D,XM,EUR,A,1976-05-27,,,M,F
"BIS,WS_XRU,1.0",D.XM.EUR.A,D,XM,EUR,A,1976-05-28,0.910075,,A,F
"BIS,WS_XRU,1.0",D.XM.EUR.A,D,XM,EUR,A,1976-05-31,0.912642,,A,F
"BIS,WS_XRU,1.0",D.XM.EUR.A,D,XM,EUR,A,1976-06-01,0.913935,,A,F
"BIS,WS_XRU,1.0",D.XM.EUR.A,D,XM,EUR,A,1976-06-02,0.915919,,A,F
"BIS,WS_XRU,1.0",D.XM.EUR.A,D,XM,EUR,A,1976-06-03,0.916615,,A,F
"BIS,WS_XRU,1.0",D.XM.EUR.A,D,XM,EUR,A,1976-06-04,0.91452,,A,F
"BIS,WS_XRU,1.0",D.XM.EUR.A,D,XM,EUR,A,1976-06-07,,,M,F
"BIS,WS_XRU,1.0",D.XM.EUR.A,D,XM,EUR,A,1976-06-08,0.908736,,A,F
"BIS,WS_XRU,1.0",D.XM.EUR.A,D,XM,EUR,A,1976-06-09,0.908447,,A,F
"BIS,WS_XRU,1.0",D.XM.EUR.A,D,XM,EUR,A,1976-06-10,0.911021,,A,F
"BIS,WS_XRU,1.0",D.XM.EUR.A,D,XM,EUR,A,1976-06-11,0.910158,,A,F
"BIS,WS_XRU,1.0",D.XM.EUR.A,D,XM,EUR,A,1976-06-14,0.909041,,A,F
"BIS,WS_XRU,1.0",D.XM.EUR.A,D,XM,EUR,A,1976-06-15,0.909844,,A,F
"BIS,WS_XRU,1.0",D.XM.EUR.A,D,XM,EUR,A,1976-06-16,0.907746,,A,F
"BIS,WS_XRU,1.0",D.XM.EUR.A,D,XM,EUR,A,1976-06-17,0.90895,,A,F
"BIS,WS_XRU,1.0",D.XM.EUR.A,D,XM,EUR,A,1976-06-18,0.909877,,A,F
"BIS,WS_XRU,1.0",D.XM.EUR.A,D,XM,EUR,A,1976-06-21,0.910904,,A,F
"BIS,WS_XRU,1.0",D.XM.EUR.A,D,XM,EUR,A,1976-06-22,0.910307,,A,F
"BIS,WS_XRU,1.0",D.XM.EUR.A,D,XM,EUR,A,1976-06-23,0.910075,,A,F
"BIS,WS_XRU,1.0",D.XM.EUR.A,D,XM,EUR,A,1976-06-24,0.908438,,A,F
"BIS,WS_XRU,1.0",D.XM.EUR.A,D,XM,EUR,A,1976-06-25,0.909554,,A,F
"BIS,WS_XRU,1.0",D.XM.EUR.A,D,XM,EUR,A,1976-06-28,0.908719,,A,F
"BIS,WS_XRU,1.0",D.XM.EUR.A,D,XM,EUR,A,1976-06-29,0.907911,,A,F
"BIS,WS_XRU,1.0",D.XM.EUR.A,D,XM,EUR,A,1976-06-30,0.908166,,A,F
"BIS,WS_XRU,1.0",D.XM.EUR.A,D,XM,EUR,A,1976-07-01,0.906684,,A,F
"BIS,WS_XRU,1.0",D.XM.EUR.A,D,XM,EUR,A,1976-07-02,0.907112,,A,F
"BIS,WS_XRU,1.0",D.XM.EUR.A,D,XM,EUR,A,1976-07-05,0.90684,,A,F
"BIS,WS_XRU,1.0",D.XM.EUR.A,D,XM,EUR,A,1976-07-06,0.906511,,A,F
"BIS,WS_XRU,1.0",D.XM.EUR.A,D,XM,EUR,A,1976-07-07,0.907038,,A,F
"BIS,WS_XRU,1.0",D.XM.EUR.A,D,XM,EUR,A,1976-07-08,0.90754,,A,F
"BIS,WS_XRU,1.0",D.XM.EUR.A,D,XM,EUR,A,1976-07-09,0.90943,,A,F
"BIS,WS_XRU,1.0",D.XM.EUR.A,D,XM,EUR,A,1976-07-12,0.910233,,A,F
"BIS,WS_XRU,1.0",D.XM.EUR.A,D,XM,EUR,A,1976-07-13,0.909918,,A,F
"BIS,WS_XRU,1.0",D.XM.EUR.A,D,XM,EUR,A,1976-07-14,0.909662,,A,F
"BIS,WS_XRU,1.0",D.XM.EUR.A,D,XM,EUR,A,1976-07-15,0.910473,,A,F
"BIS,WS_XRU,1.0",D.XM.EUR.A,D,XM,EUR,A,1976-07-16,0.915407,,A,F
"BIS,WS_XRU,1.0",D.XM.EUR.A,D,XM,EUR,A,1976-07-19,0.916716,,A,F
"BIS,WS_XRU,1.0",D.XM.EUR.A,D,XM,EUR,A,1976-07-20,0.915407,,A,F
"BIS,WS_XRU,1.0",D.XM.EUR.A,D,XM,EUR,A,1976-07-21,0.915634,,A,F
"BIS,WS_XRU,1.0",D.XM.EUR.A,D,XM,EUR,A,1976-07-22,0.915248,,A,F
"BIS,WS_XRU,1.0",D.XM.EUR.A,D,XM,EUR,A,1976-07-23,0.916355,,A,F
"BIS,WS_XRU,1.0",D.XM.EUR.A,D,XM,EUR,A,1976-07-26,0.9168,,A,F
"BIS,WS_XRU,1.0",D.XM.EUR.A,D,XM,EUR,A,1976-07-27,0.915977,,A,F
"BIS,WS_XRU,1.0",D.XM.EUR.A,D,XM,EUR,A,1976-07-28,0.913325,,A,F
"BIS,WS_XRU,1.0",D.XM.EUR.A,D,XM,EUR,A,1976-07-29,0.91171,,A,F
"BIS,WS_XRU,1.0",D.XM.EUR.A,D,XM,EUR,A,1976-07-30,0.909124,,A,F
"BIS,WS_XRU,1.0",D.XM.EUR.A,D,XM,EUR,A,1976-08-02,0.906627,,A,F
"BIS,WS_XRU,1.0",D.XM.EUR.A,D,XM,EUR,A,1976-08-03,0.907754,,A,F
"BIS,WS_XRU,1.0",D.XM.EUR.A,D,XM,EUR,A,1976-08-04,0.908447,,A,F
"BIS,WS_XRU,1.0",D.XM.EUR.A,D,XM,EUR,A,1976-08-05,0.908538,,A,F
"BIS,WS_XRU,1.0",D.XM.EUR.A,D,XM,EUR,A,1976-08-06,0.911702,,A,F
"BIS,WS_XRU,1.0",D.XM.EUR.A,D,XM,EUR,A,1976-08-09,0.909868,,A,F
"BIS,WS_XRU,1.0",D.XM.EUR.A,D,XM,EUR,A,1976-08-10,0.910564,,A,F
"BIS,WS_XRU,1.0",D.XM.EUR.A,D,XM,EUR,A,1976-08-11,0.910888,,A,F
"BIS,WS_XRU,1.0",D.XM.EUR.A,D,XM,EUR,A,1976-08-12,0.910622,,A,F
"BIS,WS_XRU,1.0",D.XM.EUR.A,D,XM,EUR,A,1976-08-13,0.910755,,A,F
"BIS,WS_XRU,1.0",D.XM.EUR.A,D,XM,EUR,A,1976-08-16,0.91181,,A,F
"BIS,WS_XRU,1.0",D.XM.EUR.A,D,XM,EUR,A,1976-08-17,0.906421,,A,F
"BIS,WS_XRU,1.0",D.XM.EUR.A,D,XM,EUR,A,1976-08-18,0.906364,,A,F
"BIS,WS_XRU,1.0",D.XM.EUR.A,D,XM,EUR,A,1976-08-19,0.907276,,A,F
"BIS,WS_XRU,1.0",D.XM.EUR.A,D,XM,EUR,A,1976-08-20,0.908109,,A,F
"BIS,WS_XRU,1.0",D.XM.EUR.A,D,XM,EUR,A,1976-08-23,0.908703,,A,F
"BIS,WS_XRU,1.0",D.XM.EUR.A,D,XM,EUR,A,1976-08-24,0.906988,,A,F
"BIS,WS_XRU,1.0",D.XM.EUR.A,D,XM,EUR,A,1976-08-25,0.908273,,A,F
"BIS,WS_XRU,1.0",D.XM.EUR.A,D,XM,EUR,A,1976-08-26,0.906511,,A,F
"BIS,WS_XRU,1.0",D.XM.EUR.A,D,XM,EUR,A,1976-08-27,0.905518,,A,F
"BIS,WS_XRU,1.0",D.XM.EUR.A,D,XM,EUR,A,1976-08-30,0.905855,,A,F
"BIS,WS_XRU,1.0",D.XM.EUR.A,D,XM,EUR,A,1976-08-31,0.906536,,A,F
"BIS,WS_XRU,1.0",D.XM.EUR.A,D,XM,EUR,A,1976-09-01,0.9051,,A,F
"BIS,WS_XRU,1.0",D.XM.EUR.A,D,XM,EUR,A,1976-09-02,0.9056,,A,F
"BIS,WS_XRU,1.0",D.XM.EUR.A,D,XM,EUR,A,1976-09-03,0.906084,,A,F
"BIS,WS_XRU,1.0",D.XM.EUR.A,D,XM,EUR,A,1976-09-06,0.905715,,A,F
"BIS,WS_XRU,1.0",D.XM.EUR.A,D,XM,EUR,A,1976-09-07,0.905272,,A,F
"BIS,WS_XRU,1.0",D.XM.EUR.A,D,XM,EUR,A,1976-09-08,0.9056,,A,F
"BIS,WS_XRU,1.0",D.XM.EUR.A,D,XM,EUR,A,1976-09-09,0.905027,,A,F
"BIS,WS_XRU,1.0",D.XM.EUR.A,D,XM,EUR,A,1976-09-10,0.905551,,A,F
"BIS,WS_XRU,1.0",D.XM.EUR.A,D,XM,EUR,A,1976-09-13,0.905814,,A,F
"BIS,WS_XRU,1.0",D.XM.EUR.A,D,XM,EUR,A,1976-09-14,0.905362,,A,F
"BIS,WS_XRU,1.0",D.XM.EUR.A,D,XM,EUR,A,1976-09-15,0.90186,,A,F
"BIS,WS_XRU,1.0",D.XM.EUR.A,D,XM,EUR,A,1976-09-16,0.900917,,A,F
"BIS,WS_XRU,1.0",D.XM.EUR.A,D,XM,EUR,A,1976-09-17,0.899831,,A,F
"BIS,WS_XRU,1.0",D.XM.EUR.A,D,XM,EUR,A,1976-09-20,0.900357,,A,F
"BIS,WS_XRU,1.0",D.XM.EUR.A,D,XM,EUR,A,1976-09-21,0.902486,,A,F
"BIS,WS_XRU,1.0",D.XM.EUR.A,D,XM,EUR,A,1976-09-22,0.898836,,A,F
"BIS,WS_XRU,1.0",D.XM.EUR.A,D,XM,EUR,A,1976-09-23,0.90069,,A,F
"BIS,WS_XRU,1.0",D.XM.EUR.A,D,XM,EUR,A,1976-09-24,0.902112,,A,F
"BIS,WS_XRU,1.0",D.XM.EUR.A,D,XM,EUR,A,1976-09-27,0.902877,,A,F
"BIS,WS_XRU,1.0",D.XM.EUR.A,D,XM,EUR,A,1976-09-28,0.906364,,A,F
"BIS,WS_XRU,1.0",D.XM.EUR.A,D,XM,EUR,A,1976-09-29,0.903906,,A,F
"BIS,WS_XRU,1.0",D.XM.EUR.A,D,XM,EUR,A,1976-09-30,0.898731,,A,F
"BIS,WS_XRU,1.0",D.XM.EUR.A,D,XM,EUR,A,1976-10-01,0.904658,,A,F
"BIS,WS_XRU,1.0",D.XM.EUR.A,D,XM,EUR,A,1976-10-04,0.900657,,A,F
"BIS,WS_XRU,1.0",D.XM.EUR.A,D,XM,EUR,A,1976-10-05,0.898917,,A,F
"BIS,WS_XRU,1.0",D.XM.EUR.A,D,XM,EUR,A,1976-10-06,0.898586,,A,F
"BIS,WS_XRU,1.0",D.XM.EUR.A,D,XM,EUR,A,1976-10-07,0.898005,,A,F
"BIS,WS_XRU,1.0",D.XM.EUR.A,D,XM,EUR,A,1976-10-08,0.899717,,A,F
"BIS,WS_XRU,1.0",D.XM.EUR.A,D,XM,EUR,A,1976-10-11,0.900649,,A,F
"BIS,WS_XRU,1.0",D.XM.EUR.A,D,XM,EUR,A,1976-10-12,0.901437,,A,F
"BIS,WS_XRU,1.0",D.XM.EUR.A,D,XM,EUR,A,1976-10-13,0.901998,,A,F
"BIS,WS_XRU,1.0",D.XM.EUR.A,D,XM,EUR,A,1976-10-14,0.901494,,A,F
"BIS,WS_XRU,1.0",D.XM.EUR.A,D,XM,EUR,A,1976-10-15,0.903644,,A,F
"BIS,WS_XRU,1.0",D.XM.EUR.A,D,XM,EUR,A,1976-10-18,0.908158,,A,F
"BIS,WS_XRU,1.0",D.XM.EUR.A,D,XM,EUR,A,1976-10-19,0.906939,,A,F
"BIS,WS_XRU,1.0",D.XM.EUR.A,D,XM,EUR,A,1976-10-20,0.902446,,A,F
"BIS,WS_XRU,1.0",D.XM.EUR.A,D,XM,EUR,A,1976-10-21,0.902617,,A,F
"BIS,WS_XRU,1.0",D.XM.EUR.A,D,XM,EUR,A,1976-10-22,0.903506,,A,F
"BIS,WS_XRU,1.0",D.XM.EUR.A,D,XM,EUR,A,1976-10-25,0.903171,,A,F
"BIS,WS_XRU,1.0",D.XM.EUR.A,D,XM,EUR,A,1976-10-26,0.904225,,A,F
"BIS,WS_XRU,1.0",D.XM.EUR.A,D,XM,EUR,A,1976-10-27,0.904216,,A,F
"BIS,WS_XRU,1.0",D.XM.EUR.A,D,XM,EUR,A,1976-10-28,0.903367,,A,F
"BIS,WS_XRU,1.0",D.XM.EUR.A,D,XM,EUR,A,1976-10-29,0.90173,,A,F
"BIS,WS_XRU,1.0",D.XM.EUR.A,D,XM,EUR,A,1976-11-01,0.901754,,A,F
"BIS,WS_XRU,1.0",D.XM.EUR.A,D,XM,EUR,A,1976-11-02,0.90353,,A,F
"BIS,WS_XRU,1.0",D.XM.EUR.A,D,XM,EUR,A,1976-11-03,0.901543,,A,F
"BIS,WS_XRU,1.0",D.XM.EUR.A,D,XM,EUR,A,1976-11-04,0.903326,,A,F
"BIS,WS_XRU,1.0",D.XM.EUR.A,D,XM,EUR,A,1976-11-05,0.903163,,A,F
"BIS,WS_XRU,1.0",D.XM.EUR.A,D,XM,EUR,A,1976-11-08,0.902348,,A,F
"BIS,WS_XRU,1.0",D.XM.EUR.A,D,XM,EUR,A,1976-11-09,0.903138,,A,F
"BIS,WS_XRU,1.0",D.XM.EUR.A,D,XM,EUR,A,1976-11-10,0.902283,,A,F
"BIS,WS_XRU,1.0",D.XM.EUR.A,D,XM,EUR,A,1976-11-11,,,M,F
"BIS,WS_XRU,1.0",D.XM.EUR.A,D,XM,EUR,A,1976-11-12,0.902177,,A,F
"BIS,WS_XRU,1.0",D.XM.EUR.A,D,XM,EUR,A,1976-11-15,0.901811,,A,F
"BIS,WS_XRU,1.0",D.XM.EUR.A,D,XM,EUR,A,1976-11-16,0.902063,,A,F
"BIS,WS_XRU,1.0",D.XM.EUR.A,D,XM,EUR,A,1976-11-17,0.901218,,A,F
"BIS,WS_XRU,1.0",D.XM.EUR.A,D,XM,EUR,A,1976-11-18,0.901136,,A,F
"BIS,WS_XRU,1.0",D.XM.EUR.A,D,XM,EUR,A,1976-11-19,0.899378,,A,F
"BIS,WS_XRU,1.0",D.XM.EUR.A,D,XM,EUR,A,1976-11-22,0.896427,,A,F
"BIS,WS_XRU,1.0",D.XM.EUR.A,D,XM,EUR,A,1976-11-23,0.896162,,A,F
"BIS,WS_XRU,1.0",D.XM.EUR.A,D,XM,EUR,A,1976-11-24,0.896853,,A,F
"BIS,WS_XRU,1.0",D.XM.EUR.A,D,XM,EUR,A,1976-11-25,0.897851,,A,F
"BIS,WS_XRU,1.0",D.XM.EUR.A,D,XM,EUR,A,1976-11-26,0.89823,,A,F
"BIS,WS_XRU,1.0",D.XM.EUR.A,D,XM,EUR,A,1976-11-29,0.898247,,A,F
"BIS,WS_XRU,1.0",D.XM.EUR.A,D,XM,EUR,A,1976-11-30,0.898691,,A,F
"BIS,WS_XRU,1.0",D.XM.EUR.A,D,XM,EUR,A,1976-12-01,0.898569,,A,F
"BIS,WS_XRU,1.0",D.XM.EUR.A,D,XM,EUR,A,1976-12-02,0.898683,,A,F
"BIS,WS_XRU,1.0",D.XM.EUR.A,D,XM,EUR,A,1976-12-03,0.897658,,A,F
"BIS,WS_XRU,1.0",D.XM.EUR.A,D,XM,EUR,A,1976-12-06,0.896001,,A,F
"BIS,WS_XRU,1.0",D.XM.EUR.A,D,XM,EUR,A,1976-12-07,0.895728,,A,F
"BIS,WS_XRU,1.0",D.XM.EUR.A,D,XM,EUR,A,1976-12-08,0.894999,,A,F
"BIS,WS_XRU,1.0",D.XM.EUR.A,D,XM,EUR,A,1976-12-09,0.894847,,A,F
"BIS,WS_XRU,1.0",D.XM.EUR.A,D,XM,EUR,A,1976-12-10,0.894254,,A,F
"BIS,WS_XRU,1.0",D.XM.EUR.A,D,XM,EUR,A,1976-12-13,0.893743,,A,F
"BIS,WS_XRU,1.0",D.XM.EUR.A,D,XM,EUR,A,1976-12-14,0.893783,,A,F
"BIS,WS_XRU,1.0",D.XM.EUR.A,D,XM,EUR,A,1976-12-15,0.893208,,A,F
"BIS,WS_XRU,1.0",D.XM.EUR.A,D,XM,EUR,A,1976-12-16,0.894847,,A,F
"BIS,WS_XRU,1.0",D.XM.EUR.A,D,XM,EUR,A,1976-12-17,0.892554,,A,F
"BIS,WS_XRU,1.0",D.XM.EUR.A,D,XM,EUR,A,1976-12-20,0.889553,,A,F
"BIS,WS_XRU,1.0",D.XM.EUR.A,D,XM,EUR,A,1976-12-21,0.885536,,A,F
"BIS,WS_XRU,1.0",D.XM.EUR.A,D,XM,EUR,A,1976-12-22,0.887193,,A,F
"BIS,WS_XRU,1.0",D.XM.EUR.A,D,XM,EUR,A,1976-12-23,0.887233,,A,F
"BIS,WS_XRU,1.0",D.XM.EUR.A,D,XM,EUR,A,1976-12-24,0.887422,,A,F
"BIS,WS_XRU,1.0",D.XM.EUR.A,D,XM,EUR,A,1976-12-27,0.887579,,A,F
"BIS,WS_XRU,1.0",D.XM.EUR.A,D,XM,EUR,A,1976-12-28,0.884337,,A,F
"BIS,WS_XRU,1.0",D.XM.EUR.A,D,XM,EUR,A,1976-12-29,0.885003,,A,F
"BIS,WS_XRU,1.0",D.XM.EUR.A,D,XM,EUR,A,1976-12-30,0.884987,,A,F
"BIS,WS_XRU,1.0",D.XM.EUR.A,D,XM,EUR,A,1976-12-31,0.884964,,A,F
"BIS,WS_XRU,1.0",D.XM.EUR.A,D,XM,EUR,A,1977-01-01,,,M,F
"BIS,WS_XRU,1.0",D.XM.EUR.A,D,XM,EUR,A,1977-01-02,,,M,F
"BIS,WS_XRU,1.0",D.XM.EUR.A,D,XM,EUR,A,1977-01-03,0.881446,,A,F
"BIS,WS_XRU,1.0",D.XM.EUR.A,D,XM,EUR,A,1977-01-04,0.879129,,A,F
"BIS,WS_XRU,1.0",D.XM.EUR.A,D,XM,EUR,A,1977-01-05,0.880615,,A,F
"BIS,WS_XRU,1.0",D.XM.EUR.A,D,XM,EUR,A,1977-01-06,0.882122,,A,F
"BIS,WS_XRU,1.0",D.XM.EUR.A,D,XM,EUR,A,1977-01-07,0.884158,,A,F
"BIS,WS_XRU,1.0",D.XM.EUR.A,D,XM,EUR,A,1977-01-10,0.89002,,A,F
"BIS,WS_XRU,1.0",D.XM.EUR.A,D,XM,EUR,A,1977-01-11,0.889735,,A,F
"BIS,WS_XRU,1.0",D.XM.EUR.A,D,XM,EUR,A,1977-01-12,0.889166,,A,F
"BIS,WS_XRU,1.0",D.XM.EUR.A,D,XM,EUR,A,1977-01-13,0.891878,,A,F
"BIS,WS_XRU,1.0",D.XM.EUR.A,D,XM,EUR,A,1977-01-14,0.894015,,A,F
"BIS,WS_XRU,1.0",D.XM.EUR.A,D,XM,EUR,A,1977-01-17,0.895231,,A,F
"BIS,WS_XRU,1.0",D.XM.EUR.A,D,XM,EUR,A,1977-01-18,0.893543,,A,F
"BIS,WS_XRU,1.0",D.XM.EUR.A,D,XM,EUR,A,1977-01-19,0.896057,,A,F
"BIS,WS_XRU,1.0",D.XM.EUR.A,D,XM,EUR,A,1977-01-20,0.895167,,A,F
"BIS,WS_XRU,1.0",D.XM.EUR.A,D,XM,EUR,A,1977-01-21,0.894494,,A,F
"BIS,WS_XRU,1.0",D.XM.EUR.A,D,XM,EUR,A,1977-01-24,0.893839,,A,F
"BIS,WS_XRU,1.0",D.XM.EUR.A,D,XM,EUR,A,1977-01-25,0.901372,,A,F
"BIS,WS_XRU,1.0",D.XM.EUR.A,D,XM,EUR,A,1977-01-26,0.900325,,A,F
"BIS,WS_XRU,1.0",D.XM.EUR.A,D,XM,EUR,A,1977-01-27,0.898545,,A,F
"BIS,WS_XRU,1.0",D.XM.EUR.A,D,XM,EUR,A,1977-01-28,0.897602,,A,F
"BIS,WS_XRU,1.0",D.XM.EUR.A,D,XM,EUR,A,1977-01-31,0.898416,,A,F
"BIS,WS_XRU,1.0",D.XM.EUR.A,D,XM,EUR,A,1977-02-01,0.894943,,A,F
"BIS,WS_XRU,1.0",D.XM.EUR.A,D,XM,EUR,A,1977-02-02,0.898626,,A,F
"BIS,WS_XRU,1.0",D.XM.EUR.A,D,XM,EUR,A,1977-02-03,0.898214,,A,F
"BIS,WS_XRU,1.0",D.XM.EUR.A,D,XM,EUR,A,1977-02-04,0.897497,,A,F
"BIS,WS_XRU,1.0",D.XM.EUR.A,D,XM,EUR,A,1977-02-07,0.898561,,A,F
"BIS,WS_XRU,1.0",D.XM.EUR.A,D,XM,EUR,A,1977-02-08,0.89621,,A,F
"BIS,WS_XRU,1.0",D.XM.EUR.A,D,XM,EUR,A,1977-02-09,0.895592,,A,F
"BIS,WS_XRU,1.0",D.XM.EUR.A,D,XM,EUR,A,1977-02-10,0.894614,,A,F
"BIS,WS_XRU,1.0",D.XM.EUR.A,D,XM,EUR,A,1977-02-11,0.895119,,A,F
"BIS,WS_XRU,1.0",D.XM.EUR.A,D,XM,EUR,A,1977-02-14,0.893535,,A,F
"BIS,WS_XRU,1.0",D.XM.EUR.A,D,XM,EUR,A,1977-02-15,0.89431,,A,F
"BIS,WS_XRU,1.0",D.XM.EUR.A,D,XM,EUR,A,1977-02-16,0.893887,,A,F
"BIS,WS_XRU,1.0",D.XM.EUR.A,D,XM,EUR,A,1977-02-17,0.89463,,A,F
"BIS,WS_XRU,1.0",D.XM.EUR.A,D,XM,EUR,A,1977-02-18,0.894887,,A,F
"BIS,WS_XRU,1.0",D.XM.EUR.A,D,XM,EUR,A,1977-02-21,0.894214,,A,F
"BIS,WS_XRU,1.0",D.XM.EUR.A,D,XM,EUR,A,1977-02-22,0.893751,,A,F
"BIS,WS_XRU,1.0",D.XM.EUR.A,D,XM,EUR,A,1977-02-23,0.894959,,A,F
"BIS,WS_XRU,1.0",D.XM.EUR.A,D,XM,EUR,A,1977-02-24,0.89572,,A,F
"BIS,WS_XRU,1.0",D.XM.EUR.A,D,XM,EUR,A,1977-02-25,0.893783,,A,F
"BIS,WS_XRU,1.0",D.XM.EUR.A,D,XM,EUR,A,1977-02-28,0.893743,,A,F
"BIS,WS_XRU,1.0",D.XM.EUR.A,D,XM,EUR,A,1977-03-01,0.892196,,A,F
"BIS,WS_XRU,1.0",D.XM.EUR.A,D,XM,EUR,A,1977-03-02,0.892291,,A,F
"BIS,WS_XRU,1.0",D.XM.EUR.A,D,XM,EUR,A,1977-03-03,0.892403,,A,F
"BIS,WS_XRU,1.0",D.XM.EUR.A,D,XM,EUR,A,1977-03-04,0.892164,,A,F
"BIS,WS_XRU,1.0",D.XM.EUR.A,D,XM,EUR,A,1977-03-07,0.892769,,A,F
"BIS,WS_XRU,1.0",D.XM.EUR.A,D,XM,EUR,A,1977-03-08,0.893009,,A,F
"BIS,WS_XRU,1.0",D.XM.EUR.A,D,XM,EUR,A,1977-03-09,0.893783,,A,F
"BIS,WS_XRU,1.0",D.XM.EUR.A,D,XM,EUR,A,1977-03-10,0.893831,,A,F
"BIS,WS_XRU,1.0",D.XM.EUR.A,D,XM,EUR,A,1977-03-11,0.893687,,A,F
"BIS,WS_XRU,1.0",D.XM.EUR.A,D,XM,EUR,A,1977-03-14,0.89332,,A,F
"BIS,WS_XRU,1.0",D.XM.EUR.A,D,XM,EUR,A,1977-03-15,0.893527,,A,F
"BIS,WS_XRU,1.0",D.XM.EUR.A,D,XM,EUR,A,1977-03-16,0.893551,,A,F
"BIS,WS_XRU,1.0",D.XM.EUR.A,D,XM,EUR,A,1977-03-17,0.892825,,A,F
"BIS,WS_XRU,1.0",D.XM.EUR.A,D,XM,EUR,A,1977-03-18,0.892363,,A,F
"BIS,WS_XRU,1.0",D.XM.EUR.A,D,XM,EUR,A,1977-03-21,0.892419,,A,F
"BIS,WS_XRU,1.0",D.XM.EUR.A,D,XM,EUR,A,1977-03-22,0.892387,,A,F
"BIS,WS_XRU,1.0",D.XM.EUR.A,D,XM,EUR,A,1977-03-23,0.891941,,A,F
"BIS,WS_XRU,1.0",D.XM.EUR.A,D,XM,EUR,A,1977-03-24,0.891886,,A,F
"BIS,WS_XRU,1.0",D.XM.EUR.A,D,XM,EUR,A,1977-03-25,0.892626,,A,F
"BIS,WS_XRU,1.0",D.XM.EUR.A,D,XM,EUR,A,1977-03-28,0.892085,,A,F
"BIS,WS_XRU,1.0",D.XM.EUR.A,D,XM,EUR,A,1977-03-29,0.891289,,A,F
"BIS,WS_XRU,1.0",D.XM.EUR.A,D,XM,EUR,A,1977-03-30,0.891846,,A,F
"BIS,WS_XRU,1.0",D.XM.EUR.A,D,XM,EUR,A,1977-03-31,0.891234,,A,F
"BIS,WS_XRU,1.0",D.XM.EUR.A,D,XM,EUR,A,1977-04-01,0.891432,,A,F
"BIS,WS_XRU,1.0",D.XM.EUR.A,D,XM,EUR,A,1977-04-04,0.892092,,A,F
"BIS,WS_XRU,1.0",D.XM.EUR.A,D,XM,EUR,A,1977-04-05,0.892021,,A,F
"BIS,WS_XRU,1.0",D.XM.EUR.A,D,XM,EUR,A,1977-04-06,0.891639,,A,F
"BIS,WS_XRU,1.0",D.XM.EUR.A,D,XM,EUR,A,1977-04-07,0.891647,,A,F
"BIS,WS_XRU,1.0",D.XM.EUR.A,D,XM,EUR,A,1977-04-08,,,M,F
"BIS,WS_XRU,1.0",D.XM.EUR.A,D,XM,EUR,A,1977-04-11,,,M,F
"BIS,WS_XRU,1.0",D.XM.EUR.A,D,XM,EUR,A,1977-04-12,0.889759,,A,F
"BIS,WS_XRU,1.0",D.XM.EUR.A,D,XM,EUR,A,1977-04-13,0.887768,,A,F
"BIS,WS_XRU,1.0",D.XM.EUR.A,D,XM,EUR,A,1977-04-14,0.888028,,A,F
"BIS,WS_XRU,1.0",D.XM.EUR.A,D,XM,EUR,A,1977-04-15,0.887926,,A,F
"BIS,WS_XRU,1.0",D.XM.EUR.A,D,XM,EUR,A,1977-04-18,0.886949,,A,F
"BIS,WS_XRU,1.0",D.XM.EUR.A,D,XM,EUR,A,1977-04-19,0.887327,,A,F
"BIS,WS_XRU,1.0",D.XM.EUR.A,D,XM,EUR,A,1977-04-20,0.888399,,A,F
"BIS,WS_XRU,1.0",D.XM.EUR.A,D,XM,EUR,A,1977-04-21,0.887808,,A,F
"BIS,WS_XRU,1.0",D.XM.EUR.A,D,XM,EUR,A,1977-04-22,0.888533,,A,F
"BIS,WS_XRU,1.0",D.XM.EUR.A,D,XM,EUR,A,1977-04-25,0.887185,,A,F
"BIS,WS_XRU,1.0",D.XM.EUR.A,D,XM,EUR,A,1977-04-26,0.887768,,A,F
"BIS,WS_XRU,1.0",D.XM.EUR.A,D,XM,EUR,A,1977-04-27,0.887075,,A,F
"BIS,WS_XRU,1.0",D.XM.EUR.A,D,XM,EUR,A,1977-04-28,0.8853,,A,F
"BIS,WS_XRU,1.0",D.XM.EUR.A,D,XM,EUR,A,1977-04-29,0.885371,,A,F
"BIS,WS_XRU,1.0",D.XM.EUR.A,D,XM,EUR,A,1977-05-02,0.884408,,A,F
"BIS,WS_XRU,1.0",D.XM.EUR.A,D,XM,EUR,A,1977-05-03,0.884909,,A,F
"BIS,WS_XRU,1.0",D.XM.EUR.A,D,XM,EUR,A,1977-05-04,0.884189,,A,F
"BIS,WS_XRU,1.0",D.XM.EUR.A,D,XM,EUR,A,1977-05-05,0.883322,,A,F
"BIS,WS_XRU,1.0",D.XM.EUR.A,D,XM,EUR,A,1977-05-06,0.883205,,A,F
"BIS,WS_XRU,1.0",D.XM.EUR.A,D,XM,EUR,A,1977-05-09,0.885771,,A,F
"BIS,WS_XRU,1.0",D.XM.EUR.A,D,XM,EUR,A,1977-05-10,0.885371,,A,F
"BIS,WS_XRU,1.0",D.XM.EUR.A,D,XM,EUR,A,1977-05-11,0.887563,,A,F
"BIS,WS_XRU,1.0",D.XM.EUR.A,D,XM,EUR,A,1977-05-12,0.887587,,A,F
"BIS,WS_XRU,1.0",D.XM.EUR.A,D,XM,EUR,A,1977-05-13,0.885771,,A,F
"BIS,WS_XRU,1.0",D.XM.EUR.A,D,XM,EUR,A,1977-05-16,0.886046,,A,F
"BIS,WS_XRU,1.0",D.XM.EUR.A,D,XM,EUR,A,1977-05-17,0.88581,,A,F
"BIS,WS_XRU,1.0",D.XM.EUR.A,D,XM,EUR,A,1977-05-18,0.884494,,A,F
"BIS,WS_XRU,1.0",D.XM.EUR.A,D,XM,EUR,A,1977-05-19,,,M,F
"BIS,WS_XRU,1.0",D.XM.EUR.A,D,XM,EUR,A,1977-05-20,,,M,F
"BIS,WS_XRU,1.0",D.XM.EUR.A,D,XM,EUR,A,1977-05-23,0.885755,,A,F
"BIS,WS_XRU,1.0",D.XM.EUR.A,D,XM,EUR,A,1977-05-24,0.886572,,A,F
"BIS,WS_XRU,1.0",D.XM.EUR.A,D,XM,EUR,A,1977-05-25,0.885073,,A,F
"BIS,WS_XRU,1.0",D.XM.EUR.A,D,XM,EUR,A,1977-05-26,0.885442,,A,F
"BIS,WS_XRU,1.0",D.XM.EUR.A,D,XM,EUR,A,1977-05-27,0.885347,,A,F
"BIS,WS_XRU,1.0",D.XM.EUR.A,D,XM,EUR,A,1977-05-30,,,M,F
"BIS,WS_XRU,1.0",D.XM.EUR.A,D,XM,EUR,A,1977-05-31,0.88512,,A,F
"BIS,WS_XRU,1.0",D.XM.EUR.A,D,XM,EUR,A,1977-06-01,0.885716,,A,F
"BIS,WS_XRU,1.0",D.XM.EUR.A,D,XM,EUR,A,1977-06-02,0.88433,,A,F
"BIS,WS_XRU,1.0",D.XM.EUR.A,D,XM,EUR,A,1977-06-03,0.884744,,A,F
"BIS,WS_XRU,1.0",D.XM.EUR.A,D,XM,EUR,A,1977-06-06,0.88483,,A,F
"BIS,WS_XRU,1.0",D.XM.EUR.A,D,XM,EUR,A,1977-06-07,0.885818,,A,F
"BIS,WS_XRU,1.0",D.XM.EUR.A,D,XM,EUR,A,1977-06-08,0.885575,,A,F
"BIS,WS_XRU,1.0",D.XM.EUR.A,D,XM,EUR,A,1977-06-09,0.885402,,A,F
"BIS,WS_XRU,1.0",D.XM.EUR.A,D,XM,EUR,A,1977-06-10,0.885724,,A,F
"BIS,WS_XRU,1.0",D.XM.EUR.A,D,XM,EUR,A,1977-06-13,0.885269,,A,F
"BIS,WS_XRU,1.0",D.XM.EUR.A,D,XM,EUR,A,1977-06-14,0.885536,,A,F
"BIS,WS_XRU,1.0",D.XM.EUR.A,D,XM,EUR,A,1977-06-15,0.885606,,A,F
"BIS,WS_XRU,1.0",D.XM.EUR.A,D,XM,EUR,A,1977-06-16,0.885426,,A,F
"BIS,WS_XRU,1.0",D.XM.EUR.A,D,XM,EUR,A,1977-06-17,0.885865,,A,F
"BIS,WS_XRU,1.0",D.XM.EUR.A,D,XM,EUR,A,1977-06-20,0.886407,,A,F
"BIS,WS_XRU,1.0",D.XM.EUR.A,D,XM,EUR,A,1977-06-21,0.886855,,A,F
"BIS,WS_XRU,1.0",D.XM.EUR.A,D,XM,EUR,A,1977-06-22,0.885999,,A,F
"BIS,WS_XRU,1.0",D.XM.EUR.A,D,XM,EUR,A,1977-06-23,0.885999,,A,F
"BIS,WS_XRU,1.0",D.XM.EUR.A,D,XM,EUR,A,1977-06-24,0.885873,,A,F
"BIS,WS_XRU,1.0",D.XM.EUR.A,D,XM,EUR,A,1977-06-27,0.884964,,A,F
"BIS,WS_XRU,1.0",D.XM.EUR.A,D,XM,EUR,A,1977-06-28,0.885842,,A,F
"BIS,WS_XRU,1.0",D.XM.EUR.A,D,XM,EUR,A,1977-06-29,0.882909,,A,F
"BIS,WS_XRU,1.0",D.XM.EUR.A,D,XM,EUR,A,1977-06-30,0.882052,,A,F
"BIS,WS_XRU,1.0",D.XM.EUR.A,D,XM,EUR,A,1977-07-01,0.882239,,A,F
"BIS,WS_XRU,1.0",D.XM.EUR.A,D,XM,EUR,A,1977-07-04,0.879175,,A,F
"BIS,WS_XRU,1.0",D.XM.EUR.A,D,XM,EUR,A,1977-07-05,0.876056,,A,F
"BIS,WS_XRU,1.0",D.XM.EUR.A,D,XM,EUR,A,1977-07-06,0.877385,,A,F
"BIS,WS_XRU,1.0",D.XM.EUR.A,D,XM,EUR,A,1977-07-07,0.875496,,A,F
"BIS,WS_XRU,1.0",D.XM.EUR.A,D,XM,EUR,A,1977-07-08,0.875971,,A,F
"BIS,WS_XRU,1.0",D.XM.EUR.A,D,XM,EUR,A,1977-07-11,0.871262,,A,F
"BIS,WS_XRU,1.0",D.XM.EUR.A,D,XM,EUR,A,1977-07-12,0.871992,,A,F
"BIS,WS_XRU,1.0",D.XM.EUR.A,D,XM,EUR,A,1977-07-13,0.870458,,A,F
"BIS,WS_XRU,1.0",D.XM.EUR.A,D,XM,EUR,A,1977-07-14,0.871285,,A,F
"BIS,WS_XRU,1.0",D.XM.EUR.A,D,XM,EUR,A,1977-07-15,0.871627,,A,F
"BIS,WS_XRU,1.0",D.XM.EUR.A,D,XM,EUR,A,1977-07-18,0.870072,,A,F
"BIS,WS_XRU,1.0",D.XM.EUR.A,D,XM,EUR,A,1977-07-19,0.865906,,A,F
"BIS,WS_XRU,1.0",D.XM.EUR.A,D,XM,EUR,A,1977-07-20,0.864715,,A,F
"BIS,WS_XRU,1.0",D.XM.EUR.A,D,XM,EUR,A,1977-07-21,,,M,F
"BIS,WS_XRU,1.0",D.XM.EUR.A,D,XM,EUR,A,1977-07-22,,,M,F
"BIS,WS_XRU,1.0",D.XM.EUR.A,D,XM,EUR,A,1977-07-25,0.862247,,A,F
"BIS,WS_XRU,1.0",D.XM.EUR.A,D,XM,EUR,A,1977-07-26,0.861415,,A,F
"BIS,WS_XRU,1.0",D.XM.EUR.A,D,XM,EUR,A,1977-07-27,0.863059,,A,F
"BIS,WS_XRU,1.0",D.XM.EUR.A,D,XM,EUR,A,1977-07-28,0.863908,,A,F
"BIS,WS_XRU,1.0",D.XM.EUR.A,D,XM,EUR,A,1977-07-29,0.869384,,A,F
"BIS,WS_XRU,1.0",D.XM.EUR.A,D,XM,EUR,A,1977-08-01,0.872676,,A,F
"BIS,WS_XRU,1.0",D.XM.EUR.A,D,XM,EUR,A,1977-08-02,0.870277,,A,F
"BIS,WS_XRU,1.0",D.XM.EUR.A,D,XM,EUR,A,1977-08-03,0.867882,,A,F
"BIS,WS_XRU,1.0",D.XM.EUR.A,D,XM,EUR,A,1977-08-04,0.869074,,A,F
"BIS,WS_XRU,1.0",D.XM.EUR.A,D,XM,EUR,A,1977-08-05,0.86989,,A,F
"BIS,WS_XRU,1.0",D.XM.EUR.A,D,XM,EUR,A,1977-08-08,0.872342,,A,F
"BIS,WS_XRU,1.0",D.XM.EUR.A,D,XM,EUR,A,1977-08-09,0.873836,,A,F
"BIS,WS_XRU,1.0",D.XM.EUR.A,D,XM,EUR,A,1977-08-10,0.874845,,A,F
"BIS,WS_XRU,1.0",D.XM.EUR.A,D,XM,EUR,A,1977-08-11,0.874707,,A,F
"BIS,WS_XRU,1.0",D.XM.EUR.A,D,XM,EUR,A,1977-08-12,0.877586,,A,F
"BIS,WS_XRU,1.0",D.XM.EUR.A,D,XM,EUR,A,1977-08-15,,,M,F
"BIS,WS_XRU,1.0",D.XM.EUR.A,D,XM,EUR,A,1977-08-16,0.880879,,A,F
"BIS,WS_XRU,1.0",D.XM.EUR.A,D,XM,EUR,A,1977-08-17,0.877462,,A,F
"BIS,WS_XRU,1.0",D.XM.EUR.A,D,XM,EUR,A,1977-08-18,0.879879,,A,F
"BIS,WS_XRU,1.0",D.XM.EUR.A,D,XM,EUR,A,1977-08-19,0.877285,,A,F
"BIS,WS_XRU,1.0",D.XM.EUR.A,D,XM,EUR,A,1977-08-22,0.875381,,A,F
"BIS,WS_XRU,1.0",D.XM.EUR.A,D,XM,EUR,A,1977-08-23,0.875741,,A,F
"BIS,WS_XRU,1.0",D.XM.EUR.A,D,XM,EUR,A,1977-08-24,0.873469,,A,F
"BIS,WS_XRU,1.0",D.XM.EUR.A,D,XM,EUR,A,1977-08-25,0.87392,,A,F
"BIS,WS_XRU,1.0",D.XM.EUR.A,D,XM,EUR,A,1977-08-26,0.874745,,A,F
"BIS,WS_XRU,1.0",D.XM.EUR.A,D,XM,EUR,A,1977-08-29,0.875189,,A,F
"BIS,WS_XRU,1.0",D.XM.EUR.A,D,XM,EUR,A,1977-08-30,0.878248,,A,F
"BIS,WS_XRU,1.0",D.XM.EUR.A,D,XM,EUR,A,1977-08-31,0.876978,,A,F
"BIS,WS_XRU,1.0",D.XM.EUR.A,D,XM,EUR,A,1977-09-01,0.876501,,A,F
"BIS,WS_XRU,1.0",D.XM.EUR.A,D,XM,EUR,A,1977-09-02,0.875695,,A,F
"BIS,WS_XRU,1.0",D.XM.EUR.A,D,XM,EUR,A,1977-09-05,0.877432,,A,F
"BIS,WS_XRU,1.0",D.XM.EUR.A,D,XM,EUR,A,1977-09-06,0.87794,,A,F
"BIS,WS_XRU,1.0",D.XM.EUR.A,D,XM,EUR,A,1977-09-07,0.876255,,A,F
"BIS,WS_XRU,1.0",D.XM.EUR.A,D,XM,EUR,A,1977-09-08,0.875994,,A,F
"BIS,WS_XRU,1.0",D.XM.EUR.A,D,XM,EUR,A,1977-09-09,0.879283,,A,F
"BIS,WS_XRU,1.0",D.XM.EUR.A,D,XM,EUR,A,1977-09-12,0.880042,,A,F
"BIS,WS_XRU,1.0",D.XM.EUR.A,D,XM,EUR,A,1977-09-13,0.879832,,A,F
"BIS,WS_XRU,1.0",D.XM.EUR.A,D,XM,EUR,A,1977-09-14,0.881096,,A,F
"BIS,WS_XRU,1.0",D.XM.EUR.A,D,XM,EUR,A,1977-09-15,0.879391,,A,F
"BIS,WS_XRU,1.0",D.XM.EUR.A,D,XM,EUR,A,1977-09-16,0.87899,,A,F
"BIS,WS_XRU,1.0",D.XM.EUR.A,D,XM,EUR,A,1977-09-19,0.878928,,A,F
"BIS,WS_XRU,1.0",D.XM.EUR.A,D,XM,EUR,A,1977-09-20,0.879167,,A,F
"BIS,WS_XRU,1.0",D.XM.EUR.A,D,XM,EUR,A,1977-09-21,0.878418,,A,F
"BIS,WS_XRU,1.0",D.XM.EUR.A,D,XM,EUR,A,1977-09-22,0.87838,,A,F
"BIS,WS_XRU,1.0",D.XM.EUR.A,D,XM,EUR,A,1977-09-23,0.880003,,A,F
"BIS,WS_XRU,1.0",D.XM.EUR.A,D,XM,EUR,A,1977-09-26,0.879407,,A,F
"BIS,WS_XRU,1.0",D.XM.EUR.A,D,XM,EUR,A,1977-09-27,0.880104,,A,F
"BIS,WS_XRU,1.0",D.XM.EUR.A,D,XM,EUR,A,1977-09-28,0.87967,,A,F
"BIS,WS_XRU,1.0",D.XM.EUR.A,D,XM,EUR,A,1977-09-29,0.877855,,A,F
"BIS,WS_XRU,1.0",D.XM.EUR.A,D,XM,EUR,A,1977-09-30,0.875021,,A,F
"BIS,WS_XRU,1.0",D.XM.EUR.A,D,XM,EUR,A,1977-10-03,0.869021,,A,F
"BIS,WS_XRU,1.0",D.XM.EUR.A,D,XM,EUR,A,1977-10-04,0.872205,,A,F
"BIS,WS_XRU,1.0",D.XM.EUR.A,D,XM,EUR,A,1977-10-05,0.873141,,A,F
"BIS,WS_XRU,1.0",D.XM.EUR.A,D,XM,EUR,A,1977-10-06,0.86915,,A,F
"BIS,WS_XRU,1.0",D.XM.EUR.A,D,XM,EUR,A,1977-10-07,0.869618,,A,F
"BIS,WS_XRU,1.0",D.XM.EUR.A,D,XM,EUR,A,1977-10-10,0.869543,,A,F
"BIS,WS_XRU,1.0",D.XM.EUR.A,D,XM,EUR,A,1977-10-11,0.871642,,A,F
"BIS,WS_XRU,1.0",D.XM.EUR.A,D,XM,EUR,A,1977-10-12,0.871422,,A,F
"BIS,WS_XRU,1.0",D.XM.EUR.A,D,XM,EUR,A,1977-10-13,0.867175,,A,F
"BIS,WS_XRU,1.0",D.XM.EUR.A,D,XM,EUR,A,1977-10-14,0.865853,,A,F
"BIS,WS_XRU,1.0",D.XM.EUR.A,D,XM,EUR,A,1977-10-17,0.862389,,A,F
"BIS,WS_XRU,1.0",D.XM.EUR.A,D,XM,EUR,A,1977-10-18,0.863968,,A,F
"BIS,WS_XRU,1.0",D.XM.EUR.A,D,XM,EUR,A,1977-10-19,0.862947,,A,F
"BIS,WS_XRU,1.0",D.XM.EUR.A,D,XM,EUR,A,1977-10-20,0.868131,,A,F
"BIS,WS_XRU,1.0",D.XM.EUR.A,D,XM,EUR,A,1977-10-21,0.865614,,A,F
"BIS,WS_XRU,1.0",D.XM.EUR.A,D,XM,EUR,A,1977-10-24,0.861772,,A,F
"BIS,WS_XRU,1.0",D.XM.EUR.A,D,XM,EUR,A,1977-10-25,0.862359,,A,F
"BIS,WS_XRU,1.0",D.XM.EUR.A,D,XM,EUR,A,1977-10-26,0.862835,,A,F
"BIS,WS_XRU,1.0",D.XM.EUR.A,D,XM,EUR,A,1977-10-27,0.862099,,A,F
"BIS,WS_XRU,1.0",D.XM.EUR.A,D,XM,EUR,A,1977-10-28,0.863453,,A,F
"BIS,WS_XRU,1.0",D.XM.EUR.A,D,XM,EUR,A,1977-10-31,0.857111,,A,F
"BIS,WS_XRU,1.0",D.XM.EUR.A,D,XM,EUR,A,1977-11-01,,,M,F
"BIS,WS_XRU,1.0",D.XM.EUR.A,D,XM,EUR,A,1977-11-02,0.853898,,A,F
"BIS,WS_XRU,1.0",D.XM.EUR.A,D,XM,EUR,A,1977-11-03,0.857001,,A,F
"BIS,WS_XRU,1.0",D.XM.EUR.A,D,XM,EUR,A,1977-11-04,0.860089,,A,F
"BIS,WS_XRU,1.0",D.XM.EUR.A,D,XM,EUR,A,1977-11-07,0.859949,,A,F
"BIS,WS_XRU,1.0",D.XM.EUR.A,D,XM,EUR,A,1977-11-08,0.86218,,A,F
"BIS,WS_XRU,1.0",D.XM.EUR.A,D,XM,EUR,A,1977-11-09,0.859018,,A,F
"BIS,WS_XRU,1.0",D.XM.EUR.A,D,XM,EUR,A,1977-11-10,0.861809,,A,F
"BIS,WS_XRU,1.0",D.XM.EUR.A,D,XM,EUR,A,1977-11-11,,,M,F
"BIS,WS_XRU,1.0",D.XM.EUR.A,D,XM,EUR,A,1977-11-14,0.85873,,A,F
"BIS,WS_XRU,1.0",D.XM.EUR.A,D,XM,EUR,A,1977-11-15,0.8589,,A,F
"BIS,WS_XRU,1.0",D.XM.EUR.A,D,XM,EUR,A,1977-11-16,0.858435,,A,F
"BIS,WS_XRU,1.0",D.XM.EUR.A,D,XM,EUR,A,1977-11-17,0.859542,,A,F
"BIS,WS_XRU,1.0",D.XM.EUR.A,D,XM,EUR,A,1977-11-18,0.857339,,A,F
"BIS,WS_XRU,1.0",D.XM.EUR.A,D,XM,EUR,A,1977-11-21,0.854986,,A,F
"BIS,WS_XRU,1.0",D.XM.EUR.A,D,XM,EUR,A,1977-11-22,0.856392,,A,F
"BIS,WS_XRU,1.0",D.XM.EUR.A,D,XM,EUR,A,1977-11-23,0.85438,,A,F
"BIS,WS_XRU,1.0",D.XM.EUR.A,D,XM,EUR,A,1977-11-24,0.85341,,A,F
"BIS,WS_XRU,1.0",D.XM.EUR.A,D,XM,EUR,A,1977-11-25,0.851767,,A,F
"BIS,WS_XRU,1.0",D.XM.EUR.A,D,XM,EUR,A,1977-11-28,0.853162,,A,F
"BIS,WS_XRU,1.0",D.XM.EUR.A,D,XM,EUR,A,1977-11-29,0.853424,,A,F
"BIS,WS_XRU,1.0",D.XM.EUR.A,D,XM,EUR,A,1977-11-30,0.855052,,A,F
"BIS,WS_XRU,1.0",D.XM.EUR.A,D,XM,EUR,A,1977-12-01,0.851796,,A,F
"BIS,WS_XRU,1.0",D.XM.EUR.A,D,XM,EUR,A,1977-12-02,0.848543,,A,F
"BIS,WS_XRU,1.0",D.XM.EUR.A,D,XM,EUR,A,1977-12-05,0.845073,,A,F
"BIS,WS_XRU,1.0",D.XM.EUR.A,D,XM,EUR,A,1977-12-06,0.838392,,A,F
"BIS,WS_XRU,1.0",D.XM.EUR.A,D,XM,EUR,A,1977-12-07,0.842531,,A,F
"BIS,WS_XRU,1.0",D.XM.EUR.A,D,XM,EUR,A,1977-12-08,0.842091,,A,F
"BIS,WS_XRU,1.0",D.XM.EUR.A,D,XM,EUR,A,1977-12-09,0.845981,,A,F
"BIS,WS_XRU,1.0",D.XM.EUR.A,D,XM,EUR,A,1977-12-12,0.843668,,A,F
"BIS,WS_XRU,1.0",D.XM.EUR.A,D,XM,EUR,A,1977-12-13,0.836981,,A,F
"BIS,WS_XRU,1.0",D.XM.EUR.A,D,XM,EUR,A,1977-12-14,0.826583,,A,F
"BIS,WS_XRU,1.0",D.XM.EUR.A,D,XM,EUR,A,1977-12-15,0.834592,,A,F
"BIS,WS_XRU,1.0",D.XM.EUR.A,D,XM,EUR,A,1977-12-16,0.832979,,A,F
"BIS,WS_XRU,1.0",D.XM.EUR.A,D,XM,EUR,A,1977-12-19,0.828651,,A,F
"BIS,WS_XRU,1.0",D.XM.EUR.A,D,XM,EUR,A,1977-12-20,0.820964,,A,F
"BIS,WS_XRU,1.0",D.XM.EUR.A,D,XM,EUR,A,1977-12-21,0.823961,,A,F
"BIS,WS_XRU,1.0",D.XM.EUR.A,D,XM,EUR,A,1977-12-22,0.834404,,A,F
"BIS,WS_XRU,1.0",D.XM.EUR.A,D,XM,EUR,A,1977-12-23,0.83042,,A,F
"BIS,WS_XRU,1.0",D.XM.EUR.A,D,XM,EUR,A,1977-12-26,,,M,F
"BIS,WS_XRU,1.0",D.XM.EUR.A,D,XM,EUR,A,1977-12-27,0.831684,,A,F
"BIS,WS_XRU,1.0",D.XM.EUR.A,D,XM,EUR,A,1977-12-28,0.818733,,A,F
"BIS,WS_XRU,1.0",D.XM.EUR.A,D,XM,EUR,A,1977-12-29,0.815102,,A,F
"BIS,WS_XRU,1.0",D.XM.EUR.A,D,XM,EUR,A,1977-12-30,0.816287,,A,F
"BIS,WS_XRU,1.0",D.XM.EUR.A,D,XM,EUR,A,1977-12-31,,,M,F
"BIS,WS_XRU,1.0",D.XM.EUR.A,D,XM,EUR,A,1978-01-01,,,M,F
"BIS,WS_XRU,1.0",D.XM.EUR.A,D,XM,EUR,A,1978-01-02,0.812117,,A,F
"BIS,WS_XRU,1.0",D.XM.EUR.A,D,XM,EUR,A,1978-01-03,0.807435,,A,F
"BIS,WS_XRU,1.0",D.XM.EUR.A,D,XM,EUR,A,1978-01-04,0.799776,,A,F
"BIS,WS_XRU,1.0",D.XM.EUR.A,D,XM,EUR,A,1978-01-05,0.824158,,A,F
"BIS,WS_XRU,1.0",D.XM.EUR.A,D,XM,EUR,A,1978-01-06,0.824627,,A,F
"BIS,WS_XRU,1.0",D.XM.EUR.A,D,XM,EUR,A,1978-01-09,0.824681,,A,F
"BIS,WS_XRU,1.0",D.XM.EUR.A,D,XM,EUR,A,1978-01-10,0.823154,,A,F
"BIS,WS_XRU,1.0",D.XM.EUR.A,D,XM,EUR,A,1978-01-11,0.816553,,A,F
"BIS,WS_XRU,1.0",D.XM.EUR.A,D,XM,EUR,A,1978-01-12,0.812348,,A,F
"BIS,WS_XRU,1.0",D.XM.EUR.A,D,XM,EUR,A,1978-01-13,0.81945,,A,F
"BIS,WS_XRU,1.0",D.XM.EUR.A,D,XM,EUR,A,1978-01-16,0.817241,,A,F
"BIS,WS_XRU,1.0",D.XM.EUR.A,D,XM,EUR,A,1978-01-17,0.819471,,A,F
"BIS,WS_XRU,1.0",D.XM.EUR.A,D,XM,EUR,A,1978-01-18,0.821841,,A,F
"BIS,WS_XRU,1.0",D.XM.EUR.A,D,XM,EUR,A,1978-01-19,0.819175,,A,F
"BIS,WS_XRU,1.0",D.XM.EUR.A,D,XM,EUR,A,1978-01-20,0.818163,,A,F
"BIS,WS_XRU,1.0",D.XM.EUR.A,D,XM,EUR,A,1978-01-23,0.81694,,A,F
"BIS,WS_XRU,1.0",D.XM.EUR.A,D,XM,EUR,A,1978-01-24,0.812546,,A,F
"BIS,WS_XRU,1.0",D.XM.EUR.A,D,XM,EUR,A,1978-01-25,0.81209,,A,F
"BIS,WS_XRU,1.0",D.XM.EUR.A,D,XM,EUR,A,1978-01-26,0.812341,,A,F
"BIS,WS_XRU,1.0",D.XM.EUR.A,D,XM,EUR,A,1978-01-27,0.81357,,A,F
"BIS,WS_XRU,1.0",D.XM.EUR.A,D,XM,EUR,A,1978-01-30,0.814624,,A,F
"BIS,WS_XRU,1.0",D.XM.EUR.A,D,XM,EUR,A,1978-01-31,0.813319,,A,F
"BIS,WS_XRU,1.0",D.XM.EUR.A,D,XM,EUR,A,1978-02-01,0.814332,,A,F
"BIS,WS_XRU,1.0",D.XM.EUR.A,D,XM,EUR,A,1978-02-02,0.817561,,A,F
"BIS,WS_XRU,1.0",D.XM.EUR.A,D,XM,EUR,A,1978-02-03,0.817929,,A,F
"BIS,WS_XRU,1.0",D.XM.EUR.A,D,XM,EUR,A,1978-02-06,0.819383,,A,F
"BIS,WS_XRU,1.0",D.XM.EUR.A,D,XM,EUR,A,1978-02-07,0.819518,,A,F
"BIS,WS_XRU,1.0",D.XM.EUR.A,D,XM,EUR,A,1978-02-08,0.818981,,A,F
"BIS,WS_XRU,1.0",D.XM.EUR.A,D,XM,EUR,A,1978-02-09,0.819209,,A,F
"BIS,WS_XRU,1.0",D.XM.EUR.A,D,XM,EUR,A,1978-02-10,0.819699,,A,F
"BIS,WS_XRU,1.0",D.XM.EUR.A,D,XM,EUR,A,1978-02-13,0.81622,,A,F
"BIS,WS_XRU,1.0",D.XM.EUR.A,D,XM,EUR,A,1978-02-14,0.811399,,A,F
"BIS,WS_XRU,1.0",D.XM.EUR.A,D,XM,EUR,A,1978-02-15,0.812929,,A,F
"BIS,WS_XRU,1.0",D.XM.EUR.A,D,XM,EUR,A,1978-02-16,0.810045,,A,F
"BIS,WS_XRU,1.0",D.XM.EUR.A,D,XM,EUR,A,1978-02-17,0.806335,,A,F
"BIS,WS_XRU,1.0",D.XM.EUR.A,D,XM,EUR,A,1978-02-20,0.801211,,A,F
"BIS,WS_XRU,1.0",D.XM.EUR.A,D,XM,EUR,A,1978-02-21,0.803226,,A,F
"BIS,WS_XRU,1.0",D.XM.EUR.A,D,XM,EUR,A,1978-02-22,0.802542,,A,F
"BIS,WS_XRU,1.0",D.XM.EUR.A,D,XM,EUR,A,1978-02-23,0.796597,,A,F
"BIS,WS_XRU,1.0",D.XM.EUR.A,D,XM,EUR,A,1978-02-24,0.794351,,A,F
"BIS,WS_XRU,1.0",D.XM.EUR.A,D,XM,EUR,A,1978-02-27,0.801436,,A,F
"BIS,WS_XRU,1.0",D.XM.EUR.A,D,XM,EUR,A,1978-02-28,0.798416,,A,F
"BIS,WS_XRU,1.0",D.XM.EUR.A,D,XM,EUR,A,1978-03-01,0.787154,,A,F
"BIS,WS_XRU,1.0",D.XM.EUR.A,D,XM,EUR,A,1978-03-02,0.78964,,A,F
"BIS,WS_XRU,1.0",D.XM.EUR.A,D,XM,EUR,A,1978-03-03,0.79294,,A,F
"BIS,WS_XRU,1.0",D.XM.EUR.A,D,XM,EUR,A,1978-03-06,0.798123,,A,F
"BIS,WS_XRU,1.0",D.XM.EUR.A,D,XM,EUR,A,1978-03-07,0.799162,,A,F
"BIS,WS_XRU,1.0",D.XM.EUR.A,D,XM,EUR,A,1978-03-08,0.793059,,A,F
"BIS,WS_XRU,1.0",D.XM.EUR.A,D,XM,EUR,A,1978-03-09,0.800205,,A,F
"BIS,WS_XRU,1.0",D.XM.EUR.A,D,XM,EUR,A,1978-03-10,0.810675,,A,F
"BIS,WS_XRU,1.0",D.XM.EUR.A,D,XM,EUR,A,1978-03-13,0.81367,,A,F
"BIS,WS_XRU,1.0",D.XM.EUR.A,D,XM,EUR,A,1978-03-14,0.804428,,A,F
"BIS,WS_XRU,1.0",D.XM.EUR.A,D,XM,EUR,A,1978-03-15,0.804441,,A,F
"BIS,WS_XRU,1.0",D.XM.EUR.A,D,XM,EUR,A,1978-03-16,0.79762,,A,F
"BIS,WS_XRU,1.0",D.XM.EUR.A,D,XM,EUR,A,1978-03-17,0.796591,,A,F
"BIS,WS_XRU,1.0",D.XM.EUR.A,D,XM,EUR,A,1978-03-20,0.797709,,A,F
"BIS,WS_XRU,1.0",D.XM.EUR.A,D,XM,EUR,A,1978-03-21,0.800833,,A,F
"BIS,WS_XRU,1.0",D.XM.EUR.A,D,XM,EUR,A,1978-03-22,0.800083,,A,F
"BIS,WS_XRU,1.0",D.XM.EUR.A,D,XM,EUR,A,1978-03-23,0.797524,,A,F
"BIS,WS_XRU,1.0",D.XM.EUR.A,D,XM,EUR,A,1978-03-24,,,M,F
"BIS,WS_XRU,1.0",D.XM.EUR.A,D,XM,EUR,A,1978-03-27,,,M,F
"BIS,WS_XRU,1.0",D.XM.EUR.A,D,XM,EUR,A,1978-03-28,0.795286,,A,F
"BIS,WS_XRU,1.0",D.XM.EUR.A,D,XM,EUR,A,1978-03-29,0.794464,,A,F
"BIS,WS_XRU,1.0",D.XM.EUR.A,D,XM,EUR,A,1978-03-30,0.796553,,A,F
"BIS,WS_XRU,1.0",D.XM.EUR.A,D,XM,EUR,A,1978-03-31,0.794098,,A,F
"BIS,WS_XRU,1.0",D.XM.EUR.A,D,XM,EUR,A,1978-04-03,0.786479,,A,F
"BIS,WS_XRU,1.0",D.XM.EUR.A,D,XM,EUR,A,1978-04-04,0.789191,,A,F
"BIS,WS_XRU,1.0",D.XM.EUR.A,D,XM,EUR,A,1978-04-05,0.794635,,A,F
"BIS,WS_XRU,1.0",D.XM.EUR.A,D,XM,EUR,A,1978-04-06,0.790739,,A,F
"BIS,WS_XRU,1.0",D.XM.EUR.A,D,XM,EUR,A,1978-04-07,0.792537,,A,F
"BIS,WS_XRU,1.0",D.XM.EUR.A,D,XM,EUR,A,1978-04-10,0.789459,,A,F
"BIS,WS_XRU,1.0",D.XM.EUR.A,D,XM,EUR,A,1978-04-11,0.789272,,A,F
"BIS,WS_XRU,1.0",D.XM.EUR.A,D,XM,EUR,A,1978-04-12,0.789397,,A,F
"BIS,WS_XRU,1.0",D.XM.EUR.A,D,XM,EUR,A,1978-04-13,0.791465,,A,F
"BIS,WS_XRU,1.0",D.XM.EUR.A,D,XM,EUR,A,1978-04-14,0.796908,,A,F
"BIS,WS_XRU,1.0",D.XM.EUR.A,D,XM,EUR,A,1978-04-17,0.799546,,A,F
"BIS,WS_XRU,1.0",D.XM.EUR.A,D,XM,EUR,A,1978-04-18,0.80311,,A,F
"BIS,WS_XRU,1.0",D.XM.EUR.A,D,XM,EUR,A,1978-04-19,0.800339,,A,F
"BIS,WS_XRU,1.0",D.XM.EUR.A,D,XM,EUR,A,1978-04-20,0.806712,,A,F
"BIS,WS_XRU,1.0",D.XM.EUR.A,D,XM,EUR,A,1978-04-21,0.810872,,A,F
"BIS,WS_XRU,1.0",D.XM.EUR.A,D,XM,EUR,A,1978-04-24,0.813213,,A,F
"BIS,WS_XRU,1.0",D.XM.EUR.A,D,XM,EUR,A,1978-04-25,0.811998,,A,F
"BIS,WS_XRU,1.0",D.XM.EUR.A,D,XM,EUR,A,1978-04-26,0.811234,,A,F
"BIS,WS_XRU,1.0",D.XM.EUR.A,D,XM,EUR,A,1978-04-27,0.808806,,A,F
"BIS,WS_XRU,1.0",D.XM.EUR.A,D,XM,EUR,A,1978-04-28,,,M,F
"BIS,WS_XRU,1.0",D.XM.EUR.A,D,XM,EUR,A,1978-05-01,,,M,F
"BIS,WS_XRU,1.0",D.XM.EUR.A,D,XM,EUR,A,1978-05-02,0.809992,,A,F
"BIS,WS_XRU,1.0",D.XM.EUR.A,D,XM,EUR,A,1978-05-03,0.810438,,A,F
"BIS,WS_XRU,1.0",D.XM.EUR.A,D,XM,EUR,A,1978-05-04,,,M,F
"BIS,WS_XRU,1.0",D.XM.EUR.A,D,XM,EUR,A,1978-05-05,0.808336,,A,F
"BIS,WS_XRU,1.0",D.XM.EUR.A,D,XM,EUR,A,1978-05-08,0.813273,,A,F
"BIS,WS_XRU,1.0",D.XM.EUR.A,D,XM,EUR,A,1978-05-09,0.817054,,A,F
"BIS,WS_XRU,1.0",D.XM.EUR.A,D,XM,EUR,A,1978-05-10,0.815375,,A,F
"BIS,WS_XRU,1.0",D.XM.EUR.A,D,XM,EUR,A,1978-05-11,0.814657,,A,F
"BIS,WS_XRU,1.0",D.XM.EUR.A,D,XM,EUR,A,1978-05-12,0.819209,,A,F
"BIS,WS_XRU,1.0",D.XM.EUR.A,D,XM,EUR,A,1978-05-15,,,M,F
"BIS,WS_XRU,1.0",D.XM.EUR.A,D,XM,EUR,A,1978-05-16,0.823615,,A,F
"BIS,WS_XRU,1.0",D.XM.EUR.A,D,XM,EUR,A,1978-05-17,0.825777,,A,F
"BIS,WS_XRU,1.0",D.XM.EUR.A,D,XM,EUR,A,1978-05-18,0.823133,,A,F
"BIS,WS_XRU,1.0",D.XM.EUR.A,D,XM,EUR,A,1978-05-19,0.821274,,A,F
"BIS,WS_XRU,1.0",D.XM.EUR.A,D,XM,EUR,A,1978-05-22,0.826802,,A,F
"BIS,WS_XRU,1.0",D.XM.EUR.A,D,XM,EUR,A,1978-05-23,0.824056,,A,F
"BIS,WS_XRU,1.0",D.XM.EUR.A,D,XM,EUR,A,1978-05-24,0.825219,,A,F
"BIS,WS_XRU,1.0",D.XM.EUR.A,D,XM,EUR,A,1978-05-25,0.824838,,A,F
"BIS,WS_XRU,1.0",D.XM.EUR.A,D,XM,EUR,A,1978-05-26,0.82394,,A,F
"BIS,WS_XRU,1.0",D.XM.EUR.A,D,XM,EUR,A,1978-05-29,0.820197,,A,F
"BIS,WS_XRU,1.0",D.XM.EUR.A,D,XM,EUR,A,1978-05-30,0.819316,,A,F
"BIS,WS_XRU,1.0",D.XM.EUR.A,D,XM,EUR,A,1978-05-31,0.816207,,A,F
"BIS,WS_XRU,1.0",D.XM.EUR.A,D,XM,EUR,A,1978-06-01,0.811451,,A,F
"BIS,WS_XRU,1.0",D.XM.EUR.A,D,XM,EUR,A,1978-06-02,0.810958,,A,F
"BIS,WS_XRU,1.0",D.XM.EUR.A,D,XM,EUR,A,1978-06-05,0.810636,,A,F
"BIS,WS_XRU,1.0",D.XM.EUR.A,D,XM,EUR,A,1978-06-06,0.81359,,A,F
"BIS,WS_XRU,1.0",D.XM.EUR.A,D,XM,EUR,A,1978-06-07,0.813028,,A,F
"BIS,WS_XRU,1.0",D.XM.EUR.A,D,XM,EUR,A,1978-06-08,0.811385,,A,F
"BIS,WS_XRU,1.0",D.XM.EUR.A,D,XM,EUR,A,1978-06-09,0.813504,,A,F
"BIS,WS_XRU,1.0",D.XM.EUR.A,D,XM,EUR,A,1978-06-12,0.810379,,A,F
"BIS,WS_XRU,1.0",D.XM.EUR.A,D,XM,EUR,A,1978-06-13,0.809389,,A,F
"BIS,WS_XRU,1.0",D.XM.EUR.A,D,XM,EUR,A,1978-06-14,0.810583,,A,F
"BIS,WS_XRU,1.0",D.XM.EUR.A,D,XM,EUR,A,1978-06-15,0.813273,,A,F
"BIS,WS_XRU,1.0",D.XM.EUR.A,D,XM,EUR,A,1978-06-16,0.815022,,A,F
"BIS,WS_XRU,1.0",D.XM.EUR.A,D,XM,EUR,A,1978-06-19,0.811899,,A,F
"BIS,WS_XRU,1.0",D.XM.EUR.A,D,XM,EUR,A,1978-06-20,0.809815,,A,F
"BIS,WS_XRU,1.0",D.XM.EUR.A,D,XM,EUR,A,1978-06-21,0.808512,,A,F
"BIS,WS_XRU,1.0",D.XM.EUR.A,D,XM,EUR,A,1978-06-22,0.808715,,A,F
"BIS,WS_XRU,1.0",D.XM.EUR.A,D,XM,EUR,A,1978-06-23,0.808819,,A,F
"BIS,WS_XRU,1.0",D.XM.EUR.A,D,XM,EUR,A,1978-06-26,0.806705,,A,F
"BIS,WS_XRU,1.0",D.XM.EUR.A,D,XM,EUR,A,1978-06-27,0.807409,,A,F
"BIS,WS_XRU,1.0",D.XM.EUR.A,D,XM,EUR,A,1978-06-28,0.804602,,A,F
"BIS,WS_XRU,1.0",D.XM.EUR.A,D,XM,EUR,A,1978-06-29,0.806159,,A,F
"BIS,WS_XRU,1.0",D.XM.EUR.A,D,XM,EUR,A,1978-06-30,0.803781,,A,F
"BIS,WS_XRU,1.0",D.XM.EUR.A,D,XM,EUR,A,1978-07-03,0.801983,,A,F
"BIS,WS_XRU,1.0",D.XM.EUR.A,D,XM,EUR,A,1978-07-04,0.795444,,A,F
"BIS,WS_XRU,1.0",D.XM.EUR.A,D,XM,EUR,A,1978-07-05,0.796178,,A,F
"BIS,WS_XRU,1.0",D.XM.EUR.A,D,XM,EUR,A,1978-07-06,0.797505,,A,F
"BIS,WS_XRU,1.0",D.XM.EUR.A,D,XM,EUR,A,1978-07-07,0.800474,,A,F
"BIS,WS_XRU,1.0",D.XM.EUR.A,D,XM,EUR,A,1978-07-10,0.791728,,A,F
"BIS,WS_XRU,1.0",D.XM.EUR.A,D,XM,EUR,A,1978-07-11,0.793878,,A,F
"BIS,WS_XRU,1.0",D.XM.EUR.A,D,XM,EUR,A,1978-07-12,0.797455,,A,F
"BIS,WS_XRU,1.0",D.XM.EUR.A,D,XM,EUR,A,1978-07-13,0.793405,,A,F
"BIS,WS_XRU,1.0",D.XM.EUR.A,D,XM,EUR,A,1978-07-14,0.795494,,A,F
"BIS,WS_XRU,1.0",D.XM.EUR.A,D,XM,EUR,A,1978-07-17,0.79769,,A,F
"BIS,WS_XRU,1.0",D.XM.EUR.A,D,XM,EUR,A,1978-07-18,0.798862,,A,F
"BIS,WS_XRU,1.0",D.XM.EUR.A,D,XM,EUR,A,1978-07-19,0.798002,,A,F
"BIS,WS_XRU,1.0",D.XM.EUR.A,D,XM,EUR,A,1978-07-20,0.796921,,A,F
"BIS,WS_XRU,1.0",D.XM.EUR.A,D,XM,EUR,A,1978-07-21,,,M,F
"BIS,WS_XRU,1.0",D.XM.EUR.A,D,XM,EUR,A,1978-07-24,0.787061,,A,F
"BIS,WS_XRU,1.0",D.XM.EUR.A,D,XM,EUR,A,1978-07-25,0.789721,,A,F
"BIS,WS_XRU,1.0",D.XM.EUR.A,D,XM,EUR,A,1978-07-26,0.791233,,A,F
"BIS,WS_XRU,1.0",D.XM.EUR.A,D,XM,EUR,A,1978-07-27,0.79355,,A,F
"BIS,WS_XRU,1.0",D.XM.EUR.A,D,XM,EUR,A,1978-07-28,0.79164,,A,F
"BIS,WS_XRU,1.0",D.XM.EUR.A,D,XM,EUR,A,1978-07-31,0.786968,,A,F
"BIS,WS_XRU,1.0",D.XM.EUR.A,D,XM,EUR,A,1978-08-01,0.784554,,A,F
"BIS,WS_XRU,1.0",D.XM.EUR.A,D,XM,EUR,A,1978-08-02,0.788787,,A,F
"BIS,WS_XRU,1.0",D.XM.EUR.A,D,XM,EUR,A,1978-08-03,0.786615,,A,F
"BIS,WS_XRU,1.0",D.XM.EUR.A,D,XM,EUR,A,1978-08-04,0.784708,,A,F
"BIS,WS_XRU,1.0",D.XM.EUR.A,D,XM,EUR,A,1978-08-07,0.781629,,A,F
"BIS,WS_XRU,1.0",D.XM.EUR.A,D,XM,EUR,A,1978-08-08,0.776156,,A,F
"BIS,WS_XRU,1.0",D.XM.EUR.A,D,XM,EUR,A,1978-08-09,0.770654,,A,F
"BIS,WS_XRU,1.0",D.XM.EUR.A,D,XM,EUR,A,1978-08-10,0.772481,,A,F
"BIS,WS_XRU,1.0",D.XM.EUR.A,D,XM,EUR,A,1978-08-11,0.766119,,A,F
"BIS,WS_XRU,1.0",D.XM.EUR.A,D,XM,EUR,A,1978-08-14,,,M,F
"BIS,WS_XRU,1.0",D.XM.EUR.A,D,XM,EUR,A,1978-08-15,,,M,F
"BIS,WS_XRU,1.0",D.XM.EUR.A,D,XM,EUR,A,1978-08-16,0.758449,,A,F
"BIS,WS_XRU,1.0",D.XM.EUR.A,D,XM,EUR,A,1978-08-17,0.771242,,A,F
"BIS,WS_XRU,1.0",D.XM.EUR.A,D,XM,EUR,A,1978-08-18,0.765492,,A,F
"BIS,WS_XRU,1.0",D.XM.EUR.A,D,XM,EUR,A,1978-08-21,0.783226,,A,F
"BIS,WS_XRU,1.0",D.XM.EUR.A,D,XM,EUR,A,1978-08-22,0.777001,,A,F
"BIS,WS_XRU,1.0",D.XM.EUR.A,D,XM,EUR,A,1978-08-23,0.784394,,A,F
"BIS,WS_XRU,1.0",D.XM.EUR.A,D,XM,EUR,A,1978-08-24,0.780689,,A,F
"BIS,WS_XRU,1.0",D.XM.EUR.A,D,XM,EUR,A,1978-08-25,0.784412,,A,F
"BIS,WS_XRU,1.0",D.XM.EUR.A,D,XM,EUR,A,1978-08-28,0.783263,,A,F
"BIS,WS_XRU,1.0",D.XM.EUR.A,D,XM,EUR,A,1978-08-29,0.786312,,A,F
"BIS,WS_XRU,1.0",D.XM.EUR.A,D,XM,EUR,A,1978-08-30,0.773162,,A,F
"BIS,WS_XRU,1.0",D.XM.EUR.A,D,XM,EUR,A,1978-08-31,0.773814,,A,F
"BIS,WS_XRU,1.0",D.XM.EUR.A,D,XM,EUR,A,1978-09-01,0.774048,,A,F
"BIS,WS_XRU,1.0",D.XM.EUR.A,D,XM,EUR,A,1978-09-04,0.768533,,A,F
"BIS,WS_XRU,1.0",D.XM.EUR.A,D,XM,EUR,A,1978-09-05,0.770891,,A,F
"BIS,WS_XRU,1.0",D.XM.EUR.A,D,XM,EUR,A,1978-09-06,0.773455,,A,F
"BIS,WS_XRU,1.0",D.XM.EUR.A,D,XM,EUR,A,1978-09-07,0.775464,,A,F
"BIS,WS_XRU,1.0",D.XM.EUR.A,D,XM,EUR,A,1978-09-08,0.776422,,A,F
"BIS,WS_XRU,1.0",D.XM.EUR.A,D,XM,EUR,A,1978-09-11,0.781549,,A,F
"BIS,WS_XRU,1.0",D.XM.EUR.A,D,XM,EUR,A,1978-09-12,0.776723,,A,F
"BIS,WS_XRU,1.0",D.XM.EUR.A,D,XM,EUR,A,1978-09-13,0.776199,,A,F
"BIS,WS_XRU,1.0",D.XM.EUR.A,D,XM,EUR,A,1978-09-14,0.770386,,A,F
"BIS,WS_XRU,1.0",D.XM.EUR.A,D,XM,EUR,A,1978-09-15,0.770737,,A,F
"BIS,WS_XRU,1.0",D.XM.EUR.A,D,XM,EUR,A,1978-09-18,0.774503,,A,F
"BIS,WS_XRU,1.0",D.XM.EUR.A,D,XM,EUR,A,1978-09-19,0.770327,,A,F
"BIS,WS_XRU,1.0",D.XM.EUR.A,D,XM,EUR,A,1978-09-20,0.765644,,A,F
"BIS,WS_XRU,1.0",D.XM.EUR.A,D,XM,EUR,A,1978-09-21,0.762875,,A,F
"BIS,WS_XRU,1.0",D.XM.EUR.A,D,XM,EUR,A,1978-09-22,0.766818,,A,F
"BIS,WS_XRU,1.0",D.XM.EUR.A,D,XM,EUR,A,1978-09-25,0.764918,,A,F
"BIS,WS_XRU,1.0",D.XM.EUR.A,D,XM,EUR,A,1978-09-26,0.758961,,A,F
"BIS,WS_XRU,1.0",D.XM.EUR.A,D,XM,EUR,A,1978-09-27,0.760983,,A,F
"BIS,WS_XRU,1.0",D.XM.EUR.A,D,XM,EUR,A,1978-09-28,0.762213,,A,F
"BIS,WS_XRU,1.0",D.XM.EUR.A,D,XM,EUR,A,1978-09-29,0.759919,,A,F
"BIS,WS_XRU,1.0",D.XM.EUR.A,D,XM,EUR,A,1978-10-02,0.758852,,A,F
"BIS,WS_XRU,1.0",D.XM.EUR.A,D,XM,EUR,A,1978-10-03,0.757358,,A,F
"BIS,WS_XRU,1.0",D.XM.EUR.A,D,XM,EUR,A,1978-10-04,0.748117,,A,F
"BIS,WS_XRU,1.0",D.XM.EUR.A,D,XM,EUR,A,1978-10-05,0.748105,,A,F
"BIS,WS_XRU,1.0",D.XM.EUR.A,D,XM,EUR,A,1978-10-06,0.751535,,A,F
"BIS,WS_XRU,1.0",D.XM.EUR.A,D,XM,EUR,A,1978-10-09,0.749957,,A,F
"BIS,WS_XRU,1.0",D.XM.EUR.A,D,XM,EUR,A,1978-10-10,0.749653,,A,F
"BIS,WS_XRU,1.0",D.XM.EUR.A,D,XM,EUR,A,1978-10-11,0.744142,,A,F
"BIS,WS_XRU,1.0",D.XM.EUR.A,D,XM,EUR,A,1978-10-12,0.7393,,A,F
"BIS,WS_XRU,1.0",D.XM.EUR.A,D,XM,EUR,A,1978-10-13,0.738738,,A,F
"BIS,WS_XRU,1.0",D.XM.EUR.A,D,XM,EUR,A,1978-10-16,0.743097,,A,F
"BIS,WS_XRU,1.0",D.XM.EUR.A,D,XM,EUR,A,1978-10-17,0.734171,,A,F
"BIS,WS_XRU,1.0",D.XM.EUR.A,D,XM,EUR,A,1978-10-18,0.73116,,A,F
"BIS,WS_XRU,1.0",D.XM.EUR.A,D,XM,EUR,A,1978-10-19,0.736128,,A,F
"BIS,WS_XRU,1.0",D.XM.EUR.A,D,XM,EUR,A,1978-10-20,0.728062,,A,F
"BIS,WS_XRU,1.0",D.XM.EUR.A,D,XM,EUR,A,1978-10-23,0.722726,,A,F
"BIS,WS_XRU,1.0",D.XM.EUR.A,D,XM,EUR,A,1978-10-24,0.726153,,A,F
"BIS,WS_XRU,1.0",D.XM.EUR.A,D,XM,EUR,A,1978-10-25,0.715006,,A,F
"BIS,WS_XRU,1.0",D.XM.EUR.A,D,XM,EUR,A,1978-10-26,0.706879,,A,F
"BIS,WS_XRU,1.0",D.XM.EUR.A,D,XM,EUR,A,1978-10-27,0.704463,,A,F
"BIS,WS_XRU,1.0",D.XM.EUR.A,D,XM,EUR,A,1978-10-30,0.69163,,A,F
"BIS,WS_XRU,1.0",D.XM.EUR.A,D,XM,EUR,A,1978-10-31,0.692391,,A,F
"BIS,WS_XRU,1.0",D.XM.EUR.A,D,XM,EUR,A,1978-11-01,,,M,F
"BIS,WS_XRU,1.0",D.XM.EUR.A,D,XM,EUR,A,1978-11-02,0.738754,,A,F
"BIS,WS_XRU,1.0",D.XM.EUR.A,D,XM,EUR,A,1978-11-03,0.747446,,A,F
"BIS,WS_XRU,1.0",D.XM.EUR.A,D,XM,EUR,A,1978-11-06,0.753773,,A,F
"BIS,WS_XRU,1.0",D.XM.EUR.A,D,XM,EUR,A,1978-11-07,0.750655,,A,F
"BIS,WS_XRU,1.0",D.XM.EUR.A,D,XM,EUR,A,1978-11-08,0.743445,,A,F
"BIS,WS_XRU,1.0",D.XM.EUR.A,D,XM,EUR,A,1978-11-09,0.745707,,A,F
"BIS,WS_XRU,1.0",D.XM.EUR.A,D,XM,EUR,A,1978-11-10,0.748834,,A,F
"BIS,WS_XRU,1.0",D.XM.EUR.A,D,XM,EUR,A,1978-11-13,0.74824,,A,F
"BIS,WS_XRU,1.0",D.XM.EUR.A,D,XM,EUR,A,1978-11-14,0.748609,,A,F
"BIS,WS_XRU,1.0",D.XM.EUR.A,D,XM,EUR,A,1978-11-15,0.751546,,A,F
"BIS,WS_XRU,1.0",D.XM.EUR.A,D,XM,EUR,A,1978-11-16,0.755133,,A,F
"BIS,WS_XRU,1.0",D.XM.EUR.A,D,XM,EUR,A,1978-11-17,0.760422,,A,F
"BIS,WS_XRU,1.0",D.XM.EUR.A,D,XM,EUR,A,1978-11-20,0.769172,,A,F
"BIS,WS_XRU,1.0",D.XM.EUR.A,D,XM,EUR,A,1978-11-21,0.765767,,A,F
"BIS,WS_XRU,1.0",D.XM.EUR.A,D,XM,EUR,A,1978-11-22,0.76514,,A,F
"BIS,WS_XRU,1.0",D.XM.EUR.A,D,XM,EUR,A,1978-11-23,0.761249,,A,F
"BIS,WS_XRU,1.0",D.XM.EUR.A,D,XM,EUR,A,1978-11-24,0.763545,,A,F
"BIS,WS_XRU,1.0",D.XM.EUR.A,D,XM,EUR,A,1978-11-27,0.766995,,A,F
"BIS,WS_XRU,1.0",D.XM.EUR.A,D,XM,EUR,A,1978-11-28,0.766577,,A,F
"BIS,WS_XRU,1.0",D.XM.EUR.A,D,XM,EUR,A,1978-11-29,0.764871,,A,F
"BIS,WS_XRU,1.0",D.XM.EUR.A,D,XM,EUR,A,1978-11-30,0.763102,,A,F
"BIS,WS_XRU,1.0",D.XM.EUR.A,D,XM,EUR,A,1978-12-01,0.769059,,A,F
"BIS,WS_XRU,1.0",D.XM.EUR.A,D,XM,EUR,A,1978-12-04,0.765497,,A,F
"BIS,WS_XRU,1.0",D.XM.EUR.A,D,XM,EUR,A,1978-12-05,0.766272,,A,F
"BIS,WS_XRU,1.0",D.XM.EUR.A,D,XM,EUR,A,1978-12-06,0.762364,,A,F
"BIS,WS_XRU,1.0",D.XM.EUR.A,D,XM,EUR,A,1978-12-07,0.761458,,A,F
"BIS,WS_XRU,1.0",D.XM.EUR.A,D,XM,EUR,A,1978-12-08,0.761603,,A,F
"BIS,WS_XRU,1.0",D.XM.EUR.A,D,XM,EUR,A,1978-12-11,0.756355,,A,F
"BIS,WS_XRU,1.0",D.XM.EUR.A,D,XM,EUR,A,1978-12-12,0.756058,,A,F
"BIS,WS_XRU,1.0",D.XM.EUR.A,D,XM,EUR,A,1978-12-13,0.758564,,A,F
"BIS,WS_XRU,1.0",D.XM.EUR.A,D,XM,EUR,A,1978-12-14,0.756836,,A,F
"BIS,WS_XRU,1.0",D.XM.EUR.A,D,XM,EUR,A,1978-12-15,0.753727,,A,F
"BIS,WS_XRU,1.0",D.XM.EUR.A,D,XM,EUR,A,1978-12-18,0.739574,,A,F
"BIS,WS_XRU,1.0",D.XM.EUR.A,D,XM,EUR,A,1978-12-19,0.732327,,A,F
"BIS,WS_XRU,1.0",D.XM.EUR.A,D,XM,EUR,A,1978-12-20,0.731454,,A,F
"BIS,WS_XRU,1.0",D.XM.EUR.A,D,XM,EUR,A,1978-12-21,0.742418,,A,F
"BIS,WS_XRU,1.0",D.XM.EUR.A,D,XM,EUR,A,1978-12-22,0.740171,,A,F
"BIS,WS_XRU,1.0",D.XM.EUR.A,D,XM,EUR,A,1978-12-25,,,M,F
"BIS,WS_XRU,1.0",D.XM.EUR.A,D,XM,EUR,A,1978-12-26,,,M,F
"BIS,WS_XRU,1.0",D.XM.EUR.A,D,XM,EUR,A,1978-12-27,0.730466,,A,F
"BIS,WS_XRU,1.0",D.XM.EUR.A,D,XM,EUR,A,1978-12-28,0.725832,,A,F
"BIS,WS_XRU,1.0",D.XM.EUR.A,D,XM,EUR,A,1978-12-29,0.72628,,A,F
"BIS,WS_XRU,1.0",D.XM.EUR.A,D,XM,EUR,A,1979-01-01,,,M,F
"BIS,WS_XRU,1.0",D.XM.EUR.A,D,XM,EUR,A,1979-01-02,0.720487,,A,F
"BIS,WS_XRU,1.0",D.XM.EUR.A,D,XM,EUR,A,1979-01-03,0.734279,,A,F
"BIS,WS_XRU,1.0",D.XM.EUR.A,D,XM,EUR,A,1979-01-04,0.737121,,A,F
"BIS,WS_XRU,1.0",D.XM.EUR.A,D,XM,EUR,A,1979-01-05,0.735262,,A,F
"BIS,WS_XRU,1.0",D.XM.EUR.A,D,XM,EUR,A,1979-01-08,0.732762,,A,F
"BIS,WS_XRU,1.0",D.XM.EUR.A,D,XM,EUR,A,1979-01-09,0.73259,,A,F
"BIS,WS_XRU,1.0",D.XM.EUR.A,D,XM,EUR,A,1979-01-10,0.738291,,A,F
"BIS,WS_XRU,1.0",D.XM.EUR.A,D,XM,EUR,A,1979-01-11,0.736735,,A,F
"BIS,WS_XRU,1.0",D.XM.EUR.A,D,XM,EUR,A,1979-01-12,0.741873,,A,F
"BIS,WS_XRU,1.0",D.XM.EUR.A,D,XM,EUR,A,1979-01-15,0.742286,,A,F
"BIS,WS_XRU,1.0",D.XM.EUR.A,D,XM,EUR,A,1979-01-16,0.738629,,A,F
"BIS,WS_XRU,1.0",D.XM.EUR.A,D,XM,EUR,A,1979-01-17,0.731872,,A,F
"BIS,WS_XRU,1.0",D.XM.EUR.A,D,XM,EUR,A,1979-01-18,0.733902,,A,F
"BIS,WS_XRU,1.0",D.XM.EUR.A,D,XM,EUR,A,1979-01-19,0.733208,,A,F
"BIS,WS_XRU,1.0",D.XM.EUR.A,D,XM,EUR,A,1979-01-22,0.734511,,A,F
"BIS,WS_XRU,1.0",D.XM.EUR.A,D,XM,EUR,A,1979-01-23,0.735884,,A,F
"BIS,WS_XRU,1.0",D.XM.EUR.A,D,XM,EUR,A,1979-01-24,0.736941,,A,F
"BIS,WS_XRU,1.0",D.XM.EUR.A,D,XM,EUR,A,1979-01-25,0.739908,,A,F
"BIS,WS_XRU,1.0",D.XM.EUR.A,D,XM,EUR,A,1979-01-26,0.737915,,A,F
"BIS,WS_XRU,1.0",D.XM.EUR.A,D,XM,EUR,A,1979-01-29,0.74173,,A,F
"BIS,WS_XRU,1.0",D.XM.EUR.A,D,XM,EUR,A,1979-01-30,0.74005,,A,F
"BIS,WS_XRU,1.0",D.XM.EUR.A,D,XM,EUR,A,1979-01-31,0.740829,,A,F
"BIS,WS_XRU,1.0",D.XM.EUR.A,D,XM,EUR,A,1979-02-01,0.746603,,A,F
"BIS,WS_XRU,1.0",D.XM.EUR.A,D,XM,EUR,A,1979-02-02,0.750323,,A,F
"BIS,WS_XRU,1.0",D.XM.EUR.A,D,XM,EUR,A,1979-02-05,0.744629,,A,F
"BIS,WS_XRU,1.0",D.XM.EUR.A,D,XM,EUR,A,1979-02-06,0.741482,,A,F
"BIS,WS_XRU,1.0",D.XM.EUR.A,D,XM,EUR,A,1979-02-07,0.735857,,A,F
"BIS,WS_XRU,1.0",D.XM.EUR.A,D,XM,EUR,A,1979-02-08,0.734673,,A,F
"BIS,WS_XRU,1.0",D.XM.EUR.A,D,XM,EUR,A,1979-02-09,0.736659,,A,F
"BIS,WS_XRU,1.0",D.XM.EUR.A,D,XM,EUR,A,1979-02-12,0.736317,,A,F
"BIS,WS_XRU,1.0",D.XM.EUR.A,D,XM,EUR,A,1979-02-13,0.743229,,A,F
"BIS,WS_XRU,1.0",D.XM.EUR.A,D,XM,EUR,A,1979-02-14,0.740576,,A,F
"BIS,WS_XRU,1.0",D.XM.EUR.A,D,XM,EUR,A,1979-02-15,0.73993,,A,F
"BIS,WS_XRU,1.0",D.XM.EUR.A,D,XM,EUR,A,1979-02-16,0.739311,,A,F
"BIS,WS_XRU,1.0",D.XM.EUR.A,D,XM,EUR,A,1979-02-19,0.739568,,A,F
"BIS,WS_XRU,1.0",D.XM.EUR.A,D,XM,EUR,A,1979-02-20,0.740708,,A,F
"BIS,WS_XRU,1.0",D.XM.EUR.A,D,XM,EUR,A,1979-02-21,0.739804,,A,F
"BIS,WS_XRU,1.0",D.XM.EUR.A,D,XM,EUR,A,1979-02-22,0.738432,,A,F
"BIS,WS_XRU,1.0",D.XM.EUR.A,D,XM,EUR,A,1979-02-23,0.738492,,A,F
"BIS,WS_XRU,1.0",D.XM.EUR.A,D,XM,EUR,A,1979-02-26,0.736301,,A,F
"BIS,WS_XRU,1.0",D.XM.EUR.A,D,XM,EUR,A,1979-02-27,0.736361,,A,F
"BIS,WS_XRU,1.0",D.XM.EUR.A,D,XM,EUR,A,1979-02-28,0.737267,,A,F
"BIS,WS_XRU,1.0",D.XM.EUR.A,D,XM,EUR,A,1979-03-01,0.739541,,A,F
"BIS,WS_XRU,1.0",D.XM.EUR.A,D,XM,EUR,A,1979-03-02,0.740083,,A,F
"BIS,WS_XRU,1.0",D.XM.EUR.A,D,XM,EUR,A,1979-03-05,0.740127,,A,F
"BIS,WS_XRU,1.0",D.XM.EUR.A,D,XM,EUR,A,1979-03-06,0.739689,,A,F
"BIS,WS_XRU,1.0",D.XM.EUR.A,D,XM,EUR,A,1979-03-07,0.739055,,A,F
"BIS,WS_XRU,1.0",D.XM.EUR.A,D,XM,EUR,A,1979-03-08,0.737126,,A,F
"BIS,WS_XRU,1.0",D.XM.EUR.A,D,XM,EUR,A,1979-03-09,0.737594,,A,F
"BIS,WS_XRU,1.0",D.XM.EUR.A,D,XM,EUR,A,1979-03-12,0.738313,,A,F
"BIS,WS_XRU,1.0",D.XM.EUR.A,D,XM,EUR,A,1979-03-13,0.739815,,A,F
"BIS,WS_XRU,1.0",D.XM.EUR.A,D,XM,EUR,A,1979-03-14,0.739984,,A,F
"BIS,WS_XRU,1.0",D.XM.EUR.A,D,XM,EUR,A,1979-03-15,0.738934,,A,F
"BIS,WS_XRU,1.0",D.XM.EUR.A,D,XM,EUR,A,1979-03-16,0.740598,,A,F
"BIS,WS_XRU,1.0",D.XM.EUR.A,D,XM,EUR,A,1979-03-19,0.741499,,A,F
"BIS,WS_XRU,1.0",D.XM.EUR.A,D,XM,EUR,A,1979-03-20,0.740039,,A,F
"BIS,WS_XRU,1.0",D.XM.EUR.A,D,XM,EUR,A,1979-03-21,0.741609,,A,F
"BIS,WS_XRU,1.0",D.XM.EUR.A,D,XM,EUR,A,1979-03-22,0.740077,,A,F
"BIS,WS_XRU,1.0",D.XM.EUR.A,D,XM,EUR,A,1979-03-23,0.740829,,A,F
"BIS,WS_XRU,1.0",D.XM.EUR.A,D,XM,EUR,A,1979-03-26,0.73894,,A,F
"BIS,WS_XRU,1.0",D.XM.EUR.A,D,XM,EUR,A,1979-03-27,0.739596,,A,F
"BIS,WS_XRU,1.0",D.XM.EUR.A,D,XM,EUR,A,1979-03-28,0.73846,,A,F
"BIS,WS_XRU,1.0",D.XM.EUR.A,D,XM,EUR,A,1979-03-29,0.740045,,A,F
"BIS,WS_XRU,1.0",D.XM.EUR.A,D,XM,EUR,A,1979-03-30,0.739798,,A,F
"BIS,WS_XRU,1.0",D.XM.EUR.A,D,XM,EUR,A,1979-04-02,0.743771,,A,F
"BIS,WS_XRU,1.0",D.XM.EUR.A,D,XM,EUR,A,1979-04-03,0.745379,,A,F
"BIS,WS_XRU,1.0",D.XM.EUR.A,D,XM,EUR,A,1979-04-04,0.74428,,A,F
"BIS,WS_XRU,1.0",D.XM.EUR.A,D,XM,EUR,A,1979-04-05,0.744408,,A,F
"BIS,WS_XRU,1.0",D.XM.EUR.A,D,XM,EUR,A,1979-04-06,0.744646,,A,F
"BIS,WS_XRU,1.0",D.XM.EUR.A,D,XM,EUR,A,1979-04-09,0.748957,,A,F
"BIS,WS_XRU,1.0",D.XM.EUR.A,D,XM,EUR,A,1979-04-10,0.746252,,A,F
"BIS,WS_XRU,1.0",D.XM.EUR.A,D,XM,EUR,A,1979-04-11,0.747692,,A,F
"BIS,WS_XRU,1.0",D.XM.EUR.A,D,XM,EUR,A,1979-04-12,0.748553,,A,F
"BIS,WS_XRU,1.0",D.XM.EUR.A,D,XM,EUR,A,1979-04-13,,,M,F
"BIS,WS_XRU,1.0",D.XM.EUR.A,D,XM,EUR,A,1979-04-16,,,M,F
"BIS,WS_XRU,1.0",D.XM.EUR.A,D,XM,EUR,A,1979-04-17,0.751671,,A,F
"BIS,WS_XRU,1.0",D.XM.EUR.A,D,XM,EUR,A,1979-04-18,0.748946,,A,F
"BIS,WS_XRU,1.0",D.XM.EUR.A,D,XM,EUR,A,1979-04-19,0.745218,,A,F
"BIS,WS_XRU,1.0",D.XM.EUR.A,D,XM,EUR,A,1979-04-20,0.750188,,A,F
"BIS,WS_XRU,1.0",D.XM.EUR.A,D,XM,EUR,A,1979-04-23,0.751004,,A,F
"BIS,WS_XRU,1.0",D.XM.EUR.A,D,XM,EUR,A,1979-04-24,0.749226,,A,F
"BIS,WS_XRU,1.0",D.XM.EUR.A,D,XM,EUR,A,1979-04-25,0.749266,,A,F
"BIS,WS_XRU,1.0",D.XM.EUR.A,D,XM,EUR,A,1979-04-26,0.749844,,A,F
"BIS,WS_XRU,1.0",D.XM.EUR.A,D,XM,EUR,A,1979-04-27,0.749985,,A,F
"BIS,WS_XRU,1.0",D.XM.EUR.A,D,XM,EUR,A,1979-04-30,0.751535,,A,F
"BIS,WS_XRU,1.0",D.XM.EUR.A,D,XM,EUR,A,1979-05-01,,,M,F
"BIS,WS_XRU,1.0",D.XM.EUR.A,D,XM,EUR,A,1979-05-02,0.750993,,A,F
"BIS,WS_XRU,1.0",D.XM.EUR.A,D,XM,EUR,A,1979-05-03,0.751072,,A,F
"BIS,WS_XRU,1.0",D.XM.EUR.A,D,XM,EUR,A,1979-05-04,0.751258,,A,F
"BIS,WS_XRU,1.0",D.XM.EUR.A,D,XM,EUR,A,1979-05-07,0.750188,,A,F
"BIS,WS_XRU,1.0",D.XM.EUR.A,D,XM,EUR,A,1979-05-08,0.750362,,A,F
"BIS,WS_XRU,1.0",D.XM.EUR.A,D,XM,EUR,A,1979-05-09,0.751145,,A,F
"BIS,WS_XRU,1.0",D.XM.EUR.A,D,XM,EUR,A,1979-05-10,0.752842,,A,F
"BIS,WS_XRU,1.0",D.XM.EUR.A,D,XM,EUR,A,1979-05-11,0.753421,,A,F
"BIS,WS_XRU,1.0",D.XM.EUR.A,D,XM,EUR,A,1979-05-14,0.753756,,A,F
"BIS,WS_XRU,1.0",D.XM.EUR.A,D,XM,EUR,A,1979-05-15,0.755424,,A,F
"BIS,WS_XRU,1.0",D.XM.EUR.A,D,XM,EUR,A,1979-05-16,0.755378,,A,F
"BIS,WS_XRU,1.0",D.XM.EUR.A,D,XM,EUR,A,1979-05-17,0.756086,,A,F
"BIS,WS_XRU,1.0",D.XM.EUR.A,D,XM,EUR,A,1979-05-18,0.761533,,A,F
"BIS,WS_XRU,1.0",D.XM.EUR.A,D,XM,EUR,A,1979-05-21,0.762701,,A,F
"BIS,WS_XRU,1.0",D.XM.EUR.A,D,XM,EUR,A,1979-05-22,0.761226,,A,F
"BIS,WS_XRU,1.0",D.XM.EUR.A,D,XM,EUR,A,1979-05-23,0.761957,,A,F
"BIS,WS_XRU,1.0",D.XM.EUR.A,D,XM,EUR,A,1979-05-24,,,M,F
"BIS,WS_XRU,1.0",D.XM.EUR.A,D,XM,EUR,A,1979-05-25,0.759965,,A,F
"BIS,WS_XRU,1.0",D.XM.EUR.A,D,XM,EUR,A,1979-05-28,0.761331,,A,F
"BIS,WS_XRU,1.0",D.XM.EUR.A,D,XM,EUR,A,1979-05-29,0.762247,,A,F
"BIS,WS_XRU,1.0",D.XM.EUR.A,D,XM,EUR,A,1979-05-30,0.761319,,A,F
"BIS,WS_XRU,1.0",D.XM.EUR.A,D,XM,EUR,A,1979-05-31,0.757828,,A,F
"BIS,WS_XRU,1.0",D.XM.EUR.A,D,XM,EUR,A,1979-06-01,0.759711,,A,F
"BIS,WS_XRU,1.0",D.XM.EUR.A,D,XM,EUR,A,1979-06-04,,,M,F
"BIS,WS_XRU,1.0",D.XM.EUR.A,D,XM,EUR,A,1979-06-05,0.757048,,A,F
"BIS,WS_XRU,1.0",D.XM.EUR.A,D,XM,EUR,A,1979-06-06,0.759371,,A,F
"BIS,WS_XRU,1.0",D.XM.EUR.A,D,XM,EUR,A,1979-06-07,0.759417,,A,F
"BIS,WS_XRU,1.0",D.XM.EUR.A,D,XM,EUR,A,1979-06-08,0.75872,,A,F
"BIS,WS_XRU,1.0",D.XM.EUR.A,D,XM,EUR,A,1979-06-11,0.758743,,A,F
"BIS,WS_XRU,1.0",D.XM.EUR.A,D,XM,EUR,A,1979-06-12,0.759307,,A,F
"BIS,WS_XRU,1.0",D.XM.EUR.A,D,XM,EUR,A,1979-06-13,0.756573,,A,F
"BIS,WS_XRU,1.0",D.XM.EUR.A,D,XM,EUR,A,1979-06-14,0.755841,,A,F
"BIS,WS_XRU,1.0",D.XM.EUR.A,D,XM,EUR,A,1979-06-15,0.751366,,A,F
"BIS,WS_XRU,1.0",D.XM.EUR.A,D,XM,EUR,A,1979-06-18,0.750227,,A,F
"BIS,WS_XRU,1.0",D.XM.EUR.A,D,XM,EUR,A,1979-06-19,0.745473,,A,F
"BIS,WS_XRU,1.0",D.XM.EUR.A,D,XM,EUR,A,1979-06-20,0.739853,,A,F
"BIS,WS_XRU,1.0",D.XM.EUR.A,D,XM,EUR,A,1979-06-21,0.73798,,A,F
"BIS,WS_XRU,1.0",D.XM.EUR.A,D,XM,EUR,A,1979-06-22,0.736372,,A,F
"BIS,WS_XRU,1.0",D.XM.EUR.A,D,XM,EUR,A,1979-06-25,0.731208,,A,F
"BIS,WS_XRU,1.0",D.XM.EUR.A,D,XM,EUR,A,1979-06-26,0.73724,,A,F
"BIS,WS_XRU,1.0",D.XM.EUR.A,D,XM,EUR,A,1979-06-27,0.733401,,A,F
"BIS,WS_XRU,1.0",D.XM.EUR.A,D,XM,EUR,A,1979-06-28,0.731936,,A,F
"BIS,WS_XRU,1.0",D.XM.EUR.A,D,XM,EUR,A,1979-06-29,0.732885,,A,F
"BIS,WS_XRU,1.0",D.XM.EUR.A,D,XM,EUR,A,1979-07-02,0.729432,,A,F
"BIS,WS_XRU,1.0",D.XM.EUR.A,D,XM,EUR,A,1979-07-03,0.730764,,A,F
"BIS,WS_XRU,1.0",D.XM.EUR.A,D,XM,EUR,A,1979-07-04,0.726464,,A,F
"BIS,WS_XRU,1.0",D.XM.EUR.A,D,XM,EUR,A,1979-07-05,0.723181,,A,F
"BIS,WS_XRU,1.0",D.XM.EUR.A,D,XM,EUR,A,1979-07-06,0.725147,,A,F
"BIS,WS_XRU,1.0",D.XM.EUR.A,D,XM,EUR,A,1979-07-09,0.729331,,A,F
"BIS,WS_XRU,1.0",D.XM.EUR.A,D,XM,EUR,A,1979-07-10,0.727987,,A,F
"BIS,WS_XRU,1.0",D.XM.EUR.A,D,XM,EUR,A,1979-07-11,0.723191,,A,F
"BIS,WS_XRU,1.0",D.XM.EUR.A,D,XM,EUR,A,1979-07-12,0.724165,,A,F
"BIS,WS_XRU,1.0",D.XM.EUR.A,D,XM,EUR,A,1979-07-13,0.725389,,A,F
"BIS,WS_XRU,1.0",D.XM.EUR.A,D,XM,EUR,A,1979-07-16,0.721116,,A,F
"BIS,WS_XRU,1.0",D.XM.EUR.A,D,XM,EUR,A,1979-07-17,0.717231,,A,F
"BIS,WS_XRU,1.0",D.XM.EUR.A,D,XM,EUR,A,1979-07-18,0.712489,,A,F
"BIS,WS_XRU,1.0",D.XM.EUR.A,D,XM,EUR,A,1979-07-19,0.712581,,A,F
"BIS,WS_XRU,1.0",D.XM.EUR.A,D,XM,EUR,A,1979-07-20,0.71562,,A,F
"BIS,WS_XRU,1.0",D.XM.EUR.A,D,XM,EUR,A,1979-07-23,0.714418,,A,F
"BIS,WS_XRU,1.0",D.XM.EUR.A,D,XM,EUR,A,1979-07-24,0.71181,,A,F
"BIS,WS_XRU,1.0",D.XM.EUR.A,D,XM,EUR,A,1979-07-25,0.714546,,A,F
"BIS,WS_XRU,1.0",D.XM.EUR.A,D,XM,EUR,A,1979-07-26,0.716184,,A,F
"BIS,WS_XRU,1.0",D.XM.EUR.A,D,XM,EUR,A,1979-07-27,0.715999,,A,F
"BIS,WS_XRU,1.0",D.XM.EUR.A,D,XM,EUR,A,1979-07-30,0.717777,,A,F
"BIS,WS_XRU,1.0",D.XM.EUR.A,D,XM,EUR,A,1979-07-31,0.723688,,A,F
"BIS,WS_XRU,1.0",D.XM.EUR.A,D,XM,EUR,A,1979-08-01,0.72235,,A,F
"BIS,WS_XRU,1.0",D.XM.EUR.A,D,XM,EUR,A,1979-08-02,0.720555,,A,F
"BIS,WS_XRU,1.0",D.XM.EUR.A,D,XM,EUR,A,1979-08-03,0.721954,,A,F
"BIS,WS_XRU,1.0",D.XM.EUR.A,D,XM,EUR,A,1979-08-06,0.722136,,A,F
"BIS,WS_XRU,1.0",D.XM.EUR.A,D,XM,EUR,A,1979-08-07,0.723265,,A,F
"BIS,WS_XRU,1.0",D.XM.EUR.A,D,XM,EUR,A,1979-08-08,0.724449,,A,F
"BIS,WS_XRU,1.0",D.XM.EUR.A,D,XM,EUR,A,1979-08-09,0.722116,,A,F
"BIS,WS_XRU,1.0",D.XM.EUR.A,D,XM,EUR,A,1979-08-10,0.7196,,A,F
"BIS,WS_XRU,1.0",D.XM.EUR.A,D,XM,EUR,A,1979-08-13,0.720342,,A,F
"BIS,WS_XRU,1.0",D.XM.EUR.A,D,XM,EUR,A,1979-08-14,0.725342,,A,F
"BIS,WS_XRU,1.0",D.XM.EUR.A,D,XM,EUR,A,1979-08-15,0.722674,,A,F
"BIS,WS_XRU,1.0",D.XM.EUR.A,D,XM,EUR,A,1979-08-16,0.724297,,A,F
"BIS,WS_XRU,1.0",D.XM.EUR.A,D,XM,EUR,A,1979-08-17,0.724822,,A,F
"BIS,WS_XRU,1.0",D.XM.EUR.A,D,XM,EUR,A,1979-08-20,0.725326,,A,F
"BIS,WS_XRU,1.0",D.XM.EUR.A,D,XM,EUR,A,1979-08-21,0.725058,,A,F
"BIS,WS_XRU,1.0",D.XM.EUR.A,D,XM,EUR,A,1979-08-22,0.724585,,A,F
"BIS,WS_XRU,1.0",D.XM.EUR.A,D,XM,EUR,A,1979-08-23,0.723626,,A,F
"BIS,WS_XRU,1.0",D.XM.EUR.A,D,XM,EUR,A,1979-08-24,0.723416,,A,F
"BIS,WS_XRU,1.0",D.XM.EUR.A,D,XM,EUR,A,1979-08-27,0.723678,,A,F
"BIS,WS_XRU,1.0",D.XM.EUR.A,D,XM,EUR,A,1979-08-28,0.7235,,A,F
"BIS,WS_XRU,1.0",D.XM.EUR.A,D,XM,EUR,A,1979-08-29,0.723123,,A,F
"BIS,WS_XRU,1.0",D.XM.EUR.A,D,XM,EUR,A,1979-08-30,0.720731,,A,F
"BIS,WS_XRU,1.0",D.XM.EUR.A,D,XM,EUR,A,1979-08-31,0.72211,,A,F
"BIS,WS_XRU,1.0",D.XM.EUR.A,D,XM,EUR,A,1979-09-03,0.721423,,A,F
"BIS,WS_XRU,1.0",D.XM.EUR.A,D,XM,EUR,A,1979-09-04,0.721829,,A,F
"BIS,WS_XRU,1.0",D.XM.EUR.A,D,XM,EUR,A,1979-09-05,0.720529,,A,F
"BIS,WS_XRU,1.0",D.XM.EUR.A,D,XM,EUR,A,1979-09-06,0.717746,,A,F
"BIS,WS_XRU,1.0",D.XM.EUR.A,D,XM,EUR,A,1979-09-07,0.717365,,A,F
"BIS,WS_XRU,1.0",D.XM.EUR.A,D,XM,EUR,A,1979-09-10,0.71521,,A,F
"BIS,WS_XRU,1.0",D.XM.EUR.A,D,XM,EUR,A,1979-09-11,0.717602,,A,F
"BIS,WS_XRU,1.0",D.XM.EUR.A,D,XM,EUR,A,1979-09-12,0.718546,,A,F
"BIS,WS_XRU,1.0",D.XM.EUR.A,D,XM,EUR,A,1979-09-13,0.718876,,A,F
"BIS,WS_XRU,1.0",D.XM.EUR.A,D,XM,EUR,A,1979-09-14,0.72174,,A,F
"BIS,WS_XRU,1.0",D.XM.EUR.A,D,XM,EUR,A,1979-09-17,0.72281,,A,F
"BIS,WS_XRU,1.0",D.XM.EUR.A,D,XM,EUR,A,1979-09-18,0.721511,,A,F
"BIS,WS_XRU,1.0",D.XM.EUR.A,D,XM,EUR,A,1979-09-19,0.721126,,A,F
"BIS,WS_XRU,1.0",D.XM.EUR.A,D,XM,EUR,A,1979-09-20,0.711248,,A,F
"BIS,WS_XRU,1.0",D.XM.EUR.A,D,XM,EUR,A,1979-09-21,0.709502,,A,F
"BIS,WS_XRU,1.0",D.XM.EUR.A,D,XM,EUR,A,1979-09-24,0.708647,,A,F
"BIS,WS_XRU,1.0",D.XM.EUR.A,D,XM,EUR,A,1979-09-25,0.710268,,A,F
"BIS,WS_XRU,1.0",D.XM.EUR.A,D,XM,EUR,A,1979-09-26,0.709743,,A,F
"BIS,WS_XRU,1.0",D.XM.EUR.A,D,XM,EUR,A,1979-09-27,0.700506,,A,F
"BIS,WS_XRU,1.0",D.XM.EUR.A,D,XM,EUR,A,1979-09-28,0.700427,,A,F
"BIS,WS_XRU,1.0",D.XM.EUR.A,D,XM,EUR,A,1979-10-01,0.69869,,A,F
"BIS,WS_XRU,1.0",D.XM.EUR.A,D,XM,EUR,A,1979-10-02,0.701671,,A,F
"BIS,WS_XRU,1.0",D.XM.EUR.A,D,XM,EUR,A,1979-10-03,0.704255,,A,F
"BIS,WS_XRU,1.0",D.XM.EUR.A,D,XM,EUR,A,1979-10-04,0.709326,,A,F
"BIS,WS_XRU,1.0",D.XM.EUR.A,D,XM,EUR,A,1979-10-05,0.707424,,A,F
"BIS,WS_XRU,1.0",D.XM.EUR.A,D,XM,EUR,A,1979-10-08,0.719559,,A,F
"BIS,WS_XRU,1.0",D.XM.EUR.A,D,XM,EUR,A,1979-10-09,0.724706,,A,F
"BIS,WS_XRU,1.0",D.XM.EUR.A,D,XM,EUR,A,1979-10-10,0.715861,,A,F
"BIS,WS_XRU,1.0",D.XM.EUR.A,D,XM,EUR,A,1979-10-11,0.715287,,A,F
"BIS,WS_XRU,1.0",D.XM.EUR.A,D,XM,EUR,A,1979-10-12,0.719901,,A,F
"BIS,WS_XRU,1.0",D.XM.EUR.A,D,XM,EUR,A,1979-10-15,0.720113,,A,F
"BIS,WS_XRU,1.0",D.XM.EUR.A,D,XM,EUR,A,1979-10-16,0.721121,,A,F
"BIS,WS_XRU,1.0",D.XM.EUR.A,D,XM,EUR,A,1979-10-17,0.720529,,A,F
"BIS,WS_XRU,1.0",D.XM.EUR.A,D,XM,EUR,A,1979-10-18,0.72173,,A,F
"BIS,WS_XRU,1.0",D.XM.EUR.A,D,XM,EUR,A,1979-10-19,0.721007,,A,F
"BIS,WS_XRU,1.0",D.XM.EUR.A,D,XM,EUR,A,1979-10-22,0.721277,,A,F
"BIS,WS_XRU,1.0",D.XM.EUR.A,D,XM,EUR,A,1979-10-23,0.725221,,A,F
"BIS,WS_XRU,1.0",D.XM.EUR.A,D,XM,EUR,A,1979-10-24,0.724139,,A,F
"BIS,WS_XRU,1.0",D.XM.EUR.A,D,XM,EUR,A,1979-10-25,0.723919,,A,F
"BIS,WS_XRU,1.0",D.XM.EUR.A,D,XM,EUR,A,1979-10-26,0.725374,,A,F
"BIS,WS_XRU,1.0",D.XM.EUR.A,D,XM,EUR,A,1979-10-29,0.727966,,A,F
"BIS,WS_XRU,1.0",D.XM.EUR.A,D,XM,EUR,A,1979-10-30,0.728805,,A,F
"BIS,WS_XRU,1.0",D.XM.EUR.A,D,XM,EUR,A,1979-10-31,0.727394,,A,F
"BIS,WS_XRU,1.0",D.XM.EUR.A,D,XM,EUR,A,1979-11-01,0.725984,,A,F
"BIS,WS_XRU,1.0",D.XM.EUR.A,D,XM,EUR,A,1979-11-02,0.726385,,A,F
"BIS,WS_XRU,1.0",D.XM.EUR.A,D,XM,EUR,A,1979-11-05,0.723542,,A,F
"BIS,WS_XRU,1.0",D.XM.EUR.A,D,XM,EUR,A,1979-11-06,0.724333,,A,F
"BIS,WS_XRU,1.0",D.XM.EUR.A,D,XM,EUR,A,1979-11-07,0.720996,,A,F
"BIS,WS_XRU,1.0",D.XM.EUR.A,D,XM,EUR,A,1979-11-08,0.722173,,A,F
"BIS,WS_XRU,1.0",D.XM.EUR.A,D,XM,EUR,A,1979-11-09,0.72395,,A,F
"BIS,WS_XRU,1.0",D.XM.EUR.A,D,XM,EUR,A,1979-11-12,0.724643,,A,F
"BIS,WS_XRU,1.0",D.XM.EUR.A,D,XM,EUR,A,1979-11-13,0.723856,,A,F
"BIS,WS_XRU,1.0",D.XM.EUR.A,D,XM,EUR,A,1979-11-14,0.721464,,A,F
"BIS,WS_XRU,1.0",D.XM.EUR.A,D,XM,EUR,A,1979-11-15,0.718226,,A,F
"BIS,WS_XRU,1.0",D.XM.EUR.A,D,XM,EUR,A,1979-11-16,0.717478,,A,F
"BIS,WS_XRU,1.0",D.XM.EUR.A,D,XM,EUR,A,1979-11-19,0.710126,,A,F
"BIS,WS_XRU,1.0",D.XM.EUR.A,D,XM,EUR,A,1979-11-20,0.712296,,A,F
"BIS,WS_XRU,1.0",D.XM.EUR.A,D,XM,EUR,A,1979-11-21,0.707384,,A,F
"BIS,WS_XRU,1.0",D.XM.EUR.A,D,XM,EUR,A,1979-11-22,0.708747,,A,F
"BIS,WS_XRU,1.0",D.XM.EUR.A,D,XM,EUR,A,1979-11-23,0.710136,,A,F
"BIS,WS_XRU,1.0",D.XM.EUR.A,D,XM,EUR,A,1979-11-26,0.708712,,A,F
"BIS,WS_XRU,1.0",D.XM.EUR.A,D,XM,EUR,A,1979-11-27,0.704285,,A,F
"BIS,WS_XRU,1.0",D.XM.EUR.A,D,XM,EUR,A,1979-11-28,0.705373,,A,F
"BIS,WS_XRU,1.0",D.XM.EUR.A,D,XM,EUR,A,1979-11-29,0.703992,,A,F
"BIS,WS_XRU,1.0",D.XM.EUR.A,D,XM,EUR,A,1979-11-30,0.700216,,A,F
"BIS,WS_XRU,1.0",D.XM.EUR.A,D,XM,EUR,A,1979-12-03,0.692315,,A,F
"BIS,WS_XRU,1.0",D.XM.EUR.A,D,XM,EUR,A,1979-12-04,0.699496,,A,F
"BIS,WS_XRU,1.0",D.XM.EUR.A,D,XM,EUR,A,1979-12-05,0.704275,,A,F
"BIS,WS_XRU,1.0",D.XM.EUR.A,D,XM,EUR,A,1979-12-06,0.702158,,A,F
"BIS,WS_XRU,1.0",D.XM.EUR.A,D,XM,EUR,A,1979-12-07,0.708587,,A,F
"BIS,WS_XRU,1.0",D.XM.EUR.A,D,XM,EUR,A,1979-12-10,0.706569,,A,F
"BIS,WS_XRU,1.0",D.XM.EUR.A,D,XM,EUR,A,1979-12-11,0.702859,,A,F
"BIS,WS_XRU,1.0",D.XM.EUR.A,D,XM,EUR,A,1979-12-12,0.699125,,A,F
"BIS,WS_XRU,1.0",D.XM.EUR.A,D,XM,EUR,A,1979-12-13,0.699638,,A,F
"BIS,WS_XRU,1.0",D.XM.EUR.A,D,XM,EUR,A,1979-12-14,0.701484,,A,F
"BIS,WS_XRU,1.0",D.XM.EUR.A,D,XM,EUR,A,1979-12-17,0.699609,,A,F
"BIS,WS_XRU,1.0",D.XM.EUR.A,D,XM,EUR,A,1979-12-18,0.697088,,A,F
"BIS,WS_XRU,1.0",D.XM.EUR.A,D,XM,EUR,A,1979-12-19,0.698446,,A,F
"BIS,WS_XRU,1.0",D.XM.EUR.A,D,XM,EUR,A,1979-12-20,0.698358,,A,F
"BIS,WS_XRU,1.0",D.XM.EUR.A,D,XM,EUR,A,1979-12-21,0.701164,,A,F
"BIS,WS_XRU,1.0",D.XM.EUR.A,D,XM,EUR,A,1979-12-24,,,M,F
"BIS,WS_XRU,1.0",D.XM.EUR.A,D,XM,EUR,A,1979-12-25,,,M,F
"BIS,WS_XRU,1.0",D.XM.EUR.A,D,XM,EUR,A,1979-12-26,,,M,F
"BIS,WS_XRU,1.0",D.XM.EUR.A,D,XM,EUR,A,1979-12-27,0.693549,,A,F
"BIS,WS_XRU,1.0",D.XM.EUR.A,D,XM,EUR,A,1979-12-28,0.693068,,A,F
"BIS,WS_XRU,1.0",D.XM.EUR.A,D,XM,EUR,A,1979-12-31,0.695222,,A,F
"BIS,WS_XRU,1.0",D.XM.EUR.A,D,XM,EUR,A,1980-01-01,,,M,F
"BIS,WS_XRU,1.0",D.XM.EUR.A,D,XM,EUR,A,1980-01-02,0.691147,,A,F
"BIS,WS_XRU,1.0",D.XM.EUR.A,D,XM,EUR,A,1980-01-03,0.688222,,A,F
"BIS,WS_XRU,1.0",D.XM.EUR.A,D,XM,EUR,A,1980-01-04,0.691095,,A,F
"BIS,WS_XRU,1.0",D.XM.EUR.A,D,XM,EUR,A,1980-01-07,0.689636,,A,F
"BIS,WS_XRU,1.0",D.XM.EUR.A,D,XM,EUR,A,1980-01-08,0.69175,,A,F
"BIS,WS_XRU,1.0",D.XM.EUR.A,D,XM,EUR,A,1980-01-09,0.689066,,A,F
"BIS,WS_XRU,1.0",D.XM.EUR.A,D,XM,EUR,A,1980-01-10,0.690164,,A,F
"BIS,WS_XRU,1.0",D.XM.EUR.A,D,XM,EUR,A,1980-01-11,0.691305,,A,F
"BIS,WS_XRU,1.0",D.XM.EUR.A,D,XM,EUR,A,1980-01-14,0.690789,,A,F
"BIS,WS_XRU,1.0",D.XM.EUR.A,D,XM,EUR,A,1980-01-15,0.690164,,A,F
"BIS,WS_XRU,1.0",D.XM.EUR.A,D,XM,EUR,A,1980-01-16,0.6943,,A,F
"BIS,WS_XRU,1.0",D.XM.EUR.A,D,XM,EUR,A,1980-01-17,0.69289,,A,F
"BIS,WS_XRU,1.0",D.XM.EUR.A,D,XM,EUR,A,1980-01-18,0.69186,,A,F
"BIS,WS_XRU,1.0",D.XM.EUR.A,D,XM,EUR,A,1980-01-21,0.692684,,A,F
"BIS,WS_XRU,1.0",D.XM.EUR.A,D,XM,EUR,A,1980-01-22,0.694884,,A,F
"BIS,WS_XRU,1.0",D.XM.EUR.A,D,XM,EUR,A,1980-01-23,0.69469,,A,F
"BIS,WS_XRU,1.0",D.XM.EUR.A,D,XM,EUR,A,1980-01-24,0.694035,,A,F
"BIS,WS_XRU,1.0",D.XM.EUR.A,D,XM,EUR,A,1980-01-25,0.694821,,A,F
"BIS,WS_XRU,1.0",D.XM.EUR.A,D,XM,EUR,A,1980-01-28,0.696262,,A,F
"BIS,WS_XRU,1.0",D.XM.EUR.A,D,XM,EUR,A,1980-01-29,0.697175,,A,F
"BIS,WS_XRU,1.0",D.XM.EUR.A,D,XM,EUR,A,1980-01-30,0.696025,,A,F
"BIS,WS_XRU,1.0",D.XM.EUR.A,D,XM,EUR,A,1980-01-31,0.697501,,A,F
"BIS,WS_XRU,1.0",D.XM.EUR.A,D,XM,EUR,A,1980-02-01,0.699203,,A,F
"BIS,WS_XRU,1.0",D.XM.EUR.A,D,XM,EUR,A,1980-02-04,0.699575,,A,F
"BIS,WS_XRU,1.0",D.XM.EUR.A,D,XM,EUR,A,1980-02-05,0.69773,,A,F
"BIS,WS_XRU,1.0",D.XM.EUR.A,D,XM,EUR,A,1980-02-06,0.694956,,A,F
"BIS,WS_XRU,1.0",D.XM.EUR.A,D,XM,EUR,A,1980-02-07,0.694589,,A,F
"BIS,WS_XRU,1.0",D.XM.EUR.A,D,XM,EUR,A,1980-02-08,0.697214,,A,F
"BIS,WS_XRU,1.0",D.XM.EUR.A,D,XM,EUR,A,1980-02-11,0.695246,,A,F
"BIS,WS_XRU,1.0",D.XM.EUR.A,D,XM,EUR,A,1980-02-12,0.696112,,A,F
"BIS,WS_XRU,1.0",D.XM.EUR.A,D,XM,EUR,A,1980-02-13,0.694613,,A,F
"BIS,WS_XRU,1.0",D.XM.EUR.A,D,XM,EUR,A,1980-02-14,0.693385,,A,F
"BIS,WS_XRU,1.0",D.XM.EUR.A,D,XM,EUR,A,1980-02-15,0.69543,,A,F
"BIS,WS_XRU,1.0",D.XM.EUR.A,D,XM,EUR,A,1980-02-18,0.696481,,A,F
"BIS,WS_XRU,1.0",D.XM.EUR.A,D,XM,EUR,A,1980-02-19,0.69932,,A,F
"BIS,WS_XRU,1.0",D.XM.EUR.A,D,XM,EUR,A,1980-02-20,0.699154,,A,F
"BIS,WS_XRU,1.0",D.XM.EUR.A,D,XM,EUR,A,1980-02-21,0.698749,,A,F
"BIS,WS_XRU,1.0",D.XM.EUR.A,D,XM,EUR,A,1980-02-22,0.703487,,A,F
"BIS,WS_XRU,1.0",D.XM.EUR.A,D,XM,EUR,A,1980-02-25,0.704523,,A,F
"BIS,WS_XRU,1.0",D.XM.EUR.A,D,XM,EUR,A,1980-02-26,0.704444,,A,F
"BIS,WS_XRU,1.0",D.XM.EUR.A,D,XM,EUR,A,1980-02-27,0.706005,,A,F
"BIS,WS_XRU,1.0",D.XM.EUR.A,D,XM,EUR,A,1980-02-28,0.703255,,A,F
"BIS,WS_XRU,1.0",D.XM.EUR.A,D,XM,EUR,A,1980-02-29,0.70826,,A,F
"BIS,WS_XRU,1.0",D.XM.EUR.A,D,XM,EUR,A,1980-03-03,0.711718,,A,F
"BIS,WS_XRU,1.0",D.XM.EUR.A,D,XM,EUR,A,1980-03-04,0.713628,,A,F
"BIS,WS_XRU,1.0",D.XM.EUR.A,D,XM,EUR,A,1980-03-05,0.716086,,A,F
"BIS,WS_XRU,1.0",D.XM.EUR.A,D,XM,EUR,A,1980-03-06,0.718102,,A,F
"BIS,WS_XRU,1.0",D.XM.EUR.A,D,XM,EUR,A,1980-03-07,0.719569,,A,F
"BIS,WS_XRU,1.0",D.XM.EUR.A,D,XM,EUR,A,1980-03-10,0.721985,,A,F
"BIS,WS_XRU,1.0",D.XM.EUR.A,D,XM,EUR,A,1980-03-11,0.723003,,A,F
"BIS,WS_XRU,1.0",D.XM.EUR.A,D,XM,EUR,A,1980-03-12,0.720684,,A,F
"BIS,WS_XRU,1.0",D.XM.EUR.A,D,XM,EUR,A,1980-03-13,0.725458,,A,F
"BIS,WS_XRU,1.0",D.XM.EUR.A,D,XM,EUR,A,1980-03-14,0.734134,,A,F
"BIS,WS_XRU,1.0",D.XM.EUR.A,D,XM,EUR,A,1980-03-17,0.745112,,A,F
"BIS,WS_XRU,1.0",D.XM.EUR.A,D,XM,EUR,A,1980-03-18,0.74768,,A,F
"BIS,WS_XRU,1.0",D.XM.EUR.A,D,XM,EUR,A,1980-03-19,0.744646,,A,F
"BIS,WS_XRU,1.0",D.XM.EUR.A,D,XM,EUR,A,1980-03-20,0.74228,,A,F
"BIS,WS_XRU,1.0",D.XM.EUR.A,D,XM,EUR,A,1980-03-21,0.746876,,A,F
"BIS,WS_XRU,1.0",D.XM.EUR.A,D,XM,EUR,A,1980-03-24,0.750937,,A,F
"BIS,WS_XRU,1.0",D.XM.EUR.A,D,XM,EUR,A,1980-03-25,0.750959,,A,F
"BIS,WS_XRU,1.0",D.XM.EUR.A,D,XM,EUR,A,1980-03-26,0.750638,,A,F
"BIS,WS_XRU,1.0",D.XM.EUR.A,D,XM,EUR,A,1980-03-27,0.75925,,A,F
"BIS,WS_XRU,1.0",D.XM.EUR.A,D,XM,EUR,A,1980-03-28,0.763475,,A,F
"BIS,WS_XRU,1.0",D.XM.EUR.A,D,XM,EUR,A,1980-03-31,0.767519,,A,F
"BIS,WS_XRU,1.0",D.XM.EUR.A,D,XM,EUR,A,1980-04-01,0.780445,,A,F
"BIS,WS_XRU,1.0",D.XM.EUR.A,D,XM,EUR,A,1980-04-02,0.77394,,A,F
"BIS,WS_XRU,1.0",D.XM.EUR.A,D,XM,EUR,A,1980-04-03,0.772099,,A,F
"BIS,WS_XRU,1.0",D.XM.EUR.A,D,XM,EUR,A,1980-04-04,,,M,F
"BIS,WS_XRU,1.0",D.XM.EUR.A,D,XM,EUR,A,1980-04-07,,,M,F
"BIS,WS_XRU,1.0",D.XM.EUR.A,D,XM,EUR,A,1980-04-08,0.776446,,A,F
"BIS,WS_XRU,1.0",D.XM.EUR.A,D,XM,EUR,A,1980-04-09,0.747669,,A,F
"BIS,WS_XRU,1.0",D.XM.EUR.A,D,XM,EUR,A,1980-04-10,0.747496,,A,F
"BIS,WS_XRU,1.0",D.XM.EUR.A,D,XM,EUR,A,1980-04-11,0.747753,,A,F
"BIS,WS_XRU,1.0",D.XM.EUR.A,D,XM,EUR,A,1980-04-14,0.743987,,A,F
"BIS,WS_XRU,1.0",D.XM.EUR.A,D,XM,EUR,A,1980-04-15,0.748637,,A,F
"BIS,WS_XRU,1.0",D.XM.EUR.A,D,XM,EUR,A,1980-04-16,0.749906,,A,F
"BIS,WS_XRU,1.0",D.XM.EUR.A,D,XM,EUR,A,1980-04-17,0.735889,,A,F
"BIS,WS_XRU,1.0",D.XM.EUR.A,D,XM,EUR,A,1980-04-18,0.73635,,A,F
"BIS,WS_XRU,1.0",D.XM.EUR.A,D,XM,EUR,A,1980-04-21,0.735062,,A,F
"BIS,WS_XRU,1.0",D.XM.EUR.A,D,XM,EUR,A,1980-04-22,0.739147,,A,F
"BIS,WS_XRU,1.0",D.XM.EUR.A,D,XM,EUR,A,1980-04-23,0.729693,,A,F
"BIS,WS_XRU,1.0",D.XM.EUR.A,D,XM,EUR,A,1980-04-24,0.722486,,A,F
"BIS,WS_XRU,1.0",D.XM.EUR.A,D,XM,EUR,A,1980-04-25,0.720778,,A,F
"BIS,WS_XRU,1.0",D.XM.EUR.A,D,XM,EUR,A,1980-04-28,0.715175,,A,F
"BIS,WS_XRU,1.0",D.XM.EUR.A,D,XM,EUR,A,1980-04-29,0.717787,,A,F
"BIS,WS_XRU,1.0",D.XM.EUR.A,D,XM,EUR,A,1980-04-30,0.718763,,A,F
"BIS,WS_XRU,1.0",D.XM.EUR.A,D,XM,EUR,A,1980-05-01,,,M,F
"BIS,WS_XRU,1.0",D.XM.EUR.A,D,XM,EUR,A,1980-05-02,0.722674,,A,F
"BIS,WS_XRU,1.0",D.XM.EUR.A,D,XM,EUR,A,1980-05-05,0.720726,,A,F
"BIS,WS_XRU,1.0",D.XM.EUR.A,D,XM,EUR,A,1980-05-06,0.714633,,A,F
"BIS,WS_XRU,1.0",D.XM.EUR.A,D,XM,EUR,A,1980-05-07,0.712342,,A,F
"BIS,WS_XRU,1.0",D.XM.EUR.A,D,XM,EUR,A,1980-05-08,0.715645,,A,F
"BIS,WS_XRU,1.0",D.XM.EUR.A,D,XM,EUR,A,1980-05-09,0.719704,,A,F
"BIS,WS_XRU,1.0",D.XM.EUR.A,D,XM,EUR,A,1980-05-12,0.717267,,A,F
"BIS,WS_XRU,1.0",D.XM.EUR.A,D,XM,EUR,A,1980-05-13,0.712545,,A,F
"BIS,WS_XRU,1.0",D.XM.EUR.A,D,XM,EUR,A,1980-05-14,0.714577,,A,F
"BIS,WS_XRU,1.0",D.XM.EUR.A,D,XM,EUR,A,1980-05-15,,,M,F
"BIS,WS_XRU,1.0",D.XM.EUR.A,D,XM,EUR,A,1980-05-16,0.716723,,A,F
"BIS,WS_XRU,1.0",D.XM.EUR.A,D,XM,EUR,A,1980-05-19,0.715722,,A,F
"BIS,WS_XRU,1.0",D.XM.EUR.A,D,XM,EUR,A,1980-05-20,0.717509,,A,F
"BIS,WS_XRU,1.0",D.XM.EUR.A,D,XM,EUR,A,1980-05-21,0.712185,,A,F
"BIS,WS_XRU,1.0",D.XM.EUR.A,D,XM,EUR,A,1980-05-22,0.710026,,A,F
"BIS,WS_XRU,1.0",D.XM.EUR.A,D,XM,EUR,A,1980-05-23,0.708717,,A,F
"BIS,WS_XRU,1.0",D.XM.EUR.A,D,XM,EUR,A,1980-05-26,,,M,F
"BIS,WS_XRU,1.0",D.XM.EUR.A,D,XM,EUR,A,1980-05-27,0.701626,,A,F
"BIS,WS_XRU,1.0",D.XM.EUR.A,D,XM,EUR,A,1980-05-28,0.703809,,A,F
"BIS,WS_XRU,1.0",D.XM.EUR.A,D,XM,EUR,A,1980-05-29,0.70433,,A,F
"BIS,WS_XRU,1.0",D.XM.EUR.A,D,XM,EUR,A,1980-05-30,0.709406,,A,F
"BIS,WS_XRU,1.0",D.XM.EUR.A,D,XM,EUR,A,1980-06-02,0.703532,,A,F
"BIS,WS_XRU,1.0",D.XM.EUR.A,D,XM,EUR,A,1980-06-03,0.706235,,A,F
"BIS,WS_XRU,1.0",D.XM.EUR.A,D,XM,EUR,A,1980-06-04,0.707374,,A,F
"BIS,WS_XRU,1.0",D.XM.EUR.A,D,XM,EUR,A,1980-06-05,0.704617,,A,F
"BIS,WS_XRU,1.0",D.XM.EUR.A,D,XM,EUR,A,1980-06-06,0.704786,,A,F
"BIS,WS_XRU,1.0",D.XM.EUR.A,D,XM,EUR,A,1980-06-09,0.700923,,A,F
"BIS,WS_XRU,1.0",D.XM.EUR.A,D,XM,EUR,A,1980-06-10,0.702602,,A,F
"BIS,WS_XRU,1.0",D.XM.EUR.A,D,XM,EUR,A,1980-06-11,0.70202,,A,F
"BIS,WS_XRU,1.0",D.XM.EUR.A,D,XM,EUR,A,1980-06-12,0.702445,,A,F
"BIS,WS_XRU,1.0",D.XM.EUR.A,D,XM,EUR,A,1980-06-13,0.698153,,A,F
"BIS,WS_XRU,1.0",D.XM.EUR.A,D,XM,EUR,A,1980-06-16,0.701469,,A,F
"BIS,WS_XRU,1.0",D.XM.EUR.A,D,XM,EUR,A,1980-06-17,0.703898,,A,F
"BIS,WS_XRU,1.0",D.XM.EUR.A,D,XM,EUR,A,1980-06-18,0.701971,,A,F
"BIS,WS_XRU,1.0",D.XM.EUR.A,D,XM,EUR,A,1980-06-19,0.703784,,A,F
"BIS,WS_XRU,1.0",D.XM.EUR.A,D,XM,EUR,A,1980-06-20,0.702622,,A,F
"BIS,WS_XRU,1.0",D.XM.EUR.A,D,XM,EUR,A,1980-06-23,0.701828,,A,F
"BIS,WS_XRU,1.0",D.XM.EUR.A,D,XM,EUR,A,1980-06-24,0.702874,,A,F
"BIS,WS_XRU,1.0",D.XM.EUR.A,D,XM,EUR,A,1980-06-25,0.703106,,A,F
"BIS,WS_XRU,1.0",D.XM.EUR.A,D,XM,EUR,A,1980-06-26,0.702262,,A,F
"BIS,WS_XRU,1.0",D.XM.EUR.A,D,XM,EUR,A,1980-06-27,0.701548,,A,F
"BIS,WS_XRU,1.0",D.XM.EUR.A,D,XM,EUR,A,1980-06-30,0.699252,,A,F
"BIS,WS_XRU,1.0",D.XM.EUR.A,D,XM,EUR,A,1980-07-01,0.700589,,A,F
"BIS,WS_XRU,1.0",D.XM.EUR.A,D,XM,EUR,A,1980-07-02,0.699428,,A,F
"BIS,WS_XRU,1.0",D.XM.EUR.A,D,XM,EUR,A,1980-07-03,0.699477,,A,F
"BIS,WS_XRU,1.0",D.XM.EUR.A,D,XM,EUR,A,1980-07-04,0.696971,,A,F
"BIS,WS_XRU,1.0",D.XM.EUR.A,D,XM,EUR,A,1980-07-07,0.694681,,A,F
"BIS,WS_XRU,1.0",D.XM.EUR.A,D,XM,EUR,A,1980-07-08,0.690646,,A,F
"BIS,WS_XRU,1.0",D.XM.EUR.A,D,XM,EUR,A,1980-07-09,0.690794,,A,F
"BIS,WS_XRU,1.0",D.XM.EUR.A,D,XM,EUR,A,1980-07-10,0.691329,,A,F
"BIS,WS_XRU,1.0",D.XM.EUR.A,D,XM,EUR,A,1980-07-11,0.69302,,A,F
"BIS,WS_XRU,1.0",D.XM.EUR.A,D,XM,EUR,A,1980-07-14,0.693058,,A,F
"BIS,WS_XRU,1.0",D.XM.EUR.A,D,XM,EUR,A,1980-07-15,0.694826,,A,F
"BIS,WS_XRU,1.0",D.XM.EUR.A,D,XM,EUR,A,1980-07-16,0.693222,,A,F
"BIS,WS_XRU,1.0",D.XM.EUR.A,D,XM,EUR,A,1980-07-17,0.690698,,A,F
"BIS,WS_XRU,1.0",D.XM.EUR.A,D,XM,EUR,A,1980-07-18,0.693005,,A,F
"BIS,WS_XRU,1.0",D.XM.EUR.A,D,XM,EUR,A,1980-07-21,0.691453,,A,F
"BIS,WS_XRU,1.0",D.XM.EUR.A,D,XM,EUR,A,1980-07-22,0.690241,,A,F
"BIS,WS_XRU,1.0",D.XM.EUR.A,D,XM,EUR,A,1980-07-23,0.691047,,A,F
"BIS,WS_XRU,1.0",D.XM.EUR.A,D,XM,EUR,A,1980-07-24,0.689955,,A,F
"BIS,WS_XRU,1.0",D.XM.EUR.A,D,XM,EUR,A,1980-07-25,0.689727,,A,F
"BIS,WS_XRU,1.0",D.XM.EUR.A,D,XM,EUR,A,1980-07-28,0.690441,,A,F
"BIS,WS_XRU,1.0",D.XM.EUR.A,D,XM,EUR,A,1980-07-29,0.695497,,A,F
"BIS,WS_XRU,1.0",D.XM.EUR.A,D,XM,EUR,A,1980-07-30,0.699183,,A,F
"BIS,WS_XRU,1.0",D.XM.EUR.A,D,XM,EUR,A,1980-07-31,0.705542,,A,F
"BIS,WS_XRU,1.0",D.XM.EUR.A,D,XM,EUR,A,1980-08-01,0.708908,,A,F
"BIS,WS_XRU,1.0",D.XM.EUR.A,D,XM,EUR,A,1980-08-04,0.705234,,A,F
"BIS,WS_XRU,1.0",D.XM.EUR.A,D,XM,EUR,A,1980-08-05,0.703814,,A,F
"BIS,WS_XRU,1.0",D.XM.EUR.A,D,XM,EUR,A,1980-08-06,0.700319,,A,F
"BIS,WS_XRU,1.0",D.XM.EUR.A,D,XM,EUR,A,1980-08-07,0.703205,,A,F
"BIS,WS_XRU,1.0",D.XM.EUR.A,D,XM,EUR,A,1980-08-08,0.705686,,A,F
"BIS,WS_XRU,1.0",D.XM.EUR.A,D,XM,EUR,A,1980-08-11,0.705796,,A,F
"BIS,WS_XRU,1.0",D.XM.EUR.A,D,XM,EUR,A,1980-08-12,0.705985,,A,F
"BIS,WS_XRU,1.0",D.XM.EUR.A,D,XM,EUR,A,1980-08-13,0.701986,,A,F
"BIS,WS_XRU,1.0",D.XM.EUR.A,D,XM,EUR,A,1980-08-14,0.705328,,A,F
"BIS,WS_XRU,1.0",D.XM.EUR.A,D,XM,EUR,A,1980-08-15,0.705368,,A,F
"BIS,WS_XRU,1.0",D.XM.EUR.A,D,XM,EUR,A,1980-08-18,0.711045,,A,F
"BIS,WS_XRU,1.0",D.XM.EUR.A,D,XM,EUR,A,1980-08-19,0.711126,,A,F
"BIS,WS_XRU,1.0",D.XM.EUR.A,D,XM,EUR,A,1980-08-20,0.709597,,A,F
"BIS,WS_XRU,1.0",D.XM.EUR.A,D,XM,EUR,A,1980-08-21,0.711192,,A,F
"BIS,WS_XRU,1.0",D.XM.EUR.A,D,XM,EUR,A,1980-08-22,0.71343,,A,F
"BIS,WS_XRU,1.0",D.XM.EUR.A,D,XM,EUR,A,1980-08-25,0.712601,,A,F
"BIS,WS_XRU,1.0",D.XM.EUR.A,D,XM,EUR,A,1980-08-26,0.712967,,A,F
"BIS,WS_XRU,1.0",D.XM.EUR.A,D,XM,EUR,A,1980-08-27,0.711622,,A,F
"BIS,WS_XRU,1.0",D.XM.EUR.A,D,XM,EUR,A,1980-08-28,0.708205,,A,F
"BIS,WS_XRU,1.0",D.XM.EUR.A,D,XM,EUR,A,1980-08-29,0.708788,,A,F
"BIS,WS_XRU,1.0",D.XM.EUR.A,D,XM,EUR,A,1980-09-01,0.706035,,A,F
"BIS,WS_XRU,1.0",D.XM.EUR.A,D,XM,EUR,A,1980-09-02,0.703393,,A,F
"BIS,WS_XRU,1.0",D.XM.EUR.A,D,XM,EUR,A,1980-09-03,0.703423,,A,F
"BIS,WS_XRU,1.0",D.XM.EUR.A,D,XM,EUR,A,1980-09-04,0.70113,,A,F
"BIS,WS_XRU,1.0",D.XM.EUR.A,D,XM,EUR,A,1980-09-05,0.703859,,A,F
"BIS,WS_XRU,1.0",D.XM.EUR.A,D,XM,EUR,A,1980-09-08,0.702252,,A,F
"BIS,WS_XRU,1.0",D.XM.EUR.A,D,XM,EUR,A,1980-09-09,0.701572,,A,F
"BIS,WS_XRU,1.0",D.XM.EUR.A,D,XM,EUR,A,1980-09-10,0.703324,,A,F
"BIS,WS_XRU,1.0",D.XM.EUR.A,D,XM,EUR,A,1980-09-11,0.702129,,A,F
"BIS,WS_XRU,1.0",D.XM.EUR.A,D,XM,EUR,A,1980-09-12,0.703626,,A,F
"BIS,WS_XRU,1.0",D.XM.EUR.A,D,XM,EUR,A,1980-09-15,0.705214,,A,F
"BIS,WS_XRU,1.0",D.XM.EUR.A,D,XM,EUR,A,1980-09-16,0.705896,,A,F
"BIS,WS_XRU,1.0",D.XM.EUR.A,D,XM,EUR,A,1980-09-17,0.704742,,A,F
"BIS,WS_XRU,1.0",D.XM.EUR.A,D,XM,EUR,A,1980-09-18,0.707009,,A,F
"BIS,WS_XRU,1.0",D.XM.EUR.A,D,XM,EUR,A,1980-09-19,0.711071,,A,F
"BIS,WS_XRU,1.0",D.XM.EUR.A,D,XM,EUR,A,1980-09-22,0.710424,,A,F
"BIS,WS_XRU,1.0",D.XM.EUR.A,D,XM,EUR,A,1980-09-23,0.713766,,A,F
"BIS,WS_XRU,1.0",D.XM.EUR.A,D,XM,EUR,A,1980-09-24,0.711394,,A,F
"BIS,WS_XRU,1.0",D.XM.EUR.A,D,XM,EUR,A,1980-09-25,0.709456,,A,F
"BIS,WS_XRU,1.0",D.XM.EUR.A,D,XM,EUR,A,1980-09-26,0.712235,,A,F
"BIS,WS_XRU,1.0",D.XM.EUR.A,D,XM,EUR,A,1980-09-29,0.715359,,A,F
"BIS,WS_XRU,1.0",D.XM.EUR.A,D,XM,EUR,A,1980-09-30,0.714316,,A,F
"BIS,WS_XRU,1.0",D.XM.EUR.A,D,XM,EUR,A,1980-10-01,0.711511,,A,F
"BIS,WS_XRU,1.0",D.XM.EUR.A,D,XM,EUR,A,1980-10-02,0.71347,,A,F
"BIS,WS_XRU,1.0",D.XM.EUR.A,D,XM,EUR,A,1980-10-03,0.714337,,A,F
"BIS,WS_XRU,1.0",D.XM.EUR.A,D,XM,EUR,A,1980-10-06,0.709889,,A,F
"BIS,WS_XRU,1.0",D.XM.EUR.A,D,XM,EUR,A,1980-10-07,0.71221,,A,F
"BIS,WS_XRU,1.0",D.XM.EUR.A,D,XM,EUR,A,1980-10-08,0.711713,,A,F
"BIS,WS_XRU,1.0",D.XM.EUR.A,D,XM,EUR,A,1980-10-09,0.712748,,A,F
"BIS,WS_XRU,1.0",D.XM.EUR.A,D,XM,EUR,A,1980-10-10,0.71099,,A,F
"BIS,WS_XRU,1.0",D.XM.EUR.A,D,XM,EUR,A,1980-10-13,0.711845,,A,F
"BIS,WS_XRU,1.0",D.XM.EUR.A,D,XM,EUR,A,1980-10-14,0.714464,,A,F
"BIS,WS_XRU,1.0",D.XM.EUR.A,D,XM,EUR,A,1980-10-15,0.719518,,A,F
"BIS,WS_XRU,1.0",D.XM.EUR.A,D,XM,EUR,A,1980-10-16,0.718804,,A,F
"BIS,WS_XRU,1.0",D.XM.EUR.A,D,XM,EUR,A,1980-10-17,0.720471,,A,F
"BIS,WS_XRU,1.0",D.XM.EUR.A,D,XM,EUR,A,1980-10-20,0.724585,,A,F
"BIS,WS_XRU,1.0",D.XM.EUR.A,D,XM,EUR,A,1980-10-21,0.728491,,A,F
"BIS,WS_XRU,1.0",D.XM.EUR.A,D,XM,EUR,A,1980-10-22,0.730343,,A,F
"BIS,WS_XRU,1.0",D.XM.EUR.A,D,XM,EUR,A,1980-10-23,0.727252,,A,F
"BIS,WS_XRU,1.0",D.XM.EUR.A,D,XM,EUR,A,1980-10-24,0.729357,,A,F
"BIS,WS_XRU,1.0",D.XM.EUR.A,D,XM,EUR,A,1980-10-27,0.732536,,A,F
"BIS,WS_XRU,1.0",D.XM.EUR.A,D,XM,EUR,A,1980-10-28,0.738656,,A,F
"BIS,WS_XRU,1.0",D.XM.EUR.A,D,XM,EUR,A,1980-10-29,0.737479,,A,F
"BIS,WS_XRU,1.0",D.XM.EUR.A,D,XM,EUR,A,1980-10-30,0.735391,,A,F
"BIS,WS_XRU,1.0",D.XM.EUR.A,D,XM,EUR,A,1980-10-31,0.742258,,A,F
"BIS,WS_XRU,1.0",D.XM.EUR.A,D,XM,EUR,A,1980-11-03,0.745362,,A,F
"BIS,WS_XRU,1.0",D.XM.EUR.A,D,XM,EUR,A,1980-11-04,0.745312,,A,F
"BIS,WS_XRU,1.0",D.XM.EUR.A,D,XM,EUR,A,1980-11-05,0.751541,,A,F
"BIS,WS_XRU,1.0",D.XM.EUR.A,D,XM,EUR,A,1980-11-06,0.75201,,A,F
"BIS,WS_XRU,1.0",D.XM.EUR.A,D,XM,EUR,A,1980-11-07,0.758363,,A,F
"BIS,WS_XRU,1.0",D.XM.EUR.A,D,XM,EUR,A,1980-11-10,0.754023,,A,F
"BIS,WS_XRU,1.0",D.XM.EUR.A,D,XM,EUR,A,1980-11-11,0.737909,,A,F
"BIS,WS_XRU,1.0",D.XM.EUR.A,D,XM,EUR,A,1980-11-12,0.743599,,A,F
"BIS,WS_XRU,1.0",D.XM.EUR.A,D,XM,EUR,A,1980-11-13,0.739022,,A,F
"BIS,WS_XRU,1.0",D.XM.EUR.A,D,XM,EUR,A,1980-11-14,0.743428,,A,F
"BIS,WS_XRU,1.0",D.XM.EUR.A,D,XM,EUR,A,1980-11-17,0.751981,,A,F
"BIS,WS_XRU,1.0",D.XM.EUR.A,D,XM,EUR,A,1980-11-18,0.752389,,A,F
"BIS,WS_XRU,1.0",D.XM.EUR.A,D,XM,EUR,A,1980-11-19,0.744402,,A,F
"BIS,WS_XRU,1.0",D.XM.EUR.A,D,XM,EUR,A,1980-11-20,0.746503,,A,F
"BIS,WS_XRU,1.0",D.XM.EUR.A,D,XM,EUR,A,1980-11-21,0.752916,,A,F
"BIS,WS_XRU,1.0",D.XM.EUR.A,D,XM,EUR,A,1980-11-24,0.751145,,A,F
"BIS,WS_XRU,1.0",D.XM.EUR.A,D,XM,EUR,A,1980-11-25,0.749406,,A,F
"BIS,WS_XRU,1.0",D.XM.EUR.A,D,XM,EUR,A,1980-11-26,0.750852,,A,F
"BIS,WS_XRU,1.0",D.XM.EUR.A,D,XM,EUR,A,1980-11-27,0.754136,,A,F
"BIS,WS_XRU,1.0",D.XM.EUR.A,D,XM,EUR,A,1980-11-28,0.753915,,A,F
"BIS,WS_XRU,1.0",D.XM.EUR.A,D,XM,EUR,A,1980-12-01,0.760751,,A,F
"BIS,WS_XRU,1.0",D.XM.EUR.A,D,XM,EUR,A,1980-12-02,0.758438,,A,F
"BIS,WS_XRU,1.0",D.XM.EUR.A,D,XM,EUR,A,1980-12-03,0.759498,,A,F
"BIS,WS_XRU,1.0",D.XM.EUR.A,D,XM,EUR,A,1980-12-04,0.75963,,A,F
"BIS,WS_XRU,1.0",D.XM.EUR.A,D,XM,EUR,A,1980-12-05,0.764994,,A,F
"BIS,WS_XRU,1.0",D.XM.EUR.A,D,XM,EUR,A,1980-12-08,0.765451,,A,F
"BIS,WS_XRU,1.0",D.XM.EUR.A,D,XM,EUR,A,1980-12-09,0.771617,,A,F
"BIS,WS_XRU,1.0",D.XM.EUR.A,D,XM,EUR,A,1980-12-10,0.777502,,A,F
"BIS,WS_XRU,1.0",D.XM.EUR.A,D,XM,EUR,A,1980-12-11,0.789659,,A,F
"BIS,WS_XRU,1.0",D.XM.EUR.A,D,XM,EUR,A,1980-12-12,0.781329,,A,F
"BIS,WS_XRU,1.0",D.XM.EUR.A,D,XM,EUR,A,1980-12-15,0.770167,,A,F
"BIS,WS_XRU,1.0",D.XM.EUR.A,D,XM,EUR,A,1980-12-16,0.785059,,A,F
"BIS,WS_XRU,1.0",D.XM.EUR.A,D,XM,EUR,A,1980-12-17,0.781916,,A,F
"BIS,WS_XRU,1.0",D.XM.EUR.A,D,XM,EUR,A,1980-12-18,0.777369,,A,F
"BIS,WS_XRU,1.0",D.XM.EUR.A,D,XM,EUR,A,1980-12-19,0.776078,,A,F
"BIS,WS_XRU,1.0",D.XM.EUR.A,D,XM,EUR,A,1980-12-22,0.769598,,A,F
"BIS,WS_XRU,1.0",D.XM.EUR.A,D,XM,EUR,A,1980-12-23,0.75876,,A,F
"BIS,WS_XRU,1.0",D.XM.EUR.A,D,XM,EUR,A,1980-12-24,,,M,F
"BIS,WS_XRU,1.0",D.XM.EUR.A,D,XM,EUR,A,1980-12-25,,,M,F
"BIS,WS_XRU,1.0",D.XM.EUR.A,D,XM,EUR,A,1980-12-26,,,M,F
"BIS,WS_XRU,1.0",D.XM.EUR.A,D,XM,EUR,A,1980-12-29,0.765029,,A,F
"BIS,WS_XRU,1.0",D.XM.EUR.A,D,XM,EUR,A,1980-12-30,0.759648,,A,F
"BIS,WS_XRU,1.0",D.XM.EUR.A,D,XM,EUR,A,1980-12-31,0.763574,,A,F
"BIS,WS_XRU,1.0",D.XM.EUR.A,D,XM,EUR,A,1981-01-01,,,M,F
"BIS,WS_XRU,1.0",D.XM.EUR.A,D,XM,EUR,A,1981-01-02,0.769521,,A,F
"BIS,WS_XRU,1.0",D.XM.EUR.A,D,XM,EUR,A,1981-01-05,0.76045,,A,F
"BIS,WS_XRU,1.0",D.XM.EUR.A,D,XM,EUR,A,1981-01-06,0.750942,,A,F
"BIS,WS_XRU,1.0",D.XM.EUR.A,D,XM,EUR,A,1981-01-07,0.756515,,A,F
"BIS,WS_XRU,1.0",D.XM.EUR.A,D,XM,EUR,A,1981-01-08,0.763709,,A,F
"BIS,WS_XRU,1.0",D.XM.EUR.A,D,XM,EUR,A,1981-01-09,0.765134,,A,F
"BIS,WS_XRU,1.0",D.XM.EUR.A,D,XM,EUR,A,1981-01-12,0.767713,,A,F
"BIS,WS_XRU,1.0",D.XM.EUR.A,D,XM,EUR,A,1981-01-13,0.774905,,A,F
"BIS,WS_XRU,1.0",D.XM.EUR.A,D,XM,EUR,A,1981-01-14,0.773886,,A,F
"BIS,WS_XRU,1.0",D.XM.EUR.A,D,XM,EUR,A,1981-01-15,0.775206,,A,F
"BIS,WS_XRU,1.0",D.XM.EUR.A,D,XM,EUR,A,1981-01-16,0.782087,,A,F
"BIS,WS_XRU,1.0",D.XM.EUR.A,D,XM,EUR,A,1981-01-19,0.776283,,A,F
"BIS,WS_XRU,1.0",D.XM.EUR.A,D,XM,EUR,A,1981-01-20,0.776977,,A,F
"BIS,WS_XRU,1.0",D.XM.EUR.A,D,XM,EUR,A,1981-01-21,0.771545,,A,F
"BIS,WS_XRU,1.0",D.XM.EUR.A,D,XM,EUR,A,1981-01-22,0.781146,,A,F
"BIS,WS_XRU,1.0",D.XM.EUR.A,D,XM,EUR,A,1981-01-23,0.783816,,A,F
"BIS,WS_XRU,1.0",D.XM.EUR.A,D,XM,EUR,A,1981-01-26,0.792594,,A,F
"BIS,WS_XRU,1.0",D.XM.EUR.A,D,XM,EUR,A,1981-01-27,0.791822,,A,F
"BIS,WS_XRU,1.0",D.XM.EUR.A,D,XM,EUR,A,1981-01-28,0.800807,,A,F
"BIS,WS_XRU,1.0",D.XM.EUR.A,D,XM,EUR,A,1981-01-29,0.805172,,A,F
"BIS,WS_XRU,1.0",D.XM.EUR.A,D,XM,EUR,A,1981-01-30,0.813187,,A,F
"BIS,WS_XRU,1.0",D.XM.EUR.A,D,XM,EUR,A,1981-02-02,0.8113,,A,F
"BIS,WS_XRU,1.0",D.XM.EUR.A,D,XM,EUR,A,1981-02-03,0.826508,,A,F
"BIS,WS_XRU,1.0",D.XM.EUR.A,D,XM,EUR,A,1981-02-04,0.818203,,A,F
"BIS,WS_XRU,1.0",D.XM.EUR.A,D,XM,EUR,A,1981-02-05,0.818666,,A,F
"BIS,WS_XRU,1.0",D.XM.EUR.A,D,XM,EUR,A,1981-02-06,0.824559,,A,F
"BIS,WS_XRU,1.0",D.XM.EUR.A,D,XM,EUR,A,1981-02-09,0.822335,,A,F
"BIS,WS_XRU,1.0",D.XM.EUR.A,D,XM,EUR,A,1981-02-10,0.826317,,A,F
"BIS,WS_XRU,1.0",D.XM.EUR.A,D,XM,EUR,A,1981-02-11,0.827363,,A,F
"BIS,WS_XRU,1.0",D.XM.EUR.A,D,XM,EUR,A,1981-02-12,0.834871,,A,F
"BIS,WS_XRU,1.0",D.XM.EUR.A,D,XM,EUR,A,1981-02-13,0.843782,,A,F
"BIS,WS_XRU,1.0",D.XM.EUR.A,D,XM,EUR,A,1981-02-16,0.8647,,A,F
"BIS,WS_XRU,1.0",D.XM.EUR.A,D,XM,EUR,A,1981-02-17,0.846754,,A,F
"BIS,WS_XRU,1.0",D.XM.EUR.A,D,XM,EUR,A,1981-02-18,0.837058,,A,F
"BIS,WS_XRU,1.0",D.XM.EUR.A,D,XM,EUR,A,1981-02-19,0.830358,,A,F
"BIS,WS_XRU,1.0",D.XM.EUR.A,D,XM,EUR,A,1981-02-20,0.810347,,A,F
"BIS,WS_XRU,1.0",D.XM.EUR.A,D,XM,EUR,A,1981-02-23,0.819464,,A,F
"BIS,WS_XRU,1.0",D.XM.EUR.A,D,XM,EUR,A,1981-02-24,0.822429,,A,F
"BIS,WS_XRU,1.0",D.XM.EUR.A,D,XM,EUR,A,1981-02-25,0.824865,,A,F
"BIS,WS_XRU,1.0",D.XM.EUR.A,D,XM,EUR,A,1981-02-26,0.830937,,A,F
"BIS,WS_XRU,1.0",D.XM.EUR.A,D,XM,EUR,A,1981-02-27,0.837626,,A,F
"BIS,WS_XRU,1.0",D.XM.EUR.A,D,XM,EUR,A,1981-03-02,0.84513,,A,F
"BIS,WS_XRU,1.0",D.XM.EUR.A,D,XM,EUR,A,1981-03-03,0.850362,,A,F
"BIS,WS_XRU,1.0",D.XM.EUR.A,D,XM,EUR,A,1981-03-04,0.832411,,A,F
"BIS,WS_XRU,1.0",D.XM.EUR.A,D,XM,EUR,A,1981-03-05,0.841029,,A,F
"BIS,WS_XRU,1.0",D.XM.EUR.A,D,XM,EUR,A,1981-03-06,0.84327,,A,F
"BIS,WS_XRU,1.0",D.XM.EUR.A,D,XM,EUR,A,1981-03-09,0.838617,,A,F
"BIS,WS_XRU,1.0",D.XM.EUR.A,D,XM,EUR,A,1981-03-10,0.831152,,A,F
"BIS,WS_XRU,1.0",D.XM.EUR.A,D,XM,EUR,A,1981-03-11,0.832861,,A,F
"BIS,WS_XRU,1.0",D.XM.EUR.A,D,XM,EUR,A,1981-03-12,0.831241,,A,F
"BIS,WS_XRU,1.0",D.XM.EUR.A,D,XM,EUR,A,1981-03-13,0.830744,,A,F
"BIS,WS_XRU,1.0",D.XM.EUR.A,D,XM,EUR,A,1981-03-16,0.825362,,A,F
"BIS,WS_XRU,1.0",D.XM.EUR.A,D,XM,EUR,A,1981-03-17,0.81888,,A,F
"BIS,WS_XRU,1.0",D.XM.EUR.A,D,XM,EUR,A,1981-03-18,0.812526,,A,F
"BIS,WS_XRU,1.0",D.XM.EUR.A,D,XM,EUR,A,1981-03-19,0.809271,,A,F
"BIS,WS_XRU,1.0",D.XM.EUR.A,D,XM,EUR,A,1981-03-20,0.813246,,A,F
"BIS,WS_XRU,1.0",D.XM.EUR.A,D,XM,EUR,A,1981-03-23,0.8243,,A,F
"BIS,WS_XRU,1.0",D.XM.EUR.A,D,XM,EUR,A,1981-03-24,0.82293,,A,F
"BIS,WS_XRU,1.0",D.XM.EUR.A,D,XM,EUR,A,1981-03-25,0.821605,,A,F
"BIS,WS_XRU,1.0",D.XM.EUR.A,D,XM,EUR,A,1981-03-26,0.825014,,A,F
"BIS,WS_XRU,1.0",D.XM.EUR.A,D,XM,EUR,A,1981-03-27,0.837598,,A,F
"BIS,WS_XRU,1.0",D.XM.EUR.A,D,XM,EUR,A,1981-03-30,0.834307,,A,F
"BIS,WS_XRU,1.0",D.XM.EUR.A,D,XM,EUR,A,1981-03-31,0.826679,,A,F
"BIS,WS_XRU,1.0",D.XM.EUR.A,D,XM,EUR,A,1981-04-01,0.826098,,A,F
"BIS,WS_XRU,1.0",D.XM.EUR.A,D,XM,EUR,A,1981-04-02,0.827746,,A,F
"BIS,WS_XRU,1.0",D.XM.EUR.A,D,XM,EUR,A,1981-04-03,0.839194,,A,F
"BIS,WS_XRU,1.0",D.XM.EUR.A,D,XM,EUR,A,1981-04-06,0.846131,,A,F
"BIS,WS_XRU,1.0",D.XM.EUR.A,D,XM,EUR,A,1981-04-07,0.846955,,A,F
"BIS,WS_XRU,1.0",D.XM.EUR.A,D,XM,EUR,A,1981-04-08,0.836897,,A,F
"BIS,WS_XRU,1.0",D.XM.EUR.A,D,XM,EUR,A,1981-04-09,0.844138,,A,F
"BIS,WS_XRU,1.0",D.XM.EUR.A,D,XM,EUR,A,1981-04-10,0.846296,,A,F
"BIS,WS_XRU,1.0",D.XM.EUR.A,D,XM,EUR,A,1981-04-13,0.856186,,A,F
"BIS,WS_XRU,1.0",D.XM.EUR.A,D,XM,EUR,A,1981-04-14,0.852718,,A,F
"BIS,WS_XRU,1.0",D.XM.EUR.A,D,XM,EUR,A,1981-04-15,0.856722,,A,F
"BIS,WS_XRU,1.0",D.XM.EUR.A,D,XM,EUR,A,1981-04-16,0.861839,,A,F
"BIS,WS_XRU,1.0",D.XM.EUR.A,D,XM,EUR,A,1981-04-17,,,M,F
"BIS,WS_XRU,1.0",D.XM.EUR.A,D,XM,EUR,A,1981-04-20,,,M,F
"BIS,WS_XRU,1.0",D.XM.EUR.A,D,XM,EUR,A,1981-04-21,0.859882,,A,F
"BIS,WS_XRU,1.0",D.XM.EUR.A,D,XM,EUR,A,1981-04-22,0.855952,,A,F
"BIS,WS_XRU,1.0",D.XM.EUR.A,D,XM,EUR,A,1981-04-23,0.855044,,A,F
"BIS,WS_XRU,1.0",D.XM.EUR.A,D,XM,EUR,A,1981-04-24,0.858369,,A,F
"BIS,WS_XRU,1.0",D.XM.EUR.A,D,XM,EUR,A,1981-04-27,0.857251,,A,F
"BIS,WS_XRU,1.0",D.XM.EUR.A,D,XM,EUR,A,1981-04-28,0.862805,,A,F
"BIS,WS_XRU,1.0",D.XM.EUR.A,D,XM,EUR,A,1981-04-29,0.869664,,A,F
"BIS,WS_XRU,1.0",D.XM.EUR.A,D,XM,EUR,A,1981-04-30,0.871027,,A,F
"BIS,WS_XRU,1.0",D.XM.EUR.A,D,XM,EUR,A,1981-05-01,,,M,F
"BIS,WS_XRU,1.0",D.XM.EUR.A,D,XM,EUR,A,1981-05-04,0.882909,,A,F
"BIS,WS_XRU,1.0",D.XM.EUR.A,D,XM,EUR,A,1981-05-05,0.893088,,A,F
"BIS,WS_XRU,1.0",D.XM.EUR.A,D,XM,EUR,A,1981-05-06,0.884142,,A,F
"BIS,WS_XRU,1.0",D.XM.EUR.A,D,XM,EUR,A,1981-05-07,0.894815,,A,F
"BIS,WS_XRU,1.0",D.XM.EUR.A,D,XM,EUR,A,1981-05-08,0.8853,,A,F
"BIS,WS_XRU,1.0",D.XM.EUR.A,D,XM,EUR,A,1981-05-11,0.895905,,A,F
"BIS,WS_XRU,1.0",D.XM.EUR.A,D,XM,EUR,A,1981-05-12,0.903457,,A,F
"BIS,WS_XRU,1.0",D.XM.EUR.A,D,XM,EUR,A,1981-05-13,0.902258,,A,F
"BIS,WS_XRU,1.0",D.XM.EUR.A,D,XM,EUR,A,1981-05-14,0.911585,,A,F
"BIS,WS_XRU,1.0",D.XM.EUR.A,D,XM,EUR,A,1981-05-15,0.906849,,A,F
"BIS,WS_XRU,1.0",D.XM.EUR.A,D,XM,EUR,A,1981-05-18,0.903098,,A,F
"BIS,WS_XRU,1.0",D.XM.EUR.A,D,XM,EUR,A,1981-05-19,0.906175,,A,F
"BIS,WS_XRU,1.0",D.XM.EUR.A,D,XM,EUR,A,1981-05-20,0.904069,,A,F
"BIS,WS_XRU,1.0",D.XM.EUR.A,D,XM,EUR,A,1981-05-21,0.912842,,A,F
"BIS,WS_XRU,1.0",D.XM.EUR.A,D,XM,EUR,A,1981-05-22,0.915349,,A,F
"BIS,WS_XRU,1.0",D.XM.EUR.A,D,XM,EUR,A,1981-05-25,0.912642,,A,F
"BIS,WS_XRU,1.0",D.XM.EUR.A,D,XM,EUR,A,1981-05-26,0.9184,,A,F
"BIS,WS_XRU,1.0",D.XM.EUR.A,D,XM,EUR,A,1981-05-27,0.921642,,A,F
"BIS,WS_XRU,1.0",D.XM.EUR.A,D,XM,EUR,A,1981-05-28,,,M,F
"BIS,WS_XRU,1.0",D.XM.EUR.A,D,XM,EUR,A,1981-05-29,0.914227,,A,F
"BIS,WS_XRU,1.0",D.XM.EUR.A,D,XM,EUR,A,1981-06-01,0.914328,,A,F
"BIS,WS_XRU,1.0",D.XM.EUR.A,D,XM,EUR,A,1981-06-02,0.930259,,A,F
"BIS,WS_XRU,1.0",D.XM.EUR.A,D,XM,EUR,A,1981-06-03,0.928816,,A,F
"BIS,WS_XRU,1.0",D.XM.EUR.A,D,XM,EUR,A,1981-06-04,0.943984,,A,F
"BIS,WS_XRU,1.0",D.XM.EUR.A,D,XM,EUR,A,1981-06-05,0.956727,,A,F
"BIS,WS_XRU,1.0",D.XM.EUR.A,D,XM,EUR,A,1981-06-08,,,M,F
"BIS,WS_XRU,1.0",D.XM.EUR.A,D,XM,EUR,A,1981-06-09,0.946056,,A,F
"BIS,WS_XRU,1.0",D.XM.EUR.A,D,XM,EUR,A,1981-06-10,0.939894,,A,F
"BIS,WS_XRU,1.0",D.XM.EUR.A,D,XM,EUR,A,1981-06-11,0.946898,,A,F
"BIS,WS_XRU,1.0",D.XM.EUR.A,D,XM,EUR,A,1981-06-12,0.947329,,A,F
"BIS,WS_XRU,1.0",D.XM.EUR.A,D,XM,EUR,A,1981-06-15,0.934981,,A,F
"BIS,WS_XRU,1.0",D.XM.EUR.A,D,XM,EUR,A,1981-06-16,0.923924,,A,F
"BIS,WS_XRU,1.0",D.XM.EUR.A,D,XM,EUR,A,1981-06-17,0.924462,,A,F
"BIS,WS_XRU,1.0",D.XM.EUR.A,D,XM,EUR,A,1981-06-18,0.93437,,A,F
"BIS,WS_XRU,1.0",D.XM.EUR.A,D,XM,EUR,A,1981-06-19,0.944242,,A,F
"BIS,WS_XRU,1.0",D.XM.EUR.A,D,XM,EUR,A,1981-06-22,0.935217,,A,F
"BIS,WS_XRU,1.0",D.XM.EUR.A,D,XM,EUR,A,1981-06-23,0.932323,,A,F
"BIS,WS_XRU,1.0",D.XM.EUR.A,D,XM,EUR,A,1981-06-24,0.936935,,A,F
"BIS,WS_XRU,1.0",D.XM.EUR.A,D,XM,EUR,A,1981-06-25,0.940247,,A,F
"BIS,WS_XRU,1.0",D.XM.EUR.A,D,XM,EUR,A,1981-06-26,0.950101,,A,F
"BIS,WS_XRU,1.0",D.XM.EUR.A,D,XM,EUR,A,1981-06-29,0.944555,,A,F
"BIS,WS_XRU,1.0",D.XM.EUR.A,D,XM,EUR,A,1981-06-30,0.948317,,A,F
"BIS,WS_XRU,1.0",D.XM.EUR.A,D,XM,EUR,A,1981-07-01,0.95398,,A,F
"BIS,WS_XRU,1.0",D.XM.EUR.A,D,XM,EUR,A,1981-07-02,0.95724,,A,F
"BIS,WS_XRU,1.0",D.XM.EUR.A,D,XM,EUR,A,1981-07-03,0.957579,,A,F
"BIS,WS_XRU,1.0",D.XM.EUR.A,D,XM,EUR,A,1981-07-06,0.968523,,A,F
"BIS,WS_XRU,1.0",D.XM.EUR.A,D,XM,EUR,A,1981-07-07,0.96393,,A,F
"BIS,WS_XRU,1.0",D.XM.EUR.A,D,XM,EUR,A,1981-07-08,0.973359,,A,F
"BIS,WS_XRU,1.0",D.XM.EUR.A,D,XM,EUR,A,1981-07-09,0.971978,,A,F
"BIS,WS_XRU,1.0",D.XM.EUR.A,D,XM,EUR,A,1981-07-10,0.970054,,A,F
"BIS,WS_XRU,1.0",D.XM.EUR.A,D,XM,EUR,A,1981-07-13,0.960347,,A,F
"BIS,WS_XRU,1.0",D.XM.EUR.A,D,XM,EUR,A,1981-07-14,0.971827,,A,F
"BIS,WS_XRU,1.0",D.XM.EUR.A,D,XM,EUR,A,1981-07-15,0.963651,,A,F
"BIS,WS_XRU,1.0",D.XM.EUR.A,D,XM,EUR,A,1981-07-16,0.959767,,A,F
"BIS,WS_XRU,1.0",D.XM.EUR.A,D,XM,EUR,A,1981-07-17,0.963503,,A,F
"BIS,WS_XRU,1.0",D.XM.EUR.A,D,XM,EUR,A,1981-07-20,0.968448,,A,F
"BIS,WS_XRU,1.0",D.XM.EUR.A,D,XM,EUR,A,1981-07-21,0.977718,,A,F
"BIS,WS_XRU,1.0",D.XM.EUR.A,D,XM,EUR,A,1981-07-22,0.973463,,A,F
"BIS,WS_XRU,1.0",D.XM.EUR.A,D,XM,EUR,A,1981-07-23,0.969772,,A,F
"BIS,WS_XRU,1.0",D.XM.EUR.A,D,XM,EUR,A,1981-07-24,0.970732,,A,F
"BIS,WS_XRU,1.0",D.XM.EUR.A,D,XM,EUR,A,1981-07-27,0.961594,,A,F
"BIS,WS_XRU,1.0",D.XM.EUR.A,D,XM,EUR,A,1981-07-28,0.970186,,A,F
"BIS,WS_XRU,1.0",D.XM.EUR.A,D,XM,EUR,A,1981-07-29,0.969904,,A,F
"BIS,WS_XRU,1.0",D.XM.EUR.A,D,XM,EUR,A,1981-07-30,0.979864,,A,F
"BIS,WS_XRU,1.0",D.XM.EUR.A,D,XM,EUR,A,1981-07-31,0.977498,,A,F
"BIS,WS_XRU,1.0",D.XM.EUR.A,D,XM,EUR,A,1981-08-03,0.992093,,A,F
"BIS,WS_XRU,1.0",D.XM.EUR.A,D,XM,EUR,A,1981-08-04,0.999281,,A,F
"BIS,WS_XRU,1.0",D.XM.EUR.A,D,XM,EUR,A,1981-08-05,0.99685,,A,F
"BIS,WS_XRU,1.0",D.XM.EUR.A,D,XM,EUR,A,1981-08-06,1.000997,,A,F
"BIS,WS_XRU,1.0",D.XM.EUR.A,D,XM,EUR,A,1981-08-07,1.008055,,A,F
"BIS,WS_XRU,1.0",D.XM.EUR.A,D,XM,EUR,A,1981-08-10,1.022923,,A,F
"BIS,WS_XRU,1.0",D.XM.EUR.A,D,XM,EUR,A,1981-08-11,1.020145,,A,F
"BIS,WS_XRU,1.0",D.XM.EUR.A,D,XM,EUR,A,1981-08-12,1.007464,,A,F
"BIS,WS_XRU,1.0",D.XM.EUR.A,D,XM,EUR,A,1981-08-13,0.996105,,A,F
"BIS,WS_XRU,1.0",D.XM.EUR.A,D,XM,EUR,A,1981-08-14,1.001686,,A,F
"BIS,WS_XRU,1.0",D.XM.EUR.A,D,XM,EUR,A,1981-08-17,1.002013,,A,F
"BIS,WS_XRU,1.0",D.XM.EUR.A,D,XM,EUR,A,1981-08-18,0.980661,,A,F
"BIS,WS_XRU,1.0",D.XM.EUR.A,D,XM,EUR,A,1981-08-19,0.991552,,A,F
"BIS,WS_XRU,1.0",D.XM.EUR.A,D,XM,EUR,A,1981-08-20,0.983855,,A,F
"BIS,WS_XRU,1.0",D.XM.EUR.A,D,XM,EUR,A,1981-08-21,0.97212,,A,F
"BIS,WS_XRU,1.0",D.XM.EUR.A,D,XM,EUR,A,1981-08-24,0.970629,,A,F
"BIS,WS_XRU,1.0",D.XM.EUR.A,D,XM,EUR,A,1981-08-25,0.995778,,A,F
"BIS,WS_XRU,1.0",D.XM.EUR.A,D,XM,EUR,A,1981-08-26,0.987742,,A,F
"BIS,WS_XRU,1.0",D.XM.EUR.A,D,XM,EUR,A,1981-08-27,0.983507,,A,F
"BIS,WS_XRU,1.0",D.XM.EUR.A,D,XM,EUR,A,1981-08-28,0.978158,,A,F
"BIS,WS_XRU,1.0",D.XM.EUR.A,D,XM,EUR,A,1981-08-31,0.968045,,A,F
"BIS,WS_XRU,1.0",D.XM.EUR.A,D,XM,EUR,A,1981-09-01,0.975448,,A,F
"BIS,WS_XRU,1.0",D.XM.EUR.A,D,XM,EUR,A,1981-09-02,0.970874,,A,F
"BIS,WS_XRU,1.0",D.XM.EUR.A,D,XM,EUR,A,1981-09-03,0.966679,,A,F
"BIS,WS_XRU,1.0",D.XM.EUR.A,D,XM,EUR,A,1981-09-04,0.966324,,A,F
"BIS,WS_XRU,1.0",D.XM.EUR.A,D,XM,EUR,A,1981-09-07,0.969838,,A,F
"BIS,WS_XRU,1.0",D.XM.EUR.A,D,XM,EUR,A,1981-09-08,0.966753,,A,F
"BIS,WS_XRU,1.0",D.XM.EUR.A,D,XM,EUR,A,1981-09-09,0.974421,,A,F
"BIS,WS_XRU,1.0",D.XM.EUR.A,D,XM,EUR,A,1981-09-10,0.968382,,A,F
"BIS,WS_XRU,1.0",D.XM.EUR.A,D,XM,EUR,A,1981-09-11,0.962445,,A,F
"BIS,WS_XRU,1.0",D.XM.EUR.A,D,XM,EUR,A,1981-09-14,0.953916,,A,F
"BIS,WS_XRU,1.0",D.XM.EUR.A,D,XM,EUR,A,1981-09-15,0.945966,,A,F
"BIS,WS_XRU,1.0",D.XM.EUR.A,D,XM,EUR,A,1981-09-16,0.934091,,A,F
"BIS,WS_XRU,1.0",D.XM.EUR.A,D,XM,EUR,A,1981-09-17,0.915625,,A,F
"BIS,WS_XRU,1.0",D.XM.EUR.A,D,XM,EUR,A,1981-09-18,0.914587,,A,F
"BIS,WS_XRU,1.0",D.XM.EUR.A,D,XM,EUR,A,1981-09-21,0.903546,,A,F
"BIS,WS_XRU,1.0",D.XM.EUR.A,D,XM,EUR,A,1981-09-22,0.916901,,A,F
"BIS,WS_XRU,1.0",D.XM.EUR.A,D,XM,EUR,A,1981-09-23,0.92081,,A,F
"BIS,WS_XRU,1.0",D.XM.EUR.A,D,XM,EUR,A,1981-09-24,0.939373,,A,F
"BIS,WS_XRU,1.0",D.XM.EUR.A,D,XM,EUR,A,1981-09-25,0.940468,,A,F
"BIS,WS_XRU,1.0",D.XM.EUR.A,D,XM,EUR,A,1981-09-28,0.947607,,A,F
"BIS,WS_XRU,1.0",D.XM.EUR.A,D,XM,EUR,A,1981-09-29,0.931602,,A,F
"BIS,WS_XRU,1.0",D.XM.EUR.A,D,XM,EUR,A,1981-09-30,0.937383,,A,F
"BIS,WS_XRU,1.0",D.XM.EUR.A,D,XM,EUR,A,1981-10-01,0.935349,,A,F
"BIS,WS_XRU,1.0",D.XM.EUR.A,D,XM,EUR,A,1981-10-02,0.921931,,A,F
"BIS,WS_XRU,1.0",D.XM.EUR.A,D,XM,EUR,A,1981-10-05,0.915919,,A,F
"BIS,WS_XRU,1.0",D.XM.EUR.A,D,XM,EUR,A,1981-10-06,0.917819,,A,F
"BIS,WS_XRU,1.0",D.XM.EUR.A,D,XM,EUR,A,1981-10-07,0.908653,,A,F
"BIS,WS_XRU,1.0",D.XM.EUR.A,D,XM,EUR,A,1981-10-08,0.911718,,A,F
"BIS,WS_XRU,1.0",D.XM.EUR.A,D,XM,EUR,A,1981-10-09,0.894582,,A,F
"BIS,WS_XRU,1.0",D.XM.EUR.A,D,XM,EUR,A,1981-10-12,0.898142,,A,F
"BIS,WS_XRU,1.0",D.XM.EUR.A,D,XM,EUR,A,1981-10-13,0.903359,,A,F
"BIS,WS_XRU,1.0",D.XM.EUR.A,D,XM,EUR,A,1981-10-14,0.91565,,A,F
"BIS,WS_XRU,1.0",D.XM.EUR.A,D,XM,EUR,A,1981-10-15,0.905666,,A,F
"BIS,WS_XRU,1.0",D.XM.EUR.A,D,XM,EUR,A,1981-10-16,0.918704,,A,F
"BIS,WS_XRU,1.0",D.XM.EUR.A,D,XM,EUR,A,1981-10-19,0.917936,,A,F
"BIS,WS_XRU,1.0",D.XM.EUR.A,D,XM,EUR,A,1981-10-20,0.915516,,A,F
"BIS,WS_XRU,1.0",D.XM.EUR.A,D,XM,EUR,A,1981-10-21,0.926647,,A,F
"BIS,WS_XRU,1.0",D.XM.EUR.A,D,XM,EUR,A,1981-10-22,0.93437,,A,F
"BIS,WS_XRU,1.0",D.XM.EUR.A,D,XM,EUR,A,1981-10-23,0.933193,,A,F
"BIS,WS_XRU,1.0",D.XM.EUR.A,D,XM,EUR,A,1981-10-26,0.949632,,A,F
"BIS,WS_XRU,1.0",D.XM.EUR.A,D,XM,EUR,A,1981-10-27,0.942658,,A,F
"BIS,WS_XRU,1.0",D.XM.EUR.A,D,XM,EUR,A,1981-10-28,0.941035,,A,F
"BIS,WS_XRU,1.0",D.XM.EUR.A,D,XM,EUR,A,1981-10-29,0.935086,,A,F
"BIS,WS_XRU,1.0",D.XM.EUR.A,D,XM,EUR,A,1981-10-30,0.922867,,A,F
"BIS,WS_XRU,1.0",D.XM.EUR.A,D,XM,EUR,A,1981-11-02,0.909149,,A,F
"BIS,WS_XRU,1.0",D.XM.EUR.A,D,XM,EUR,A,1981-11-03,0.911735,,A,F
"BIS,WS_XRU,1.0",D.XM.EUR.A,D,XM,EUR,A,1981-11-04,0.906865,,A,F
"BIS,WS_XRU,1.0",D.XM.EUR.A,D,XM,EUR,A,1981-11-05,0.910167,,A,F
"BIS,WS_XRU,1.0",D.XM.EUR.A,D,XM,EUR,A,1981-11-06,0.913442,,A,F
"BIS,WS_XRU,1.0",D.XM.EUR.A,D,XM,EUR,A,1981-11-09,0.904306,,A,F
"BIS,WS_XRU,1.0",D.XM.EUR.A,D,XM,EUR,A,1981-11-10,0.91078,,A,F
"BIS,WS_XRU,1.0",D.XM.EUR.A,D,XM,EUR,A,1981-11-11,0.907869,,A,F
"BIS,WS_XRU,1.0",D.XM.EUR.A,D,XM,EUR,A,1981-11-12,0.906166,,A,F
"BIS,WS_XRU,1.0",D.XM.EUR.A,D,XM,EUR,A,1981-11-13,0.90524,,A,F
"BIS,WS_XRU,1.0",D.XM.EUR.A,D,XM,EUR,A,1981-11-16,0.913017,,A,F
"BIS,WS_XRU,1.0",D.XM.EUR.A,D,XM,EUR,A,1981-11-17,0.916607,,A,F
"BIS,WS_XRU,1.0",D.XM.EUR.A,D,XM,EUR,A,1981-11-18,0.918729,,A,F
"BIS,WS_XRU,1.0",D.XM.EUR.A,D,XM,EUR,A,1981-11-19,0.909612,,A,F
"BIS,WS_XRU,1.0",D.XM.EUR.A,D,XM,EUR,A,1981-11-20,0.917179,,A,F
"BIS,WS_XRU,1.0",D.XM.EUR.A,D,XM,EUR,A,1981-11-23,0.923182,,A,F
"BIS,WS_XRU,1.0",D.XM.EUR.A,D,XM,EUR,A,1981-11-24,0.913359,,A,F
"BIS,WS_XRU,1.0",D.XM.EUR.A,D,XM,EUR,A,1981-11-25,0.907532,,A,F
"BIS,WS_XRU,1.0",D.XM.EUR.A,D,XM,EUR,A,1981-11-26,0.907252,,A,F
"BIS,WS_XRU,1.0",D.XM.EUR.A,D,XM,EUR,A,1981-11-27,0.907186,,A,F
"BIS,WS_XRU,1.0",D.XM.EUR.A,D,XM,EUR,A,1981-11-30,0.897255,,A,F
"BIS,WS_XRU,1.0",D.XM.EUR.A,D,XM,EUR,A,1981-12-01,0.904535,,A,F
"BIS,WS_XRU,1.0",D.XM.EUR.A,D,XM,EUR,A,1981-12-02,0.910747,,A,F
"BIS,WS_XRU,1.0",D.XM.EUR.A,D,XM,EUR,A,1981-12-03,0.909595,,A,F
"BIS,WS_XRU,1.0",D.XM.EUR.A,D,XM,EUR,A,1981-12-04,0.906175,,A,F
"BIS,WS_XRU,1.0",D.XM.EUR.A,D,XM,EUR,A,1981-12-07,0.909438,,A,F
"BIS,WS_XRU,1.0",D.XM.EUR.A,D,XM,EUR,A,1981-12-08,0.919481,,A,F
"BIS,WS_XRU,1.0",D.XM.EUR.A,D,XM,EUR,A,1981-12-09,0.916061,,A,F
"BIS,WS_XRU,1.0",D.XM.EUR.A,D,XM,EUR,A,1981-12-10,0.921243,,A,F
"BIS,WS_XRU,1.0",D.XM.EUR.A,D,XM,EUR,A,1981-12-11,0.927781,,A,F
"BIS,WS_XRU,1.0",D.XM.EUR.A,D,XM,EUR,A,1981-12-14,0.94084,,A,F
"BIS,WS_XRU,1.0",D.XM.EUR.A,D,XM,EUR,A,1981-12-15,0.928169,,A,F
"BIS,WS_XRU,1.0",D.XM.EUR.A,D,XM,EUR,A,1981-12-16,0.929282,,A,F
"BIS,WS_XRU,1.0",D.XM.EUR.A,D,XM,EUR,A,1981-12-17,0.927635,,A,F
"BIS,WS_XRU,1.0",D.XM.EUR.A,D,XM,EUR,A,1981-12-18,0.935988,,A,F
"BIS,WS_XRU,1.0",D.XM.EUR.A,D,XM,EUR,A,1981-12-21,0.93254,,A,F
"BIS,WS_XRU,1.0",D.XM.EUR.A,D,XM,EUR,A,1981-12-22,0.928738,,A,F
"BIS,WS_XRU,1.0",D.XM.EUR.A,D,XM,EUR,A,1981-12-23,0.931402,,A,F
"BIS,WS_XRU,1.0",D.XM.EUR.A,D,XM,EUR,A,1981-12-24,,,M,F
"BIS,WS_XRU,1.0",D.XM.EUR.A,D,XM,EUR,A,1981-12-25,,,M,F
"BIS,WS_XRU,1.0",D.XM.EUR.A,D,XM,EUR,A,1981-12-28,0.927197,,A,F
"BIS,WS_XRU,1.0",D.XM.EUR.A,D,XM,EUR,A,1981-12-29,0.928384,,A,F
"BIS,WS_XRU,1.0",D.XM.EUR.A,D,XM,EUR,A,1981-12-30,0.92614,,A,F
"BIS,WS_XRU,1.0",D.XM.EUR.A,D,XM,EUR,A,1981-12-31,0.921515,,A,F
"BIS,WS_XRU,1.0",D.XM.EUR.A,D,XM,EUR,A,1982-01-01,,,M,F
"BIS,WS_XRU,1.0",D.XM.EUR.A,D,XM,EUR,A,1982-01-04,0.9124,,A,F
"BIS,WS_XRU,1.0",D.XM.EUR.A,D,XM,EUR,A,1982-01-05,0.922611,,A,F
"BIS,WS_XRU,1.0",D.XM.EUR.A,D,XM,EUR,A,1982-01-06,0.919067,,A,F
"BIS,WS_XRU,1.0",D.XM.EUR.A,D,XM,EUR,A,1982-01-07,0.925138,,A,F
"BIS,WS_XRU,1.0",D.XM.EUR.A,D,XM,EUR,A,1982-01-08,0.924958,,A,F
"BIS,WS_XRU,1.0",D.XM.EUR.A,D,XM,EUR,A,1982-01-11,0.930527,,A,F
"BIS,WS_XRU,1.0",D.XM.EUR.A,D,XM,EUR,A,1982-01-12,0.937216,,A,F
"BIS,WS_XRU,1.0",D.XM.EUR.A,D,XM,EUR,A,1982-01-13,0.934396,,A,F
"BIS,WS_XRU,1.0",D.XM.EUR.A,D,XM,EUR,A,1982-01-14,0.943663,,A,F
"BIS,WS_XRU,1.0",D.XM.EUR.A,D,XM,EUR,A,1982-01-15,0.940345,,A,F
"BIS,WS_XRU,1.0",D.XM.EUR.A,D,XM,EUR,A,1982-01-18,0.94509,,A,F
"BIS,WS_XRU,1.0",D.XM.EUR.A,D,XM,EUR,A,1982-01-19,0.935734,,A,F
"BIS,WS_XRU,1.0",D.XM.EUR.A,D,XM,EUR,A,1982-01-20,0.942445,,A,F
"BIS,WS_XRU,1.0",D.XM.EUR.A,D,XM,EUR,A,1982-01-21,0.941824,,A,F
"BIS,WS_XRU,1.0",D.XM.EUR.A,D,XM,EUR,A,1982-01-22,0.942569,,A,F
"BIS,WS_XRU,1.0",D.XM.EUR.A,D,XM,EUR,A,1982-01-25,0.954554,,A,F
"BIS,WS_XRU,1.0",D.XM.EUR.A,D,XM,EUR,A,1982-01-26,0.9549,,A,F
"BIS,WS_XRU,1.0",D.XM.EUR.A,D,XM,EUR,A,1982-01-27,0.94337,,A,F
"BIS,WS_XRU,1.0",D.XM.EUR.A,D,XM,EUR,A,1982-01-28,0.951203,,A,F
"BIS,WS_XRU,1.0",D.XM.EUR.A,D,XM,EUR,A,1982-01-29,0.943984,,A,F
"BIS,WS_XRU,1.0",D.XM.EUR.A,D,XM,EUR,A,1982-02-01,0.957744,,A,F
"BIS,WS_XRU,1.0",D.XM.EUR.A,D,XM,EUR,A,1982-02-02,0.960984,,A,F
"BIS,WS_XRU,1.0",D.XM.EUR.A,D,XM,EUR,A,1982-02-03,0.9547,,A,F
"BIS,WS_XRU,1.0",D.XM.EUR.A,D,XM,EUR,A,1982-02-04,0.960559,,A,F
"BIS,WS_XRU,1.0",D.XM.EUR.A,D,XM,EUR,A,1982-02-05,0.955676,,A,F
"BIS,WS_XRU,1.0",D.XM.EUR.A,D,XM,EUR,A,1982-02-08,0.959693,,A,F
"BIS,WS_XRU,1.0",D.XM.EUR.A,D,XM,EUR,A,1982-02-09,0.967661,,A,F
"BIS,WS_XRU,1.0",D.XM.EUR.A,D,XM,EUR,A,1982-02-10,0.966417,,A,F
"BIS,WS_XRU,1.0",D.XM.EUR.A,D,XM,EUR,A,1982-02-11,0.965279,,A,F
"BIS,WS_XRU,1.0",D.XM.EUR.A,D,XM,EUR,A,1982-02-12,0.974754,,A,F
"BIS,WS_XRU,1.0",D.XM.EUR.A,D,XM,EUR,A,1982-02-15,0.978454,,A,F
"BIS,WS_XRU,1.0",D.XM.EUR.A,D,XM,EUR,A,1982-02-16,0.979163,,A,F
"BIS,WS_XRU,1.0",D.XM.EUR.A,D,XM,EUR,A,1982-02-17,0.973918,,A,F
"BIS,WS_XRU,1.0",D.XM.EUR.A,D,XM,EUR,A,1982-02-18,0.971997,,A,F
"BIS,WS_XRU,1.0",D.XM.EUR.A,D,XM,EUR,A,1982-02-19,0.966146,,A,F
"BIS,WS_XRU,1.0",D.XM.EUR.A,D,XM,EUR,A,1982-02-22,0.967829,,A,F
"BIS,WS_XRU,1.0",D.XM.EUR.A,D,XM,EUR,A,1982-02-23,0.972328,,A,F
"BIS,WS_XRU,1.0",D.XM.EUR.A,D,XM,EUR,A,1982-02-24,0.974308,,A,F
"BIS,WS_XRU,1.0",D.XM.EUR.A,D,XM,EUR,A,1982-02-25,0.978627,,A,F
"BIS,WS_XRU,1.0",D.XM.EUR.A,D,XM,EUR,A,1982-02-26,0.983284,,A,F
"BIS,WS_XRU,1.0",D.XM.EUR.A,D,XM,EUR,A,1982-03-01,0.983797,,A,F
"BIS,WS_XRU,1.0",D.XM.EUR.A,D,XM,EUR,A,1982-03-02,0.980123,,A,F
"BIS,WS_XRU,1.0",D.XM.EUR.A,D,XM,EUR,A,1982-03-03,0.980113,,A,F
"BIS,WS_XRU,1.0",D.XM.EUR.A,D,XM,EUR,A,1982-03-04,0.97833,,A,F
"BIS,WS_XRU,1.0",D.XM.EUR.A,D,XM,EUR,A,1982-03-05,0.969603,,A,F
"BIS,WS_XRU,1.0",D.XM.EUR.A,D,XM,EUR,A,1982-03-08,0.969349,,A,F
"BIS,WS_XRU,1.0",D.XM.EUR.A,D,XM,EUR,A,1982-03-09,0.977173,,A,F
"BIS,WS_XRU,1.0",D.XM.EUR.A,D,XM,EUR,A,1982-03-10,0.979336,,A,F
"BIS,WS_XRU,1.0",D.XM.EUR.A,D,XM,EUR,A,1982-03-11,0.97833,,A,F
"BIS,WS_XRU,1.0",D.XM.EUR.A,D,XM,EUR,A,1982-03-12,0.984698,,A,F
"BIS,WS_XRU,1.0",D.XM.EUR.A,D,XM,EUR,A,1982-03-15,0.980767,,A,F
"BIS,WS_XRU,1.0",D.XM.EUR.A,D,XM,EUR,A,1982-03-16,0.984804,,A,F
"BIS,WS_XRU,1.0",D.XM.EUR.A,D,XM,EUR,A,1982-03-17,0.98528,,A,F
"BIS,WS_XRU,1.0",D.XM.EUR.A,D,XM,EUR,A,1982-03-18,0.986145,,A,F
"BIS,WS_XRU,1.0",D.XM.EUR.A,D,XM,EUR,A,1982-03-19,0.994362,,A,F
"BIS,WS_XRU,1.0",D.XM.EUR.A,D,XM,EUR,A,1982-03-22,0.994481,,A,F
"BIS,WS_XRU,1.0",D.XM.EUR.A,D,XM,EUR,A,1982-03-23,0.998672,,A,F
"BIS,WS_XRU,1.0",D.XM.EUR.A,D,XM,EUR,A,1982-03-24,0.990923,,A,F
"BIS,WS_XRU,1.0",D.XM.EUR.A,D,XM,EUR,A,1982-03-25,0.997089,,A,F
"BIS,WS_XRU,1.0",D.XM.EUR.A,D,XM,EUR,A,1982-03-26,1.000595,,A,F
"BIS,WS_XRU,1.0",D.XM.EUR.A,D,XM,EUR,A,1982-03-29,1.006167,,A,F
"BIS,WS_XRU,1.0",D.XM.EUR.A,D,XM,EUR,A,1982-03-30,1.006689,,A,F
"BIS,WS_XRU,1.0",D.XM.EUR.A,D,XM,EUR,A,1982-03-31,1.004838,,A,F
"BIS,WS_XRU,1.0",D.XM.EUR.A,D,XM,EUR,A,1982-04-01,1.003841,,A,F
"BIS,WS_XRU,1.0",D.XM.EUR.A,D,XM,EUR,A,1982-04-02,0.99964,,A,F
"BIS,WS_XRU,1.0",D.XM.EUR.A,D,XM,EUR,A,1982-04-05,1.005017,,A,F
"BIS,WS_XRU,1.0",D.XM.EUR.A,D,XM,EUR,A,1982-04-06,1.009036,,A,F
"BIS,WS_XRU,1.0",D.XM.EUR.A,D,XM,EUR,A,1982-04-07,1.006449,,A,F
"BIS,WS_XRU,1.0",D.XM.EUR.A,D,XM,EUR,A,1982-04-08,1.011189,,A,F
"BIS,WS_XRU,1.0",D.XM.EUR.A,D,XM,EUR,A,1982-04-09,,,M,F
"BIS,WS_XRU,1.0",D.XM.EUR.A,D,XM,EUR,A,1982-04-12,,,M,F
"BIS,WS_XRU,1.0",D.XM.EUR.A,D,XM,EUR,A,1982-04-13,1.008759,,A,F
"BIS,WS_XRU,1.0",D.XM.EUR.A,D,XM,EUR,A,1982-04-14,1.008171,,A,F
"BIS,WS_XRU,1.0",D.XM.EUR.A,D,XM,EUR,A,1982-04-15,1.012073,,A,F
"BIS,WS_XRU,1.0",D.XM.EUR.A,D,XM,EUR,A,1982-04-16,1.01336,,A,F
"BIS,WS_XRU,1.0",D.XM.EUR.A,D,XM,EUR,A,1982-04-19,1.009113,,A,F
"BIS,WS_XRU,1.0",D.XM.EUR.A,D,XM,EUR,A,1982-04-20,1.002132,,A,F
"BIS,WS_XRU,1.0",D.XM.EUR.A,D,XM,EUR,A,1982-04-21,1.001487,,A,F
"BIS,WS_XRU,1.0",D.XM.EUR.A,D,XM,EUR,A,1982-04-22,1.002402,,A,F
"BIS,WS_XRU,1.0",D.XM.EUR.A,D,XM,EUR,A,1982-04-23,1.003149,,A,F
"BIS,WS_XRU,1.0",D.XM.EUR.A,D,XM,EUR,A,1982-04-26,0.993226,,A,F
"BIS,WS_XRU,1.0",D.XM.EUR.A,D,XM,EUR,A,1982-04-27,0.993947,,A,F
"BIS,WS_XRU,1.0",D.XM.EUR.A,D,XM,EUR,A,1982-04-28,0.986339,,A,F
"BIS,WS_XRU,1.0",D.XM.EUR.A,D,XM,EUR,A,1982-04-29,0.987576,,A,F
"BIS,WS_XRU,1.0",D.XM.EUR.A,D,XM,EUR,A,1982-04-30,0.978569,,A,F
"BIS,WS_XRU,1.0",D.XM.EUR.A,D,XM,EUR,A,1982-05-03,0.973217,,A,F
"BIS,WS_XRU,1.0",D.XM.EUR.A,D,XM,EUR,A,1982-05-04,0.978962,,A,F
"BIS,WS_XRU,1.0",D.XM.EUR.A,D,XM,EUR,A,1982-05-05,0.973918,,A,F
"BIS,WS_XRU,1.0",D.XM.EUR.A,D,XM,EUR,A,1982-05-06,0.967034,,A,F
"BIS,WS_XRU,1.0",D.XM.EUR.A,D,XM,EUR,A,1982-05-07,0.960993,,A,F
"BIS,WS_XRU,1.0",D.XM.EUR.A,D,XM,EUR,A,1982-05-10,0.957634,,A,F
"BIS,WS_XRU,1.0",D.XM.EUR.A,D,XM,EUR,A,1982-05-11,0.955374,,A,F
"BIS,WS_XRU,1.0",D.XM.EUR.A,D,XM,EUR,A,1982-05-12,0.955484,,A,F
"BIS,WS_XRU,1.0",D.XM.EUR.A,D,XM,EUR,A,1982-05-13,0.961086,,A,F
"BIS,WS_XRU,1.0",D.XM.EUR.A,D,XM,EUR,A,1982-05-14,0.97045,,A,F
"BIS,WS_XRU,1.0",D.XM.EUR.A,D,XM,EUR,A,1982-05-17,0.959886,,A,F
"BIS,WS_XRU,1.0",D.XM.EUR.A,D,XM,EUR,A,1982-05-18,0.973473,,A,F
"BIS,WS_XRU,1.0",D.XM.EUR.A,D,XM,EUR,A,1982-05-19,0.972422,,A,F
"BIS,WS_XRU,1.0",D.XM.EUR.A,D,XM,EUR,A,1982-05-20,,,M,F
"BIS,WS_XRU,1.0",D.XM.EUR.A,D,XM,EUR,A,1982-05-21,0.966286,,A,F
"BIS,WS_XRU,1.0",D.XM.EUR.A,D,XM,EUR,A,1982-05-24,0.964236,,A,F
"BIS,WS_XRU,1.0",D.XM.EUR.A,D,XM,EUR,A,1982-05-25,0.968654,,A,F
"BIS,WS_XRU,1.0",D.XM.EUR.A,D,XM,EUR,A,1982-05-26,0.970751,,A,F
"BIS,WS_XRU,1.0",D.XM.EUR.A,D,XM,EUR,A,1982-05-27,0.977756,,A,F
"BIS,WS_XRU,1.0",D.XM.EUR.A,D,XM,EUR,A,1982-05-28,0.982434,,A,F
"BIS,WS_XRU,1.0",D.XM.EUR.A,D,XM,EUR,A,1982-05-31,,,M,F
"BIS,WS_XRU,1.0",D.XM.EUR.A,D,XM,EUR,A,1982-06-01,0.990295,,A,F
"BIS,WS_XRU,1.0",D.XM.EUR.A,D,XM,EUR,A,1982-06-02,0.996711,,A,F
"BIS,WS_XRU,1.0",D.XM.EUR.A,D,XM,EUR,A,1982-06-03,0.989315,,A,F
"BIS,WS_XRU,1.0",D.XM.EUR.A,D,XM,EUR,A,1982-06-04,0.985649,,A,F
"BIS,WS_XRU,1.0",D.XM.EUR.A,D,XM,EUR,A,1982-06-07,0.996145,,A,F
"BIS,WS_XRU,1.0",D.XM.EUR.A,D,XM,EUR,A,1982-06-08,0.995937,,A,F
"BIS,WS_XRU,1.0",D.XM.EUR.A,D,XM,EUR,A,1982-06-09,1.008506,,A,F
"BIS,WS_XRU,1.0",D.XM.EUR.A,D,XM,EUR,A,1982-06-10,1.006306,,A,F
"BIS,WS_XRU,1.0",D.XM.EUR.A,D,XM,EUR,A,1982-06-11,1.000656,,A,F
"BIS,WS_XRU,1.0",D.XM.EUR.A,D,XM,EUR,A,1982-06-14,1.022019,,A,F
"BIS,WS_XRU,1.0",D.XM.EUR.A,D,XM,EUR,A,1982-06-15,1.02847,,A,F
"BIS,WS_XRU,1.0",D.XM.EUR.A,D,XM,EUR,A,1982-06-16,1.029857,,A,F
"BIS,WS_XRU,1.0",D.XM.EUR.A,D,XM,EUR,A,1982-06-17,1.036402,,A,F
"BIS,WS_XRU,1.0",D.XM.EUR.A,D,XM,EUR,A,1982-06-18,1.038941,,A,F
"BIS,WS_XRU,1.0",D.XM.EUR.A,D,XM,EUR,A,1982-06-21,1.051513,,A,F
"BIS,WS_XRU,1.0",D.XM.EUR.A,D,XM,EUR,A,1982-06-22,1.042338,,A,F
"BIS,WS_XRU,1.0",D.XM.EUR.A,D,XM,EUR,A,1982-06-23,1.050611,,A,F
"BIS,WS_XRU,1.0",D.XM.EUR.A,D,XM,EUR,A,1982-06-24,1.040815,,A,F
"BIS,WS_XRU,1.0",D.XM.EUR.A,D,XM,EUR,A,1982-06-25,1.053712,,A,F
"BIS,WS_XRU,1.0",D.XM.EUR.A,D,XM,EUR,A,1982-06-28,1.055043,,A,F
"BIS,WS_XRU,1.0",D.XM.EUR.A,D,XM,EUR,A,1982-06-29,1.046558,,A,F
"BIS,WS_XRU,1.0",D.XM.EUR.A,D,XM,EUR,A,1982-06-30,1.041859,,A,F
"BIS,WS_XRU,1.0",D.XM.EUR.A,D,XM,EUR,A,1982-07-01,1.042839,,A,F
"BIS,WS_XRU,1.0",D.XM.EUR.A,D,XM,EUR,A,1982-07-02,1.043633,,A,F
"BIS,WS_XRU,1.0",D.XM.EUR.A,D,XM,EUR,A,1982-07-05,1.046217,,A,F
"BIS,WS_XRU,1.0",D.XM.EUR.A,D,XM,EUR,A,1982-07-06,1.048606,,A,F
"BIS,WS_XRU,1.0",D.XM.EUR.A,D,XM,EUR,A,1982-07-07,1.063649,,A,F
"BIS,WS_XRU,1.0",D.XM.EUR.A,D,XM,EUR,A,1982-07-08,1.060675,,A,F
"BIS,WS_XRU,1.0",D.XM.EUR.A,D,XM,EUR,A,1982-07-09,1.055048,,A,F
"BIS,WS_XRU,1.0",D.XM.EUR.A,D,XM,EUR,A,1982-07-12,1.042295,,A,F
"BIS,WS_XRU,1.0",D.XM.EUR.A,D,XM,EUR,A,1982-07-13,1.048836,,A,F
"BIS,WS_XRU,1.0",D.XM.EUR.A,D,XM,EUR,A,1982-07-14,1.055256,,A,F
"BIS,WS_XRU,1.0",D.XM.EUR.A,D,XM,EUR,A,1982-07-15,1.055982,,A,F
"BIS,WS_XRU,1.0",D.XM.EUR.A,D,XM,EUR,A,1982-07-16,1.055345,,A,F
"BIS,WS_XRU,1.0",D.XM.EUR.A,D,XM,EUR,A,1982-07-19,1.042158,,A,F
"BIS,WS_XRU,1.0",D.XM.EUR.A,D,XM,EUR,A,1982-07-20,1.042988,,A,F
"BIS,WS_XRU,1.0",D.XM.EUR.A,D,XM,EUR,A,1982-07-21,1.032754,,A,F
"BIS,WS_XRU,1.0",D.XM.EUR.A,D,XM,EUR,A,1982-07-22,1.032689,,A,F
"BIS,WS_XRU,1.0",D.XM.EUR.A,D,XM,EUR,A,1982-07-23,1.019011,,A,F
"BIS,WS_XRU,1.0",D.XM.EUR.A,D,XM,EUR,A,1982-07-26,1.020995,,A,F
"BIS,WS_XRU,1.0",D.XM.EUR.A,D,XM,EUR,A,1982-07-27,1.029317,,A,F
"BIS,WS_XRU,1.0",D.XM.EUR.A,D,XM,EUR,A,1982-07-28,1.034898,,A,F
"BIS,WS_XRU,1.0",D.XM.EUR.A,D,XM,EUR,A,1982-07-29,1.041231,,A,F
"BIS,WS_XRU,1.0",D.XM.EUR.A,D,XM,EUR,A,1982-07-30,1.040077,,A,F
"BIS,WS_XRU,1.0",D.XM.EUR.A,D,XM,EUR,A,1982-08-02,1.030132,,A,F
"BIS,WS_XRU,1.0",D.XM.EUR.A,D,XM,EUR,A,1982-08-03,1.029053,,A,F
"BIS,WS_XRU,1.0",D.XM.EUR.A,D,XM,EUR,A,1982-08-04,1.048039,,A,F
"BIS,WS_XRU,1.0",D.XM.EUR.A,D,XM,EUR,A,1982-08-05,1.047476,,A,F
"BIS,WS_XRU,1.0",D.XM.EUR.A,D,XM,EUR,A,1982-08-06,1.060418,,A,F
"BIS,WS_XRU,1.0",D.XM.EUR.A,D,XM,EUR,A,1982-08-09,1.070717,,A,F
"BIS,WS_XRU,1.0",D.XM.EUR.A,D,XM,EUR,A,1982-08-10,1.054369,,A,F
"BIS,WS_XRU,1.0",D.XM.EUR.A,D,XM,EUR,A,1982-08-11,1.068499,,A,F
"BIS,WS_XRU,1.0",D.XM.EUR.A,D,XM,EUR,A,1982-08-12,1.066028,,A,F
"BIS,WS_XRU,1.0",D.XM.EUR.A,D,XM,EUR,A,1982-08-13,1.058077,,A,F
"BIS,WS_XRU,1.0",D.XM.EUR.A,D,XM,EUR,A,1982-08-16,1.066545,,A,F
"BIS,WS_XRU,1.0",D.XM.EUR.A,D,XM,EUR,A,1982-08-17,1.067595,,A,F
"BIS,WS_XRU,1.0",D.XM.EUR.A,D,XM,EUR,A,1982-08-18,1.047914,,A,F
"BIS,WS_XRU,1.0",D.XM.EUR.A,D,XM,EUR,A,1982-08-19,1.054938,,A,F
"BIS,WS_XRU,1.0",D.XM.EUR.A,D,XM,EUR,A,1982-08-20,1.0422,,A,F
"BIS,WS_XRU,1.0",D.XM.EUR.A,D,XM,EUR,A,1982-08-23,1.043143,,A,F
"BIS,WS_XRU,1.0",D.XM.EUR.A,D,XM,EUR,A,1982-08-24,1.032068,,A,F
"BIS,WS_XRU,1.0",D.XM.EUR.A,D,XM,EUR,A,1982-08-25,1.02956,,A,F
"BIS,WS_XRU,1.0",D.XM.EUR.A,D,XM,EUR,A,1982-08-26,1.035049,,A,F
"BIS,WS_XRU,1.0",D.XM.EUR.A,D,XM,EUR,A,1982-08-27,1.044332,,A,F
"BIS,WS_XRU,1.0",D.XM.EUR.A,D,XM,EUR,A,1982-08-30,1.054724,,A,F
"BIS,WS_XRU,1.0",D.XM.EUR.A,D,XM,EUR,A,1982-08-31,1.059923,,A,F
"BIS,WS_XRU,1.0",D.XM.EUR.A,D,XM,EUR,A,1982-09-01,1.056382,,A,F
"BIS,WS_XRU,1.0",D.XM.EUR.A,D,XM,EUR,A,1982-09-02,1.045994,,A,F
"BIS,WS_XRU,1.0",D.XM.EUR.A,D,XM,EUR,A,1982-09-03,1.04573,,A,F
"BIS,WS_XRU,1.0",D.XM.EUR.A,D,XM,EUR,A,1982-09-06,1.054103,,A,F
"BIS,WS_XRU,1.0",D.XM.EUR.A,D,XM,EUR,A,1982-09-07,1.049414,,A,F
"BIS,WS_XRU,1.0",D.XM.EUR.A,D,XM,EUR,A,1982-09-08,1.056379,,A,F
"BIS,WS_XRU,1.0",D.XM.EUR.A,D,XM,EUR,A,1982-09-09,1.057367,,A,F
"BIS,WS_XRU,1.0",D.XM.EUR.A,D,XM,EUR,A,1982-09-10,1.064403,,A,F
"BIS,WS_XRU,1.0",D.XM.EUR.A,D,XM,EUR,A,1982-09-13,1.070551,,A,F
"BIS,WS_XRU,1.0",D.XM.EUR.A,D,XM,EUR,A,1982-09-14,1.065838,,A,F
"BIS,WS_XRU,1.0",D.XM.EUR.A,D,XM,EUR,A,1982-09-15,1.060684,,A,F
"BIS,WS_XRU,1.0",D.XM.EUR.A,D,XM,EUR,A,1982-09-16,1.067181,,A,F
"BIS,WS_XRU,1.0",D.XM.EUR.A,D,XM,EUR,A,1982-09-17,1.06342,,A,F
"BIS,WS_XRU,1.0",D.XM.EUR.A,D,XM,EUR,A,1982-09-20,1.059507,,A,F
"BIS,WS_XRU,1.0",D.XM.EUR.A,D,XM,EUR,A,1982-09-21,1.06386,,A,F
"BIS,WS_XRU,1.0",D.XM.EUR.A,D,XM,EUR,A,1982-09-22,1.060162,,A,F
"BIS,WS_XRU,1.0",D.XM.EUR.A,D,XM,EUR,A,1982-09-23,1.064231,,A,F
"BIS,WS_XRU,1.0",D.XM.EUR.A,D,XM,EUR,A,1982-09-24,1.068566,,A,F
"BIS,WS_XRU,1.0",D.XM.EUR.A,D,XM,EUR,A,1982-09-27,1.074618,,A,F
"BIS,WS_XRU,1.0",D.XM.EUR.A,D,XM,EUR,A,1982-09-28,1.077792,,A,F
"BIS,WS_XRU,1.0",D.XM.EUR.A,D,XM,EUR,A,1982-09-29,1.072859,,A,F
"BIS,WS_XRU,1.0",D.XM.EUR.A,D,XM,EUR,A,1982-09-30,1.074585,,A,F
"BIS,WS_XRU,1.0",D.XM.EUR.A,D,XM,EUR,A,1982-10-01,1.07299,,A,F
"BIS,WS_XRU,1.0",D.XM.EUR.A,D,XM,EUR,A,1982-10-04,1.082651,,A,F
"BIS,WS_XRU,1.0",D.XM.EUR.A,D,XM,EUR,A,1982-10-05,1.083398,,A,F
"BIS,WS_XRU,1.0",D.XM.EUR.A,D,XM,EUR,A,1982-10-06,1.081102,,A,F
"BIS,WS_XRU,1.0",D.XM.EUR.A,D,XM,EUR,A,1982-10-07,1.074176,,A,F
"BIS,WS_XRU,1.0",D.XM.EUR.A,D,XM,EUR,A,1982-10-08,1.069551,,A,F
"BIS,WS_XRU,1.0",D.XM.EUR.A,D,XM,EUR,A,1982-10-11,1.063204,,A,F
"BIS,WS_XRU,1.0",D.XM.EUR.A,D,XM,EUR,A,1982-10-12,1.058702,,A,F
"BIS,WS_XRU,1.0",D.XM.EUR.A,D,XM,EUR,A,1982-10-13,1.066088,,A,F
"BIS,WS_XRU,1.0",D.XM.EUR.A,D,XM,EUR,A,1982-10-14,1.069121,,A,F
"BIS,WS_XRU,1.0",D.XM.EUR.A,D,XM,EUR,A,1982-10-15,1.071201,,A,F
"BIS,WS_XRU,1.0",D.XM.EUR.A,D,XM,EUR,A,1982-10-18,1.068049,,A,F
"BIS,WS_XRU,1.0",D.XM.EUR.A,D,XM,EUR,A,1982-10-19,1.068443,,A,F
"BIS,WS_XRU,1.0",D.XM.EUR.A,D,XM,EUR,A,1982-10-20,1.073746,,A,F
"BIS,WS_XRU,1.0",D.XM.EUR.A,D,XM,EUR,A,1982-10-21,1.07522,,A,F
"BIS,WS_XRU,1.0",D.XM.EUR.A,D,XM,EUR,A,1982-10-22,1.07449,,A,F
"BIS,WS_XRU,1.0",D.XM.EUR.A,D,XM,EUR,A,1982-10-25,1.084037,,A,F
"BIS,WS_XRU,1.0",D.XM.EUR.A,D,XM,EUR,A,1982-10-26,1.080727,,A,F
"BIS,WS_XRU,1.0",D.XM.EUR.A,D,XM,EUR,A,1982-10-27,1.07916,,A,F
"BIS,WS_XRU,1.0",D.XM.EUR.A,D,XM,EUR,A,1982-10-28,1.085937,,A,F
"BIS,WS_XRU,1.0",D.XM.EUR.A,D,XM,EUR,A,1982-10-29,1.089549,,A,F
"BIS,WS_XRU,1.0",D.XM.EUR.A,D,XM,EUR,A,1982-11-01,1.086406,,A,F
"BIS,WS_XRU,1.0",D.XM.EUR.A,D,XM,EUR,A,1982-11-02,1.082334,,A,F
"BIS,WS_XRU,1.0",D.XM.EUR.A,D,XM,EUR,A,1982-11-03,1.085044,,A,F
"BIS,WS_XRU,1.0",D.XM.EUR.A,D,XM,EUR,A,1982-11-04,1.093954,,A,F
"BIS,WS_XRU,1.0",D.XM.EUR.A,D,XM,EUR,A,1982-11-05,1.093918,,A,F
"BIS,WS_XRU,1.0",D.XM.EUR.A,D,XM,EUR,A,1982-11-08,1.1009,,A,F
"BIS,WS_XRU,1.0",D.XM.EUR.A,D,XM,EUR,A,1982-11-09,1.099856,,A,F
"BIS,WS_XRU,1.0",D.XM.EUR.A,D,XM,EUR,A,1982-11-10,1.092925,,A,F
"BIS,WS_XRU,1.0",D.XM.EUR.A,D,XM,EUR,A,1982-11-11,1.101125,,A,F
"BIS,WS_XRU,1.0",D.XM.EUR.A,D,XM,EUR,A,1982-11-12,1.102202,,A,F
"BIS,WS_XRU,1.0",D.XM.EUR.A,D,XM,EUR,A,1982-11-15,1.103882,,A,F
"BIS,WS_XRU,1.0",D.XM.EUR.A,D,XM,EUR,A,1982-11-16,1.099516,,A,F
"BIS,WS_XRU,1.0",D.XM.EUR.A,D,XM,EUR,A,1982-11-17,1.09802,,A,F
"BIS,WS_XRU,1.0",D.XM.EUR.A,D,XM,EUR,A,1982-11-18,1.099545,,A,F
"BIS,WS_XRU,1.0",D.XM.EUR.A,D,XM,EUR,A,1982-11-19,1.091583,,A,F
"BIS,WS_XRU,1.0",D.XM.EUR.A,D,XM,EUR,A,1982-11-22,1.090195,,A,F
"BIS,WS_XRU,1.0",D.XM.EUR.A,D,XM,EUR,A,1982-11-23,1.097303,,A,F
"BIS,WS_XRU,1.0",D.XM.EUR.A,D,XM,EUR,A,1982-11-24,1.089862,,A,F
"BIS,WS_XRU,1.0",D.XM.EUR.A,D,XM,EUR,A,1982-11-25,1.085165,,A,F
"BIS,WS_XRU,1.0",D.XM.EUR.A,D,XM,EUR,A,1982-11-26,1.088815,,A,F
"BIS,WS_XRU,1.0",D.XM.EUR.A,D,XM,EUR,A,1982-11-29,1.074265,,A,F
"BIS,WS_XRU,1.0",D.XM.EUR.A,D,XM,EUR,A,1982-11-30,1.070766,,A,F
"BIS,WS_XRU,1.0",D.XM.EUR.A,D,XM,EUR,A,1982-12-01,1.059962,,A,F
"BIS,WS_XRU,1.0",D.XM.EUR.A,D,XM,EUR,A,1982-12-02,1.064031,,A,F
"BIS,WS_XRU,1.0",D.XM.EUR.A,D,XM,EUR,A,1982-12-03,1.053196,,A,F
"BIS,WS_XRU,1.0",D.XM.EUR.A,D,XM,EUR,A,1982-12-06,1.046566,,A,F
"BIS,WS_XRU,1.0",D.XM.EUR.A,D,XM,EUR,A,1982-12-07,1.043991,,A,F
"BIS,WS_XRU,1.0",D.XM.EUR.A,D,XM,EUR,A,1982-12-08,1.054466,,A,F
"BIS,WS_XRU,1.0",D.XM.EUR.A,D,XM,EUR,A,1982-12-09,1.057869,,A,F
"BIS,WS_XRU,1.0",D.XM.EUR.A,D,XM,EUR,A,1982-12-10,1.05836,,A,F
"BIS,WS_XRU,1.0",D.XM.EUR.A,D,XM,EUR,A,1982-12-13,1.067505,,A,F
"BIS,WS_XRU,1.0",D.XM.EUR.A,D,XM,EUR,A,1982-12-14,1.056328,,A,F
"BIS,WS_XRU,1.0",D.XM.EUR.A,D,XM,EUR,A,1982-12-15,1.059148,,A,F
"BIS,WS_XRU,1.0",D.XM.EUR.A,D,XM,EUR,A,1982-12-16,1.048981,,A,F
"BIS,WS_XRU,1.0",D.XM.EUR.A,D,XM,EUR,A,1982-12-17,1.04569,,A,F
"BIS,WS_XRU,1.0",D.XM.EUR.A,D,XM,EUR,A,1982-12-20,1.047715,,A,F
"BIS,WS_XRU,1.0",D.XM.EUR.A,D,XM,EUR,A,1982-12-21,1.043171,,A,F
"BIS,WS_XRU,1.0",D.XM.EUR.A,D,XM,EUR,A,1982-12-22,1.042234,,A,F
"BIS,WS_XRU,1.0",D.XM.EUR.A,D,XM,EUR,A,1982-12-23,1.04288,,A,F
"BIS,WS_XRU,1.0",D.XM.EUR.A,D,XM,EUR,A,1982-12-24,,,M,F
"BIS,WS_XRU,1.0",D.XM.EUR.A,D,XM,EUR,A,1982-12-27,1.034741,,A,F
"BIS,WS_XRU,1.0",D.XM.EUR.A,D,XM,EUR,A,1982-12-28,1.029212,,A,F
"BIS,WS_XRU,1.0",D.XM.EUR.A,D,XM,EUR,A,1982-12-29,1.030077,,A,F
"BIS,WS_XRU,1.0",D.XM.EUR.A,D,XM,EUR,A,1982-12-30,1.03083,,A,F
"BIS,WS_XRU,1.0",D.XM.EUR.A,D,XM,EUR,A,1982-12-31,1.033413,,A,F
"BIS,WS_XRU,1.0",D.XM.EUR.A,D,XM,EUR,A,1983-01-03,1.032124,,A,F
"BIS,WS_XRU,1.0",D.XM.EUR.A,D,XM,EUR,A,1983-01-04,1.02476,,A,F
"BIS,WS_XRU,1.0",D.XM.EUR.A,D,XM,EUR,A,1983-01-05,1.020964,,A,F
"BIS,WS_XRU,1.0",D.XM.EUR.A,D,XM,EUR,A,1983-01-06,1.021877,,A,F
"BIS,WS_XRU,1.0",D.XM.EUR.A,D,XM,EUR,A,1983-01-07,1.023254,,A,F
"BIS,WS_XRU,1.0",D.XM.EUR.A,D,XM,EUR,A,1983-01-10,1.017194,,A,F
"BIS,WS_XRU,1.0",D.XM.EUR.A,D,XM,EUR,A,1983-01-11,1.023573,,A,F
"BIS,WS_XRU,1.0",D.XM.EUR.A,D,XM,EUR,A,1983-01-12,1.026418,,A,F
"BIS,WS_XRU,1.0",D.XM.EUR.A,D,XM,EUR,A,1983-01-13,1.023558,,A,F
"BIS,WS_XRU,1.0",D.XM.EUR.A,D,XM,EUR,A,1983-01-14,1.029885,,A,F
"BIS,WS_XRU,1.0",D.XM.EUR.A,D,XM,EUR,A,1983-01-17,1.0278,,A,F
"BIS,WS_XRU,1.0",D.XM.EUR.A,D,XM,EUR,A,1983-01-18,1.039679,,A,F
"BIS,WS_XRU,1.0",D.XM.EUR.A,D,XM,EUR,A,1983-01-19,1.050451,,A,F
"BIS,WS_XRU,1.0",D.XM.EUR.A,D,XM,EUR,A,1983-01-20,1.049971,,A,F
"BIS,WS_XRU,1.0",D.XM.EUR.A,D,XM,EUR,A,1983-01-21,1.053286,,A,F
"BIS,WS_XRU,1.0",D.XM.EUR.A,D,XM,EUR,A,1983-01-24,1.075077,,A,F
"BIS,WS_XRU,1.0",D.XM.EUR.A,D,XM,EUR,A,1983-01-25,1.060165,,A,F
"BIS,WS_XRU,1.0",D.XM.EUR.A,D,XM,EUR,A,1983-01-26,1.049714,,A,F
"BIS,WS_XRU,1.0",D.XM.EUR.A,D,XM,EUR,A,1983-01-27,1.063494,,A,F
"BIS,WS_XRU,1.0",D.XM.EUR.A,D,XM,EUR,A,1983-01-28,1.061483,,A,F
"BIS,WS_XRU,1.0",D.XM.EUR.A,D,XM,EUR,A,1983-01-31,1.066161,,A,F
"BIS,WS_XRU,1.0",D.XM.EUR.A,D,XM,EUR,A,1983-02-01,1.075405,,A,F
"BIS,WS_XRU,1.0",D.XM.EUR.A,D,XM,EUR,A,1983-02-02,1.078668,,A,F
"BIS,WS_XRU,1.0",D.XM.EUR.A,D,XM,EUR,A,1983-02-03,1.074518,,A,F
"BIS,WS_XRU,1.0",D.XM.EUR.A,D,XM,EUR,A,1983-02-04,1.079423,,A,F
"BIS,WS_XRU,1.0",D.XM.EUR.A,D,XM,EUR,A,1983-02-07,1.075837,,A,F
"BIS,WS_XRU,1.0",D.XM.EUR.A,D,XM,EUR,A,1983-02-08,1.060494,,A,F
"BIS,WS_XRU,1.0",D.XM.EUR.A,D,XM,EUR,A,1983-02-09,1.058178,,A,F
"BIS,WS_XRU,1.0",D.XM.EUR.A,D,XM,EUR,A,1983-02-10,1.052842,,A,F
"BIS,WS_XRU,1.0",D.XM.EUR.A,D,XM,EUR,A,1983-02-11,1.050122,,A,F
"BIS,WS_XRU,1.0",D.XM.EUR.A,D,XM,EUR,A,1983-02-14,1.057013,,A,F
"BIS,WS_XRU,1.0",D.XM.EUR.A,D,XM,EUR,A,1983-02-15,1.04739,,A,F
"BIS,WS_XRU,1.0",D.XM.EUR.A,D,XM,EUR,A,1983-02-16,1.052873,,A,F
"BIS,WS_XRU,1.0",D.XM.EUR.A,D,XM,EUR,A,1983-02-17,1.044425,,A,F
"BIS,WS_XRU,1.0",D.XM.EUR.A,D,XM,EUR,A,1983-02-18,1.050335,,A,F
"BIS,WS_XRU,1.0",D.XM.EUR.A,D,XM,EUR,A,1983-02-21,1.046326,,A,F
"BIS,WS_XRU,1.0",D.XM.EUR.A,D,XM,EUR,A,1983-02-22,1.048187,,A,F
"BIS,WS_XRU,1.0",D.XM.EUR.A,D,XM,EUR,A,1983-02-23,1.064769,,A,F
"BIS,WS_XRU,1.0",D.XM.EUR.A,D,XM,EUR,A,1983-02-24,1.05748,,A,F
"BIS,WS_XRU,1.0",D.XM.EUR.A,D,XM,EUR,A,1983-02-25,1.056527,,A,F
"BIS,WS_XRU,1.0",D.XM.EUR.A,D,XM,EUR,A,1983-02-28,1.059258,,A,F
"BIS,WS_XRU,1.0",D.XM.EUR.A,D,XM,EUR,A,1983-03-01,1.065953,,A,F
"BIS,WS_XRU,1.0",D.XM.EUR.A,D,XM,EUR,A,1983-03-02,1.063124,,A,F
"BIS,WS_XRU,1.0",D.XM.EUR.A,D,XM,EUR,A,1983-03-03,1.061756,,A,F
"BIS,WS_XRU,1.0",D.XM.EUR.A,D,XM,EUR,A,1983-03-04,1.057191,,A,F
"BIS,WS_XRU,1.0",D.XM.EUR.A,D,XM,EUR,A,1983-03-07,1.052706,,A,F
"BIS,WS_XRU,1.0",D.XM.EUR.A,D,XM,EUR,A,1983-03-08,1.054788,,A,F
"BIS,WS_XRU,1.0",D.XM.EUR.A,D,XM,EUR,A,1983-03-09,1.059469,,A,F
"BIS,WS_XRU,1.0",D.XM.EUR.A,D,XM,EUR,A,1983-03-10,1.056654,,A,F
"BIS,WS_XRU,1.0",D.XM.EUR.A,D,XM,EUR,A,1983-03-11,1.057457,,A,F
"BIS,WS_XRU,1.0",D.XM.EUR.A,D,XM,EUR,A,1983-03-14,1.05393,,A,F
"BIS,WS_XRU,1.0",D.XM.EUR.A,D,XM,EUR,A,1983-03-15,1.043964,,A,F
"BIS,WS_XRU,1.0",D.XM.EUR.A,D,XM,EUR,A,1983-03-16,1.054138,,A,F
"BIS,WS_XRU,1.0",D.XM.EUR.A,D,XM,EUR,A,1983-03-17,1.051755,,A,F
"BIS,WS_XRU,1.0",D.XM.EUR.A,D,XM,EUR,A,1983-03-18,1.061163,,A,F
"BIS,WS_XRU,1.0",D.XM.EUR.A,D,XM,EUR,A,1983-03-21,,,M,F
"BIS,WS_XRU,1.0",D.XM.EUR.A,D,XM,EUR,A,1983-03-22,1.072877,,A,F
"BIS,WS_XRU,1.0",D.XM.EUR.A,D,XM,EUR,A,1983-03-23,1.085047,,A,F
"BIS,WS_XRU,1.0",D.XM.EUR.A,D,XM,EUR,A,1983-03-24,1.077019,,A,F
"BIS,WS_XRU,1.0",D.XM.EUR.A,D,XM,EUR,A,1983-03-25,1.081016,,A,F
"BIS,WS_XRU,1.0",D.XM.EUR.A,D,XM,EUR,A,1983-03-28,1.086536,,A,F
"BIS,WS_XRU,1.0",D.XM.EUR.A,D,XM,EUR,A,1983-03-29,1.086845,,A,F
"BIS,WS_XRU,1.0",D.XM.EUR.A,D,XM,EUR,A,1983-03-30,1.082653,,A,F
"BIS,WS_XRU,1.0",D.XM.EUR.A,D,XM,EUR,A,1983-03-31,1.082495,,A,F
"BIS,WS_XRU,1.0",D.XM.EUR.A,D,XM,EUR,A,1983-04-01,,,M,F
"BIS,WS_XRU,1.0",D.XM.EUR.A,D,XM,EUR,A,1983-04-04,,,M,F
"BIS,WS_XRU,1.0",D.XM.EUR.A,D,XM,EUR,A,1983-04-05,1.079117,,A,F
"BIS,WS_XRU,1.0",D.XM.EUR.A,D,XM,EUR,A,1983-04-06,1.072177,,A,F
"BIS,WS_XRU,1.0",D.XM.EUR.A,D,XM,EUR,A,1983-04-07,1.073627,,A,F
"BIS,WS_XRU,1.0",D.XM.EUR.A,D,XM,EUR,A,1983-04-08,1.078492,,A,F
"BIS,WS_XRU,1.0",D.XM.EUR.A,D,XM,EUR,A,1983-04-11,1.075929,,A,F
"BIS,WS_XRU,1.0",D.XM.EUR.A,D,XM,EUR,A,1983-04-12,1.074995,,A,F
"BIS,WS_XRU,1.0",D.XM.EUR.A,D,XM,EUR,A,1983-04-13,1.07571,,A,F
"BIS,WS_XRU,1.0",D.XM.EUR.A,D,XM,EUR,A,1983-04-14,1.082298,,A,F
"BIS,WS_XRU,1.0",D.XM.EUR.A,D,XM,EUR,A,1983-04-15,1.080085,,A,F
"BIS,WS_XRU,1.0",D.XM.EUR.A,D,XM,EUR,A,1983-04-18,1.084134,,A,F
"BIS,WS_XRU,1.0",D.XM.EUR.A,D,XM,EUR,A,1983-04-19,1.083293,,A,F
"BIS,WS_XRU,1.0",D.XM.EUR.A,D,XM,EUR,A,1983-04-20,1.088245,,A,F
"BIS,WS_XRU,1.0",D.XM.EUR.A,D,XM,EUR,A,1983-04-21,1.085612,,A,F
"BIS,WS_XRU,1.0",D.XM.EUR.A,D,XM,EUR,A,1983-04-22,1.083913,,A,F
"BIS,WS_XRU,1.0",D.XM.EUR.A,D,XM,EUR,A,1983-04-25,1.078524,,A,F
"BIS,WS_XRU,1.0",D.XM.EUR.A,D,XM,EUR,A,1983-04-26,1.08294,,A,F
"BIS,WS_XRU,1.0",D.XM.EUR.A,D,XM,EUR,A,1983-04-27,1.082945,,A,F
"BIS,WS_XRU,1.0",D.XM.EUR.A,D,XM,EUR,A,1983-04-28,1.089485,,A,F
"BIS,WS_XRU,1.0",D.XM.EUR.A,D,XM,EUR,A,1983-04-29,1.085713,,A,F
"BIS,WS_XRU,1.0",D.XM.EUR.A,D,XM,EUR,A,1983-05-02,1.087553,,A,F
"BIS,WS_XRU,1.0",D.XM.EUR.A,D,XM,EUR,A,1983-05-03,1.083529,,A,F
"BIS,WS_XRU,1.0",D.XM.EUR.A,D,XM,EUR,A,1983-05-04,1.079641,,A,F
"BIS,WS_XRU,1.0",D.XM.EUR.A,D,XM,EUR,A,1983-05-05,1.078937,,A,F
"BIS,WS_XRU,1.0",D.XM.EUR.A,D,XM,EUR,A,1983-05-06,1.080894,,A,F
"BIS,WS_XRU,1.0",D.XM.EUR.A,D,XM,EUR,A,1983-05-09,1.075564,,A,F
"BIS,WS_XRU,1.0",D.XM.EUR.A,D,XM,EUR,A,1983-05-10,1.082043,,A,F
"BIS,WS_XRU,1.0",D.XM.EUR.A,D,XM,EUR,A,1983-05-11,1.078692,,A,F
"BIS,WS_XRU,1.0",D.XM.EUR.A,D,XM,EUR,A,1983-05-12,,,M,F
"BIS,WS_XRU,1.0",D.XM.EUR.A,D,XM,EUR,A,1983-05-13,1.082921,,A,F
"BIS,WS_XRU,1.0",D.XM.EUR.A,D,XM,EUR,A,1983-05-16,1.08739,,A,F
"BIS,WS_XRU,1.0",D.XM.EUR.A,D,XM,EUR,A,1983-05-17,1.091006,,A,F
"BIS,WS_XRU,1.0",D.XM.EUR.A,D,XM,EUR,A,1983-05-18,1.086952,,A,F
"BIS,WS_XRU,1.0",D.XM.EUR.A,D,XM,EUR,A,1983-05-19,1.092272,,A,F
"BIS,WS_XRU,1.0",D.XM.EUR.A,D,XM,EUR,A,1983-05-20,1.092784,,A,F
"BIS,WS_XRU,1.0",D.XM.EUR.A,D,XM,EUR,A,1983-05-23,,,M,F
"BIS,WS_XRU,1.0",D.XM.EUR.A,D,XM,EUR,A,1983-05-24,1.095725,,A,F
"BIS,WS_XRU,1.0",D.XM.EUR.A,D,XM,EUR,A,1983-05-25,1.094335,,A,F
"BIS,WS_XRU,1.0",D.XM.EUR.A,D,XM,EUR,A,1983-05-26,1.095086,,A,F
"BIS,WS_XRU,1.0",D.XM.EUR.A,D,XM,EUR,A,1983-05-27,1.100909,,A,F
"BIS,WS_XRU,1.0",D.XM.EUR.A,D,XM,EUR,A,1983-05-30,1.102046,,A,F
"BIS,WS_XRU,1.0",D.XM.EUR.A,D,XM,EUR,A,1983-05-31,1.10376,,A,F
"BIS,WS_XRU,1.0",D.XM.EUR.A,D,XM,EUR,A,1983-06-01,1.115903,,A,F
"BIS,WS_XRU,1.0",D.XM.EUR.A,D,XM,EUR,A,1983-06-02,1.115136,,A,F
"BIS,WS_XRU,1.0",D.XM.EUR.A,D,XM,EUR,A,1983-06-03,1.117763,,A,F
"BIS,WS_XRU,1.0",D.XM.EUR.A,D,XM,EUR,A,1983-06-06,1.124169,,A,F
"BIS,WS_XRU,1.0",D.XM.EUR.A,D,XM,EUR,A,1983-06-07,1.124801,,A,F
"BIS,WS_XRU,1.0",D.XM.EUR.A,D,XM,EUR,A,1983-06-08,1.128268,,A,F
"BIS,WS_XRU,1.0",D.XM.EUR.A,D,XM,EUR,A,1983-06-09,1.119365,,A,F
"BIS,WS_XRU,1.0",D.XM.EUR.A,D,XM,EUR,A,1983-06-10,1.120131,,A,F
"BIS,WS_XRU,1.0",D.XM.EUR.A,D,XM,EUR,A,1983-06-13,1.117586,,A,F
"BIS,WS_XRU,1.0",D.XM.EUR.A,D,XM,EUR,A,1983-06-14,1.127814,,A,F
"BIS,WS_XRU,1.0",D.XM.EUR.A,D,XM,EUR,A,1983-06-15,1.133274,,A,F
"BIS,WS_XRU,1.0",D.XM.EUR.A,D,XM,EUR,A,1983-06-16,1.124421,,A,F
"BIS,WS_XRU,1.0",D.XM.EUR.A,D,XM,EUR,A,1983-06-17,1.121133,,A,F
"BIS,WS_XRU,1.0",D.XM.EUR.A,D,XM,EUR,A,1983-06-20,1.123776,,A,F
"BIS,WS_XRU,1.0",D.XM.EUR.A,D,XM,EUR,A,1983-06-21,1.125167,,A,F
"BIS,WS_XRU,1.0",D.XM.EUR.A,D,XM,EUR,A,1983-06-22,1.11319,,A,F
"BIS,WS_XRU,1.0",D.XM.EUR.A,D,XM,EUR,A,1983-06-23,1.113722,,A,F
"BIS,WS_XRU,1.0",D.XM.EUR.A,D,XM,EUR,A,1983-06-24,1.112727,,A,F
"BIS,WS_XRU,1.0",D.XM.EUR.A,D,XM,EUR,A,1983-06-27,1.109724,,A,F
"BIS,WS_XRU,1.0",D.XM.EUR.A,D,XM,EUR,A,1983-06-28,1.123787,,A,F
"BIS,WS_XRU,1.0",D.XM.EUR.A,D,XM,EUR,A,1983-06-29,1.120972,,A,F
"BIS,WS_XRU,1.0",D.XM.EUR.A,D,XM,EUR,A,1983-06-30,1.121367,,A,F
"BIS,WS_XRU,1.0",D.XM.EUR.A,D,XM,EUR,A,1983-07-01,1.118346,,A,F
"BIS,WS_XRU,1.0",D.XM.EUR.A,D,XM,EUR,A,1983-07-04,1.125181,,A,F
"BIS,WS_XRU,1.0",D.XM.EUR.A,D,XM,EUR,A,1983-07-05,1.130181,,A,F
"BIS,WS_XRU,1.0",D.XM.EUR.A,D,XM,EUR,A,1983-07-06,1.129378,,A,F
"BIS,WS_XRU,1.0",D.XM.EUR.A,D,XM,EUR,A,1983-07-07,1.129057,,A,F
"BIS,WS_XRU,1.0",D.XM.EUR.A,D,XM,EUR,A,1983-07-08,1.131961,,A,F
"BIS,WS_XRU,1.0",D.XM.EUR.A,D,XM,EUR,A,1983-07-11,1.13578,,A,F
"BIS,WS_XRU,1.0",D.XM.EUR.A,D,XM,EUR,A,1983-07-12,1.138758,,A,F
"BIS,WS_XRU,1.0",D.XM.EUR.A,D,XM,EUR,A,1983-07-13,1.138659,,A,F
"BIS,WS_XRU,1.0",D.XM.EUR.A,D,XM,EUR,A,1983-07-14,1.134487,,A,F
"BIS,WS_XRU,1.0",D.XM.EUR.A,D,XM,EUR,A,1983-07-15,1.142764,,A,F
"BIS,WS_XRU,1.0",D.XM.EUR.A,D,XM,EUR,A,1983-07-18,1.139388,,A,F
"BIS,WS_XRU,1.0",D.XM.EUR.A,D,XM,EUR,A,1983-07-19,1.140769,,A,F
"BIS,WS_XRU,1.0",D.XM.EUR.A,D,XM,EUR,A,1983-07-20,1.133804,,A,F
"BIS,WS_XRU,1.0",D.XM.EUR.A,D,XM,EUR,A,1983-07-21,1.129998,,A,F
"BIS,WS_XRU,1.0",D.XM.EUR.A,D,XM,EUR,A,1983-07-22,1.138038,,A,F
"BIS,WS_XRU,1.0",D.XM.EUR.A,D,XM,EUR,A,1983-07-25,1.147889,,A,F
"BIS,WS_XRU,1.0",D.XM.EUR.A,D,XM,EUR,A,1983-07-26,1.142285,,A,F
"BIS,WS_XRU,1.0",D.XM.EUR.A,D,XM,EUR,A,1983-07-27,1.150584,,A,F
"BIS,WS_XRU,1.0",D.XM.EUR.A,D,XM,EUR,A,1983-07-28,1.151644,,A,F
"BIS,WS_XRU,1.0",D.XM.EUR.A,D,XM,EUR,A,1983-07-29,1.15988,,A,F
"BIS,WS_XRU,1.0",D.XM.EUR.A,D,XM,EUR,A,1983-08-01,1.168787,,A,F
"BIS,WS_XRU,1.0",D.XM.EUR.A,D,XM,EUR,A,1983-08-02,1.166496,,A,F
"BIS,WS_XRU,1.0",D.XM.EUR.A,D,XM,EUR,A,1983-08-03,1.167939,,A,F
"BIS,WS_XRU,1.0",D.XM.EUR.A,D,XM,EUR,A,1983-08-04,1.167379,,A,F
"BIS,WS_XRU,1.0",D.XM.EUR.A,D,XM,EUR,A,1983-08-05,1.182487,,A,F
"BIS,WS_XRU,1.0",D.XM.EUR.A,D,XM,EUR,A,1983-08-08,1.183439,,A,F
"BIS,WS_XRU,1.0",D.XM.EUR.A,D,XM,EUR,A,1983-08-09,1.179062,,A,F
"BIS,WS_XRU,1.0",D.XM.EUR.A,D,XM,EUR,A,1983-08-10,1.190573,,A,F
"BIS,WS_XRU,1.0",D.XM.EUR.A,D,XM,EUR,A,1983-08-11,1.199836,,A,F
"BIS,WS_XRU,1.0",D.XM.EUR.A,D,XM,EUR,A,1983-08-12,1.195556,,A,F
"BIS,WS_XRU,1.0",D.XM.EUR.A,D,XM,EUR,A,1983-08-15,1.187334,,A,F
"BIS,WS_XRU,1.0",D.XM.EUR.A,D,XM,EUR,A,1983-08-16,1.174206,,A,F
"BIS,WS_XRU,1.0",D.XM.EUR.A,D,XM,EUR,A,1983-08-17,1.162061,,A,F
"BIS,WS_XRU,1.0",D.XM.EUR.A,D,XM,EUR,A,1983-08-18,1.155115,,A,F
"BIS,WS_XRU,1.0",D.XM.EUR.A,D,XM,EUR,A,1983-08-19,1.164826,,A,F
"BIS,WS_XRU,1.0",D.XM.EUR.A,D,XM,EUR,A,1983-08-22,1.157871,,A,F
"BIS,WS_XRU,1.0",D.XM.EUR.A,D,XM,EUR,A,1983-08-23,1.14961,,A,F
"BIS,WS_XRU,1.0",D.XM.EUR.A,D,XM,EUR,A,1983-08-24,1.160393,,A,F
"BIS,WS_XRU,1.0",D.XM.EUR.A,D,XM,EUR,A,1983-08-25,1.159717,,A,F
"BIS,WS_XRU,1.0",D.XM.EUR.A,D,XM,EUR,A,1983-08-26,1.168902,,A,F
"BIS,WS_XRU,1.0",D.XM.EUR.A,D,XM,EUR,A,1983-08-29,1.178239,,A,F
"BIS,WS_XRU,1.0",D.XM.EUR.A,D,XM,EUR,A,1983-08-30,1.18073,,A,F
"BIS,WS_XRU,1.0",D.XM.EUR.A,D,XM,EUR,A,1983-08-31,1.186807,,A,F
"BIS,WS_XRU,1.0",D.XM.EUR.A,D,XM,EUR,A,1983-09-01,1.179782,,A,F
"BIS,WS_XRU,1.0",D.XM.EUR.A,D,XM,EUR,A,1983-09-02,1.185132,,A,F
"BIS,WS_XRU,1.0",D.XM.EUR.A,D,XM,EUR,A,1983-09-05,1.178008,,A,F
"BIS,WS_XRU,1.0",D.XM.EUR.A,D,XM,EUR,A,1983-09-06,1.173898,,A,F
"BIS,WS_XRU,1.0",D.XM.EUR.A,D,XM,EUR,A,1983-09-07,1.182461,,A,F
"BIS,WS_XRU,1.0",D.XM.EUR.A,D,XM,EUR,A,1983-09-08,1.177958,,A,F
"BIS,WS_XRU,1.0",D.XM.EUR.A,D,XM,EUR,A,1983-09-09,1.173818,,A,F
"BIS,WS_XRU,1.0",D.XM.EUR.A,D,XM,EUR,A,1983-09-12,1.167696,,A,F
"BIS,WS_XRU,1.0",D.XM.EUR.A,D,XM,EUR,A,1983-09-13,1.177327,,A,F
"BIS,WS_XRU,1.0",D.XM.EUR.A,D,XM,EUR,A,1983-09-14,1.17943,,A,F
"BIS,WS_XRU,1.0",D.XM.EUR.A,D,XM,EUR,A,1983-09-15,1.180162,,A,F
"BIS,WS_XRU,1.0",D.XM.EUR.A,D,XM,EUR,A,1983-09-16,1.176548,,A,F
"BIS,WS_XRU,1.0",D.XM.EUR.A,D,XM,EUR,A,1983-09-19,1.172919,,A,F
"BIS,WS_XRU,1.0",D.XM.EUR.A,D,XM,EUR,A,1983-09-20,1.170435,,A,F
"BIS,WS_XRU,1.0",D.XM.EUR.A,D,XM,EUR,A,1983-09-21,1.172532,,A,F
"BIS,WS_XRU,1.0",D.XM.EUR.A,D,XM,EUR,A,1983-09-22,1.173998,,A,F
"BIS,WS_XRU,1.0",D.XM.EUR.A,D,XM,EUR,A,1983-09-23,1.173034,,A,F
"BIS,WS_XRU,1.0",D.XM.EUR.A,D,XM,EUR,A,1983-09-26,1.165846,,A,F
"BIS,WS_XRU,1.0",D.XM.EUR.A,D,XM,EUR,A,1983-09-27,1.170135,,A,F
"BIS,WS_XRU,1.0",D.XM.EUR.A,D,XM,EUR,A,1983-09-28,1.165202,,A,F
"BIS,WS_XRU,1.0",D.XM.EUR.A,D,XM,EUR,A,1983-09-29,1.169087,,A,F
"BIS,WS_XRU,1.0",D.XM.EUR.A,D,XM,EUR,A,1983-09-30,1.163636,,A,F
"BIS,WS_XRU,1.0",D.XM.EUR.A,D,XM,EUR,A,1983-10-03,1.161605,,A,F
"BIS,WS_XRU,1.0",D.XM.EUR.A,D,XM,EUR,A,1983-10-04,1.166628,,A,F
"BIS,WS_XRU,1.0",D.XM.EUR.A,D,XM,EUR,A,1983-10-05,1.154797,,A,F
"BIS,WS_XRU,1.0",D.XM.EUR.A,D,XM,EUR,A,1983-10-06,1.148409,,A,F
"BIS,WS_XRU,1.0",D.XM.EUR.A,D,XM,EUR,A,1983-10-07,1.145296,,A,F
"BIS,WS_XRU,1.0",D.XM.EUR.A,D,XM,EUR,A,1983-10-10,1.145116,,A,F
"BIS,WS_XRU,1.0",D.XM.EUR.A,D,XM,EUR,A,1983-10-11,1.146664,,A,F
"BIS,WS_XRU,1.0",D.XM.EUR.A,D,XM,EUR,A,1983-10-12,1.15796,,A,F
"BIS,WS_XRU,1.0",D.XM.EUR.A,D,XM,EUR,A,1983-10-13,1.154292,,A,F
"BIS,WS_XRU,1.0",D.XM.EUR.A,D,XM,EUR,A,1983-10-14,1.161971,,A,F
"BIS,WS_XRU,1.0",D.XM.EUR.A,D,XM,EUR,A,1983-10-17,1.152107,,A,F
"BIS,WS_XRU,1.0",D.XM.EUR.A,D,XM,EUR,A,1983-10-18,1.148099,,A,F
"BIS,WS_XRU,1.0",D.XM.EUR.A,D,XM,EUR,A,1983-10-19,1.151701,,A,F
"BIS,WS_XRU,1.0",D.XM.EUR.A,D,XM,EUR,A,1983-10-20,1.151126,,A,F
"BIS,WS_XRU,1.0",D.XM.EUR.A,D,XM,EUR,A,1983-10-21,1.147558,,A,F
"BIS,WS_XRU,1.0",D.XM.EUR.A,D,XM,EUR,A,1983-10-24,1.158322,,A,F
"BIS,WS_XRU,1.0",D.XM.EUR.A,D,XM,EUR,A,1983-10-25,1.154492,,A,F
"BIS,WS_XRU,1.0",D.XM.EUR.A,D,XM,EUR,A,1983-10-26,1.159113,,A,F
"BIS,WS_XRU,1.0",D.XM.EUR.A,D,XM,EUR,A,1983-10-27,1.162383,,A,F
"BIS,WS_XRU,1.0",D.XM.EUR.A,D,XM,EUR,A,1983-10-28,1.159691,,A,F
"BIS,WS_XRU,1.0",D.XM.EUR.A,D,XM,EUR,A,1983-10-31,1.164093,,A,F
"BIS,WS_XRU,1.0",D.XM.EUR.A,D,XM,EUR,A,1983-11-01,1.171661,,A,F
"BIS,WS_XRU,1.0",D.XM.EUR.A,D,XM,EUR,A,1983-11-02,1.173001,,A,F
"BIS,WS_XRU,1.0",D.XM.EUR.A,D,XM,EUR,A,1983-11-03,1.170442,,A,F
"BIS,WS_XRU,1.0",D.XM.EUR.A,D,XM,EUR,A,1983-11-04,1.177919,,A,F
"BIS,WS_XRU,1.0",D.XM.EUR.A,D,XM,EUR,A,1983-11-07,1.183693,,A,F
"BIS,WS_XRU,1.0",D.XM.EUR.A,D,XM,EUR,A,1983-11-08,1.18333,,A,F
"BIS,WS_XRU,1.0",D.XM.EUR.A,D,XM,EUR,A,1983-11-09,1.18204,,A,F
"BIS,WS_XRU,1.0",D.XM.EUR.A,D,XM,EUR,A,1983-11-10,1.177553,,A,F
"BIS,WS_XRU,1.0",D.XM.EUR.A,D,XM,EUR,A,1983-11-11,1.178051,,A,F
"BIS,WS_XRU,1.0",D.XM.EUR.A,D,XM,EUR,A,1983-11-14,1.176609,,A,F
"BIS,WS_XRU,1.0",D.XM.EUR.A,D,XM,EUR,A,1983-11-15,1.182589,,A,F
"BIS,WS_XRU,1.0",D.XM.EUR.A,D,XM,EUR,A,1983-11-16,1.180946,,A,F
"BIS,WS_XRU,1.0",D.XM.EUR.A,D,XM,EUR,A,1983-11-17,1.187815,,A,F
"BIS,WS_XRU,1.0",D.XM.EUR.A,D,XM,EUR,A,1983-11-18,1.190655,,A,F
"BIS,WS_XRU,1.0",D.XM.EUR.A,D,XM,EUR,A,1983-11-21,1.194667,,A,F
"BIS,WS_XRU,1.0",D.XM.EUR.A,D,XM,EUR,A,1983-11-22,1.192182,,A,F
"BIS,WS_XRU,1.0",D.XM.EUR.A,D,XM,EUR,A,1983-11-23,1.190381,,A,F
"BIS,WS_XRU,1.0",D.XM.EUR.A,D,XM,EUR,A,1983-11-24,1.195823,,A,F
"BIS,WS_XRU,1.0",D.XM.EUR.A,D,XM,EUR,A,1983-11-25,1.199279,,A,F
"BIS,WS_XRU,1.0",D.XM.EUR.A,D,XM,EUR,A,1983-11-28,1.19702,,A,F
"BIS,WS_XRU,1.0",D.XM.EUR.A,D,XM,EUR,A,1983-11-29,1.202608,,A,F
"BIS,WS_XRU,1.0",D.XM.EUR.A,D,XM,EUR,A,1983-11-30,1.192809,,A,F
"BIS,WS_XRU,1.0",D.XM.EUR.A,D,XM,EUR,A,1983-12-01,1.192819,,A,F
"BIS,WS_XRU,1.0",D.XM.EUR.A,D,XM,EUR,A,1983-12-02,1.195795,,A,F
"BIS,WS_XRU,1.0",D.XM.EUR.A,D,XM,EUR,A,1983-12-05,1.206342,,A,F
"BIS,WS_XRU,1.0",D.XM.EUR.A,D,XM,EUR,A,1983-12-06,1.20901,,A,F
"BIS,WS_XRU,1.0",D.XM.EUR.A,D,XM,EUR,A,1983-12-07,1.208212,,A,F
"BIS,WS_XRU,1.0",D.XM.EUR.A,D,XM,EUR,A,1983-12-08,1.209433,,A,F
"BIS,WS_XRU,1.0",D.XM.EUR.A,D,XM,EUR,A,1983-12-09,1.216011,,A,F
"BIS,WS_XRU,1.0",D.XM.EUR.A,D,XM,EUR,A,1983-12-12,1.216742,,A,F
"BIS,WS_XRU,1.0",D.XM.EUR.A,D,XM,EUR,A,1983-12-13,1.219716,,A,F
"BIS,WS_XRU,1.0",D.XM.EUR.A,D,XM,EUR,A,1983-12-14,1.229515,,A,F
"BIS,WS_XRU,1.0",D.XM.EUR.A,D,XM,EUR,A,1983-12-15,1.221416,,A,F
"BIS,WS_XRU,1.0",D.XM.EUR.A,D,XM,EUR,A,1983-12-16,1.229468,,A,F
"BIS,WS_XRU,1.0",D.XM.EUR.A,D,XM,EUR,A,1983-12-19,1.226195,,A,F
"BIS,WS_XRU,1.0",D.XM.EUR.A,D,XM,EUR,A,1983-12-20,1.225894,,A,F
"BIS,WS_XRU,1.0",D.XM.EUR.A,D,XM,EUR,A,1983-12-21,1.229377,,A,F
"BIS,WS_XRU,1.0",D.XM.EUR.A,D,XM,EUR,A,1983-12-22,1.225245,,A,F
"BIS,WS_XRU,1.0",D.XM.EUR.A,D,XM,EUR,A,1983-12-23,1.224092,,A,F
"BIS,WS_XRU,1.0",D.XM.EUR.A,D,XM,EUR,A,1983-12-26,,,M,F
"BIS,WS_XRU,1.0",D.XM.EUR.A,D,XM,EUR,A,1983-12-27,1.222766,,A,F
"BIS,WS_XRU,1.0",D.XM.EUR.A,D,XM,EUR,A,1983-12-28,1.219567,,A,F
"BIS,WS_XRU,1.0",D.XM.EUR.A,D,XM,EUR,A,1983-12-29,1.210651,,A,F
"BIS,WS_XRU,1.0",D.XM.EUR.A,D,XM,EUR,A,1983-12-30,1.208649,,A,F
"BIS,WS_XRU,1.0",D.XM.EUR.A,D,XM,EUR,A,1984-01-02,1.210282,,A,F
"BIS,WS_XRU,1.0",D.XM.EUR.A,D,XM,EUR,A,1984-01-03,1.219469,,A,F
"BIS,WS_XRU,1.0",D.XM.EUR.A,D,XM,EUR,A,1984-01-04,1.237039,,A,F
"BIS,WS_XRU,1.0",D.XM.EUR.A,D,XM,EUR,A,1984-01-05,1.2372,,A,F
"BIS,WS_XRU,1.0",D.XM.EUR.A,D,XM,EUR,A,1984-01-06,1.241017,,A,F
"BIS,WS_XRU,1.0",D.XM.EUR.A,D,XM,EUR,A,1984-01-09,1.254329,,A,F
"BIS,WS_XRU,1.0",D.XM.EUR.A,D,XM,EUR,A,1984-01-10,1.244002,,A,F
"BIS,WS_XRU,1.0",D.XM.EUR.A,D,XM,EUR,A,1984-01-11,1.251348,,A,F
"BIS,WS_XRU,1.0",D.XM.EUR.A,D,XM,EUR,A,1984-01-12,1.258243,,A,F
"BIS,WS_XRU,1.0",D.XM.EUR.A,D,XM,EUR,A,1984-01-13,1.254321,,A,F
"BIS,WS_XRU,1.0",D.XM.EUR.A,D,XM,EUR,A,1984-01-16,1.242427,,A,F
"BIS,WS_XRU,1.0",D.XM.EUR.A,D,XM,EUR,A,1984-01-17,1.234772,,A,F
"BIS,WS_XRU,1.0",D.XM.EUR.A,D,XM,EUR,A,1984-01-18,1.2463,,A,F
"BIS,WS_XRU,1.0",D.XM.EUR.A,D,XM,EUR,A,1984-01-19,1.238278,,A,F
"BIS,WS_XRU,1.0",D.XM.EUR.A,D,XM,EUR,A,1984-01-20,1.242315,,A,F
"BIS,WS_XRU,1.0",D.XM.EUR.A,D,XM,EUR,A,1984-01-23,1.249274,,A,F
"BIS,WS_XRU,1.0",D.XM.EUR.A,D,XM,EUR,A,1984-01-24,1.252077,,A,F
"BIS,WS_XRU,1.0",D.XM.EUR.A,D,XM,EUR,A,1984-01-25,1.251433,,A,F
"BIS,WS_XRU,1.0",D.XM.EUR.A,D,XM,EUR,A,1984-01-26,1.246118,,A,F
"BIS,WS_XRU,1.0",D.XM.EUR.A,D,XM,EUR,A,1984-01-27,1.24731,,A,F
"BIS,WS_XRU,1.0",D.XM.EUR.A,D,XM,EUR,A,1984-01-30,1.245955,,A,F
"BIS,WS_XRU,1.0",D.XM.EUR.A,D,XM,EUR,A,1984-01-31,1.248184,,A,F
"BIS,WS_XRU,1.0",D.XM.EUR.A,D,XM,EUR,A,1984-02-01,1.242022,,A,F
"BIS,WS_XRU,1.0",D.XM.EUR.A,D,XM,EUR,A,1984-02-02,1.227914,,A,F
"BIS,WS_XRU,1.0",D.XM.EUR.A,D,XM,EUR,A,1984-02-03,1.222256,,A,F
"BIS,WS_XRU,1.0",D.XM.EUR.A,D,XM,EUR,A,1984-02-06,1.223451,,A,F
"BIS,WS_XRU,1.0",D.XM.EUR.A,D,XM,EUR,A,1984-02-07,1.231092,,A,F
"BIS,WS_XRU,1.0",D.XM.EUR.A,D,XM,EUR,A,1984-02-08,1.223926,,A,F
"BIS,WS_XRU,1.0",D.XM.EUR.A,D,XM,EUR,A,1984-02-09,1.215973,,A,F
"BIS,WS_XRU,1.0",D.XM.EUR.A,D,XM,EUR,A,1984-02-10,1.223384,,A,F
"BIS,WS_XRU,1.0",D.XM.EUR.A,D,XM,EUR,A,1984-02-13,1.219127,,A,F
"BIS,WS_XRU,1.0",D.XM.EUR.A,D,XM,EUR,A,1984-02-14,1.223304,,A,F
"BIS,WS_XRU,1.0",D.XM.EUR.A,D,XM,EUR,A,1984-02-15,1.199597,,A,F
"BIS,WS_XRU,1.0",D.XM.EUR.A,D,XM,EUR,A,1984-02-16,1.190897,,A,F
"BIS,WS_XRU,1.0",D.XM.EUR.A,D,XM,EUR,A,1984-02-17,1.197933,,A,F
"BIS,WS_XRU,1.0",D.XM.EUR.A,D,XM,EUR,A,1984-02-20,1.199179,,A,F
"BIS,WS_XRU,1.0",D.XM.EUR.A,D,XM,EUR,A,1984-02-21,1.206012,,A,F
"BIS,WS_XRU,1.0",D.XM.EUR.A,D,XM,EUR,A,1984-02-22,1.191793,,A,F
"BIS,WS_XRU,1.0",D.XM.EUR.A,D,XM,EUR,A,1984-02-23,1.182587,,A,F
"BIS,WS_XRU,1.0",D.XM.EUR.A,D,XM,EUR,A,1984-02-24,1.174249,,A,F
"BIS,WS_XRU,1.0",D.XM.EUR.A,D,XM,EUR,A,1984-02-27,1.176997,,A,F
"BIS,WS_XRU,1.0",D.XM.EUR.A,D,XM,EUR,A,1984-02-28,1.161121,,A,F
"BIS,WS_XRU,1.0",D.XM.EUR.A,D,XM,EUR,A,1984-02-29,1.162292,,A,F
"BIS,WS_XRU,1.0",D.XM.EUR.A,D,XM,EUR,A,1984-03-01,1.163798,,A,F
"BIS,WS_XRU,1.0",D.XM.EUR.A,D,XM,EUR,A,1984-03-02,1.155542,,A,F
"BIS,WS_XRU,1.0",D.XM.EUR.A,D,XM,EUR,A,1984-03-05,1.148811,,A,F
"BIS,WS_XRU,1.0",D.XM.EUR.A,D,XM,EUR,A,1984-03-06,1.1462,,A,F
"BIS,WS_XRU,1.0",D.XM.EUR.A,D,XM,EUR,A,1984-03-07,1.137089,,A,F
"BIS,WS_XRU,1.0",D.XM.EUR.A,D,XM,EUR,A,1984-03-08,1.153907,,A,F
"BIS,WS_XRU,1.0",D.XM.EUR.A,D,XM,EUR,A,1984-03-09,1.153585,,A,F
"BIS,WS_XRU,1.0",D.XM.EUR.A,D,XM,EUR,A,1984-03-12,1.166963,,A,F
"BIS,WS_XRU,1.0",D.XM.EUR.A,D,XM,EUR,A,1984-03-13,1.157181,,A,F
"BIS,WS_XRU,1.0",D.XM.EUR.A,D,XM,EUR,A,1984-03-14,1.142403,,A,F
"BIS,WS_XRU,1.0",D.XM.EUR.A,D,XM,EUR,A,1984-03-15,1.158739,,A,F
"BIS,WS_XRU,1.0",D.XM.EUR.A,D,XM,EUR,A,1984-03-16,1.174077,,A,F
"BIS,WS_XRU,1.0",D.XM.EUR.A,D,XM,EUR,A,1984-03-19,1.181286,,A,F
"BIS,WS_XRU,1.0",D.XM.EUR.A,D,XM,EUR,A,1984-03-20,1.178026,,A,F
"BIS,WS_XRU,1.0",D.XM.EUR.A,D,XM,EUR,A,1984-03-21,1.188299,,A,F
"BIS,WS_XRU,1.0",D.XM.EUR.A,D,XM,EUR,A,1984-03-22,1.183117,,A,F
"BIS,WS_XRU,1.0",D.XM.EUR.A,D,XM,EUR,A,1984-03-23,1.17935,,A,F
"BIS,WS_XRU,1.0",D.XM.EUR.A,D,XM,EUR,A,1984-03-26,1.166935,,A,F
"BIS,WS_XRU,1.0",D.XM.EUR.A,D,XM,EUR,A,1984-03-27,1.160285,,A,F
"BIS,WS_XRU,1.0",D.XM.EUR.A,D,XM,EUR,A,1984-03-28,1.167771,,A,F
"BIS,WS_XRU,1.0",D.XM.EUR.A,D,XM,EUR,A,1984-03-29,1.157182,,A,F
"BIS,WS_XRU,1.0",D.XM.EUR.A,D,XM,EUR,A,1984-03-30,1.163018,,A,F
"BIS,WS_XRU,1.0",D.XM.EUR.A,D,XM,EUR,A,1984-04-02,1.160755,,A,F
"BIS,WS_XRU,1.0",D.XM.EUR.A,D,XM,EUR,A,1984-04-03,1.173809,,A,F
"BIS,WS_XRU,1.0",D.XM.EUR.A,D,XM,EUR,A,1984-04-04,1.174652,,A,F
"BIS,WS_XRU,1.0",D.XM.EUR.A,D,XM,EUR,A,1984-04-05,1.170204,,A,F
"BIS,WS_XRU,1.0",D.XM.EUR.A,D,XM,EUR,A,1984-04-06,1.178803,,A,F
"BIS,WS_XRU,1.0",D.XM.EUR.A,D,XM,EUR,A,1984-04-09,1.172608,,A,F
"BIS,WS_XRU,1.0",D.XM.EUR.A,D,XM,EUR,A,1984-04-10,1.17798,,A,F
"BIS,WS_XRU,1.0",D.XM.EUR.A,D,XM,EUR,A,1984-04-11,1.171392,,A,F
"BIS,WS_XRU,1.0",D.XM.EUR.A,D,XM,EUR,A,1984-04-12,1.171255,,A,F
"BIS,WS_XRU,1.0",D.XM.EUR.A,D,XM,EUR,A,1984-04-13,1.174564,,A,F
"BIS,WS_XRU,1.0",D.XM.EUR.A,D,XM,EUR,A,1984-04-16,1.181031,,A,F
"BIS,WS_XRU,1.0",D.XM.EUR.A,D,XM,EUR,A,1984-04-17,1.181646,,A,F
"BIS,WS_XRU,1.0",D.XM.EUR.A,D,XM,EUR,A,1984-04-18,1.184906,,A,F
"BIS,WS_XRU,1.0",D.XM.EUR.A,D,XM,EUR,A,1984-04-19,1.186552,,A,F
"BIS,WS_XRU,1.0",D.XM.EUR.A,D,XM,EUR,A,1984-04-20,,,M,F
"BIS,WS_XRU,1.0",D.XM.EUR.A,D,XM,EUR,A,1984-04-23,,,M,F
"BIS,WS_XRU,1.0",D.XM.EUR.A,D,XM,EUR,A,1984-04-24,1.197218,,A,F
"BIS,WS_XRU,1.0",D.XM.EUR.A,D,XM,EUR,A,1984-04-25,1.198717,,A,F
"BIS,WS_XRU,1.0",D.XM.EUR.A,D,XM,EUR,A,1984-04-26,1.201802,,A,F
"BIS,WS_XRU,1.0",D.XM.EUR.A,D,XM,EUR,A,1984-04-27,1.206168,,A,F
"BIS,WS_XRU,1.0",D.XM.EUR.A,D,XM,EUR,A,1984-04-30,1.213958,,A,F
"BIS,WS_XRU,1.0",D.XM.EUR.A,D,XM,EUR,A,1984-05-01,,,M,F
"BIS,WS_XRU,1.0",D.XM.EUR.A,D,XM,EUR,A,1984-05-02,1.218981,,A,F
"BIS,WS_XRU,1.0",D.XM.EUR.A,D,XM,EUR,A,1984-05-03,1.216467,,A,F
"BIS,WS_XRU,1.0",D.XM.EUR.A,D,XM,EUR,A,1984-05-04,1.208756,,A,F
"BIS,WS_XRU,1.0",D.XM.EUR.A,D,XM,EUR,A,1984-05-07,1.229083,,A,F
"BIS,WS_XRU,1.0",D.XM.EUR.A,D,XM,EUR,A,1984-05-08,1.238287,,A,F
"BIS,WS_XRU,1.0",D.XM.EUR.A,D,XM,EUR,A,1984-05-09,1.239511,,A,F
"BIS,WS_XRU,1.0",D.XM.EUR.A,D,XM,EUR,A,1984-05-10,1.241161,,A,F
"BIS,WS_XRU,1.0",D.XM.EUR.A,D,XM,EUR,A,1984-05-11,1.234714,,A,F
"BIS,WS_XRU,1.0",D.XM.EUR.A,D,XM,EUR,A,1984-05-14,1.231503,,A,F
"BIS,WS_XRU,1.0",D.XM.EUR.A,D,XM,EUR,A,1984-05-15,1.230267,,A,F
"BIS,WS_XRU,1.0",D.XM.EUR.A,D,XM,EUR,A,1984-05-16,1.221285,,A,F
"BIS,WS_XRU,1.0",D.XM.EUR.A,D,XM,EUR,A,1984-05-17,1.227468,,A,F
"BIS,WS_XRU,1.0",D.XM.EUR.A,D,XM,EUR,A,1984-05-18,1.237567,,A,F
"BIS,WS_XRU,1.0",D.XM.EUR.A,D,XM,EUR,A,1984-05-21,1.231762,,A,F
"BIS,WS_XRU,1.0",D.XM.EUR.A,D,XM,EUR,A,1984-05-22,1.225537,,A,F
"BIS,WS_XRU,1.0",D.XM.EUR.A,D,XM,EUR,A,1984-05-23,1.225092,,A,F
"BIS,WS_XRU,1.0",D.XM.EUR.A,D,XM,EUR,A,1984-05-24,1.235002,,A,F
"BIS,WS_XRU,1.0",D.XM.EUR.A,D,XM,EUR,A,1984-05-25,1.219481,,A,F
"BIS,WS_XRU,1.0",D.XM.EUR.A,D,XM,EUR,A,1984-05-28,1.220766,,A,F
"BIS,WS_XRU,1.0",D.XM.EUR.A,D,XM,EUR,A,1984-05-29,1.226178,,A,F
"BIS,WS_XRU,1.0",D.XM.EUR.A,D,XM,EUR,A,1984-05-30,1.22114,,A,F
"BIS,WS_XRU,1.0",D.XM.EUR.A,D,XM,EUR,A,1984-05-31,,,M,F
"BIS,WS_XRU,1.0",D.XM.EUR.A,D,XM,EUR,A,1984-06-01,1.206918,,A,F
"BIS,WS_XRU,1.0",D.XM.EUR.A,D,XM,EUR,A,1984-06-04,1.19738,,A,F
"BIS,WS_XRU,1.0",D.XM.EUR.A,D,XM,EUR,A,1984-06-05,1.199077,,A,F
"BIS,WS_XRU,1.0",D.XM.EUR.A,D,XM,EUR,A,1984-06-06,1.204239,,A,F
"BIS,WS_XRU,1.0",D.XM.EUR.A,D,XM,EUR,A,1984-06-07,1.202811,,A,F
"BIS,WS_XRU,1.0",D.XM.EUR.A,D,XM,EUR,A,1984-06-08,1.207805,,A,F
"BIS,WS_XRU,1.0",D.XM.EUR.A,D,XM,EUR,A,1984-06-11,,,M,F
"BIS,WS_XRU,1.0",D.XM.EUR.A,D,XM,EUR,A,1984-06-12,1.217241,,A,F
"BIS,WS_XRU,1.0",D.XM.EUR.A,D,XM,EUR,A,1984-06-13,1.216126,,A,F
"BIS,WS_XRU,1.0",D.XM.EUR.A,D,XM,EUR,A,1984-06-14,1.215243,,A,F
"BIS,WS_XRU,1.0",D.XM.EUR.A,D,XM,EUR,A,1984-06-15,1.224423,,A,F
"BIS,WS_XRU,1.0",D.XM.EUR.A,D,XM,EUR,A,1984-06-18,1.229293,,A,F
"BIS,WS_XRU,1.0",D.XM.EUR.A,D,XM,EUR,A,1984-06-19,1.235224,,A,F
"BIS,WS_XRU,1.0",D.XM.EUR.A,D,XM,EUR,A,1984-06-20,1.231742,,A,F
"BIS,WS_XRU,1.0",D.XM.EUR.A,D,XM,EUR,A,1984-06-21,1.245822,,A,F
"BIS,WS_XRU,1.0",D.XM.EUR.A,D,XM,EUR,A,1984-06-22,1.243416,,A,F
"BIS,WS_XRU,1.0",D.XM.EUR.A,D,XM,EUR,A,1984-06-25,1.253749,,A,F
"BIS,WS_XRU,1.0",D.XM.EUR.A,D,XM,EUR,A,1984-06-26,1.246364,,A,F
"BIS,WS_XRU,1.0",D.XM.EUR.A,D,XM,EUR,A,1984-06-27,1.24774,,A,F
"BIS,WS_XRU,1.0",D.XM.EUR.A,D,XM,EUR,A,1984-06-28,1.2512,,A,F
"BIS,WS_XRU,1.0",D.XM.EUR.A,D,XM,EUR,A,1984-06-29,1.243954,,A,F
"BIS,WS_XRU,1.0",D.XM.EUR.A,D,XM,EUR,A,1984-07-02,1.250522,,A,F
"BIS,WS_XRU,1.0",D.XM.EUR.A,D,XM,EUR,A,1984-07-03,1.257311,,A,F
"BIS,WS_XRU,1.0",D.XM.EUR.A,D,XM,EUR,A,1984-07-04,1.258029,,A,F
"BIS,WS_XRU,1.0",D.XM.EUR.A,D,XM,EUR,A,1984-07-05,1.267602,,A,F
"BIS,WS_XRU,1.0",D.XM.EUR.A,D,XM,EUR,A,1984-07-06,1.26539,,A,F
"BIS,WS_XRU,1.0",D.XM.EUR.A,D,XM,EUR,A,1984-07-09,1.272935,,A,F
"BIS,WS_XRU,1.0",D.XM.EUR.A,D,XM,EUR,A,1984-07-10,1.265568,,A,F
"BIS,WS_XRU,1.0",D.XM.EUR.A,D,XM,EUR,A,1984-07-11,1.274476,,A,F
"BIS,WS_XRU,1.0",D.XM.EUR.A,D,XM,EUR,A,1984-07-12,1.277076,,A,F
"BIS,WS_XRU,1.0",D.XM.EUR.A,D,XM,EUR,A,1984-07-13,1.273301,,A,F
"BIS,WS_XRU,1.0",D.XM.EUR.A,D,XM,EUR,A,1984-07-16,1.26233,,A,F
"BIS,WS_XRU,1.0",D.XM.EUR.A,D,XM,EUR,A,1984-07-17,1.271163,,A,F
"BIS,WS_XRU,1.0",D.XM.EUR.A,D,XM,EUR,A,1984-07-18,1.275161,,A,F
"BIS,WS_XRU,1.0",D.XM.EUR.A,D,XM,EUR,A,1984-07-19,1.276807,,A,F
"BIS,WS_XRU,1.0",D.XM.EUR.A,D,XM,EUR,A,1984-07-20,1.276676,,A,F
"BIS,WS_XRU,1.0",D.XM.EUR.A,D,XM,EUR,A,1984-07-23,1.281059,,A,F
"BIS,WS_XRU,1.0",D.XM.EUR.A,D,XM,EUR,A,1984-07-24,1.285674,,A,F
"BIS,WS_XRU,1.0",D.XM.EUR.A,D,XM,EUR,A,1984-07-25,1.279512,,A,F
"BIS,WS_XRU,1.0",D.XM.EUR.A,D,XM,EUR,A,1984-07-26,1.270024,,A,F
"BIS,WS_XRU,1.0",D.XM.EUR.A,D,XM,EUR,A,1984-07-27,1.280456,,A,F
"BIS,WS_XRU,1.0",D.XM.EUR.A,D,XM,EUR,A,1984-07-30,1.292596,,A,F
"BIS,WS_XRU,1.0",D.XM.EUR.A,D,XM,EUR,A,1984-07-31,1.293186,,A,F
"BIS,WS_XRU,1.0",D.XM.EUR.A,D,XM,EUR,A,1984-08-01,1.301424,,A,F
"BIS,WS_XRU,1.0",D.XM.EUR.A,D,XM,EUR,A,1984-08-02,1.297225,,A,F
"BIS,WS_XRU,1.0",D.XM.EUR.A,D,XM,EUR,A,1984-08-03,1.280615,,A,F
"BIS,WS_XRU,1.0",D.XM.EUR.A,D,XM,EUR,A,1984-08-06,1.278938,,A,F
"BIS,WS_XRU,1.0",D.XM.EUR.A,D,XM,EUR,A,1984-08-07,1.302708,,A,F
"BIS,WS_XRU,1.0",D.XM.EUR.A,D,XM,EUR,A,1984-08-08,1.300646,,A,F
"BIS,WS_XRU,1.0",D.XM.EUR.A,D,XM,EUR,A,1984-08-09,1.296628,,A,F
"BIS,WS_XRU,1.0",D.XM.EUR.A,D,XM,EUR,A,1984-08-10,1.283966,,A,F
"BIS,WS_XRU,1.0",D.XM.EUR.A,D,XM,EUR,A,1984-08-13,1.301175,,A,F
"BIS,WS_XRU,1.0",D.XM.EUR.A,D,XM,EUR,A,1984-08-14,1.292365,,A,F
"BIS,WS_XRU,1.0",D.XM.EUR.A,D,XM,EUR,A,1984-08-15,1.28273,,A,F
"BIS,WS_XRU,1.0",D.XM.EUR.A,D,XM,EUR,A,1984-08-16,1.277266,,A,F
"BIS,WS_XRU,1.0",D.XM.EUR.A,D,XM,EUR,A,1984-08-17,1.278707,,A,F
"BIS,WS_XRU,1.0",D.XM.EUR.A,D,XM,EUR,A,1984-08-20,1.282642,,A,F
"BIS,WS_XRU,1.0",D.XM.EUR.A,D,XM,EUR,A,1984-08-21,1.288864,,A,F
"BIS,WS_XRU,1.0",D.XM.EUR.A,D,XM,EUR,A,1984-08-22,1.289128,,A,F
"BIS,WS_XRU,1.0",D.XM.EUR.A,D,XM,EUR,A,1984-08-23,1.2826,,A,F
"BIS,WS_XRU,1.0",D.XM.EUR.A,D,XM,EUR,A,1984-08-24,1.284394,,A,F
"BIS,WS_XRU,1.0",D.XM.EUR.A,D,XM,EUR,A,1984-08-27,1.284503,,A,F
"BIS,WS_XRU,1.0",D.XM.EUR.A,D,XM,EUR,A,1984-08-28,1.290539,,A,F
"BIS,WS_XRU,1.0",D.XM.EUR.A,D,XM,EUR,A,1984-08-29,1.287447,,A,F
"BIS,WS_XRU,1.0",D.XM.EUR.A,D,XM,EUR,A,1984-08-30,1.288673,,A,F
"BIS,WS_XRU,1.0",D.XM.EUR.A,D,XM,EUR,A,1984-08-31,1.290554,,A,F
"BIS,WS_XRU,1.0",D.XM.EUR.A,D,XM,EUR,A,1984-09-03,1.29682,,A,F
"BIS,WS_XRU,1.0",D.XM.EUR.A,D,XM,EUR,A,1984-09-04,1.303441,,A,F
"BIS,WS_XRU,1.0",D.XM.EUR.A,D,XM,EUR,A,1984-09-05,1.315229,,A,F
"BIS,WS_XRU,1.0",D.XM.EUR.A,D,XM,EUR,A,1984-09-06,1.318633,,A,F
"BIS,WS_XRU,1.0",D.XM.EUR.A,D,XM,EUR,A,1984-09-07,1.325819,,A,F
"BIS,WS_XRU,1.0",D.XM.EUR.A,D,XM,EUR,A,1984-09-10,1.334369,,A,F
"BIS,WS_XRU,1.0",D.XM.EUR.A,D,XM,EUR,A,1984-09-11,1.338753,,A,F
"BIS,WS_XRU,1.0",D.XM.EUR.A,D,XM,EUR,A,1984-09-12,1.333314,,A,F
"BIS,WS_XRU,1.0",D.XM.EUR.A,D,XM,EUR,A,1984-09-13,1.34635,,A,F
"BIS,WS_XRU,1.0",D.XM.EUR.A,D,XM,EUR,A,1984-09-14,1.34664,,A,F
"BIS,WS_XRU,1.0",D.XM.EUR.A,D,XM,EUR,A,1984-09-17,1.363758,,A,F
"BIS,WS_XRU,1.0",D.XM.EUR.A,D,XM,EUR,A,1984-09-18,1.390041,,A,F
"BIS,WS_XRU,1.0",D.XM.EUR.A,D,XM,EUR,A,1984-09-19,1.378134,,A,F
"BIS,WS_XRU,1.0",D.XM.EUR.A,D,XM,EUR,A,1984-09-20,1.377832,,A,F
"BIS,WS_XRU,1.0",D.XM.EUR.A,D,XM,EUR,A,1984-09-21,1.408921,,A,F
"BIS,WS_XRU,1.0",D.XM.EUR.A,D,XM,EUR,A,1984-09-24,1.341369,,A,F
"BIS,WS_XRU,1.0",D.XM.EUR.A,D,XM,EUR,A,1984-09-25,1.372731,,A,F
"BIS,WS_XRU,1.0",D.XM.EUR.A,D,XM,EUR,A,1984-09-26,1.379582,,A,F
"BIS,WS_XRU,1.0",D.XM.EUR.A,D,XM,EUR,A,1984-09-27,1.355783,,A,F
"BIS,WS_XRU,1.0",D.XM.EUR.A,D,XM,EUR,A,1984-09-28,1.353303,,A,F
"BIS,WS_XRU,1.0",D.XM.EUR.A,D,XM,EUR,A,1984-10-01,1.361834,,A,F
"BIS,WS_XRU,1.0",D.XM.EUR.A,D,XM,EUR,A,1984-10-02,1.360108,,A,F
"BIS,WS_XRU,1.0",D.XM.EUR.A,D,XM,EUR,A,1984-10-03,1.34592,,A,F
"BIS,WS_XRU,1.0",D.XM.EUR.A,D,XM,EUR,A,1984-10-04,1.358522,,A,F
"BIS,WS_XRU,1.0",D.XM.EUR.A,D,XM,EUR,A,1984-10-05,1.357305,,A,F
"BIS,WS_XRU,1.0",D.XM.EUR.A,D,XM,EUR,A,1984-10-08,1.36084,,A,F
"BIS,WS_XRU,1.0",D.XM.EUR.A,D,XM,EUR,A,1984-10-09,1.372111,,A,F
"BIS,WS_XRU,1.0",D.XM.EUR.A,D,XM,EUR,A,1984-10-10,1.383968,,A,F
"BIS,WS_XRU,1.0",D.XM.EUR.A,D,XM,EUR,A,1984-10-11,1.386805,,A,F
"BIS,WS_XRU,1.0",D.XM.EUR.A,D,XM,EUR,A,1984-10-12,1.388702,,A,F
"BIS,WS_XRU,1.0",D.XM.EUR.A,D,XM,EUR,A,1984-10-15,1.401801,,A,F
"BIS,WS_XRU,1.0",D.XM.EUR.A,D,XM,EUR,A,1984-10-16,1.402436,,A,F
"BIS,WS_XRU,1.0",D.XM.EUR.A,D,XM,EUR,A,1984-10-17,1.391173,,A,F
"BIS,WS_XRU,1.0",D.XM.EUR.A,D,XM,EUR,A,1984-10-18,1.402715,,A,F
"BIS,WS_XRU,1.0",D.XM.EUR.A,D,XM,EUR,A,1984-10-19,1.375807,,A,F
"BIS,WS_XRU,1.0",D.XM.EUR.A,D,XM,EUR,A,1984-10-22,1.38348,,A,F
"BIS,WS_XRU,1.0",D.XM.EUR.A,D,XM,EUR,A,1984-10-23,1.369503,,A,F
"BIS,WS_XRU,1.0",D.XM.EUR.A,D,XM,EUR,A,1984-10-24,1.354812,,A,F
"BIS,WS_XRU,1.0",D.XM.EUR.A,D,XM,EUR,A,1984-10-25,1.363133,,A,F
"BIS,WS_XRU,1.0",D.XM.EUR.A,D,XM,EUR,A,1984-10-26,1.359686,,A,F
"BIS,WS_XRU,1.0",D.XM.EUR.A,D,XM,EUR,A,1984-10-29,1.372318,,A,F
"BIS,WS_XRU,1.0",D.XM.EUR.A,D,XM,EUR,A,1984-10-30,1.370798,,A,F
"BIS,WS_XRU,1.0",D.XM.EUR.A,D,XM,EUR,A,1984-10-31,1.35917,,A,F
"BIS,WS_XRU,1.0",D.XM.EUR.A,D,XM,EUR,A,1984-11-01,1.354777,,A,F
"BIS,WS_XRU,1.0",D.XM.EUR.A,D,XM,EUR,A,1984-11-02,1.320959,,A,F
"BIS,WS_XRU,1.0",D.XM.EUR.A,D,XM,EUR,A,1984-11-05,1.315852,,A,F
"BIS,WS_XRU,1.0",D.XM.EUR.A,D,XM,EUR,A,1984-11-06,1.322795,,A,F
"BIS,WS_XRU,1.0",D.XM.EUR.A,D,XM,EUR,A,1984-11-07,1.308317,,A,F
"BIS,WS_XRU,1.0",D.XM.EUR.A,D,XM,EUR,A,1984-11-08,1.318825,,A,F
"BIS,WS_XRU,1.0",D.XM.EUR.A,D,XM,EUR,A,1984-11-09,1.329732,,A,F
"BIS,WS_XRU,1.0",D.XM.EUR.A,D,XM,EUR,A,1984-11-12,1.323569,,A,F
"BIS,WS_XRU,1.0",D.XM.EUR.A,D,XM,EUR,A,1984-11-13,1.312114,,A,F
"BIS,WS_XRU,1.0",D.XM.EUR.A,D,XM,EUR,A,1984-11-14,1.322269,,A,F
"BIS,WS_XRU,1.0",D.XM.EUR.A,D,XM,EUR,A,1984-11-15,1.329807,,A,F
"BIS,WS_XRU,1.0",D.XM.EUR.A,D,XM,EUR,A,1984-11-16,1.327626,,A,F
"BIS,WS_XRU,1.0",D.XM.EUR.A,D,XM,EUR,A,1984-11-19,1.334155,,A,F
"BIS,WS_XRU,1.0",D.XM.EUR.A,D,XM,EUR,A,1984-11-20,1.34019,,A,F
"BIS,WS_XRU,1.0",D.XM.EUR.A,D,XM,EUR,A,1984-11-21,1.352066,,A,F
"BIS,WS_XRU,1.0",D.XM.EUR.A,D,XM,EUR,A,1984-11-22,1.343402,,A,F
"BIS,WS_XRU,1.0",D.XM.EUR.A,D,XM,EUR,A,1984-11-23,1.353587,,A,F
"BIS,WS_XRU,1.0",D.XM.EUR.A,D,XM,EUR,A,1984-11-26,1.369874,,A,F
"BIS,WS_XRU,1.0",D.XM.EUR.A,D,XM,EUR,A,1984-11-27,1.370396,,A,F
"BIS,WS_XRU,1.0",D.XM.EUR.A,D,XM,EUR,A,1984-11-28,1.380146,,A,F
"BIS,WS_XRU,1.0",D.XM.EUR.A,D,XM,EUR,A,1984-11-29,1.378972,,A,F
"BIS,WS_XRU,1.0",D.XM.EUR.A,D,XM,EUR,A,1984-11-30,1.385412,,A,F
"BIS,WS_XRU,1.0",D.XM.EUR.A,D,XM,EUR,A,1984-12-03,1.396666,,A,F
"BIS,WS_XRU,1.0",D.XM.EUR.A,D,XM,EUR,A,1984-12-04,1.384133,,A,F
"BIS,WS_XRU,1.0",D.XM.EUR.A,D,XM,EUR,A,1984-12-05,1.371351,,A,F
"BIS,WS_XRU,1.0",D.XM.EUR.A,D,XM,EUR,A,1984-12-06,1.376089,,A,F
"BIS,WS_XRU,1.0",D.XM.EUR.A,D,XM,EUR,A,1984-12-07,1.37673,,A,F
"BIS,WS_XRU,1.0",D.XM.EUR.A,D,XM,EUR,A,1984-12-10,1.384449,,A,F
"BIS,WS_XRU,1.0",D.XM.EUR.A,D,XM,EUR,A,1984-12-11,1.381103,,A,F
"BIS,WS_XRU,1.0",D.XM.EUR.A,D,XM,EUR,A,1984-12-12,1.385281,,A,F
"BIS,WS_XRU,1.0",D.XM.EUR.A,D,XM,EUR,A,1984-12-13,1.383428,,A,F
"BIS,WS_XRU,1.0",D.XM.EUR.A,D,XM,EUR,A,1984-12-14,1.391825,,A,F
"BIS,WS_XRU,1.0",D.XM.EUR.A,D,XM,EUR,A,1984-12-17,1.387532,,A,F
"BIS,WS_XRU,1.0",D.XM.EUR.A,D,XM,EUR,A,1984-12-18,1.386753,,A,F
"BIS,WS_XRU,1.0",D.XM.EUR.A,D,XM,EUR,A,1984-12-19,1.387594,,A,F
"BIS,WS_XRU,1.0",D.XM.EUR.A,D,XM,EUR,A,1984-12-20,1.394758,,A,F
"BIS,WS_XRU,1.0",D.XM.EUR.A,D,XM,EUR,A,1984-12-21,1.400874,,A,F
"BIS,WS_XRU,1.0",D.XM.EUR.A,D,XM,EUR,A,1984-12-24,,,M,F
"BIS,WS_XRU,1.0",D.XM.EUR.A,D,XM,EUR,A,1984-12-25,,,M,F
"BIS,WS_XRU,1.0",D.XM.EUR.A,D,XM,EUR,A,1984-12-26,,,M,F
"BIS,WS_XRU,1.0",D.XM.EUR.A,D,XM,EUR,A,1984-12-27,1.408504,,A,F
"BIS,WS_XRU,1.0",D.XM.EUR.A,D,XM,EUR,A,1984-12-28,1.4063,,A,F
"BIS,WS_XRU,1.0",D.XM.EUR.A,D,XM,EUR,A,1984-12-31,1.410545,,A,F
"BIS,WS_XRU,1.0",D.XM.EUR.A,D,XM,EUR,A,1985-01-01,,,M,F
"BIS,WS_XRU,1.0",D.XM.EUR.A,D,XM,EUR,A,1985-01-02,1.425261,,A,F
"BIS,WS_XRU,1.0",D.XM.EUR.A,D,XM,EUR,A,1985-01-03,1.418768,,A,F
"BIS,WS_XRU,1.0",D.XM.EUR.A,D,XM,EUR,A,1985-01-04,1.417185,,A,F
"BIS,WS_XRU,1.0",D.XM.EUR.A,D,XM,EUR,A,1985-01-07,1.423583,,A,F
"BIS,WS_XRU,1.0",D.XM.EUR.A,D,XM,EUR,A,1985-01-08,1.410525,,A,F
"BIS,WS_XRU,1.0",D.XM.EUR.A,D,XM,EUR,A,1985-01-09,1.422702,,A,F
"BIS,WS_XRU,1.0",D.XM.EUR.A,D,XM,EUR,A,1985-01-10,1.419249,,A,F
"BIS,WS_XRU,1.0",D.XM.EUR.A,D,XM,EUR,A,1985-01-11,1.416776,,A,F
"BIS,WS_XRU,1.0",D.XM.EUR.A,D,XM,EUR,A,1985-01-14,1.423492,,A,F
"BIS,WS_XRU,1.0",D.XM.EUR.A,D,XM,EUR,A,1985-01-15,1.436035,,A,F
"BIS,WS_XRU,1.0",D.XM.EUR.A,D,XM,EUR,A,1985-01-16,1.431383,,A,F
"BIS,WS_XRU,1.0",D.XM.EUR.A,D,XM,EUR,A,1985-01-17,1.433583,,A,F
"BIS,WS_XRU,1.0",D.XM.EUR.A,D,XM,EUR,A,1985-01-18,1.428825,,A,F
"BIS,WS_XRU,1.0",D.XM.EUR.A,D,XM,EUR,A,1985-01-21,1.426947,,A,F
"BIS,WS_XRU,1.0",D.XM.EUR.A,D,XM,EUR,A,1985-01-22,1.426175,,A,F
"BIS,WS_XRU,1.0",D.XM.EUR.A,D,XM,EUR,A,1985-01-23,1.428584,,A,F
"BIS,WS_XRU,1.0",D.XM.EUR.A,D,XM,EUR,A,1985-01-24,1.428245,,A,F
"BIS,WS_XRU,1.0",D.XM.EUR.A,D,XM,EUR,A,1985-01-25,1.42241,,A,F
"BIS,WS_XRU,1.0",D.XM.EUR.A,D,XM,EUR,A,1985-01-28,1.427187,,A,F
"BIS,WS_XRU,1.0",D.XM.EUR.A,D,XM,EUR,A,1985-01-29,1.424924,,A,F
"BIS,WS_XRU,1.0",D.XM.EUR.A,D,XM,EUR,A,1985-01-30,1.425704,,A,F
"BIS,WS_XRU,1.0",D.XM.EUR.A,D,XM,EUR,A,1985-01-31,1.422601,,A,F
"BIS,WS_XRU,1.0",D.XM.EUR.A,D,XM,EUR,A,1985-02-01,1.426961,,A,F
"BIS,WS_XRU,1.0",D.XM.EUR.A,D,XM,EUR,A,1985-02-04,1.4378,,A,F
"BIS,WS_XRU,1.0",D.XM.EUR.A,D,XM,EUR,A,1985-02-05,1.446939,,A,F
"BIS,WS_XRU,1.0",D.XM.EUR.A,D,XM,EUR,A,1985-02-06,1.448954,,A,F
"BIS,WS_XRU,1.0",D.XM.EUR.A,D,XM,EUR,A,1985-02-07,1.449578,,A,F
"BIS,WS_XRU,1.0",D.XM.EUR.A,D,XM,EUR,A,1985-02-08,1.456711,,A,F
"BIS,WS_XRU,1.0",D.XM.EUR.A,D,XM,EUR,A,1985-02-11,1.462525,,A,F
"BIS,WS_XRU,1.0",D.XM.EUR.A,D,XM,EUR,A,1985-02-12,1.47554,,A,F
"BIS,WS_XRU,1.0",D.XM.EUR.A,D,XM,EUR,A,1985-02-13,1.480356,,A,F
"BIS,WS_XRU,1.0",D.XM.EUR.A,D,XM,EUR,A,1985-02-14,1.477029,,A,F
"BIS,WS_XRU,1.0",D.XM.EUR.A,D,XM,EUR,A,1985-02-15,1.469488,,A,F
"BIS,WS_XRU,1.0",D.XM.EUR.A,D,XM,EUR,A,1985-02-18,1.477079,,A,F
"BIS,WS_XRU,1.0",D.XM.EUR.A,D,XM,EUR,A,1985-02-19,1.490497,,A,F
"BIS,WS_XRU,1.0",D.XM.EUR.A,D,XM,EUR,A,1985-02-20,1.491751,,A,F
"BIS,WS_XRU,1.0",D.XM.EUR.A,D,XM,EUR,A,1985-02-21,1.50475,,A,F
"BIS,WS_XRU,1.0",D.XM.EUR.A,D,XM,EUR,A,1985-02-22,1.52147,,A,F
"BIS,WS_XRU,1.0",D.XM.EUR.A,D,XM,EUR,A,1985-02-25,1.544216,,A,F
"BIS,WS_XRU,1.0",D.XM.EUR.A,D,XM,EUR,A,1985-02-26,1.564372,,A,F
"BIS,WS_XRU,1.0",D.XM.EUR.A,D,XM,EUR,A,1985-02-27,1.495526,,A,F
"BIS,WS_XRU,1.0",D.XM.EUR.A,D,XM,EUR,A,1985-02-28,1.497802,,A,F
"BIS,WS_XRU,1.0",D.XM.EUR.A,D,XM,EUR,A,1985-03-01,1.510784,,A,F
"BIS,WS_XRU,1.0",D.XM.EUR.A,D,XM,EUR,A,1985-03-04,1.518172,,A,F
"BIS,WS_XRU,1.0",D.XM.EUR.A,D,XM,EUR,A,1985-03-05,1.538488,,A,F
"BIS,WS_XRU,1.0",D.XM.EUR.A,D,XM,EUR,A,1985-03-06,1.542786,,A,F
"BIS,WS_XRU,1.0",D.XM.EUR.A,D,XM,EUR,A,1985-03-07,1.531914,,A,F
"BIS,WS_XRU,1.0",D.XM.EUR.A,D,XM,EUR,A,1985-03-08,1.534712,,A,F
"BIS,WS_XRU,1.0",D.XM.EUR.A,D,XM,EUR,A,1985-03-11,1.510063,,A,F
"BIS,WS_XRU,1.0",D.XM.EUR.A,D,XM,EUR,A,1985-03-12,1.509874,,A,F
"BIS,WS_XRU,1.0",D.XM.EUR.A,D,XM,EUR,A,1985-03-13,1.50616,,A,F
"BIS,WS_XRU,1.0",D.XM.EUR.A,D,XM,EUR,A,1985-03-14,1.521695,,A,F
"BIS,WS_XRU,1.0",D.XM.EUR.A,D,XM,EUR,A,1985-03-15,1.528484,,A,F
"BIS,WS_XRU,1.0",D.XM.EUR.A,D,XM,EUR,A,1985-03-18,1.513232,,A,F
"BIS,WS_XRU,1.0",D.XM.EUR.A,D,XM,EUR,A,1985-03-19,1.471252,,A,F
"BIS,WS_XRU,1.0",D.XM.EUR.A,D,XM,EUR,A,1985-03-20,1.464933,,A,F
"BIS,WS_XRU,1.0",D.XM.EUR.A,D,XM,EUR,A,1985-03-21,1.456796,,A,F
"BIS,WS_XRU,1.0",D.XM.EUR.A,D,XM,EUR,A,1985-03-22,1.437273,,A,F
"BIS,WS_XRU,1.0",D.XM.EUR.A,D,XM,EUR,A,1985-03-25,1.448889,,A,F
"BIS,WS_XRU,1.0",D.XM.EUR.A,D,XM,EUR,A,1985-03-26,1.446644,,A,F
"BIS,WS_XRU,1.0",D.XM.EUR.A,D,XM,EUR,A,1985-03-27,1.404343,,A,F
"BIS,WS_XRU,1.0",D.XM.EUR.A,D,XM,EUR,A,1985-03-28,1.393734,,A,F
"BIS,WS_XRU,1.0",D.XM.EUR.A,D,XM,EUR,A,1985-03-29,1.375313,,A,F
"BIS,WS_XRU,1.0",D.XM.EUR.A,D,XM,EUR,A,1985-04-01,1.391539,,A,F
"BIS,WS_XRU,1.0",D.XM.EUR.A,D,XM,EUR,A,1985-04-02,1.409622,,A,F
"BIS,WS_XRU,1.0",D.XM.EUR.A,D,XM,EUR,A,1985-04-03,1.398476,,A,F
"BIS,WS_XRU,1.0",D.XM.EUR.A,D,XM,EUR,A,1985-04-04,1.411215,,A,F
"BIS,WS_XRU,1.0",D.XM.EUR.A,D,XM,EUR,A,1985-04-05,,,M,F
"BIS,WS_XRU,1.0",D.XM.EUR.A,D,XM,EUR,A,1985-04-08,,,M,F
"BIS,WS_XRU,1.0",D.XM.EUR.A,D,XM,EUR,A,1985-04-09,1.409743,,A,F
"BIS,WS_XRU,1.0",D.XM.EUR.A,D,XM,EUR,A,1985-04-10,1.406715,,A,F
"BIS,WS_XRU,1.0",D.XM.EUR.A,D,XM,EUR,A,1985-04-11,1.386474,,A,F
"BIS,WS_XRU,1.0",D.XM.EUR.A,D,XM,EUR,A,1985-04-12,1.372567,,A,F
"BIS,WS_XRU,1.0",D.XM.EUR.A,D,XM,EUR,A,1985-04-15,1.350913,,A,F
"BIS,WS_XRU,1.0",D.XM.EUR.A,D,XM,EUR,A,1985-04-16,1.345973,,A,F
"BIS,WS_XRU,1.0",D.XM.EUR.A,D,XM,EUR,A,1985-04-17,1.349901,,A,F
"BIS,WS_XRU,1.0",D.XM.EUR.A,D,XM,EUR,A,1985-04-18,1.360918,,A,F
"BIS,WS_XRU,1.0",D.XM.EUR.A,D,XM,EUR,A,1985-04-19,1.331875,,A,F
"BIS,WS_XRU,1.0",D.XM.EUR.A,D,XM,EUR,A,1985-04-22,1.338097,,A,F
"BIS,WS_XRU,1.0",D.XM.EUR.A,D,XM,EUR,A,1985-04-23,1.353576,,A,F
"BIS,WS_XRU,1.0",D.XM.EUR.A,D,XM,EUR,A,1985-04-24,1.400968,,A,F
"BIS,WS_XRU,1.0",D.XM.EUR.A,D,XM,EUR,A,1985-04-25,1.395052,,A,F
"BIS,WS_XRU,1.0",D.XM.EUR.A,D,XM,EUR,A,1985-04-26,1.412136,,A,F
"BIS,WS_XRU,1.0",D.XM.EUR.A,D,XM,EUR,A,1985-04-29,1.392027,,A,F
"BIS,WS_XRU,1.0",D.XM.EUR.A,D,XM,EUR,A,1985-04-30,1.380683,,A,F
"BIS,WS_XRU,1.0",D.XM.EUR.A,D,XM,EUR,A,1985-05-01,,,M,F
"BIS,WS_XRU,1.0",D.XM.EUR.A,D,XM,EUR,A,1985-05-02,1.416098,,A,F
"BIS,WS_XRU,1.0",D.XM.EUR.A,D,XM,EUR,A,1985-05-03,1.429578,,A,F
"BIS,WS_XRU,1.0",D.XM.EUR.A,D,XM,EUR,A,1985-05-06,1.448906,,A,F
"BIS,WS_XRU,1.0",D.XM.EUR.A,D,XM,EUR,A,1985-05-07,1.424234,,A,F
"BIS,WS_XRU,1.0",D.XM.EUR.A,D,XM,EUR,A,1985-05-08,1.424449,,A,F
"BIS,WS_XRU,1.0",D.XM.EUR.A,D,XM,EUR,A,1985-05-09,1.393097,,A,F
"BIS,WS_XRU,1.0",D.XM.EUR.A,D,XM,EUR,A,1985-05-10,1.394315,,A,F
"BIS,WS_XRU,1.0",D.XM.EUR.A,D,XM,EUR,A,1985-05-13,1.377065,,A,F
"BIS,WS_XRU,1.0",D.XM.EUR.A,D,XM,EUR,A,1985-05-14,1.367909,,A,F
"BIS,WS_XRU,1.0",D.XM.EUR.A,D,XM,EUR,A,1985-05-15,1.373168,,A,F
"BIS,WS_XRU,1.0",D.XM.EUR.A,D,XM,EUR,A,1985-05-16,,,M,F
"BIS,WS_XRU,1.0",D.XM.EUR.A,D,XM,EUR,A,1985-05-17,1.375573,,A,F
"BIS,WS_XRU,1.0",D.XM.EUR.A,D,XM,EUR,A,1985-05-20,1.351004,,A,F
"BIS,WS_XRU,1.0",D.XM.EUR.A,D,XM,EUR,A,1985-05-21,1.359512,,A,F
"BIS,WS_XRU,1.0",D.XM.EUR.A,D,XM,EUR,A,1985-05-22,1.369816,,A,F
"BIS,WS_XRU,1.0",D.XM.EUR.A,D,XM,EUR,A,1985-05-23,1.380876,,A,F
"BIS,WS_XRU,1.0",D.XM.EUR.A,D,XM,EUR,A,1985-05-24,1.376931,,A,F
"BIS,WS_XRU,1.0",D.XM.EUR.A,D,XM,EUR,A,1985-05-27,,,M,F
"BIS,WS_XRU,1.0",D.XM.EUR.A,D,XM,EUR,A,1985-05-28,1.386607,,A,F
"BIS,WS_XRU,1.0",D.XM.EUR.A,D,XM,EUR,A,1985-05-29,1.385408,,A,F
"BIS,WS_XRU,1.0",D.XM.EUR.A,D,XM,EUR,A,1985-05-30,1.368459,,A,F
"BIS,WS_XRU,1.0",D.XM.EUR.A,D,XM,EUR,A,1985-05-31,1.376447,,A,F
"BIS,WS_XRU,1.0",D.XM.EUR.A,D,XM,EUR,A,1985-06-03,1.354351,,A,F
"BIS,WS_XRU,1.0",D.XM.EUR.A,D,XM,EUR,A,1985-06-04,1.358901,,A,F
"BIS,WS_XRU,1.0",D.XM.EUR.A,D,XM,EUR,A,1985-06-05,1.368598,,A,F
"BIS,WS_XRU,1.0",D.XM.EUR.A,D,XM,EUR,A,1985-06-06,1.362426,,A,F
"BIS,WS_XRU,1.0",D.XM.EUR.A,D,XM,EUR,A,1985-06-07,1.362998,,A,F
"BIS,WS_XRU,1.0",D.XM.EUR.A,D,XM,EUR,A,1985-06-10,1.379097,,A,F
"BIS,WS_XRU,1.0",D.XM.EUR.A,D,XM,EUR,A,1985-06-11,1.378337,,A,F
"BIS,WS_XRU,1.0",D.XM.EUR.A,D,XM,EUR,A,1985-06-12,1.372733,,A,F
"BIS,WS_XRU,1.0",D.XM.EUR.A,D,XM,EUR,A,1985-06-13,1.381643,,A,F
"BIS,WS_XRU,1.0",D.XM.EUR.A,D,XM,EUR,A,1985-06-14,1.369683,,A,F
"BIS,WS_XRU,1.0",D.XM.EUR.A,D,XM,EUR,A,1985-06-17,1.366757,,A,F
"BIS,WS_XRU,1.0",D.XM.EUR.A,D,XM,EUR,A,1985-06-18,1.355383,,A,F
"BIS,WS_XRU,1.0",D.XM.EUR.A,D,XM,EUR,A,1985-06-19,1.338946,,A,F
"BIS,WS_XRU,1.0",D.XM.EUR.A,D,XM,EUR,A,1985-06-20,1.354188,,A,F
"BIS,WS_XRU,1.0",D.XM.EUR.A,D,XM,EUR,A,1985-06-21,1.373845,,A,F
"BIS,WS_XRU,1.0",D.XM.EUR.A,D,XM,EUR,A,1985-06-24,1.367579,,A,F
"BIS,WS_XRU,1.0",D.XM.EUR.A,D,XM,EUR,A,1985-06-25,1.363708,,A,F
"BIS,WS_XRU,1.0",D.XM.EUR.A,D,XM,EUR,A,1985-06-26,1.361582,,A,F
"BIS,WS_XRU,1.0",D.XM.EUR.A,D,XM,EUR,A,1985-06-27,1.358376,,A,F
"BIS,WS_XRU,1.0",D.XM.EUR.A,D,XM,EUR,A,1985-06-28,1.360639,,A,F
"BIS,WS_XRU,1.0",D.XM.EUR.A,D,XM,EUR,A,1985-07-01,1.3475,,A,F
"BIS,WS_XRU,1.0",D.XM.EUR.A,D,XM,EUR,A,1985-07-02,1.357123,,A,F
"BIS,WS_XRU,1.0",D.XM.EUR.A,D,XM,EUR,A,1985-07-03,1.3509,,A,F
"BIS,WS_XRU,1.0",D.XM.EUR.A,D,XM,EUR,A,1985-07-04,1.348314,,A,F
"BIS,WS_XRU,1.0",D.XM.EUR.A,D,XM,EUR,A,1985-07-05,1.347326,,A,F
"BIS,WS_XRU,1.0",D.XM.EUR.A,D,XM,EUR,A,1985-07-08,1.335591,,A,F
"BIS,WS_XRU,1.0",D.XM.EUR.A,D,XM,EUR,A,1985-07-09,1.315274,,A,F
"BIS,WS_XRU,1.0",D.XM.EUR.A,D,XM,EUR,A,1985-07-10,1.302701,,A,F
"BIS,WS_XRU,1.0",D.XM.EUR.A,D,XM,EUR,A,1985-07-11,1.305819,,A,F
"BIS,WS_XRU,1.0",D.XM.EUR.A,D,XM,EUR,A,1985-07-12,1.288544,,A,F
"BIS,WS_XRU,1.0",D.XM.EUR.A,D,XM,EUR,A,1985-07-15,1.277361,,A,F
"BIS,WS_XRU,1.0",D.XM.EUR.A,D,XM,EUR,A,1985-07-16,1.283201,,A,F
"BIS,WS_XRU,1.0",D.XM.EUR.A,D,XM,EUR,A,1985-07-17,1.263228,,A,F
"BIS,WS_XRU,1.0",D.XM.EUR.A,D,XM,EUR,A,1985-07-18,1.26067,,A,F
"BIS,WS_XRU,1.0",D.XM.EUR.A,D,XM,EUR,A,1985-07-19,1.275963,,A,F
"BIS,WS_XRU,1.0",D.XM.EUR.A,D,XM,EUR,A,1985-07-22,1.285602,,A,F
"BIS,WS_XRU,1.0",D.XM.EUR.A,D,XM,EUR,A,1985-07-23,1.269358,,A,F
"BIS,WS_XRU,1.0",D.XM.EUR.A,D,XM,EUR,A,1985-07-24,1.279147,,A,F
"BIS,WS_XRU,1.0",D.XM.EUR.A,D,XM,EUR,A,1985-07-25,1.275076,,A,F
"BIS,WS_XRU,1.0",D.XM.EUR.A,D,XM,EUR,A,1985-07-26,1.281058,,A,F
"BIS,WS_XRU,1.0",D.XM.EUR.A,D,XM,EUR,A,1985-07-29,1.262131,,A,F
"BIS,WS_XRU,1.0",D.XM.EUR.A,D,XM,EUR,A,1985-07-30,1.262322,,A,F
"BIS,WS_XRU,1.0",D.XM.EUR.A,D,XM,EUR,A,1985-07-31,1.247748,,A,F
"BIS,WS_XRU,1.0",D.XM.EUR.A,D,XM,EUR,A,1985-08-01,1.252869,,A,F
"BIS,WS_XRU,1.0",D.XM.EUR.A,D,XM,EUR,A,1985-08-02,1.271057,,A,F
"BIS,WS_XRU,1.0",D.XM.EUR.A,D,XM,EUR,A,1985-08-05,1.264422,,A,F
"BIS,WS_XRU,1.0",D.XM.EUR.A,D,XM,EUR,A,1985-08-06,1.275662,,A,F
"BIS,WS_XRU,1.0",D.XM.EUR.A,D,XM,EUR,A,1985-08-07,1.282397,,A,F
"BIS,WS_XRU,1.0",D.XM.EUR.A,D,XM,EUR,A,1985-08-08,1.275269,,A,F
"BIS,WS_XRU,1.0",D.XM.EUR.A,D,XM,EUR,A,1985-08-09,1.273509,,A,F
"BIS,WS_XRU,1.0",D.XM.EUR.A,D,XM,EUR,A,1985-08-12,1.257226,,A,F
"BIS,WS_XRU,1.0",D.XM.EUR.A,D,XM,EUR,A,1985-08-13,1.248357,,A,F
"BIS,WS_XRU,1.0",D.XM.EUR.A,D,XM,EUR,A,1985-08-14,1.253384,,A,F
"BIS,WS_XRU,1.0",D.XM.EUR.A,D,XM,EUR,A,1985-08-15,1.243047,,A,F
"BIS,WS_XRU,1.0",D.XM.EUR.A,D,XM,EUR,A,1985-08-16,1.242569,,A,F
"BIS,WS_XRU,1.0",D.XM.EUR.A,D,XM,EUR,A,1985-08-19,1.240884,,A,F
"BIS,WS_XRU,1.0",D.XM.EUR.A,D,XM,EUR,A,1985-08-20,1.243007,,A,F
"BIS,WS_XRU,1.0",D.XM.EUR.A,D,XM,EUR,A,1985-08-21,1.250233,,A,F
"BIS,WS_XRU,1.0",D.XM.EUR.A,D,XM,EUR,A,1985-08-22,1.235733,,A,F
"BIS,WS_XRU,1.0",D.XM.EUR.A,D,XM,EUR,A,1985-08-23,1.238774,,A,F
"BIS,WS_XRU,1.0",D.XM.EUR.A,D,XM,EUR,A,1985-08-26,1.238683,,A,F
"BIS,WS_XRU,1.0",D.XM.EUR.A,D,XM,EUR,A,1985-08-27,1.247405,,A,F
"BIS,WS_XRU,1.0",D.XM.EUR.A,D,XM,EUR,A,1985-08-28,1.243192,,A,F
"BIS,WS_XRU,1.0",D.XM.EUR.A,D,XM,EUR,A,1985-08-29,1.245685,,A,F
"BIS,WS_XRU,1.0",D.XM.EUR.A,D,XM,EUR,A,1985-08-30,1.249363,,A,F
"BIS,WS_XRU,1.0",D.XM.EUR.A,D,XM,EUR,A,1985-09-02,1.268133,,A,F
"BIS,WS_XRU,1.0",D.XM.EUR.A,D,XM,EUR,A,1985-09-03,1.276769,,A,F
"BIS,WS_XRU,1.0",D.XM.EUR.A,D,XM,EUR,A,1985-09-04,1.275198,,A,F
"BIS,WS_XRU,1.0",D.XM.EUR.A,D,XM,EUR,A,1985-09-05,1.2751,,A,F
"BIS,WS_XRU,1.0",D.XM.EUR.A,D,XM,EUR,A,1985-09-06,1.306945,,A,F
"BIS,WS_XRU,1.0",D.XM.EUR.A,D,XM,EUR,A,1985-09-09,1.326612,,A,F
"BIS,WS_XRU,1.0",D.XM.EUR.A,D,XM,EUR,A,1985-09-10,1.32043,,A,F
"BIS,WS_XRU,1.0",D.XM.EUR.A,D,XM,EUR,A,1985-09-11,1.320207,,A,F
"BIS,WS_XRU,1.0",D.XM.EUR.A,D,XM,EUR,A,1985-09-12,1.333564,,A,F
"BIS,WS_XRU,1.0",D.XM.EUR.A,D,XM,EUR,A,1985-09-13,1.307159,,A,F
"BIS,WS_XRU,1.0",D.XM.EUR.A,D,XM,EUR,A,1985-09-16,1.305086,,A,F
"BIS,WS_XRU,1.0",D.XM.EUR.A,D,XM,EUR,A,1985-09-17,1.290634,,A,F
"BIS,WS_XRU,1.0",D.XM.EUR.A,D,XM,EUR,A,1985-09-18,1.305764,,A,F
"BIS,WS_XRU,1.0",D.XM.EUR.A,D,XM,EUR,A,1985-09-19,1.307542,,A,F
"BIS,WS_XRU,1.0",D.XM.EUR.A,D,XM,EUR,A,1985-09-20,1.293897,,A,F
"BIS,WS_XRU,1.0",D.XM.EUR.A,D,XM,EUR,A,1985-09-23,1.216712,,A,F
"BIS,WS_XRU,1.0",D.XM.EUR.A,D,XM,EUR,A,1985-09-24,1.219029,,A,F
"BIS,WS_XRU,1.0",D.XM.EUR.A,D,XM,EUR,A,1985-09-25,1.220722,,A,F
"BIS,WS_XRU,1.0",D.XM.EUR.A,D,XM,EUR,A,1985-09-26,1.197185,,A,F
"BIS,WS_XRU,1.0",D.XM.EUR.A,D,XM,EUR,A,1985-09-27,1.205521,,A,F
"BIS,WS_XRU,1.0",D.XM.EUR.A,D,XM,EUR,A,1985-09-30,1.21033,,A,F
"BIS,WS_XRU,1.0",D.XM.EUR.A,D,XM,EUR,A,1985-10-01,1.209165,,A,F
"BIS,WS_XRU,1.0",D.XM.EUR.A,D,XM,EUR,A,1985-10-02,1.193947,,A,F
"BIS,WS_XRU,1.0",D.XM.EUR.A,D,XM,EUR,A,1985-10-03,1.193068,,A,F
"BIS,WS_XRU,1.0",D.XM.EUR.A,D,XM,EUR,A,1985-10-04,1.180215,,A,F
"BIS,WS_XRU,1.0",D.XM.EUR.A,D,XM,EUR,A,1985-10-07,1.194024,,A,F
"BIS,WS_XRU,1.0",D.XM.EUR.A,D,XM,EUR,A,1985-10-08,1.194486,,A,F
"BIS,WS_XRU,1.0",D.XM.EUR.A,D,XM,EUR,A,1985-10-09,1.19382,,A,F
"BIS,WS_XRU,1.0",D.XM.EUR.A,D,XM,EUR,A,1985-10-10,1.200561,,A,F
"BIS,WS_XRU,1.0",D.XM.EUR.A,D,XM,EUR,A,1985-10-11,1.200629,,A,F
"BIS,WS_XRU,1.0",D.XM.EUR.A,D,XM,EUR,A,1985-10-14,1.202924,,A,F
"BIS,WS_XRU,1.0",D.XM.EUR.A,D,XM,EUR,A,1985-10-15,1.203823,,A,F
"BIS,WS_XRU,1.0",D.XM.EUR.A,D,XM,EUR,A,1985-10-16,1.211968,,A,F
"BIS,WS_XRU,1.0",D.XM.EUR.A,D,XM,EUR,A,1985-10-17,1.19953,,A,F
"BIS,WS_XRU,1.0",D.XM.EUR.A,D,XM,EUR,A,1985-10-18,1.192562,,A,F
"BIS,WS_XRU,1.0",D.XM.EUR.A,D,XM,EUR,A,1985-10-21,1.189761,,A,F
"BIS,WS_XRU,1.0",D.XM.EUR.A,D,XM,EUR,A,1985-10-22,1.193044,,A,F
"BIS,WS_XRU,1.0",D.XM.EUR.A,D,XM,EUR,A,1985-10-23,1.192666,,A,F
"BIS,WS_XRU,1.0",D.XM.EUR.A,D,XM,EUR,A,1985-10-24,1.197388,,A,F
"BIS,WS_XRU,1.0",D.XM.EUR.A,D,XM,EUR,A,1985-10-25,1.196494,,A,F
"BIS,WS_XRU,1.0",D.XM.EUR.A,D,XM,EUR,A,1985-10-28,1.19656,,A,F
"BIS,WS_XRU,1.0",D.XM.EUR.A,D,XM,EUR,A,1985-10-29,1.190198,,A,F
"BIS,WS_XRU,1.0",D.XM.EUR.A,D,XM,EUR,A,1985-10-30,1.181317,,A,F
"BIS,WS_XRU,1.0",D.XM.EUR.A,D,XM,EUR,A,1985-10-31,1.182441,,A,F
"BIS,WS_XRU,1.0",D.XM.EUR.A,D,XM,EUR,A,1985-11-01,1.182658,,A,F
"BIS,WS_XRU,1.0",D.XM.EUR.A,D,XM,EUR,A,1985-11-04,1.174664,,A,F
"BIS,WS_XRU,1.0",D.XM.EUR.A,D,XM,EUR,A,1985-11-05,1.182243,,A,F
"BIS,WS_XRU,1.0",D.XM.EUR.A,D,XM,EUR,A,1985-11-06,1.177883,,A,F
"BIS,WS_XRU,1.0",D.XM.EUR.A,D,XM,EUR,A,1985-11-07,1.176121,,A,F
"BIS,WS_XRU,1.0",D.XM.EUR.A,D,XM,EUR,A,1985-11-08,1.188649,,A,F
"BIS,WS_XRU,1.0",D.XM.EUR.A,D,XM,EUR,A,1985-11-11,1.189435,,A,F
"BIS,WS_XRU,1.0",D.XM.EUR.A,D,XM,EUR,A,1985-11-12,1.188173,,A,F
"BIS,WS_XRU,1.0",D.XM.EUR.A,D,XM,EUR,A,1985-11-13,1.182582,,A,F
"BIS,WS_XRU,1.0",D.XM.EUR.A,D,XM,EUR,A,1985-11-14,1.182613,,A,F
"BIS,WS_XRU,1.0",D.XM.EUR.A,D,XM,EUR,A,1985-11-15,1.184201,,A,F
"BIS,WS_XRU,1.0",D.XM.EUR.A,D,XM,EUR,A,1985-11-18,1.187739,,A,F
"BIS,WS_XRU,1.0",D.XM.EUR.A,D,XM,EUR,A,1985-11-19,1.180383,,A,F
"BIS,WS_XRU,1.0",D.XM.EUR.A,D,XM,EUR,A,1985-11-20,1.175308,,A,F
"BIS,WS_XRU,1.0",D.XM.EUR.A,D,XM,EUR,A,1985-11-21,1.172523,,A,F
"BIS,WS_XRU,1.0",D.XM.EUR.A,D,XM,EUR,A,1985-11-22,1.170135,,A,F
"BIS,WS_XRU,1.0",D.XM.EUR.A,D,XM,EUR,A,1985-11-25,1.160944,,A,F
"BIS,WS_XRU,1.0",D.XM.EUR.A,D,XM,EUR,A,1985-11-26,1.163276,,A,F
"BIS,WS_XRU,1.0",D.XM.EUR.A,D,XM,EUR,A,1985-11-27,1.154243,,A,F
"BIS,WS_XRU,1.0",D.XM.EUR.A,D,XM,EUR,A,1985-11-28,1.146747,,A,F
"BIS,WS_XRU,1.0",D.XM.EUR.A,D,XM,EUR,A,1985-11-29,1.140148,,A,F
"BIS,WS_XRU,1.0",D.XM.EUR.A,D,XM,EUR,A,1985-12-02,1.13236,,A,F
"BIS,WS_XRU,1.0",D.XM.EUR.A,D,XM,EUR,A,1985-12-03,1.148887,,A,F
"BIS,WS_XRU,1.0",D.XM.EUR.A,D,XM,EUR,A,1985-12-04,1.141107,,A,F
"BIS,WS_XRU,1.0",D.XM.EUR.A,D,XM,EUR,A,1985-12-05,1.147505,,A,F
"BIS,WS_XRU,1.0",D.XM.EUR.A,D,XM,EUR,A,1985-12-06,1.145486,,A,F
"BIS,WS_XRU,1.0",D.XM.EUR.A,D,XM,EUR,A,1985-12-09,1.148892,,A,F
"BIS,WS_XRU,1.0",D.XM.EUR.A,D,XM,EUR,A,1985-12-10,1.155932,,A,F
"BIS,WS_XRU,1.0",D.XM.EUR.A,D,XM,EUR,A,1985-12-11,1.163871,,A,F
"BIS,WS_XRU,1.0",D.XM.EUR.A,D,XM,EUR,A,1985-12-12,1.15091,,A,F
"BIS,WS_XRU,1.0",D.XM.EUR.A,D,XM,EUR,A,1985-12-13,1.147067,,A,F
"BIS,WS_XRU,1.0",D.XM.EUR.A,D,XM,EUR,A,1985-12-16,1.150535,,A,F
"BIS,WS_XRU,1.0",D.XM.EUR.A,D,XM,EUR,A,1985-12-17,1.146275,,A,F
"BIS,WS_XRU,1.0",D.XM.EUR.A,D,XM,EUR,A,1985-12-18,1.149811,,A,F
"BIS,WS_XRU,1.0",D.XM.EUR.A,D,XM,EUR,A,1985-12-19,1.152237,,A,F
"BIS,WS_XRU,1.0",D.XM.EUR.A,D,XM,EUR,A,1985-12-20,1.150021,,A,F
"BIS,WS_XRU,1.0",D.XM.EUR.A,D,XM,EUR,A,1985-12-23,1.146896,,A,F
"BIS,WS_XRU,1.0",D.XM.EUR.A,D,XM,EUR,A,1985-12-24,1.147021,,A,F
"BIS,WS_XRU,1.0",D.XM.EUR.A,D,XM,EUR,A,1985-12-25,,,M,F
"BIS,WS_XRU,1.0",D.XM.EUR.A,D,XM,EUR,A,1985-12-26,,,M,F
"BIS,WS_XRU,1.0",D.XM.EUR.A,D,XM,EUR,A,1985-12-27,1.136504,,A,F
"BIS,WS_XRU,1.0",D.XM.EUR.A,D,XM,EUR,A,1985-12-30,1.126823,,A,F
"BIS,WS_XRU,1.0",D.XM.EUR.A,D,XM,EUR,A,1985-12-31,1.126219,,A,F
"BIS,WS_XRU,1.0",D.XM.EUR.A,D,XM,EUR,A,1986-01-01,,,M,F
"BIS,WS_XRU,1.0",D.XM.EUR.A,D,XM,EUR,A,1986-01-02,1.122148,,A,F
"BIS,WS_XRU,1.0",D.XM.EUR.A,D,XM,EUR,A,1986-01-03,1.126662,,A,F
"BIS,WS_XRU,1.0",D.XM.EUR.A,D,XM,EUR,A,1986-01-06,1.130401,,A,F
"BIS,WS_XRU,1.0",D.XM.EUR.A,D,XM,EUR,A,1986-01-07,1.115131,,A,F
"BIS,WS_XRU,1.0",D.XM.EUR.A,D,XM,EUR,A,1986-01-08,1.119367,,A,F
"BIS,WS_XRU,1.0",D.XM.EUR.A,D,XM,EUR,A,1986-01-09,1.127215,,A,F
"BIS,WS_XRU,1.0",D.XM.EUR.A,D,XM,EUR,A,1986-01-10,1.123866,,A,F
"BIS,WS_XRU,1.0",D.XM.EUR.A,D,XM,EUR,A,1986-01-13,1.133511,,A,F
"BIS,WS_XRU,1.0",D.XM.EUR.A,D,XM,EUR,A,1986-01-14,1.133008,,A,F
"BIS,WS_XRU,1.0",D.XM.EUR.A,D,XM,EUR,A,1986-01-15,1.129642,,A,F
"BIS,WS_XRU,1.0",D.XM.EUR.A,D,XM,EUR,A,1986-01-16,1.124518,,A,F
"BIS,WS_XRU,1.0",D.XM.EUR.A,D,XM,EUR,A,1986-01-17,1.129251,,A,F
"BIS,WS_XRU,1.0",D.XM.EUR.A,D,XM,EUR,A,1986-01-20,1.13296,,A,F
"BIS,WS_XRU,1.0",D.XM.EUR.A,D,XM,EUR,A,1986-01-21,1.128706,,A,F
"BIS,WS_XRU,1.0",D.XM.EUR.A,D,XM,EUR,A,1986-01-22,1.13375,,A,F
"BIS,WS_XRU,1.0",D.XM.EUR.A,D,XM,EUR,A,1986-01-23,1.128519,,A,F
"BIS,WS_XRU,1.0",D.XM.EUR.A,D,XM,EUR,A,1986-01-24,1.117167,,A,F
"BIS,WS_XRU,1.0",D.XM.EUR.A,D,XM,EUR,A,1986-01-27,1.111338,,A,F
"BIS,WS_XRU,1.0",D.XM.EUR.A,D,XM,EUR,A,1986-01-28,1.107344,,A,F
"BIS,WS_XRU,1.0",D.XM.EUR.A,D,XM,EUR,A,1986-01-29,1.103752,,A,F
"BIS,WS_XRU,1.0",D.XM.EUR.A,D,XM,EUR,A,1986-01-30,1.103,,A,F
"BIS,WS_XRU,1.0",D.XM.EUR.A,D,XM,EUR,A,1986-01-31,1.102433,,A,F
"BIS,WS_XRU,1.0",D.XM.EUR.A,D,XM,EUR,A,1986-02-03,1.105173,,A,F
"BIS,WS_XRU,1.0",D.XM.EUR.A,D,XM,EUR,A,1986-02-04,1.117834,,A,F
"BIS,WS_XRU,1.0",D.XM.EUR.A,D,XM,EUR,A,1986-02-05,1.111697,,A,F
"BIS,WS_XRU,1.0",D.XM.EUR.A,D,XM,EUR,A,1986-02-06,1.1014,,A,F
"BIS,WS_XRU,1.0",D.XM.EUR.A,D,XM,EUR,A,1986-02-07,1.106681,,A,F
"BIS,WS_XRU,1.0",D.XM.EUR.A,D,XM,EUR,A,1986-02-10,1.101608,,A,F
"BIS,WS_XRU,1.0",D.XM.EUR.A,D,XM,EUR,A,1986-02-11,1.097444,,A,F
"BIS,WS_XRU,1.0",D.XM.EUR.A,D,XM,EUR,A,1986-02-12,1.090816,,A,F
"BIS,WS_XRU,1.0",D.XM.EUR.A,D,XM,EUR,A,1986-02-13,1.093737,,A,F
"BIS,WS_XRU,1.0",D.XM.EUR.A,D,XM,EUR,A,1986-02-14,1.087934,,A,F
"BIS,WS_XRU,1.0",D.XM.EUR.A,D,XM,EUR,A,1986-02-17,1.084211,,A,F
"BIS,WS_XRU,1.0",D.XM.EUR.A,D,XM,EUR,A,1986-02-18,1.085442,,A,F
"BIS,WS_XRU,1.0",D.XM.EUR.A,D,XM,EUR,A,1986-02-19,1.069759,,A,F
"BIS,WS_XRU,1.0",D.XM.EUR.A,D,XM,EUR,A,1986-02-20,1.062908,,A,F
"BIS,WS_XRU,1.0",D.XM.EUR.A,D,XM,EUR,A,1986-02-21,1.070824,,A,F
"BIS,WS_XRU,1.0",D.XM.EUR.A,D,XM,EUR,A,1986-02-24,1.056326,,A,F
"BIS,WS_XRU,1.0",D.XM.EUR.A,D,XM,EUR,A,1986-02-25,1.041617,,A,F
"BIS,WS_XRU,1.0",D.XM.EUR.A,D,XM,EUR,A,1986-02-26,1.037943,,A,F
"BIS,WS_XRU,1.0",D.XM.EUR.A,D,XM,EUR,A,1986-02-27,1.022903,,A,F
"BIS,WS_XRU,1.0",D.XM.EUR.A,D,XM,EUR,A,1986-02-28,1.03018,,A,F
"BIS,WS_XRU,1.0",D.XM.EUR.A,D,XM,EUR,A,1986-03-03,1.034467,,A,F
"BIS,WS_XRU,1.0",D.XM.EUR.A,D,XM,EUR,A,1986-03-04,1.026182,,A,F
"BIS,WS_XRU,1.0",D.XM.EUR.A,D,XM,EUR,A,1986-03-05,1.033014,,A,F
"BIS,WS_XRU,1.0",D.XM.EUR.A,D,XM,EUR,A,1986-03-06,1.040604,,A,F
"BIS,WS_XRU,1.0",D.XM.EUR.A,D,XM,EUR,A,1986-03-07,1.040665,,A,F
"BIS,WS_XRU,1.0",D.XM.EUR.A,D,XM,EUR,A,1986-03-10,1.051886,,A,F
"BIS,WS_XRU,1.0",D.XM.EUR.A,D,XM,EUR,A,1986-03-11,1.052922,,A,F
"BIS,WS_XRU,1.0",D.XM.EUR.A,D,XM,EUR,A,1986-03-12,1.048041,,A,F
"BIS,WS_XRU,1.0",D.XM.EUR.A,D,XM,EUR,A,1986-03-13,1.056544,,A,F
"BIS,WS_XRU,1.0",D.XM.EUR.A,D,XM,EUR,A,1986-03-14,1.046366,,A,F
"BIS,WS_XRU,1.0",D.XM.EUR.A,D,XM,EUR,A,1986-03-17,1.041173,,A,F
"BIS,WS_XRU,1.0",D.XM.EUR.A,D,XM,EUR,A,1986-03-18,1.040598,,A,F
"BIS,WS_XRU,1.0",D.XM.EUR.A,D,XM,EUR,A,1986-03-19,1.045012,,A,F
"BIS,WS_XRU,1.0",D.XM.EUR.A,D,XM,EUR,A,1986-03-20,1.040782,,A,F
"BIS,WS_XRU,1.0",D.XM.EUR.A,D,XM,EUR,A,1986-03-21,1.038551,,A,F
"BIS,WS_XRU,1.0",D.XM.EUR.A,D,XM,EUR,A,1986-03-24,1.056061,,A,F
"BIS,WS_XRU,1.0",D.XM.EUR.A,D,XM,EUR,A,1986-03-25,1.06809,,A,F
"BIS,WS_XRU,1.0",D.XM.EUR.A,D,XM,EUR,A,1986-03-26,1.080873,,A,F
"BIS,WS_XRU,1.0",D.XM.EUR.A,D,XM,EUR,A,1986-03-27,1.067535,,A,F
"BIS,WS_XRU,1.0",D.XM.EUR.A,D,XM,EUR,A,1986-03-28,,,M,F
"BIS,WS_XRU,1.0",D.XM.EUR.A,D,XM,EUR,A,1986-03-31,,,M,F
"BIS,WS_XRU,1.0",D.XM.EUR.A,D,XM,EUR,A,1986-04-01,1.074539,,A,F
"BIS,WS_XRU,1.0",D.XM.EUR.A,D,XM,EUR,A,1986-04-02,1.087029,,A,F
"BIS,WS_XRU,1.0",D.XM.EUR.A,D,XM,EUR,A,1986-04-03,1.093653,,A,F
"BIS,WS_XRU,1.0",D.XM.EUR.A,D,XM,EUR,A,1986-04-04,,,M,F
"BIS,WS_XRU,1.0",D.XM.EUR.A,D,XM,EUR,A,1986-04-07,1.11094,,A,F
"BIS,WS_XRU,1.0",D.XM.EUR.A,D,XM,EUR,A,1986-04-08,1.084853,,A,F
"BIS,WS_XRU,1.0",D.XM.EUR.A,D,XM,EUR,A,1986-04-09,1.078745,,A,F
"BIS,WS_XRU,1.0",D.XM.EUR.A,D,XM,EUR,A,1986-04-10,1.083656,,A,F
"BIS,WS_XRU,1.0",D.XM.EUR.A,D,XM,EUR,A,1986-04-11,1.069753,,A,F
"BIS,WS_XRU,1.0",D.XM.EUR.A,D,XM,EUR,A,1986-04-14,1.073534,,A,F
"BIS,WS_XRU,1.0",D.XM.EUR.A,D,XM,EUR,A,1986-04-15,1.078074,,A,F
"BIS,WS_XRU,1.0",D.XM.EUR.A,D,XM,EUR,A,1986-04-16,1.049942,,A,F
"BIS,WS_XRU,1.0",D.XM.EUR.A,D,XM,EUR,A,1986-04-17,1.037598,,A,F
"BIS,WS_XRU,1.0",D.XM.EUR.A,D,XM,EUR,A,1986-04-18,1.033503,,A,F
"BIS,WS_XRU,1.0",D.XM.EUR.A,D,XM,EUR,A,1986-04-21,1.028375,,A,F
"BIS,WS_XRU,1.0",D.XM.EUR.A,D,XM,EUR,A,1986-04-22,1.019307,,A,F
"BIS,WS_XRU,1.0",D.XM.EUR.A,D,XM,EUR,A,1986-04-23,1.017951,,A,F
"BIS,WS_XRU,1.0",D.XM.EUR.A,D,XM,EUR,A,1986-04-24,1.020488,,A,F
"BIS,WS_XRU,1.0",D.XM.EUR.A,D,XM,EUR,A,1986-04-25,1.025095,,A,F
"BIS,WS_XRU,1.0",D.XM.EUR.A,D,XM,EUR,A,1986-04-28,1.010829,,A,F
"BIS,WS_XRU,1.0",D.XM.EUR.A,D,XM,EUR,A,1986-04-29,1.011168,,A,F
"BIS,WS_XRU,1.0",D.XM.EUR.A,D,XM,EUR,A,1986-04-30,1.016954,,A,F
"BIS,WS_XRU,1.0",D.XM.EUR.A,D,XM,EUR,A,1986-05-01,,,M,F
"BIS,WS_XRU,1.0",D.XM.EUR.A,D,XM,EUR,A,1986-05-02,1.029576,,A,F
"BIS,WS_XRU,1.0",D.XM.EUR.A,D,XM,EUR,A,1986-05-05,1.014978,,A,F
"BIS,WS_XRU,1.0",D.XM.EUR.A,D,XM,EUR,A,1986-05-06,1.034892,,A,F
"BIS,WS_XRU,1.0",D.XM.EUR.A,D,XM,EUR,A,1986-05-07,1.024461,,A,F
"BIS,WS_XRU,1.0",D.XM.EUR.A,D,XM,EUR,A,1986-05-08,,,M,F
"BIS,WS_XRU,1.0",D.XM.EUR.A,D,XM,EUR,A,1986-05-09,1.013996,,A,F
"BIS,WS_XRU,1.0",D.XM.EUR.A,D,XM,EUR,A,1986-05-12,1.011138,,A,F
"BIS,WS_XRU,1.0",D.XM.EUR.A,D,XM,EUR,A,1986-05-13,1.013302,,A,F
"BIS,WS_XRU,1.0",D.XM.EUR.A,D,XM,EUR,A,1986-05-14,1.020736,,A,F
"BIS,WS_XRU,1.0",D.XM.EUR.A,D,XM,EUR,A,1986-05-15,1.018767,,A,F
"BIS,WS_XRU,1.0",D.XM.EUR.A,D,XM,EUR,A,1986-05-16,1.029741,,A,F
"BIS,WS_XRU,1.0",D.XM.EUR.A,D,XM,EUR,A,1986-05-19,,,M,F
"BIS,WS_XRU,1.0",D.XM.EUR.A,D,XM,EUR,A,1986-05-20,1.031872,,A,F
"BIS,WS_XRU,1.0",D.XM.EUR.A,D,XM,EUR,A,1986-05-21,1.043236,,A,F
"BIS,WS_XRU,1.0",D.XM.EUR.A,D,XM,EUR,A,1986-05-22,1.050995,,A,F
"BIS,WS_XRU,1.0",D.XM.EUR.A,D,XM,EUR,A,1986-05-23,1.05987,,A,F
"BIS,WS_XRU,1.0",D.XM.EUR.A,D,XM,EUR,A,1986-05-26,1.0588,,A,F
"BIS,WS_XRU,1.0",D.XM.EUR.A,D,XM,EUR,A,1986-05-27,1.062424,,A,F
"BIS,WS_XRU,1.0",D.XM.EUR.A,D,XM,EUR,A,1986-05-28,1.054511,,A,F
"BIS,WS_XRU,1.0",D.XM.EUR.A,D,XM,EUR,A,1986-05-29,1.06143,,A,F
"BIS,WS_XRU,1.0",D.XM.EUR.A,D,XM,EUR,A,1986-05-30,1.072467,,A,F
"BIS,WS_XRU,1.0",D.XM.EUR.A,D,XM,EUR,A,1986-06-02,1.081917,,A,F
"BIS,WS_XRU,1.0",D.XM.EUR.A,D,XM,EUR,A,1986-06-03,1.05735,,A,F
"BIS,WS_XRU,1.0",D.XM.EUR.A,D,XM,EUR,A,1986-06-04,1.056126,,A,F
"BIS,WS_XRU,1.0",D.XM.EUR.A,D,XM,EUR,A,1986-06-05,1.049864,,A,F
"BIS,WS_XRU,1.0",D.XM.EUR.A,D,XM,EUR,A,1986-06-06,1.039114,,A,F
"BIS,WS_XRU,1.0",D.XM.EUR.A,D,XM,EUR,A,1986-06-09,1.042671,,A,F
"BIS,WS_XRU,1.0",D.XM.EUR.A,D,XM,EUR,A,1986-06-10,1.0365,,A,F
"BIS,WS_XRU,1.0",D.XM.EUR.A,D,XM,EUR,A,1986-06-11,1.029378,,A,F
"BIS,WS_XRU,1.0",D.XM.EUR.A,D,XM,EUR,A,1986-06-12,1.029279,,A,F
"BIS,WS_XRU,1.0",D.XM.EUR.A,D,XM,EUR,A,1986-06-13,1.033439,,A,F
"BIS,WS_XRU,1.0",D.XM.EUR.A,D,XM,EUR,A,1986-06-16,1.023318,,A,F
"BIS,WS_XRU,1.0",D.XM.EUR.A,D,XM,EUR,A,1986-06-17,1.035099,,A,F
"BIS,WS_XRU,1.0",D.XM.EUR.A,D,XM,EUR,A,1986-06-18,1.034261,,A,F
"BIS,WS_XRU,1.0",D.XM.EUR.A,D,XM,EUR,A,1986-06-19,1.03835,,A,F
"BIS,WS_XRU,1.0",D.XM.EUR.A,D,XM,EUR,A,1986-06-20,1.044499,,A,F
"BIS,WS_XRU,1.0",D.XM.EUR.A,D,XM,EUR,A,1986-06-23,1.055415,,A,F
"BIS,WS_XRU,1.0",D.XM.EUR.A,D,XM,EUR,A,1986-06-24,1.036806,,A,F
"BIS,WS_XRU,1.0",D.XM.EUR.A,D,XM,EUR,A,1986-06-25,1.031983,,A,F
"BIS,WS_XRU,1.0",D.XM.EUR.A,D,XM,EUR,A,1986-06-26,1.033637,,A,F
"BIS,WS_XRU,1.0",D.XM.EUR.A,D,XM,EUR,A,1986-06-27,1.030833,,A,F
"BIS,WS_XRU,1.0",D.XM.EUR.A,D,XM,EUR,A,1986-06-30,1.022262,,A,F
"BIS,WS_XRU,1.0",D.XM.EUR.A,D,XM,EUR,A,1986-07-01,1.016194,,A,F
"BIS,WS_XRU,1.0",D.XM.EUR.A,D,XM,EUR,A,1986-07-02,1.016386,,A,F
"BIS,WS_XRU,1.0",D.XM.EUR.A,D,XM,EUR,A,1986-07-03,1.009756,,A,F
"BIS,WS_XRU,1.0",D.XM.EUR.A,D,XM,EUR,A,1986-07-04,1.01251,,A,F
"BIS,WS_XRU,1.0",D.XM.EUR.A,D,XM,EUR,A,1986-07-07,1.010515,,A,F
"BIS,WS_XRU,1.0",D.XM.EUR.A,D,XM,EUR,A,1986-07-08,1.012451,,A,F
"BIS,WS_XRU,1.0",D.XM.EUR.A,D,XM,EUR,A,1986-07-09,1.021194,,A,F
"BIS,WS_XRU,1.0",D.XM.EUR.A,D,XM,EUR,A,1986-07-10,1.016157,,A,F
"BIS,WS_XRU,1.0",D.XM.EUR.A,D,XM,EUR,A,1986-07-11,1.020991,,A,F
"BIS,WS_XRU,1.0",D.XM.EUR.A,D,XM,EUR,A,1986-07-14,1.027018,,A,F
"BIS,WS_XRU,1.0",D.XM.EUR.A,D,XM,EUR,A,1986-07-15,1.013924,,A,F
"BIS,WS_XRU,1.0",D.XM.EUR.A,D,XM,EUR,A,1986-07-16,1.009687,,A,F
"BIS,WS_XRU,1.0",D.XM.EUR.A,D,XM,EUR,A,1986-07-17,1.008744,,A,F
"BIS,WS_XRU,1.0",D.XM.EUR.A,D,XM,EUR,A,1986-07-18,1.012666,,A,F
"BIS,WS_XRU,1.0",D.XM.EUR.A,D,XM,EUR,A,1986-07-21,1.002748,,A,F
"BIS,WS_XRU,1.0",D.XM.EUR.A,D,XM,EUR,A,1986-07-22,1.002321,,A,F
"BIS,WS_XRU,1.0",D.XM.EUR.A,D,XM,EUR,A,1986-07-23,1.006877,,A,F
"BIS,WS_XRU,1.0",D.XM.EUR.A,D,XM,EUR,A,1986-07-24,1.004783,,A,F
"BIS,WS_XRU,1.0",D.XM.EUR.A,D,XM,EUR,A,1986-07-25,1.013353,,A,F
"BIS,WS_XRU,1.0",D.XM.EUR.A,D,XM,EUR,A,1986-07-28,1.007952,,A,F
"BIS,WS_XRU,1.0",D.XM.EUR.A,D,XM,EUR,A,1986-07-29,0.998881,,A,F
"BIS,WS_XRU,1.0",D.XM.EUR.A,D,XM,EUR,A,1986-07-30,0.99992,,A,F
"BIS,WS_XRU,1.0",D.XM.EUR.A,D,XM,EUR,A,1986-07-31,0.98909,,A,F
"BIS,WS_XRU,1.0",D.XM.EUR.A,D,XM,EUR,A,1986-08-01,0.984601,,A,F
"BIS,WS_XRU,1.0",D.XM.EUR.A,D,XM,EUR,A,1986-08-04,0.98496,,A,F
"BIS,WS_XRU,1.0",D.XM.EUR.A,D,XM,EUR,A,1986-08-05,0.993986,,A,F
"BIS,WS_XRU,1.0",D.XM.EUR.A,D,XM,EUR,A,1986-08-06,0.98561,,A,F
"BIS,WS_XRU,1.0",D.XM.EUR.A,D,XM,EUR,A,1986-08-07,0.981316,,A,F
"BIS,WS_XRU,1.0",D.XM.EUR.A,D,XM,EUR,A,1986-08-08,0.982598,,A,F
"BIS,WS_XRU,1.0",D.XM.EUR.A,D,XM,EUR,A,1986-08-11,0.97601,,A,F
"BIS,WS_XRU,1.0",D.XM.EUR.A,D,XM,EUR,A,1986-08-12,0.982453,,A,F
"BIS,WS_XRU,1.0",D.XM.EUR.A,D,XM,EUR,A,1986-08-13,0.981065,,A,F
"BIS,WS_XRU,1.0",D.XM.EUR.A,D,XM,EUR,A,1986-08-14,0.977221,,A,F
"BIS,WS_XRU,1.0",D.XM.EUR.A,D,XM,EUR,A,1986-08-15,0.97682,,A,F
"BIS,WS_XRU,1.0",D.XM.EUR.A,D,XM,EUR,A,1986-08-18,0.977766,,A,F
"BIS,WS_XRU,1.0",D.XM.EUR.A,D,XM,EUR,A,1986-08-19,0.98121,,A,F
"BIS,WS_XRU,1.0",D.XM.EUR.A,D,XM,EUR,A,1986-08-20,0.972867,,A,F
"BIS,WS_XRU,1.0",D.XM.EUR.A,D,XM,EUR,A,1986-08-21,0.975791,,A,F
"BIS,WS_XRU,1.0",D.XM.EUR.A,D,XM,EUR,A,1986-08-22,0.970601,,A,F
"BIS,WS_XRU,1.0",D.XM.EUR.A,D,XM,EUR,A,1986-08-25,0.972432,,A,F
"BIS,WS_XRU,1.0",D.XM.EUR.A,D,XM,EUR,A,1986-08-26,0.974232,,A,F
"BIS,WS_XRU,1.0",D.XM.EUR.A,D,XM,EUR,A,1986-08-27,0.978742,,A,F
"BIS,WS_XRU,1.0",D.XM.EUR.A,D,XM,EUR,A,1986-08-28,0.974972,,A,F
"BIS,WS_XRU,1.0",D.XM.EUR.A,D,XM,EUR,A,1986-08-29,0.976105,,A,F
"BIS,WS_XRU,1.0",D.XM.EUR.A,D,XM,EUR,A,1986-09-01,0.966324,,A,F
"BIS,WS_XRU,1.0",D.XM.EUR.A,D,XM,EUR,A,1986-09-02,0.966212,,A,F
"BIS,WS_XRU,1.0",D.XM.EUR.A,D,XM,EUR,A,1986-09-03,0.969434,,A,F
"BIS,WS_XRU,1.0",D.XM.EUR.A,D,XM,EUR,A,1986-09-04,0.964236,,A,F
"BIS,WS_XRU,1.0",D.XM.EUR.A,D,XM,EUR,A,1986-09-05,0.966968,,A,F
"BIS,WS_XRU,1.0",D.XM.EUR.A,D,XM,EUR,A,1986-09-08,0.981191,,A,F
"BIS,WS_XRU,1.0",D.XM.EUR.A,D,XM,EUR,A,1986-09-09,0.98095,,A,F
"BIS,WS_XRU,1.0",D.XM.EUR.A,D,XM,EUR,A,1986-09-10,0.978933,,A,F
"BIS,WS_XRU,1.0",D.XM.EUR.A,D,XM,EUR,A,1986-09-11,0.985571,,A,F
"BIS,WS_XRU,1.0",D.XM.EUR.A,D,XM,EUR,A,1986-09-12,0.989452,,A,F
"BIS,WS_XRU,1.0",D.XM.EUR.A,D,XM,EUR,A,1986-09-15,0.974716,,A,F
"BIS,WS_XRU,1.0",D.XM.EUR.A,D,XM,EUR,A,1986-09-16,0.973805,,A,F
"BIS,WS_XRU,1.0",D.XM.EUR.A,D,XM,EUR,A,1986-09-17,0.969349,,A,F
"BIS,WS_XRU,1.0",D.XM.EUR.A,D,XM,EUR,A,1986-09-18,0.9602,,A,F
"BIS,WS_XRU,1.0",D.XM.EUR.A,D,XM,EUR,A,1986-09-19,0.952064,,A,F
"BIS,WS_XRU,1.0",D.XM.EUR.A,D,XM,EUR,A,1986-09-22,0.969923,,A,F
"BIS,WS_XRU,1.0",D.XM.EUR.A,D,XM,EUR,A,1986-09-23,0.97768,,A,F
"BIS,WS_XRU,1.0",D.XM.EUR.A,D,XM,EUR,A,1986-09-24,0.975296,,A,F
"BIS,WS_XRU,1.0",D.XM.EUR.A,D,XM,EUR,A,1986-09-25,0.979979,,A,F
"BIS,WS_XRU,1.0",D.XM.EUR.A,D,XM,EUR,A,1986-09-26,0.977316,,A,F
"BIS,WS_XRU,1.0",D.XM.EUR.A,D,XM,EUR,A,1986-09-29,0.970412,,A,F
"BIS,WS_XRU,1.0",D.XM.EUR.A,D,XM,EUR,A,1986-09-30,0.97126,,A,F
"BIS,WS_XRU,1.0",D.XM.EUR.A,D,XM,EUR,A,1986-10-01,0.969274,,A,F
"BIS,WS_XRU,1.0",D.XM.EUR.A,D,XM,EUR,A,1986-10-02,0.968017,,A,F
"BIS,WS_XRU,1.0",D.XM.EUR.A,D,XM,EUR,A,1986-10-03,0.957286,,A,F
"BIS,WS_XRU,1.0",D.XM.EUR.A,D,XM,EUR,A,1986-10-06,0.955064,,A,F
"BIS,WS_XRU,1.0",D.XM.EUR.A,D,XM,EUR,A,1986-10-07,0.963595,,A,F
"BIS,WS_XRU,1.0",D.XM.EUR.A,D,XM,EUR,A,1986-10-08,0.959638,,A,F
"BIS,WS_XRU,1.0",D.XM.EUR.A,D,XM,EUR,A,1986-10-09,0.959684,,A,F
"BIS,WS_XRU,1.0",D.XM.EUR.A,D,XM,EUR,A,1986-10-10,0.954836,,A,F
"BIS,WS_XRU,1.0",D.XM.EUR.A,D,XM,EUR,A,1986-10-13,0.952045,,A,F
"BIS,WS_XRU,1.0",D.XM.EUR.A,D,XM,EUR,A,1986-10-14,0.949974,,A,F
"BIS,WS_XRU,1.0",D.XM.EUR.A,D,XM,EUR,A,1986-10-15,0.948155,,A,F
"BIS,WS_XRU,1.0",D.XM.EUR.A,D,XM,EUR,A,1986-10-16,0.947302,,A,F
"BIS,WS_XRU,1.0",D.XM.EUR.A,D,XM,EUR,A,1986-10-17,0.948641,,A,F
"BIS,WS_XRU,1.0",D.XM.EUR.A,D,XM,EUR,A,1986-10-20,0.955639,,A,F
"BIS,WS_XRU,1.0",D.XM.EUR.A,D,XM,EUR,A,1986-10-21,0.956407,,A,F
"BIS,WS_XRU,1.0",D.XM.EUR.A,D,XM,EUR,A,1986-10-22,0.954545,,A,F
"BIS,WS_XRU,1.0",D.XM.EUR.A,D,XM,EUR,A,1986-10-23,0.957671,,A,F
"BIS,WS_XRU,1.0",D.XM.EUR.A,D,XM,EUR,A,1986-10-24,0.972186,,A,F
"BIS,WS_XRU,1.0",D.XM.EUR.A,D,XM,EUR,A,1986-10-27,0.977813,,A,F
"BIS,WS_XRU,1.0",D.XM.EUR.A,D,XM,EUR,A,1986-10-28,0.973795,,A,F
"BIS,WS_XRU,1.0",D.XM.EUR.A,D,XM,EUR,A,1986-10-29,0.97299,,A,F
"BIS,WS_XRU,1.0",D.XM.EUR.A,D,XM,EUR,A,1986-10-30,0.968345,,A,F
"BIS,WS_XRU,1.0",D.XM.EUR.A,D,XM,EUR,A,1986-10-31,0.989717,,A,F
"BIS,WS_XRU,1.0",D.XM.EUR.A,D,XM,EUR,A,1986-11-03,0.991218,,A,F
"BIS,WS_XRU,1.0",D.XM.EUR.A,D,XM,EUR,A,1986-11-04,0.98283,,A,F
"BIS,WS_XRU,1.0",D.XM.EUR.A,D,XM,EUR,A,1986-11-05,0.989766,,A,F
"BIS,WS_XRU,1.0",D.XM.EUR.A,D,XM,EUR,A,1986-11-06,0.987713,,A,F
"BIS,WS_XRU,1.0",D.XM.EUR.A,D,XM,EUR,A,1986-11-07,0.98744,,A,F
"BIS,WS_XRU,1.0",D.XM.EUR.A,D,XM,EUR,A,1986-11-10,0.977622,,A,F
"BIS,WS_XRU,1.0",D.XM.EUR.A,D,XM,EUR,A,1986-11-11,0.973625,,A,F
"BIS,WS_XRU,1.0",D.XM.EUR.A,D,XM,EUR,A,1986-11-12,0.970723,,A,F
"BIS,WS_XRU,1.0",D.XM.EUR.A,D,XM,EUR,A,1986-11-13,0.970855,,A,F
"BIS,WS_XRU,1.0",D.XM.EUR.A,D,XM,EUR,A,1986-11-14,0.967071,,A,F
"BIS,WS_XRU,1.0",D.XM.EUR.A,D,XM,EUR,A,1986-11-17,0.965288,,A,F
"BIS,WS_XRU,1.0",D.XM.EUR.A,D,XM,EUR,A,1986-11-18,0.969669,,A,F
"BIS,WS_XRU,1.0",D.XM.EUR.A,D,XM,EUR,A,1986-11-19,0.967698,,A,F
"BIS,WS_XRU,1.0",D.XM.EUR.A,D,XM,EUR,A,1986-11-20,0.964069,,A,F
"BIS,WS_XRU,1.0",D.XM.EUR.A,D,XM,EUR,A,1986-11-21,0.969049,,A,F
"BIS,WS_XRU,1.0",D.XM.EUR.A,D,XM,EUR,A,1986-11-24,0.970996,,A,F
"BIS,WS_XRU,1.0",D.XM.EUR.A,D,XM,EUR,A,1986-11-25,0.964934,,A,F
"BIS,WS_XRU,1.0",D.XM.EUR.A,D,XM,EUR,A,1986-11-26,0.954663,,A,F
"BIS,WS_XRU,1.0",D.XM.EUR.A,D,XM,EUR,A,1986-11-27,0.956352,,A,F
"BIS,WS_XRU,1.0",D.XM.EUR.A,D,XM,EUR,A,1986-11-28,0.950525,,A,F
"BIS,WS_XRU,1.0",D.XM.EUR.A,D,XM,EUR,A,1986-12-01,0.943263,,A,F
"BIS,WS_XRU,1.0",D.XM.EUR.A,D,XM,EUR,A,1986-12-02,0.951991,,A,F
"BIS,WS_XRU,1.0",D.XM.EUR.A,D,XM,EUR,A,1986-12-03,0.951946,,A,F
"BIS,WS_XRU,1.0",D.XM.EUR.A,D,XM,EUR,A,1986-12-04,0.952,,A,F
"BIS,WS_XRU,1.0",D.XM.EUR.A,D,XM,EUR,A,1986-12-05,0.95973,,A,F
"BIS,WS_XRU,1.0",D.XM.EUR.A,D,XM,EUR,A,1986-12-08,0.965316,,A,F
"BIS,WS_XRU,1.0",D.XM.EUR.A,D,XM,EUR,A,1986-12-09,0.966772,,A,F
"BIS,WS_XRU,1.0",D.XM.EUR.A,D,XM,EUR,A,1986-12-10,0.969537,,A,F
"BIS,WS_XRU,1.0",D.XM.EUR.A,D,XM,EUR,A,1986-12-11,0.966819,,A,F
"BIS,WS_XRU,1.0",D.XM.EUR.A,D,XM,EUR,A,1986-12-12,0.972044,,A,F
"BIS,WS_XRU,1.0",D.XM.EUR.A,D,XM,EUR,A,1986-12-15,0.966398,,A,F
"BIS,WS_XRU,1.0",D.XM.EUR.A,D,XM,EUR,A,1986-12-16,0.970111,,A,F
"BIS,WS_XRU,1.0",D.XM.EUR.A,D,XM,EUR,A,1986-12-17,0.967932,,A,F
"BIS,WS_XRU,1.0",D.XM.EUR.A,D,XM,EUR,A,1986-12-18,0.965922,,A,F
"BIS,WS_XRU,1.0",D.XM.EUR.A,D,XM,EUR,A,1986-12-19,0.963568,,A,F
"BIS,WS_XRU,1.0",D.XM.EUR.A,D,XM,EUR,A,1986-12-22,0.953725,,A,F
"BIS,WS_XRU,1.0",D.XM.EUR.A,D,XM,EUR,A,1986-12-23,0.950507,,A,F
"BIS,WS_XRU,1.0",D.XM.EUR.A,D,XM,EUR,A,1986-12-24,,,M,F
"BIS,WS_XRU,1.0",D.XM.EUR.A,D,XM,EUR,A,1986-12-25,,,M,F
"BIS,WS_XRU,1.0",D.XM.EUR.A,D,XM,EUR,A,1986-12-26,,,M,F
"BIS,WS_XRU,1.0",D.XM.EUR.A,D,XM,EUR,A,1986-12-29,0.938861,,A,F
"BIS,WS_XRU,1.0",D.XM.EUR.A,D,XM,EUR,A,1986-12-30,0.939302,,A,F
"BIS,WS_XRU,1.0",D.XM.EUR.A,D,XM,EUR,A,1986-12-31,0.934248,,A,F
"BIS,WS_XRU,1.0",D.XM.EUR.A,D,XM,EUR,A,1987-01-01,,,M,F
"BIS,WS_XRU,1.0",D.XM.EUR.A,D,XM,EUR,A,1987-01-02,0.924027,,A,F
"BIS,WS_XRU,1.0",D.XM.EUR.A,D,XM,EUR,A,1987-01-05,0.927222,,A,F
"BIS,WS_XRU,1.0",D.XM.EUR.A,D,XM,EUR,A,1987-01-06,0.926758,,A,F
"BIS,WS_XRU,1.0",D.XM.EUR.A,D,XM,EUR,A,1987-01-07,0.932862,,A,F
"BIS,WS_XRU,1.0",D.XM.EUR.A,D,XM,EUR,A,1987-01-08,0.932479,,A,F
"BIS,WS_XRU,1.0",D.XM.EUR.A,D,XM,EUR,A,1987-01-09,0.928074,,A,F
"BIS,WS_XRU,1.0",D.XM.EUR.A,D,XM,EUR,A,1987-01-12,0.920446,,A,F
"BIS,WS_XRU,1.0",D.XM.EUR.A,D,XM,EUR,A,1987-01-13,0.908744,,A,F
"BIS,WS_XRU,1.0",D.XM.EUR.A,D,XM,EUR,A,1987-01-14,0.902772,,A,F
"BIS,WS_XRU,1.0",D.XM.EUR.A,D,XM,EUR,A,1987-01-15,0.894534,,A,F
"BIS,WS_XRU,1.0",D.XM.EUR.A,D,XM,EUR,A,1987-01-16,0.89907,,A,F
"BIS,WS_XRU,1.0",D.XM.EUR.A,D,XM,EUR,A,1987-01-19,0.877185,,A,F
"BIS,WS_XRU,1.0",D.XM.EUR.A,D,XM,EUR,A,1987-01-20,0.887926,,A,F
"BIS,WS_XRU,1.0",D.XM.EUR.A,D,XM,EUR,A,1987-01-21,0.896853,,A,F
"BIS,WS_XRU,1.0",D.XM.EUR.A,D,XM,EUR,A,1987-01-22,0.883002,,A,F
"BIS,WS_XRU,1.0",D.XM.EUR.A,D,XM,EUR,A,1987-01-23,0.881399,,A,F
"BIS,WS_XRU,1.0",D.XM.EUR.A,D,XM,EUR,A,1987-01-26,0.884752,,A,F
"BIS,WS_XRU,1.0",D.XM.EUR.A,D,XM,EUR,A,1987-01-27,0.881811,,A,F
"BIS,WS_XRU,1.0",D.XM.EUR.A,D,XM,EUR,A,1987-01-28,0.861854,,A,F
"BIS,WS_XRU,1.0",D.XM.EUR.A,D,XM,EUR,A,1987-01-29,0.866041,,A,F
"BIS,WS_XRU,1.0",D.XM.EUR.A,D,XM,EUR,A,1987-01-30,0.879144,,A,F
"BIS,WS_XRU,1.0",D.XM.EUR.A,D,XM,EUR,A,1987-02-02,0.882698,,A,F
"BIS,WS_XRU,1.0",D.XM.EUR.A,D,XM,EUR,A,1987-02-03,0.872022,,A,F
"BIS,WS_XRU,1.0",D.XM.EUR.A,D,XM,EUR,A,1987-02-04,0.880251,,A,F
"BIS,WS_XRU,1.0",D.XM.EUR.A,D,XM,EUR,A,1987-02-05,0.889292,,A,F
"BIS,WS_XRU,1.0",D.XM.EUR.A,D,XM,EUR,A,1987-02-06,0.900487,,A,F
"BIS,WS_XRU,1.0",D.XM.EUR.A,D,XM,EUR,A,1987-02-09,0.890789,,A,F
"BIS,WS_XRU,1.0",D.XM.EUR.A,D,XM,EUR,A,1987-02-10,0.881974,,A,F
"BIS,WS_XRU,1.0",D.XM.EUR.A,D,XM,EUR,A,1987-02-11,0.883908,,A,F
"BIS,WS_XRU,1.0",D.XM.EUR.A,D,XM,EUR,A,1987-02-12,0.880382,,A,F
"BIS,WS_XRU,1.0",D.XM.EUR.A,D,XM,EUR,A,1987-02-13,0.888163,,A,F
"BIS,WS_XRU,1.0",D.XM.EUR.A,D,XM,EUR,A,1987-02-16,0.879701,,A,F
"BIS,WS_XRU,1.0",D.XM.EUR.A,D,XM,EUR,A,1987-02-17,0.878426,,A,F
"BIS,WS_XRU,1.0",D.XM.EUR.A,D,XM,EUR,A,1987-02-18,0.885747,,A,F
"BIS,WS_XRU,1.0",D.XM.EUR.A,D,XM,EUR,A,1987-02-19,0.895095,,A,F
"BIS,WS_XRU,1.0",D.XM.EUR.A,D,XM,EUR,A,1987-02-20,0.885614,,A,F
"BIS,WS_XRU,1.0",D.XM.EUR.A,D,XM,EUR,A,1987-02-23,0.885206,,A,F
"BIS,WS_XRU,1.0",D.XM.EUR.A,D,XM,EUR,A,1987-02-24,0.889466,,A,F
"BIS,WS_XRU,1.0",D.XM.EUR.A,D,XM,EUR,A,1987-02-25,0.883299,,A,F
"BIS,WS_XRU,1.0",D.XM.EUR.A,D,XM,EUR,A,1987-02-26,0.883213,,A,F
"BIS,WS_XRU,1.0",D.XM.EUR.A,D,XM,EUR,A,1987-02-27,0.886124,,A,F
"BIS,WS_XRU,1.0",D.XM.EUR.A,D,XM,EUR,A,1987-03-02,0.88301,,A,F
"BIS,WS_XRU,1.0",D.XM.EUR.A,D,XM,EUR,A,1987-03-03,0.88433,,A,F
"BIS,WS_XRU,1.0",D.XM.EUR.A,D,XM,EUR,A,1987-03-04,0.884189,,A,F
"BIS,WS_XRU,1.0",D.XM.EUR.A,D,XM,EUR,A,1987-03-05,0.888565,,A,F
"BIS,WS_XRU,1.0",D.XM.EUR.A,D,XM,EUR,A,1987-03-06,0.884854,,A,F
"BIS,WS_XRU,1.0",D.XM.EUR.A,D,XM,EUR,A,1987-03-09,0.891139,,A,F
"BIS,WS_XRU,1.0",D.XM.EUR.A,D,XM,EUR,A,1987-03-10,0.893416,,A,F
"BIS,WS_XRU,1.0",D.XM.EUR.A,D,XM,EUR,A,1987-03-11,0.893703,,A,F
"BIS,WS_XRU,1.0",D.XM.EUR.A,D,XM,EUR,A,1987-03-12,0.895881,,A,F
"BIS,WS_XRU,1.0",D.XM.EUR.A,D,XM,EUR,A,1987-03-13,0.89328,,A,F
"BIS,WS_XRU,1.0",D.XM.EUR.A,D,XM,EUR,A,1987-03-16,0.888186,,A,F
"BIS,WS_XRU,1.0",D.XM.EUR.A,D,XM,EUR,A,1987-03-17,0.882005,,A,F
"BIS,WS_XRU,1.0",D.XM.EUR.A,D,XM,EUR,A,1987-03-18,0.883939,,A,F
"BIS,WS_XRU,1.0",D.XM.EUR.A,D,XM,EUR,A,1987-03-19,0.882651,,A,F
"BIS,WS_XRU,1.0",D.XM.EUR.A,D,XM,EUR,A,1987-03-20,0.882153,,A,F
"BIS,WS_XRU,1.0",D.XM.EUR.A,D,XM,EUR,A,1987-03-23,0.876693,,A,F
"BIS,WS_XRU,1.0",D.XM.EUR.A,D,XM,EUR,A,1987-03-24,0.872897,,A,F
"BIS,WS_XRU,1.0",D.XM.EUR.A,D,XM,EUR,A,1987-03-25,0.877717,,A,F
"BIS,WS_XRU,1.0",D.XM.EUR.A,D,XM,EUR,A,1987-03-26,0.88171,,A,F
"BIS,WS_XRU,1.0",D.XM.EUR.A,D,XM,EUR,A,1987-03-27,0.878681,,A,F
"BIS,WS_XRU,1.0",D.XM.EUR.A,D,XM,EUR,A,1987-03-30,0.870519,,A,F
"BIS,WS_XRU,1.0",D.XM.EUR.A,D,XM,EUR,A,1987-03-31,0.87105,,A,F
"BIS,WS_XRU,1.0",D.XM.EUR.A,D,XM,EUR,A,1987-04-01,0.87601,,A,F
"BIS,WS_XRU,1.0",D.XM.EUR.A,D,XM,EUR,A,1987-04-02,0.880972,,A,F
"BIS,WS_XRU,1.0",D.XM.EUR.A,D,XM,EUR,A,1987-04-03,0.875895,,A,F
"BIS,WS_XRU,1.0",D.XM.EUR.A,D,XM,EUR,A,1987-04-06,0.878611,,A,F
"BIS,WS_XRU,1.0",D.XM.EUR.A,D,XM,EUR,A,1987-04-07,0.876931,,A,F
"BIS,WS_XRU,1.0",D.XM.EUR.A,D,XM,EUR,A,1987-04-08,0.883829,,A,F
"BIS,WS_XRU,1.0",D.XM.EUR.A,D,XM,EUR,A,1987-04-09,0.879724,,A,F
"BIS,WS_XRU,1.0",D.XM.EUR.A,D,XM,EUR,A,1987-04-10,0.869648,,A,F
"BIS,WS_XRU,1.0",D.XM.EUR.A,D,XM,EUR,A,1987-04-13,0.87111,,A,F
"BIS,WS_XRU,1.0",D.XM.EUR.A,D,XM,EUR,A,1987-04-14,0.868334,,A,F
"BIS,WS_XRU,1.0",D.XM.EUR.A,D,XM,EUR,A,1987-04-15,0.872113,,A,F
"BIS,WS_XRU,1.0",D.XM.EUR.A,D,XM,EUR,A,1987-04-16,0.874042,,A,F
"BIS,WS_XRU,1.0",D.XM.EUR.A,D,XM,EUR,A,1987-04-17,,,M,F
"BIS,WS_XRU,1.0",D.XM.EUR.A,D,XM,EUR,A,1987-04-20,,,M,F
"BIS,WS_XRU,1.0",D.XM.EUR.A,D,XM,EUR,A,1987-04-21,0.869996,,A,F
"BIS,WS_XRU,1.0",D.XM.EUR.A,D,XM,EUR,A,1987-04-22,0.875902,,A,F
"BIS,WS_XRU,1.0",D.XM.EUR.A,D,XM,EUR,A,1987-04-23,0.874837,,A,F
"BIS,WS_XRU,1.0",D.XM.EUR.A,D,XM,EUR,A,1987-04-24,0.863081,,A,F
"BIS,WS_XRU,1.0",D.XM.EUR.A,D,XM,EUR,A,1987-04-27,0.85739,,A,F
"BIS,WS_XRU,1.0",D.XM.EUR.A,D,XM,EUR,A,1987-04-28,0.861631,,A,F
"BIS,WS_XRU,1.0",D.XM.EUR.A,D,XM,EUR,A,1987-04-29,0.865786,,A,F
"BIS,WS_XRU,1.0",D.XM.EUR.A,D,XM,EUR,A,1987-04-30,0.8608,,A,F
"BIS,WS_XRU,1.0",D.XM.EUR.A,D,XM,EUR,A,1987-05-01,,,M,F
"BIS,WS_XRU,1.0",D.XM.EUR.A,D,XM,EUR,A,1987-05-04,0.85634,,A,F
"BIS,WS_XRU,1.0",D.XM.EUR.A,D,XM,EUR,A,1987-05-05,0.850261,,A,F
"BIS,WS_XRU,1.0",D.XM.EUR.A,D,XM,EUR,A,1987-05-06,0.854518,,A,F
"BIS,WS_XRU,1.0",D.XM.EUR.A,D,XM,EUR,A,1987-05-07,0.854964,,A,F
"BIS,WS_XRU,1.0",D.XM.EUR.A,D,XM,EUR,A,1987-05-08,0.858996,,A,F
"BIS,WS_XRU,1.0",D.XM.EUR.A,D,XM,EUR,A,1987-05-11,0.866131,,A,F
"BIS,WS_XRU,1.0",D.XM.EUR.A,D,XM,EUR,A,1987-05-12,0.861839,,A,F
"BIS,WS_XRU,1.0",D.XM.EUR.A,D,XM,EUR,A,1987-05-13,0.864357,,A,F
"BIS,WS_XRU,1.0",D.XM.EUR.A,D,XM,EUR,A,1987-05-14,0.86314,,A,F
"BIS,WS_XRU,1.0",D.XM.EUR.A,D,XM,EUR,A,1987-05-15,0.858369,,A,F
"BIS,WS_XRU,1.0",D.XM.EUR.A,D,XM,EUR,A,1987-05-18,0.855381,,A,F
"BIS,WS_XRU,1.0",D.XM.EUR.A,D,XM,EUR,A,1987-05-19,0.858266,,A,F
"BIS,WS_XRU,1.0",D.XM.EUR.A,D,XM,EUR,A,1987-05-20,0.85221,,A,F
"BIS,WS_XRU,1.0",D.XM.EUR.A,D,XM,EUR,A,1987-05-21,0.856729,,A,F
"BIS,WS_XRU,1.0",D.XM.EUR.A,D,XM,EUR,A,1987-05-22,0.854496,,A,F
"BIS,WS_XRU,1.0",D.XM.EUR.A,D,XM,EUR,A,1987-05-25,0.859417,,A,F
"BIS,WS_XRU,1.0",D.XM.EUR.A,D,XM,EUR,A,1987-05-26,0.866769,,A,F
"BIS,WS_XRU,1.0",D.XM.EUR.A,D,XM,EUR,A,1987-05-27,0.876739,,A,F
"BIS,WS_XRU,1.0",D.XM.EUR.A,D,XM,EUR,A,1987-05-28,,,M,F
"BIS,WS_XRU,1.0",D.XM.EUR.A,D,XM,EUR,A,1987-05-29,0.877647,,A,F
"BIS,WS_XRU,1.0",D.XM.EUR.A,D,XM,EUR,A,1987-06-01,0.883837,,A,F
"BIS,WS_XRU,1.0",D.XM.EUR.A,D,XM,EUR,A,1987-06-02,0.87473,,A,F
"BIS,WS_XRU,1.0",D.XM.EUR.A,D,XM,EUR,A,1987-06-03,0.869694,,A,F
"BIS,WS_XRU,1.0",D.XM.EUR.A,D,XM,EUR,A,1987-06-04,0.875618,,A,F
"BIS,WS_XRU,1.0",D.XM.EUR.A,D,XM,EUR,A,1987-06-05,0.872966,,A,F
"BIS,WS_XRU,1.0",D.XM.EUR.A,D,XM,EUR,A,1987-06-08,,,M,F
"BIS,WS_XRU,1.0",D.XM.EUR.A,D,XM,EUR,A,1987-06-09,0.866423,,A,F
"BIS,WS_XRU,1.0",D.XM.EUR.A,D,XM,EUR,A,1987-06-10,0.860941,,A,F
"BIS,WS_XRU,1.0",D.XM.EUR.A,D,XM,EUR,A,1987-06-11,0.863409,,A,F
"BIS,WS_XRU,1.0",D.XM.EUR.A,D,XM,EUR,A,1987-06-12,0.866251,,A,F
"BIS,WS_XRU,1.0",D.XM.EUR.A,D,XM,EUR,A,1987-06-15,0.878272,,A,F
"BIS,WS_XRU,1.0",D.XM.EUR.A,D,XM,EUR,A,1987-06-16,0.877047,,A,F
"BIS,WS_XRU,1.0",D.XM.EUR.A,D,XM,EUR,A,1987-06-17,0.880863,,A,F
"BIS,WS_XRU,1.0",D.XM.EUR.A,D,XM,EUR,A,1987-06-18,0.878063,,A,F
"BIS,WS_XRU,1.0",D.XM.EUR.A,D,XM,EUR,A,1987-06-19,0.880925,,A,F
"BIS,WS_XRU,1.0",D.XM.EUR.A,D,XM,EUR,A,1987-06-22,0.884783,,A,F
"BIS,WS_XRU,1.0",D.XM.EUR.A,D,XM,EUR,A,1987-06-23,0.8875,,A,F
"BIS,WS_XRU,1.0",D.XM.EUR.A,D,XM,EUR,A,1987-06-24,0.87841,,A,F
"BIS,WS_XRU,1.0",D.XM.EUR.A,D,XM,EUR,A,1987-06-25,0.881562,,A,F
"BIS,WS_XRU,1.0",D.XM.EUR.A,D,XM,EUR,A,1987-06-26,0.88091,,A,F
"BIS,WS_XRU,1.0",D.XM.EUR.A,D,XM,EUR,A,1987-06-29,0.882379,,A,F
"BIS,WS_XRU,1.0",D.XM.EUR.A,D,XM,EUR,A,1987-06-30,0.882784,,A,F
"BIS,WS_XRU,1.0",D.XM.EUR.A,D,XM,EUR,A,1987-07-01,0.878889,,A,F
"BIS,WS_XRU,1.0",D.XM.EUR.A,D,XM,EUR,A,1987-07-02,0.881694,,A,F
"BIS,WS_XRU,1.0",D.XM.EUR.A,D,XM,EUR,A,1987-07-03,0.884987,,A,F
"BIS,WS_XRU,1.0",D.XM.EUR.A,D,XM,EUR,A,1987-07-06,0.886847,,A,F
"BIS,WS_XRU,1.0",D.XM.EUR.A,D,XM,EUR,A,1987-07-07,0.885026,,A,F
"BIS,WS_XRU,1.0",D.XM.EUR.A,D,XM,EUR,A,1987-07-08,0.888778,,A,F
"BIS,WS_XRU,1.0",D.XM.EUR.A,D,XM,EUR,A,1987-07-09,0.884173,,A,F
"BIS,WS_XRU,1.0",D.XM.EUR.A,D,XM,EUR,A,1987-07-10,0.888155,,A,F
"BIS,WS_XRU,1.0",D.XM.EUR.A,D,XM,EUR,A,1987-07-13,0.889355,,A,F
"BIS,WS_XRU,1.0",D.XM.EUR.A,D,XM,EUR,A,1987-07-14,0.887926,,A,F
"BIS,WS_XRU,1.0",D.XM.EUR.A,D,XM,EUR,A,1987-07-15,0.890853,,A,F
"BIS,WS_XRU,1.0",D.XM.EUR.A,D,XM,EUR,A,1987-07-16,0.883041,,A,F
"BIS,WS_XRU,1.0",D.XM.EUR.A,D,XM,EUR,A,1987-07-17,0.891345,,A,F
"BIS,WS_XRU,1.0",D.XM.EUR.A,D,XM,EUR,A,1987-07-20,0.894622,,A,F
"BIS,WS_XRU,1.0",D.XM.EUR.A,D,XM,EUR,A,1987-07-21,0.894935,,A,F
"BIS,WS_XRU,1.0",D.XM.EUR.A,D,XM,EUR,A,1987-07-22,0.896443,,A,F
"BIS,WS_XRU,1.0",D.XM.EUR.A,D,XM,EUR,A,1987-07-23,0.894422,,A,F
"BIS,WS_XRU,1.0",D.XM.EUR.A,D,XM,EUR,A,1987-07-24,0.894055,,A,F
"BIS,WS_XRU,1.0",D.XM.EUR.A,D,XM,EUR,A,1987-07-27,0.89175,,A,F
"BIS,WS_XRU,1.0",D.XM.EUR.A,D,XM,EUR,A,1987-07-28,0.895151,,A,F
"BIS,WS_XRU,1.0",D.XM.EUR.A,D,XM,EUR,A,1987-07-29,0.89411,,A,F
"BIS,WS_XRU,1.0",D.XM.EUR.A,D,XM,EUR,A,1987-07-30,0.894927,,A,F
"BIS,WS_XRU,1.0",D.XM.EUR.A,D,XM,EUR,A,1987-07-31,0.894662,,A,F
"BIS,WS_XRU,1.0",D.XM.EUR.A,D,XM,EUR,A,1987-08-03,0.895752,,A,F
"BIS,WS_XRU,1.0",D.XM.EUR.A,D,XM,EUR,A,1987-08-04,0.904184,,A,F
"BIS,WS_XRU,1.0",D.XM.EUR.A,D,XM,EUR,A,1987-08-05,0.906249,,A,F
"BIS,WS_XRU,1.0",D.XM.EUR.A,D,XM,EUR,A,1987-08-06,0.907688,,A,F
"BIS,WS_XRU,1.0",D.XM.EUR.A,D,XM,EUR,A,1987-08-07,0.907622,,A,F
"BIS,WS_XRU,1.0",D.XM.EUR.A,D,XM,EUR,A,1987-08-10,0.912642,,A,F
"BIS,WS_XRU,1.0",D.XM.EUR.A,D,XM,EUR,A,1987-08-11,0.914194,,A,F
"BIS,WS_XRU,1.0",D.XM.EUR.A,D,XM,EUR,A,1987-08-12,0.915014,,A,F
"BIS,WS_XRU,1.0",D.XM.EUR.A,D,XM,EUR,A,1987-08-13,0.911876,,A,F
"BIS,WS_XRU,1.0",D.XM.EUR.A,D,XM,EUR,A,1987-08-14,0.913467,,A,F
"BIS,WS_XRU,1.0",D.XM.EUR.A,D,XM,EUR,A,1987-08-17,0.904912,,A,F
"BIS,WS_XRU,1.0",D.XM.EUR.A,D,XM,EUR,A,1987-08-18,0.893176,,A,F
"BIS,WS_XRU,1.0",D.XM.EUR.A,D,XM,EUR,A,1987-08-19,0.889783,,A,F
"BIS,WS_XRU,1.0",D.XM.EUR.A,D,XM,EUR,A,1987-08-20,0.884666,,A,F
"BIS,WS_XRU,1.0",D.XM.EUR.A,D,XM,EUR,A,1987-08-21,0.88143,,A,F
"BIS,WS_XRU,1.0",D.XM.EUR.A,D,XM,EUR,A,1987-08-24,0.879167,,A,F
"BIS,WS_XRU,1.0",D.XM.EUR.A,D,XM,EUR,A,1987-08-25,0.878164,,A,F
"BIS,WS_XRU,1.0",D.XM.EUR.A,D,XM,EUR,A,1987-08-26,0.884001,,A,F
"BIS,WS_XRU,1.0",D.XM.EUR.A,D,XM,EUR,A,1987-08-27,0.877393,,A,F
"BIS,WS_XRU,1.0",D.XM.EUR.A,D,XM,EUR,A,1987-08-28,0.87767,,A,F
"BIS,WS_XRU,1.0",D.XM.EUR.A,D,XM,EUR,A,1987-08-31,0.875879,,A,F
"BIS,WS_XRU,1.0",D.XM.EUR.A,D,XM,EUR,A,1987-09-01,0.873668,,A,F
"BIS,WS_XRU,1.0",D.XM.EUR.A,D,XM,EUR,A,1987-09-02,0.872562,,A,F
"BIS,WS_XRU,1.0",D.XM.EUR.A,D,XM,EUR,A,1987-09-03,0.868236,,A,F
"BIS,WS_XRU,1.0",D.XM.EUR.A,D,XM,EUR,A,1987-09-04,0.866619,,A,F
"BIS,WS_XRU,1.0",D.XM.EUR.A,D,XM,EUR,A,1987-09-07,0.865239,,A,F
"BIS,WS_XRU,1.0",D.XM.EUR.A,D,XM,EUR,A,1987-09-08,0.865591,,A,F
"BIS,WS_XRU,1.0",D.XM.EUR.A,D,XM,EUR,A,1987-09-09,0.865074,,A,F
"BIS,WS_XRU,1.0",D.XM.EUR.A,D,XM,EUR,A,1987-09-10,0.871498,,A,F
"BIS,WS_XRU,1.0",D.XM.EUR.A,D,XM,EUR,A,1987-09-11,0.872167,,A,F
"BIS,WS_XRU,1.0",D.XM.EUR.A,D,XM,EUR,A,1987-09-14,0.874898,,A,F
"BIS,WS_XRU,1.0",D.XM.EUR.A,D,XM,EUR,A,1987-09-15,0.874898,,A,F
"BIS,WS_XRU,1.0",D.XM.EUR.A,D,XM,EUR,A,1987-09-16,0.872517,,A,F
"BIS,WS_XRU,1.0",D.XM.EUR.A,D,XM,EUR,A,1987-09-17,0.875381,,A,F
"BIS,WS_XRU,1.0",D.XM.EUR.A,D,XM,EUR,A,1987-09-18,0.869422,,A,F
"BIS,WS_XRU,1.0",D.XM.EUR.A,D,XM,EUR,A,1987-09-21,0.871498,,A,F
"BIS,WS_XRU,1.0",D.XM.EUR.A,D,XM,EUR,A,1987-09-22,0.875396,,A,F
"BIS,WS_XRU,1.0",D.XM.EUR.A,D,XM,EUR,A,1987-09-23,0.880173,,A,F
"BIS,WS_XRU,1.0",D.XM.EUR.A,D,XM,EUR,A,1987-09-24,0.876201,,A,F
"BIS,WS_XRU,1.0",D.XM.EUR.A,D,XM,EUR,A,1987-09-25,0.877909,,A,F
"BIS,WS_XRU,1.0",D.XM.EUR.A,D,XM,EUR,A,1987-09-28,0.879105,,A,F
"BIS,WS_XRU,1.0",D.XM.EUR.A,D,XM,EUR,A,1987-09-29,0.88581,,A,F
"BIS,WS_XRU,1.0",D.XM.EUR.A,D,XM,EUR,A,1987-09-30,0.88523,,A,F
"BIS,WS_XRU,1.0",D.XM.EUR.A,D,XM,EUR,A,1987-10-01,0.887335,,A,F
"BIS,WS_XRU,1.0",D.XM.EUR.A,D,XM,EUR,A,1987-10-02,0.886721,,A,F
"BIS,WS_XRU,1.0",D.XM.EUR.A,D,XM,EUR,A,1987-10-05,0.886934,,A,F
"BIS,WS_XRU,1.0",D.XM.EUR.A,D,XM,EUR,A,1987-10-06,0.882262,,A,F
"BIS,WS_XRU,1.0",D.XM.EUR.A,D,XM,EUR,A,1987-10-07,0.878256,,A,F
"BIS,WS_XRU,1.0",D.XM.EUR.A,D,XM,EUR,A,1987-10-08,0.877562,,A,F
"BIS,WS_XRU,1.0",D.XM.EUR.A,D,XM,EUR,A,1987-10-09,0.873202,,A,F
"BIS,WS_XRU,1.0",D.XM.EUR.A,D,XM,EUR,A,1987-10-12,0.873118,,A,F
"BIS,WS_XRU,1.0",D.XM.EUR.A,D,XM,EUR,A,1987-10-13,0.876831,,A,F
"BIS,WS_XRU,1.0",D.XM.EUR.A,D,XM,EUR,A,1987-10-14,0.871346,,A,F
"BIS,WS_XRU,1.0",D.XM.EUR.A,D,XM,EUR,A,1987-10-15,0.867175,,A,F
"BIS,WS_XRU,1.0",D.XM.EUR.A,D,XM,EUR,A,1987-10-16,0.867671,,A,F
"BIS,WS_XRU,1.0",D.XM.EUR.A,D,XM,EUR,A,1987-10-19,0.855037,,A,F
"BIS,WS_XRU,1.0",D.XM.EUR.A,D,XM,EUR,A,1987-10-20,0.87545,,A,F
"BIS,WS_XRU,1.0",D.XM.EUR.A,D,XM,EUR,A,1987-10-21,0.8698,,A,F
"BIS,WS_XRU,1.0",D.XM.EUR.A,D,XM,EUR,A,1987-10-22,0.870693,,A,F
"BIS,WS_XRU,1.0",D.XM.EUR.A,D,XM,EUR,A,1987-10-23,0.869543,,A,F
"BIS,WS_XRU,1.0",D.XM.EUR.A,D,XM,EUR,A,1987-10-26,0.854336,,A,F
"BIS,WS_XRU,1.0",D.XM.EUR.A,D,XM,EUR,A,1987-10-27,0.854993,,A,F
"BIS,WS_XRU,1.0",D.XM.EUR.A,D,XM,EUR,A,1987-10-28,0.845287,,A,F
"BIS,WS_XRU,1.0",D.XM.EUR.A,D,XM,EUR,A,1987-10-29,0.838223,,A,F
"BIS,WS_XRU,1.0",D.XM.EUR.A,D,XM,EUR,A,1987-10-30,0.843099,,A,F
"BIS,WS_XRU,1.0",D.XM.EUR.A,D,XM,EUR,A,1987-11-02,0.833827,,A,F
"BIS,WS_XRU,1.0",D.XM.EUR.A,D,XM,EUR,A,1987-11-03,0.82573,,A,F
"BIS,WS_XRU,1.0",D.XM.EUR.A,D,XM,EUR,A,1987-11-04,0.827835,,A,F
"BIS,WS_XRU,1.0",D.XM.EUR.A,D,XM,EUR,A,1987-11-05,0.822842,,A,F
"BIS,WS_XRU,1.0",D.XM.EUR.A,D,XM,EUR,A,1987-11-06,0.813498,,A,F
"BIS,WS_XRU,1.0",D.XM.EUR.A,D,XM,EUR,A,1987-11-09,0.810123,,A,F
"BIS,WS_XRU,1.0",D.XM.EUR.A,D,XM,EUR,A,1987-11-10,0.802742,,A,F
"BIS,WS_XRU,1.0",D.XM.EUR.A,D,XM,EUR,A,1987-11-11,0.808029,,A,F
"BIS,WS_XRU,1.0",D.XM.EUR.A,D,XM,EUR,A,1987-11-12,0.814365,,A,F
"BIS,WS_XRU,1.0",D.XM.EUR.A,D,XM,EUR,A,1987-11-13,0.82054,,A,F
"BIS,WS_XRU,1.0",D.XM.EUR.A,D,XM,EUR,A,1987-11-16,0.830537,,A,F
"BIS,WS_XRU,1.0",D.XM.EUR.A,D,XM,EUR,A,1987-11-17,0.820951,,A,F
"BIS,WS_XRU,1.0",D.XM.EUR.A,D,XM,EUR,A,1987-11-18,0.823127,,A,F
"BIS,WS_XRU,1.0",D.XM.EUR.A,D,XM,EUR,A,1987-11-19,0.813107,,A,F
"BIS,WS_XRU,1.0",D.XM.EUR.A,D,XM,EUR,A,1987-11-20,0.80782,,A,F
"BIS,WS_XRU,1.0",D.XM.EUR.A,D,XM,EUR,A,1987-11-23,0.808368,,A,F
"BIS,WS_XRU,1.0",D.XM.EUR.A,D,XM,EUR,A,1987-11-24,0.815581,,A,F
"BIS,WS_XRU,1.0",D.XM.EUR.A,D,XM,EUR,A,1987-11-25,0.809042,,A,F
"BIS,WS_XRU,1.0",D.XM.EUR.A,D,XM,EUR,A,1987-11-26,0.807885,,A,F
"BIS,WS_XRU,1.0",D.XM.EUR.A,D,XM,EUR,A,1987-11-27,0.802813,,A,F
"BIS,WS_XRU,1.0",D.XM.EUR.A,D,XM,EUR,A,1987-11-30,0.793047,,A,F
"BIS,WS_XRU,1.0",D.XM.EUR.A,D,XM,EUR,A,1987-12-01,0.801398,,A,F
"BIS,WS_XRU,1.0",D.XM.EUR.A,D,XM,EUR,A,1987-12-02,0.800397,,A,F
"BIS,WS_XRU,1.0",D.XM.EUR.A,D,XM,EUR,A,1987-12-03,0.799571,,A,F
"BIS,WS_XRU,1.0",D.XM.EUR.A,D,XM,EUR,A,1987-12-04,0.802092,,A,F
"BIS,WS_XRU,1.0",D.XM.EUR.A,D,XM,EUR,A,1987-12-07,0.808924,,A,F
"BIS,WS_XRU,1.0",D.XM.EUR.A,D,XM,EUR,A,1987-12-08,0.807533,,A,F
"BIS,WS_XRU,1.0",D.XM.EUR.A,D,XM,EUR,A,1987-12-09,0.80371,,A,F
"BIS,WS_XRU,1.0",D.XM.EUR.A,D,XM,EUR,A,1987-12-10,0.805756,,A,F
"BIS,WS_XRU,1.0",D.XM.EUR.A,D,XM,EUR,A,1987-12-11,0.790883,,A,F
"BIS,WS_XRU,1.0",D.XM.EUR.A,D,XM,EUR,A,1987-12-14,0.787278,,A,F
"BIS,WS_XRU,1.0",D.XM.EUR.A,D,XM,EUR,A,1987-12-15,0.788774,,A,F
"BIS,WS_XRU,1.0",D.XM.EUR.A,D,XM,EUR,A,1987-12-16,0.790589,,A,F
"BIS,WS_XRU,1.0",D.XM.EUR.A,D,XM,EUR,A,1987-12-17,0.787271,,A,F
"BIS,WS_XRU,1.0",D.XM.EUR.A,D,XM,EUR,A,1987-12-18,0.786999,,A,F
"BIS,WS_XRU,1.0",D.XM.EUR.A,D,XM,EUR,A,1987-12-21,0.789902,,A,F
"BIS,WS_XRU,1.0",D.XM.EUR.A,D,XM,EUR,A,1987-12-22,0.789465,,A,F
"BIS,WS_XRU,1.0",D.XM.EUR.A,D,XM,EUR,A,1987-12-23,0.793229,,A,F
"BIS,WS_XRU,1.0",D.XM.EUR.A,D,XM,EUR,A,1987-12-24,0.790301,,A,F
"BIS,WS_XRU,1.0",D.XM.EUR.A,D,XM,EUR,A,1987-12-25,,,M,F
"BIS,WS_XRU,1.0",D.XM.EUR.A,D,XM,EUR,A,1987-12-28,0.774611,,A,F
"BIS,WS_XRU,1.0",D.XM.EUR.A,D,XM,EUR,A,1987-12-29,0.772541,,A,F
"BIS,WS_XRU,1.0",D.XM.EUR.A,D,XM,EUR,A,1987-12-30,0.774132,,A,F
"BIS,WS_XRU,1.0",D.XM.EUR.A,D,XM,EUR,A,1987-12-31,0.767254,,A,F
"BIS,WS_XRU,1.0",D.XM.EUR.A,D,XM,EUR,A,1988-01-01,,,M,F
"BIS,WS_XRU,1.0",D.XM.EUR.A,D,XM,EUR,A,1988-01-04,0.766854,,A,F
"BIS,WS_XRU,1.0",D.XM.EUR.A,D,XM,EUR,A,1988-01-05,0.781458,,A,F
"BIS,WS_XRU,1.0",D.XM.EUR.A,D,XM,EUR,A,1988-01-06,0.80177,,A,F
"BIS,WS_XRU,1.0",D.XM.EUR.A,D,XM,EUR,A,1988-01-07,0.794635,,A,F
"BIS,WS_XRU,1.0",D.XM.EUR.A,D,XM,EUR,A,1988-01-08,0.801449,,A,F
"BIS,WS_XRU,1.0",D.XM.EUR.A,D,XM,EUR,A,1988-01-11,0.792004,,A,F
"BIS,WS_XRU,1.0",D.XM.EUR.A,D,XM,EUR,A,1988-01-12,0.792023,,A,F
"BIS,WS_XRU,1.0",D.XM.EUR.A,D,XM,EUR,A,1988-01-13,0.787495,,A,F
"BIS,WS_XRU,1.0",D.XM.EUR.A,D,XM,EUR,A,1988-01-14,0.79272,,A,F
"BIS,WS_XRU,1.0",D.XM.EUR.A,D,XM,EUR,A,1988-01-15,0.789746,,A,F
"BIS,WS_XRU,1.0",D.XM.EUR.A,D,XM,EUR,A,1988-01-18,0.814299,,A,F
"BIS,WS_XRU,1.0",D.XM.EUR.A,D,XM,EUR,A,1988-01-19,0.816173,,A,F
"BIS,WS_XRU,1.0",D.XM.EUR.A,D,XM,EUR,A,1988-01-20,0.805205,,A,F
"BIS,WS_XRU,1.0",D.XM.EUR.A,D,XM,EUR,A,1988-01-21,0.804764,,A,F
"BIS,WS_XRU,1.0",D.XM.EUR.A,D,XM,EUR,A,1988-01-22,0.808832,,A,F
"BIS,WS_XRU,1.0",D.XM.EUR.A,D,XM,EUR,A,1988-01-25,0.809762,,A,F
"BIS,WS_XRU,1.0",D.XM.EUR.A,D,XM,EUR,A,1988-01-26,0.81132,,A,F
"BIS,WS_XRU,1.0",D.XM.EUR.A,D,XM,EUR,A,1988-01-27,0.812288,,A,F
"BIS,WS_XRU,1.0",D.XM.EUR.A,D,XM,EUR,A,1988-01-28,0.807559,,A,F
"BIS,WS_XRU,1.0",D.XM.EUR.A,D,XM,EUR,A,1988-01-29,0.812229,,A,F
"BIS,WS_XRU,1.0",D.XM.EUR.A,D,XM,EUR,A,1988-02-01,0.819484,,A,F
"BIS,WS_XRU,1.0",D.XM.EUR.A,D,XM,EUR,A,1988-02-02,0.817976,,A,F
"BIS,WS_XRU,1.0",D.XM.EUR.A,D,XM,EUR,A,1988-02-03,0.816506,,A,F
"BIS,WS_XRU,1.0",D.XM.EUR.A,D,XM,EUR,A,1988-02-04,0.820365,,A,F
"BIS,WS_XRU,1.0",D.XM.EUR.A,D,XM,EUR,A,1988-02-05,0.8188,,A,F
"BIS,WS_XRU,1.0",D.XM.EUR.A,D,XM,EUR,A,1988-02-08,0.824178,,A,F
"BIS,WS_XRU,1.0",D.XM.EUR.A,D,XM,EUR,A,1988-02-09,0.824715,,A,F
"BIS,WS_XRU,1.0",D.XM.EUR.A,D,XM,EUR,A,1988-02-10,0.818947,,A,F
"BIS,WS_XRU,1.0",D.XM.EUR.A,D,XM,EUR,A,1988-02-11,0.819028,,A,F
"BIS,WS_XRU,1.0",D.XM.EUR.A,D,XM,EUR,A,1988-02-12,0.822917,,A,F
"BIS,WS_XRU,1.0",D.XM.EUR.A,D,XM,EUR,A,1988-02-15,0.827267,,A,F
"BIS,WS_XRU,1.0",D.XM.EUR.A,D,XM,EUR,A,1988-02-16,0.829421,,A,F
"BIS,WS_XRU,1.0",D.XM.EUR.A,D,XM,EUR,A,1988-02-17,0.828144,,A,F
"BIS,WS_XRU,1.0",D.XM.EUR.A,D,XM,EUR,A,1988-02-18,0.824266,,A,F
"BIS,WS_XRU,1.0",D.XM.EUR.A,D,XM,EUR,A,1988-02-19,0.825512,,A,F
"BIS,WS_XRU,1.0",D.XM.EUR.A,D,XM,EUR,A,1988-02-22,0.823723,,A,F
"BIS,WS_XRU,1.0",D.XM.EUR.A,D,XM,EUR,A,1988-02-23,0.81937,,A,F
"BIS,WS_XRU,1.0",D.XM.EUR.A,D,XM,EUR,A,1988-02-24,0.819692,,A,F
"BIS,WS_XRU,1.0",D.XM.EUR.A,D,XM,EUR,A,1988-02-25,0.822978,,A,F
"BIS,WS_XRU,1.0",D.XM.EUR.A,D,XM,EUR,A,1988-02-26,0.817615,,A,F
"BIS,WS_XRU,1.0",D.XM.EUR.A,D,XM,EUR,A,1988-02-29,0.816873,,A,F
"BIS,WS_XRU,1.0",D.XM.EUR.A,D,XM,EUR,A,1988-03-01,0.817488,,A,F
"BIS,WS_XRU,1.0",D.XM.EUR.A,D,XM,EUR,A,1988-03-02,0.820897,,A,F
"BIS,WS_XRU,1.0",D.XM.EUR.A,D,XM,EUR,A,1988-03-03,0.820634,,A,F
"BIS,WS_XRU,1.0",D.XM.EUR.A,D,XM,EUR,A,1988-03-04,0.820546,,A,F
"BIS,WS_XRU,1.0",D.XM.EUR.A,D,XM,EUR,A,1988-03-07,0.813683,,A,F
"BIS,WS_XRU,1.0",D.XM.EUR.A,D,XM,EUR,A,1988-03-08,0.807168,,A,F
"BIS,WS_XRU,1.0",D.XM.EUR.A,D,XM,EUR,A,1988-03-09,0.804913,,A,F
"BIS,WS_XRU,1.0",D.XM.EUR.A,D,XM,EUR,A,1988-03-10,0.80588,,A,F
"BIS,WS_XRU,1.0",D.XM.EUR.A,D,XM,EUR,A,1988-03-11,0.80179,,A,F
"BIS,WS_XRU,1.0",D.XM.EUR.A,D,XM,EUR,A,1988-03-14,0.800365,,A,F
"BIS,WS_XRU,1.0",D.XM.EUR.A,D,XM,EUR,A,1988-03-15,0.803904,,A,F
"BIS,WS_XRU,1.0",D.XM.EUR.A,D,XM,EUR,A,1988-03-16,0.806465,,A,F
"BIS,WS_XRU,1.0",D.XM.EUR.A,D,XM,EUR,A,1988-03-17,0.808872,,A,F
"BIS,WS_XRU,1.0",D.XM.EUR.A,D,XM,EUR,A,1988-03-18,0.816847,,A,F
"BIS,WS_XRU,1.0",D.XM.EUR.A,D,XM,EUR,A,1988-03-21,0.815927,,A,F
"BIS,WS_XRU,1.0",D.XM.EUR.A,D,XM,EUR,A,1988-03-22,0.81718,,A,F
"BIS,WS_XRU,1.0",D.XM.EUR.A,D,XM,EUR,A,1988-03-23,0.817488,,A,F
"BIS,WS_XRU,1.0",D.XM.EUR.A,D,XM,EUR,A,1988-03-24,0.81314,,A,F
"BIS,WS_XRU,1.0",D.XM.EUR.A,D,XM,EUR,A,1988-03-25,0.811392,,A,F
"BIS,WS_XRU,1.0",D.XM.EUR.A,D,XM,EUR,A,1988-03-28,0.803561,,A,F
"BIS,WS_XRU,1.0",D.XM.EUR.A,D,XM,EUR,A,1988-03-29,0.803174,,A,F
"BIS,WS_XRU,1.0",D.XM.EUR.A,D,XM,EUR,A,1988-03-30,0.804848,,A,F
"BIS,WS_XRU,1.0",D.XM.EUR.A,D,XM,EUR,A,1988-03-31,0.798894,,A,F
"BIS,WS_XRU,1.0",D.XM.EUR.A,D,XM,EUR,A,1988-04-01,,,M,F
"BIS,WS_XRU,1.0",D.XM.EUR.A,D,XM,EUR,A,1988-04-04,,,M,F
"BIS,WS_XRU,1.0",D.XM.EUR.A,D,XM,EUR,A,1988-04-05,0.801533,,A,F
"BIS,WS_XRU,1.0",D.XM.EUR.A,D,XM,EUR,A,1988-04-06,0.804622,,A,F
"BIS,WS_XRU,1.0",D.XM.EUR.A,D,XM,EUR,A,1988-04-07,0.809481,,A,F
"BIS,WS_XRU,1.0",D.XM.EUR.A,D,XM,EUR,A,1988-04-08,0.806647,,A,F
"BIS,WS_XRU,1.0",D.XM.EUR.A,D,XM,EUR,A,1988-04-11,0.812236,,A,F
"BIS,WS_XRU,1.0",D.XM.EUR.A,D,XM,EUR,A,1988-04-12,0.811866,,A,F
"BIS,WS_XRU,1.0",D.XM.EUR.A,D,XM,EUR,A,1988-04-13,0.815082,,A,F
"BIS,WS_XRU,1.0",D.XM.EUR.A,D,XM,EUR,A,1988-04-14,0.815069,,A,F
"BIS,WS_XRU,1.0",D.XM.EUR.A,D,XM,EUR,A,1988-04-15,0.800737,,A,F
"BIS,WS_XRU,1.0",D.XM.EUR.A,D,XM,EUR,A,1988-04-18,0.799578,,A,F
"BIS,WS_XRU,1.0",D.XM.EUR.A,D,XM,EUR,A,1988-04-19,0.801122,,A,F
"BIS,WS_XRU,1.0",D.XM.EUR.A,D,XM,EUR,A,1988-04-20,0.800083,,A,F
"BIS,WS_XRU,1.0",D.XM.EUR.A,D,XM,EUR,A,1988-04-21,0.80195,,A,F
"BIS,WS_XRU,1.0",D.XM.EUR.A,D,XM,EUR,A,1988-04-22,0.804667,,A,F
"BIS,WS_XRU,1.0",D.XM.EUR.A,D,XM,EUR,A,1988-04-25,0.806374,,A,F
"BIS,WS_XRU,1.0",D.XM.EUR.A,D,XM,EUR,A,1988-04-26,0.805289,,A,F
"BIS,WS_XRU,1.0",D.XM.EUR.A,D,XM,EUR,A,1988-04-27,0.808787,,A,F
"BIS,WS_XRU,1.0",D.XM.EUR.A,D,XM,EUR,A,1988-04-28,0.805283,,A,F
"BIS,WS_XRU,1.0",D.XM.EUR.A,D,XM,EUR,A,1988-04-29,0.804551,,A,F
"BIS,WS_XRU,1.0",D.XM.EUR.A,D,XM,EUR,A,1988-05-02,0.81055,,A,F
"BIS,WS_XRU,1.0",D.XM.EUR.A,D,XM,EUR,A,1988-05-03,0.808636,,A,F
"BIS,WS_XRU,1.0",D.XM.EUR.A,D,XM,EUR,A,1988-05-04,0.81032,,A,F
"BIS,WS_XRU,1.0",D.XM.EUR.A,D,XM,EUR,A,1988-05-05,0.808453,,A,F
"BIS,WS_XRU,1.0",D.XM.EUR.A,D,XM,EUR,A,1988-05-06,0.809546,,A,F
"BIS,WS_XRU,1.0",D.XM.EUR.A,D,XM,EUR,A,1988-05-09,0.808702,,A,F
"BIS,WS_XRU,1.0",D.XM.EUR.A,D,XM,EUR,A,1988-05-10,0.807931,,A,F
"BIS,WS_XRU,1.0",D.XM.EUR.A,D,XM,EUR,A,1988-05-11,0.807076,,A,F
"BIS,WS_XRU,1.0",D.XM.EUR.A,D,XM,EUR,A,1988-05-12,,,M,F
"BIS,WS_XRU,1.0",D.XM.EUR.A,D,XM,EUR,A,1988-05-13,0.808009,,A,F
"BIS,WS_XRU,1.0",D.XM.EUR.A,D,XM,EUR,A,1988-05-16,0.810806,,A,F
"BIS,WS_XRU,1.0",D.XM.EUR.A,D,XM,EUR,A,1988-05-17,0.809507,,A,F
"BIS,WS_XRU,1.0",D.XM.EUR.A,D,XM,EUR,A,1988-05-18,0.819679,,A,F
"BIS,WS_XRU,1.0",D.XM.EUR.A,D,XM,EUR,A,1988-05-19,0.8165,,A,F
"BIS,WS_XRU,1.0",D.XM.EUR.A,D,XM,EUR,A,1988-05-20,0.817822,,A,F
"BIS,WS_XRU,1.0",D.XM.EUR.A,D,XM,EUR,A,1988-05-23,,,M,F
"BIS,WS_XRU,1.0",D.XM.EUR.A,D,XM,EUR,A,1988-05-24,0.815947,,A,F
"BIS,WS_XRU,1.0",D.XM.EUR.A,D,XM,EUR,A,1988-05-25,0.817488,,A,F
"BIS,WS_XRU,1.0",D.XM.EUR.A,D,XM,EUR,A,1988-05-26,0.819753,,A,F
"BIS,WS_XRU,1.0",D.XM.EUR.A,D,XM,EUR,A,1988-05-27,0.821591,,A,F
"BIS,WS_XRU,1.0",D.XM.EUR.A,D,XM,EUR,A,1988-05-30,0.827945,,A,F
"BIS,WS_XRU,1.0",D.XM.EUR.A,D,XM,EUR,A,1988-05-31,0.826918,,A,F
"BIS,WS_XRU,1.0",D.XM.EUR.A,D,XM,EUR,A,1988-06-01,0.82824,,A,F
"BIS,WS_XRU,1.0",D.XM.EUR.A,D,XM,EUR,A,1988-06-02,0.832771,,A,F
"BIS,WS_XRU,1.0",D.XM.EUR.A,D,XM,EUR,A,1988-06-03,0.831331,,A,F
"BIS,WS_XRU,1.0",D.XM.EUR.A,D,XM,EUR,A,1988-06-06,0.829635,,A,F
"BIS,WS_XRU,1.0",D.XM.EUR.A,D,XM,EUR,A,1988-06-07,0.82573,,A,F
"BIS,WS_XRU,1.0",D.XM.EUR.A,D,XM,EUR,A,1988-06-08,0.826057,,A,F
"BIS,WS_XRU,1.0",D.XM.EUR.A,D,XM,EUR,A,1988-06-09,0.828665,,A,F
"BIS,WS_XRU,1.0",D.XM.EUR.A,D,XM,EUR,A,1988-06-10,0.826829,,A,F
"BIS,WS_XRU,1.0",D.XM.EUR.A,D,XM,EUR,A,1988-06-13,0.829917,,A,F
"BIS,WS_XRU,1.0",D.XM.EUR.A,D,XM,EUR,A,1988-06-14,0.831642,,A,F
"BIS,WS_XRU,1.0",D.XM.EUR.A,D,XM,EUR,A,1988-06-15,0.842495,,A,F
"BIS,WS_XRU,1.0",D.XM.EUR.A,D,XM,EUR,A,1988-06-16,0.840343,,A,F
"BIS,WS_XRU,1.0",D.XM.EUR.A,D,XM,EUR,A,1988-06-17,0.843853,,A,F
"BIS,WS_XRU,1.0",D.XM.EUR.A,D,XM,EUR,A,1988-06-20,0.844637,,A,F
"BIS,WS_XRU,1.0",D.XM.EUR.A,D,XM,EUR,A,1988-06-21,0.845444,,A,F
"BIS,WS_XRU,1.0",D.XM.EUR.A,D,XM,EUR,A,1988-06-22,0.852471,,A,F
"BIS,WS_XRU,1.0",D.XM.EUR.A,D,XM,EUR,A,1988-06-23,0.861037,,A,F
"BIS,WS_XRU,1.0",D.XM.EUR.A,D,XM,EUR,A,1988-06-24,0.863938,,A,F
"BIS,WS_XRU,1.0",D.XM.EUR.A,D,XM,EUR,A,1988-06-27,0.878773,,A,F
"BIS,WS_XRU,1.0",D.XM.EUR.A,D,XM,EUR,A,1988-06-28,0.867408,,A,F
"BIS,WS_XRU,1.0",D.XM.EUR.A,D,XM,EUR,A,1988-06-29,0.877848,,A,F
"BIS,WS_XRU,1.0",D.XM.EUR.A,D,XM,EUR,A,1988-06-30,0.87644,,A,F
"BIS,WS_XRU,1.0",D.XM.EUR.A,D,XM,EUR,A,1988-07-01,0.878441,,A,F
"BIS,WS_XRU,1.0",D.XM.EUR.A,D,XM,EUR,A,1988-07-04,0.879647,,A,F
"BIS,WS_XRU,1.0",D.XM.EUR.A,D,XM,EUR,A,1988-07-05,0.878858,,A,F
"BIS,WS_XRU,1.0",D.XM.EUR.A,D,XM,EUR,A,1988-07-06,0.87677,,A,F
"BIS,WS_XRU,1.0",D.XM.EUR.A,D,XM,EUR,A,1988-07-07,0.873546,,A,F
"BIS,WS_XRU,1.0",D.XM.EUR.A,D,XM,EUR,A,1988-07-08,0.877332,,A,F
"BIS,WS_XRU,1.0",D.XM.EUR.A,D,XM,EUR,A,1988-07-11,0.886431,,A,F
"BIS,WS_XRU,1.0",D.XM.EUR.A,D,XM,EUR,A,1988-07-12,0.886816,,A,F
"BIS,WS_XRU,1.0",D.XM.EUR.A,D,XM,EUR,A,1988-07-13,0.88702,,A,F
"BIS,WS_XRU,1.0",D.XM.EUR.A,D,XM,EUR,A,1988-07-14,0.889537,,A,F
"BIS,WS_XRU,1.0",D.XM.EUR.A,D,XM,EUR,A,1988-07-15,0.894486,,A,F
"BIS,WS_XRU,1.0",D.XM.EUR.A,D,XM,EUR,A,1988-07-18,0.910117,,A,F
"BIS,WS_XRU,1.0",D.XM.EUR.A,D,XM,EUR,A,1988-07-19,0.896475,,A,F
"BIS,WS_XRU,1.0",D.XM.EUR.A,D,XM,EUR,A,1988-07-20,0.892459,,A,F
"BIS,WS_XRU,1.0",D.XM.EUR.A,D,XM,EUR,A,1988-07-21,0.883361,,A,F
"BIS,WS_XRU,1.0",D.XM.EUR.A,D,XM,EUR,A,1988-07-22,0.878164,,A,F
"BIS,WS_XRU,1.0",D.XM.EUR.A,D,XM,EUR,A,1988-07-25,0.882309,,A,F
"BIS,WS_XRU,1.0",D.XM.EUR.A,D,XM,EUR,A,1988-07-26,0.890551,,A,F
"BIS,WS_XRU,1.0",D.XM.EUR.A,D,XM,EUR,A,1988-07-27,0.898981,,A,F
"BIS,WS_XRU,1.0",D.XM.EUR.A,D,XM,EUR,A,1988-07-28,0.888936,,A,F
"BIS,WS_XRU,1.0",D.XM.EUR.A,D,XM,EUR,A,1988-07-29,0.899345,,A,F
"BIS,WS_XRU,1.0",D.XM.EUR.A,D,XM,EUR,A,1988-08-01,0.899353,,A,F
"BIS,WS_XRU,1.0",D.XM.EUR.A,D,XM,EUR,A,1988-08-02,0.896966,,A,F
"BIS,WS_XRU,1.0",D.XM.EUR.A,D,XM,EUR,A,1988-08-03,0.900171,,A,F
"BIS,WS_XRU,1.0",D.XM.EUR.A,D,XM,EUR,A,1988-08-04,0.901892,,A,F
"BIS,WS_XRU,1.0",D.XM.EUR.A,D,XM,EUR,A,1988-08-05,0.9026,,A,F
"BIS,WS_XRU,1.0",D.XM.EUR.A,D,XM,EUR,A,1988-08-08,0.911976,,A,F
"BIS,WS_XRU,1.0",D.XM.EUR.A,D,XM,EUR,A,1988-08-09,0.908191,,A,F
"BIS,WS_XRU,1.0",D.XM.EUR.A,D,XM,EUR,A,1988-08-10,0.919371,,A,F
"BIS,WS_XRU,1.0",D.XM.EUR.A,D,XM,EUR,A,1988-08-11,0.911835,,A,F
"BIS,WS_XRU,1.0",D.XM.EUR.A,D,XM,EUR,A,1988-08-12,0.904503,,A,F
"BIS,WS_XRU,1.0",D.XM.EUR.A,D,XM,EUR,A,1988-08-15,0.905182,,A,F
"BIS,WS_XRU,1.0",D.XM.EUR.A,D,XM,EUR,A,1988-08-16,0.895648,,A,F
"BIS,WS_XRU,1.0",D.XM.EUR.A,D,XM,EUR,A,1988-08-17,0.909835,,A,F
"BIS,WS_XRU,1.0",D.XM.EUR.A,D,XM,EUR,A,1988-08-18,0.908323,,A,F
"BIS,WS_XRU,1.0",D.XM.EUR.A,D,XM,EUR,A,1988-08-19,0.909422,,A,F
"BIS,WS_XRU,1.0",D.XM.EUR.A,D,XM,EUR,A,1988-08-22,0.919625,,A,F
"BIS,WS_XRU,1.0",D.XM.EUR.A,D,XM,EUR,A,1988-08-23,0.917204,,A,F
"BIS,WS_XRU,1.0",D.XM.EUR.A,D,XM,EUR,A,1988-08-24,0.909885,,A,F
"BIS,WS_XRU,1.0",D.XM.EUR.A,D,XM,EUR,A,1988-08-25,0.899329,,A,F
"BIS,WS_XRU,1.0",D.XM.EUR.A,D,XM,EUR,A,1988-08-26,0.899224,,A,F
"BIS,WS_XRU,1.0",D.XM.EUR.A,D,XM,EUR,A,1988-08-29,0.899993,,A,F
"BIS,WS_XRU,1.0",D.XM.EUR.A,D,XM,EUR,A,1988-08-30,0.901283,,A,F
"BIS,WS_XRU,1.0",D.XM.EUR.A,D,XM,EUR,A,1988-08-31,0.904421,,A,F
"BIS,WS_XRU,1.0",D.XM.EUR.A,D,XM,EUR,A,1988-09-01,0.905125,,A,F
"BIS,WS_XRU,1.0",D.XM.EUR.A,D,XM,EUR,A,1988-09-02,0.904699,,A,F
"BIS,WS_XRU,1.0",D.XM.EUR.A,D,XM,EUR,A,1988-09-05,0.895512,,A,F
"BIS,WS_XRU,1.0",D.XM.EUR.A,D,XM,EUR,A,1988-09-06,0.89098,,A,F
"BIS,WS_XRU,1.0",D.XM.EUR.A,D,XM,EUR,A,1988-09-07,0.889696,,A,F
"BIS,WS_XRU,1.0",D.XM.EUR.A,D,XM,EUR,A,1988-09-08,0.893033,,A,F
"BIS,WS_XRU,1.0",D.XM.EUR.A,D,XM,EUR,A,1988-09-09,0.889624,,A,F
"BIS,WS_XRU,1.0",D.XM.EUR.A,D,XM,EUR,A,1988-09-12,0.890607,,A,F
"BIS,WS_XRU,1.0",D.XM.EUR.A,D,XM,EUR,A,1988-09-13,0.891329,,A,F
"BIS,WS_XRU,1.0",D.XM.EUR.A,D,XM,EUR,A,1988-09-14,0.896041,,A,F
"BIS,WS_XRU,1.0",D.XM.EUR.A,D,XM,EUR,A,1988-09-15,0.904691,,A,F
"BIS,WS_XRU,1.0",D.XM.EUR.A,D,XM,EUR,A,1988-09-16,0.904699,,A,F
"BIS,WS_XRU,1.0",D.XM.EUR.A,D,XM,EUR,A,1988-09-19,0.901974,,A,F
"BIS,WS_XRU,1.0",D.XM.EUR.A,D,XM,EUR,A,1988-09-20,0.901071,,A,F
"BIS,WS_XRU,1.0",D.XM.EUR.A,D,XM,EUR,A,1988-09-21,0.903767,,A,F
"BIS,WS_XRU,1.0",D.XM.EUR.A,D,XM,EUR,A,1988-09-22,0.905305,,A,F
"BIS,WS_XRU,1.0",D.XM.EUR.A,D,XM,EUR,A,1988-09-23,0.906553,,A,F
"BIS,WS_XRU,1.0",D.XM.EUR.A,D,XM,EUR,A,1988-09-26,0.909289,,A,F
"BIS,WS_XRU,1.0",D.XM.EUR.A,D,XM,EUR,A,1988-09-27,0.907087,,A,F
"BIS,WS_XRU,1.0",D.XM.EUR.A,D,XM,EUR,A,1988-09-28,0.905781,,A,F
"BIS,WS_XRU,1.0",D.XM.EUR.A,D,XM,EUR,A,1988-09-29,0.906807,,A,F
"BIS,WS_XRU,1.0",D.XM.EUR.A,D,XM,EUR,A,1988-09-30,0.905617,,A,F
"BIS,WS_XRU,1.0",D.XM.EUR.A,D,XM,EUR,A,1988-10-03,0.898279,,A,F
"BIS,WS_XRU,1.0",D.XM.EUR.A,D,XM,EUR,A,1988-10-04,0.896242,,A,F
"BIS,WS_XRU,1.0",D.XM.EUR.A,D,XM,EUR,A,1988-10-05,0.899742,,A,F
"BIS,WS_XRU,1.0",D.XM.EUR.A,D,XM,EUR,A,1988-10-06,0.897763,,A,F
"BIS,WS_XRU,1.0",D.XM.EUR.A,D,XM,EUR,A,1988-10-07,0.896773,,A,F
"BIS,WS_XRU,1.0",D.XM.EUR.A,D,XM,EUR,A,1988-10-10,0.893887,,A,F
"BIS,WS_XRU,1.0",D.XM.EUR.A,D,XM,EUR,A,1988-10-11,0.891798,,A,F
"BIS,WS_XRU,1.0",D.XM.EUR.A,D,XM,EUR,A,1988-10-12,0.886894,,A,F
"BIS,WS_XRU,1.0",D.XM.EUR.A,D,XM,EUR,A,1988-10-13,0.872966,,A,F
"BIS,WS_XRU,1.0",D.XM.EUR.A,D,XM,EUR,A,1988-10-14,0.877216,,A,F
"BIS,WS_XRU,1.0",D.XM.EUR.A,D,XM,EUR,A,1988-10-17,0.873111,,A,F
"BIS,WS_XRU,1.0",D.XM.EUR.A,D,XM,EUR,A,1988-10-18,0.87276,,A,F
"BIS,WS_XRU,1.0",D.XM.EUR.A,D,XM,EUR,A,1988-10-19,0.872022,,A,F
"BIS,WS_XRU,1.0",D.XM.EUR.A,D,XM,EUR,A,1988-10-20,0.868259,,A,F
"BIS,WS_XRU,1.0",D.XM.EUR.A,D,XM,EUR,A,1988-10-21,0.863588,,A,F
"BIS,WS_XRU,1.0",D.XM.EUR.A,D,XM,EUR,A,1988-10-24,0.863849,,A,F
"BIS,WS_XRU,1.0",D.XM.EUR.A,D,XM,EUR,A,1988-10-25,0.866161,,A,F
"BIS,WS_XRU,1.0",D.XM.EUR.A,D,XM,EUR,A,1988-10-26,0.859964,,A,F
"BIS,WS_XRU,1.0",D.XM.EUR.A,D,XM,EUR,A,1988-10-27,0.854942,,A,F
"BIS,WS_XRU,1.0",D.XM.EUR.A,D,XM,EUR,A,1988-10-28,0.861497,,A,F
"BIS,WS_XRU,1.0",D.XM.EUR.A,D,XM,EUR,A,1988-10-31,0.853956,,A,F
"BIS,WS_XRU,1.0",D.XM.EUR.A,D,XM,EUR,A,1988-11-01,0.862255,,A,F
"BIS,WS_XRU,1.0",D.XM.EUR.A,D,XM,EUR,A,1988-11-02,0.858575,,A,F
"BIS,WS_XRU,1.0",D.XM.EUR.A,D,XM,EUR,A,1988-11-03,0.855308,,A,F
"BIS,WS_XRU,1.0",D.XM.EUR.A,D,XM,EUR,A,1988-11-04,0.857699,,A,F
"BIS,WS_XRU,1.0",D.XM.EUR.A,D,XM,EUR,A,1988-11-07,0.860756,,A,F
"BIS,WS_XRU,1.0",D.XM.EUR.A,D,XM,EUR,A,1988-11-08,0.85918,,A,F
"BIS,WS_XRU,1.0",D.XM.EUR.A,D,XM,EUR,A,1988-11-09,0.85563,,A,F
"BIS,WS_XRU,1.0",D.XM.EUR.A,D,XM,EUR,A,1988-11-10,0.849553,,A,F
"BIS,WS_XRU,1.0",D.XM.EUR.A,D,XM,EUR,A,1988-11-11,0.842417,,A,F
"BIS,WS_XRU,1.0",D.XM.EUR.A,D,XM,EUR,A,1988-11-14,0.844096,,A,F
"BIS,WS_XRU,1.0",D.XM.EUR.A,D,XM,EUR,A,1988-11-15,0.842275,,A,F
"BIS,WS_XRU,1.0",D.XM.EUR.A,D,XM,EUR,A,1988-11-16,0.839835,,A,F
"BIS,WS_XRU,1.0",D.XM.EUR.A,D,XM,EUR,A,1988-11-17,0.829469,,A,F
"BIS,WS_XRU,1.0",D.XM.EUR.A,D,XM,EUR,A,1988-11-18,0.838567,,A,F
"BIS,WS_XRU,1.0",D.XM.EUR.A,D,XM,EUR,A,1988-11-21,0.837682,,A,F
"BIS,WS_XRU,1.0",D.XM.EUR.A,D,XM,EUR,A,1988-11-22,0.833507,,A,F
"BIS,WS_XRU,1.0",D.XM.EUR.A,D,XM,EUR,A,1988-11-23,0.831117,,A,F
"BIS,WS_XRU,1.0",D.XM.EUR.A,D,XM,EUR,A,1988-11-24,0.828308,,A,F
"BIS,WS_XRU,1.0",D.XM.EUR.A,D,XM,EUR,A,1988-11-25,0.83062,,A,F
"BIS,WS_XRU,1.0",D.XM.EUR.A,D,XM,EUR,A,1988-11-28,0.834787,,A,F
"BIS,WS_XRU,1.0",D.XM.EUR.A,D,XM,EUR,A,1988-11-29,0.834857,,A,F
"BIS,WS_XRU,1.0",D.XM.EUR.A,D,XM,EUR,A,1988-11-30,0.836652,,A,F
"BIS,WS_XRU,1.0",D.XM.EUR.A,D,XM,EUR,A,1988-12-01,0.83266,,A,F
"BIS,WS_XRU,1.0",D.XM.EUR.A,D,XM,EUR,A,1988-12-02,0.833729,,A,F
"BIS,WS_XRU,1.0",D.XM.EUR.A,D,XM,EUR,A,1988-12-05,0.82826,,A,F
"BIS,WS_XRU,1.0",D.XM.EUR.A,D,XM,EUR,A,1988-12-06,0.829889,,A,F
"BIS,WS_XRU,1.0",D.XM.EUR.A,D,XM,EUR,A,1988-12-07,0.839243,,A,F
"BIS,WS_XRU,1.0",D.XM.EUR.A,D,XM,EUR,A,1988-12-08,0.838174,,A,F
"BIS,WS_XRU,1.0",D.XM.EUR.A,D,XM,EUR,A,1988-12-09,0.836428,,A,F
"BIS,WS_XRU,1.0",D.XM.EUR.A,D,XM,EUR,A,1988-12-12,0.836694,,A,F
"BIS,WS_XRU,1.0",D.XM.EUR.A,D,XM,EUR,A,1988-12-13,0.840146,,A,F
"BIS,WS_XRU,1.0",D.XM.EUR.A,D,XM,EUR,A,1988-12-14,0.8419,,A,F
"BIS,WS_XRU,1.0",D.XM.EUR.A,D,XM,EUR,A,1988-12-15,0.837416,,A,F
"BIS,WS_XRU,1.0",D.XM.EUR.A,D,XM,EUR,A,1988-12-16,0.84674,,A,F
"BIS,WS_XRU,1.0",D.XM.EUR.A,D,XM,EUR,A,1988-12-19,0.846253,,A,F
"BIS,WS_XRU,1.0",D.XM.EUR.A,D,XM,EUR,A,1988-12-20,0.854372,,A,F
"BIS,WS_XRU,1.0",D.XM.EUR.A,D,XM,EUR,A,1988-12-21,0.853468,,A,F
"BIS,WS_XRU,1.0",D.XM.EUR.A,D,XM,EUR,A,1988-12-22,0.853592,,A,F
"BIS,WS_XRU,1.0",D.XM.EUR.A,D,XM,EUR,A,1988-12-23,0.855388,,A,F
"BIS,WS_XRU,1.0",D.XM.EUR.A,D,XM,EUR,A,1988-12-26,,,M,F
"BIS,WS_XRU,1.0",D.XM.EUR.A,D,XM,EUR,A,1988-12-27,0.854979,,A,F
"BIS,WS_XRU,1.0",D.XM.EUR.A,D,XM,EUR,A,1988-12-28,0.861779,,A,F
"BIS,WS_XRU,1.0",D.XM.EUR.A,D,XM,EUR,A,1988-12-29,0.859483,,A,F
"BIS,WS_XRU,1.0",D.XM.EUR.A,D,XM,EUR,A,1988-12-30,0.85282,,A,F
"BIS,WS_XRU,1.0",D.XM.EUR.A,D,XM,EUR,A,1989-01-02,0.851412,,A,F
"BIS,WS_XRU,1.0",D.XM.EUR.A,D,XM,EUR,A,1989-01-03,0.847178,,A,F
"BIS,WS_XRU,1.0",D.XM.EUR.A,D,XM,EUR,A,1989-01-04,0.856223,,A,F
"BIS,WS_XRU,1.0",D.XM.EUR.A,D,XM,EUR,A,1989-01-05,0.859394,,A,F
"BIS,WS_XRU,1.0",D.XM.EUR.A,D,XM,EUR,A,1989-01-06,0.870049,,A,F
"BIS,WS_XRU,1.0",D.XM.EUR.A,D,XM,EUR,A,1989-01-09,0.878766,,A,F
"BIS,WS_XRU,1.0",D.XM.EUR.A,D,XM,EUR,A,1989-01-10,0.876947,,A,F
"BIS,WS_XRU,1.0",D.XM.EUR.A,D,XM,EUR,A,1989-01-11,0.877871,,A,F
"BIS,WS_XRU,1.0",D.XM.EUR.A,D,XM,EUR,A,1989-01-12,0.87486,,A,F
"BIS,WS_XRU,1.0",D.XM.EUR.A,D,XM,EUR,A,1989-01-13,0.883509,,A,F
"BIS,WS_XRU,1.0",D.XM.EUR.A,D,XM,EUR,A,1989-01-16,0.889237,,A,F
"BIS,WS_XRU,1.0",D.XM.EUR.A,D,XM,EUR,A,1989-01-17,0.886022,,A,F
"BIS,WS_XRU,1.0",D.XM.EUR.A,D,XM,EUR,A,1989-01-18,0.892331,,A,F
"BIS,WS_XRU,1.0",D.XM.EUR.A,D,XM,EUR,A,1989-01-19,0.897972,,A,F
"BIS,WS_XRU,1.0",D.XM.EUR.A,D,XM,EUR,A,1989-01-20,0.887926,,A,F
"BIS,WS_XRU,1.0",D.XM.EUR.A,D,XM,EUR,A,1989-01-23,0.885136,,A,F
"BIS,WS_XRU,1.0",D.XM.EUR.A,D,XM,EUR,A,1989-01-24,0.876248,,A,F
"BIS,WS_XRU,1.0",D.XM.EUR.A,D,XM,EUR,A,1989-01-25,0.883697,,A,F
"BIS,WS_XRU,1.0",D.XM.EUR.A,D,XM,EUR,A,1989-01-26,0.883221,,A,F
"BIS,WS_XRU,1.0",D.XM.EUR.A,D,XM,EUR,A,1989-01-27,0.88817,,A,F
"BIS,WS_XRU,1.0",D.XM.EUR.A,D,XM,EUR,A,1989-01-30,0.895055,,A,F
"BIS,WS_XRU,1.0",D.XM.EUR.A,D,XM,EUR,A,1989-01-31,0.892825,,A,F
"BIS,WS_XRU,1.0",D.XM.EUR.A,D,XM,EUR,A,1989-02-01,0.897594,,A,F
"BIS,WS_XRU,1.0",D.XM.EUR.A,D,XM,EUR,A,1989-02-02,0.896901,,A,F
"BIS,WS_XRU,1.0",D.XM.EUR.A,D,XM,EUR,A,1989-02-03,0.900398,,A,F
"BIS,WS_XRU,1.0",D.XM.EUR.A,D,XM,EUR,A,1989-02-06,0.9038,,A,F
"BIS,WS_XRU,1.0",D.XM.EUR.A,D,XM,EUR,A,1989-02-07,0.897231,,A,F
"BIS,WS_XRU,1.0",D.XM.EUR.A,D,XM,EUR,A,1989-02-08,0.89761,,A,F
"BIS,WS_XRU,1.0",D.XM.EUR.A,D,XM,EUR,A,1989-02-09,0.890829,,A,F
"BIS,WS_XRU,1.0",D.XM.EUR.A,D,XM,EUR,A,1989-02-10,0.882745,,A,F
"BIS,WS_XRU,1.0",D.XM.EUR.A,D,XM,EUR,A,1989-02-13,0.896628,,A,F
"BIS,WS_XRU,1.0",D.XM.EUR.A,D,XM,EUR,A,1989-02-14,0.892053,,A,F
"BIS,WS_XRU,1.0",D.XM.EUR.A,D,XM,EUR,A,1989-02-15,0.88415,,A,F
"BIS,WS_XRU,1.0",D.XM.EUR.A,D,XM,EUR,A,1989-02-16,0.885708,,A,F
"BIS,WS_XRU,1.0",D.XM.EUR.A,D,XM,EUR,A,1989-02-17,0.880057,,A,F
"BIS,WS_XRU,1.0",D.XM.EUR.A,D,XM,EUR,A,1989-02-20,0.884682,,A,F
"BIS,WS_XRU,1.0",D.XM.EUR.A,D,XM,EUR,A,1989-02-21,0.889783,,A,F
"BIS,WS_XRU,1.0",D.XM.EUR.A,D,XM,EUR,A,1989-02-22,0.884987,,A,F
"BIS,WS_XRU,1.0",D.XM.EUR.A,D,XM,EUR,A,1989-02-23,0.878002,,A,F
"BIS,WS_XRU,1.0",D.XM.EUR.A,D,XM,EUR,A,1989-02-24,0.879964,,A,F
"BIS,WS_XRU,1.0",D.XM.EUR.A,D,XM,EUR,A,1989-02-27,0.873195,,A,F
"BIS,WS_XRU,1.0",D.XM.EUR.A,D,XM,EUR,A,1989-02-28,0.880413,,A,F
"BIS,WS_XRU,1.0",D.XM.EUR.A,D,XM,EUR,A,1989-03-01,0.885638,,A,F
"BIS,WS_XRU,1.0",D.XM.EUR.A,D,XM,EUR,A,1989-03-02,0.886226,,A,F
"BIS,WS_XRU,1.0",D.XM.EUR.A,D,XM,EUR,A,1989-03-03,0.886651,,A,F
"BIS,WS_XRU,1.0",D.XM.EUR.A,D,XM,EUR,A,1989-03-06,0.888147,,A,F
"BIS,WS_XRU,1.0",D.XM.EUR.A,D,XM,EUR,A,1989-03-07,0.892276,,A,F
"BIS,WS_XRU,1.0",D.XM.EUR.A,D,XM,EUR,A,1989-03-08,0.892618,,A,F
"BIS,WS_XRU,1.0",D.XM.EUR.A,D,XM,EUR,A,1989-03-09,0.895031,,A,F
"BIS,WS_XRU,1.0",D.XM.EUR.A,D,XM,EUR,A,1989-03-10,0.89308,,A,F
"BIS,WS_XRU,1.0",D.XM.EUR.A,D,XM,EUR,A,1989-03-13,0.895857,,A,F
"BIS,WS_XRU,1.0",D.XM.EUR.A,D,XM,EUR,A,1989-03-14,0.896789,,A,F
"BIS,WS_XRU,1.0",D.XM.EUR.A,D,XM,EUR,A,1989-03-15,0.895335,,A,F
"BIS,WS_XRU,1.0",D.XM.EUR.A,D,XM,EUR,A,1989-03-16,0.896966,,A,F
"BIS,WS_XRU,1.0",D.XM.EUR.A,D,XM,EUR,A,1989-03-17,0.897843,,A,F
"BIS,WS_XRU,1.0",D.XM.EUR.A,D,XM,EUR,A,1989-03-20,0.900349,,A,F
"BIS,WS_XRU,1.0",D.XM.EUR.A,D,XM,EUR,A,1989-03-21,0.90022,,A,F
"BIS,WS_XRU,1.0",D.XM.EUR.A,D,XM,EUR,A,1989-03-22,0.899612,,A,F
"BIS,WS_XRU,1.0",D.XM.EUR.A,D,XM,EUR,A,1989-03-23,0.895407,,A,F
"BIS,WS_XRU,1.0",D.XM.EUR.A,D,XM,EUR,A,1989-03-24,0.899006,,A,F
"BIS,WS_XRU,1.0",D.XM.EUR.A,D,XM,EUR,A,1989-03-27,,,M,F
"BIS,WS_XRU,1.0",D.XM.EUR.A,D,XM,EUR,A,1989-03-28,0.905149,,A,F
"BIS,WS_XRU,1.0",D.XM.EUR.A,D,XM,EUR,A,1989-03-29,0.909389,,A,F
"BIS,WS_XRU,1.0",D.XM.EUR.A,D,XM,EUR,A,1989-03-30,0.906955,,A,F
"BIS,WS_XRU,1.0",D.XM.EUR.A,D,XM,EUR,A,1989-03-31,0.908818,,A,F
"BIS,WS_XRU,1.0",D.XM.EUR.A,D,XM,EUR,A,1989-04-03,0.907803,,A,F
"BIS,WS_XRU,1.0",D.XM.EUR.A,D,XM,EUR,A,1989-04-04,0.899572,,A,F
"BIS,WS_XRU,1.0",D.XM.EUR.A,D,XM,EUR,A,1989-04-05,0.900633,,A,F
"BIS,WS_XRU,1.0",D.XM.EUR.A,D,XM,EUR,A,1989-04-06,0.898779,,A,F
"BIS,WS_XRU,1.0",D.XM.EUR.A,D,XM,EUR,A,1989-04-07,0.898731,,A,F
"BIS,WS_XRU,1.0",D.XM.EUR.A,D,XM,EUR,A,1989-04-10,0.902454,,A,F
"BIS,WS_XRU,1.0",D.XM.EUR.A,D,XM,EUR,A,1989-04-11,0.903791,,A,F
"BIS,WS_XRU,1.0",D.XM.EUR.A,D,XM,EUR,A,1989-04-12,0.905805,,A,F
"BIS,WS_XRU,1.0",D.XM.EUR.A,D,XM,EUR,A,1989-04-13,0.900122,,A,F
"BIS,WS_XRU,1.0",D.XM.EUR.A,D,XM,EUR,A,1989-04-14,0.902649,,A,F
"BIS,WS_XRU,1.0",D.XM.EUR.A,D,XM,EUR,A,1989-04-17,0.893639,,A,F
"BIS,WS_XRU,1.0",D.XM.EUR.A,D,XM,EUR,A,1989-04-18,0.896041,,A,F
"BIS,WS_XRU,1.0",D.XM.EUR.A,D,XM,EUR,A,1989-04-19,0.89467,,A,F
"BIS,WS_XRU,1.0",D.XM.EUR.A,D,XM,EUR,A,1989-04-20,0.894759,,A,F
"BIS,WS_XRU,1.0",D.XM.EUR.A,D,XM,EUR,A,1989-04-21,0.889791,,A,F
"BIS,WS_XRU,1.0",D.XM.EUR.A,D,XM,EUR,A,1989-04-24,0.893591,,A,F
"BIS,WS_XRU,1.0",D.XM.EUR.A,D,XM,EUR,A,1989-04-25,0.89732,,A,F
"BIS,WS_XRU,1.0",D.XM.EUR.A,D,XM,EUR,A,1989-04-26,0.899087,,A,F
"BIS,WS_XRU,1.0",D.XM.EUR.A,D,XM,EUR,A,1989-04-27,0.901892,,A,F
"BIS,WS_XRU,1.0",D.XM.EUR.A,D,XM,EUR,A,1989-04-28,0.903187,,A,F
"BIS,WS_XRU,1.0",D.XM.EUR.A,D,XM,EUR,A,1989-05-01,,,M,F
"BIS,WS_XRU,1.0",D.XM.EUR.A,D,XM,EUR,A,1989-05-02,0.907622,,A,F
"BIS,WS_XRU,1.0",D.XM.EUR.A,D,XM,EUR,A,1989-05-03,0.907548,,A,F
"BIS,WS_XRU,1.0",D.XM.EUR.A,D,XM,EUR,A,1989-05-04,,,M,F
"BIS,WS_XRU,1.0",D.XM.EUR.A,D,XM,EUR,A,1989-05-05,0.910639,,A,F
"BIS,WS_XRU,1.0",D.XM.EUR.A,D,XM,EUR,A,1989-05-08,0.911452,,A,F
"BIS,WS_XRU,1.0",D.XM.EUR.A,D,XM,EUR,A,1989-05-09,0.918915,,A,F
"BIS,WS_XRU,1.0",D.XM.EUR.A,D,XM,EUR,A,1989-05-10,0.915164,,A,F
"BIS,WS_XRU,1.0",D.XM.EUR.A,D,XM,EUR,A,1989-05-11,0.918797,,A,F
"BIS,WS_XRU,1.0",D.XM.EUR.A,D,XM,EUR,A,1989-05-12,0.920471,,A,F
"BIS,WS_XRU,1.0",D.XM.EUR.A,D,XM,EUR,A,1989-05-15,,,M,F
"BIS,WS_XRU,1.0",D.XM.EUR.A,D,XM,EUR,A,1989-05-16,0.929532,,A,F
"BIS,WS_XRU,1.0",D.XM.EUR.A,D,XM,EUR,A,1989-05-17,0.934326,,A,F
"BIS,WS_XRU,1.0",D.XM.EUR.A,D,XM,EUR,A,1989-05-18,0.950878,,A,F
"BIS,WS_XRU,1.0",D.XM.EUR.A,D,XM,EUR,A,1989-05-19,0.945367,,A,F
"BIS,WS_XRU,1.0",D.XM.EUR.A,D,XM,EUR,A,1989-05-22,0.967183,,A,F
"BIS,WS_XRU,1.0",D.XM.EUR.A,D,XM,EUR,A,1989-05-23,0.962631,,A,F
"BIS,WS_XRU,1.0",D.XM.EUR.A,D,XM,EUR,A,1989-05-24,0.96567,,A,F
"BIS,WS_XRU,1.0",D.XM.EUR.A,D,XM,EUR,A,1989-05-25,0.962557,,A,F
"BIS,WS_XRU,1.0",D.XM.EUR.A,D,XM,EUR,A,1989-05-26,0.940628,,A,F
"BIS,WS_XRU,1.0",D.XM.EUR.A,D,XM,EUR,A,1989-05-29,0.96581,,A,F
"BIS,WS_XRU,1.0",D.XM.EUR.A,D,XM,EUR,A,1989-05-30,0.966128,,A,F
"BIS,WS_XRU,1.0",D.XM.EUR.A,D,XM,EUR,A,1989-05-31,0.957203,,A,F
"BIS,WS_XRU,1.0",D.XM.EUR.A,D,XM,EUR,A,1989-06-01,0.953807,,A,F
"BIS,WS_XRU,1.0",D.XM.EUR.A,D,XM,EUR,A,1989-06-02,0.948317,,A,F
"BIS,WS_XRU,1.0",D.XM.EUR.A,D,XM,EUR,A,1989-06-05,0.941558,,A,F
"BIS,WS_XRU,1.0",D.XM.EUR.A,D,XM,EUR,A,1989-06-06,0.958267,,A,F
"BIS,WS_XRU,1.0",D.XM.EUR.A,D,XM,EUR,A,1989-06-07,0.947598,,A,F
"BIS,WS_XRU,1.0",D.XM.EUR.A,D,XM,EUR,A,1989-06-08,0.951574,,A,F
"BIS,WS_XRU,1.0",D.XM.EUR.A,D,XM,EUR,A,1989-06-09,0.958194,,A,F
"BIS,WS_XRU,1.0",D.XM.EUR.A,D,XM,EUR,A,1989-06-12,0.977297,,A,F
"BIS,WS_XRU,1.0",D.XM.EUR.A,D,XM,EUR,A,1989-06-13,0.974061,,A,F
"BIS,WS_XRU,1.0",D.XM.EUR.A,D,XM,EUR,A,1989-06-14,0.975972,,A,F
"BIS,WS_XRU,1.0",D.XM.EUR.A,D,XM,EUR,A,1989-06-15,0.983961,,A,F
"BIS,WS_XRU,1.0",D.XM.EUR.A,D,XM,EUR,A,1989-06-16,0.968645,,A,F
"BIS,WS_XRU,1.0",D.XM.EUR.A,D,XM,EUR,A,1989-06-19,0.960034,,A,F
"BIS,WS_XRU,1.0",D.XM.EUR.A,D,XM,EUR,A,1989-06-20,0.950878,,A,F
"BIS,WS_XRU,1.0",D.XM.EUR.A,D,XM,EUR,A,1989-06-21,0.960799,,A,F
"BIS,WS_XRU,1.0",D.XM.EUR.A,D,XM,EUR,A,1989-06-22,0.946396,,A,F
"BIS,WS_XRU,1.0",D.XM.EUR.A,D,XM,EUR,A,1989-06-23,0.939382,,A,F
"BIS,WS_XRU,1.0",D.XM.EUR.A,D,XM,EUR,A,1989-06-26,0.943289,,A,F
"BIS,WS_XRU,1.0",D.XM.EUR.A,D,XM,EUR,A,1989-06-27,0.944706,,A,F
"BIS,WS_XRU,1.0",D.XM.EUR.A,D,XM,EUR,A,1989-06-28,0.949082,,A,F
"BIS,WS_XRU,1.0",D.XM.EUR.A,D,XM,EUR,A,1989-06-29,0.941106,,A,F
"BIS,WS_XRU,1.0",D.XM.EUR.A,D,XM,EUR,A,1989-06-30,0.944287,,A,F
"BIS,WS_XRU,1.0",D.XM.EUR.A,D,XM,EUR,A,1989-07-03,0.934309,,A,F
"BIS,WS_XRU,1.0",D.XM.EUR.A,D,XM,EUR,A,1989-07-04,0.929446,,A,F
"BIS,WS_XRU,1.0",D.XM.EUR.A,D,XM,EUR,A,1989-07-05,0.922416,,A,F
"BIS,WS_XRU,1.0",D.XM.EUR.A,D,XM,EUR,A,1989-07-06,0.9127,,A,F
"BIS,WS_XRU,1.0",D.XM.EUR.A,D,XM,EUR,A,1989-07-07,0.911104,,A,F
"BIS,WS_XRU,1.0",D.XM.EUR.A,D,XM,EUR,A,1989-07-10,0.898222,,A,F
"BIS,WS_XRU,1.0",D.XM.EUR.A,D,XM,EUR,A,1989-07-11,0.907622,,A,F
"BIS,WS_XRU,1.0",D.XM.EUR.A,D,XM,EUR,A,1989-07-12,0.908983,,A,F
"BIS,WS_XRU,1.0",D.XM.EUR.A,D,XM,EUR,A,1989-07-13,0.906865,,A,F
"BIS,WS_XRU,1.0",D.XM.EUR.A,D,XM,EUR,A,1989-07-14,0.912634,,A,F
"BIS,WS_XRU,1.0",D.XM.EUR.A,D,XM,EUR,A,1989-07-17,0.92216,,A,F
"BIS,WS_XRU,1.0",D.XM.EUR.A,D,XM,EUR,A,1989-07-18,0.928186,,A,F
"BIS,WS_XRU,1.0",D.XM.EUR.A,D,XM,EUR,A,1989-07-19,0.91691,,A,F
"BIS,WS_XRU,1.0",D.XM.EUR.A,D,XM,EUR,A,1989-07-20,0.922628,,A,F
"BIS,WS_XRU,1.0",D.XM.EUR.A,D,XM,EUR,A,1989-07-21,0.914302,,A,F
"BIS,WS_XRU,1.0",D.XM.EUR.A,D,XM,EUR,A,1989-07-24,0.919033,,A,F
"BIS,WS_XRU,1.0",D.XM.EUR.A,D,XM,EUR,A,1989-07-25,0.912375,,A,F
"BIS,WS_XRU,1.0",D.XM.EUR.A,D,XM,EUR,A,1989-07-26,0.907235,,A,F
"BIS,WS_XRU,1.0",D.XM.EUR.A,D,XM,EUR,A,1989-07-27,0.899248,,A,F
"BIS,WS_XRU,1.0",D.XM.EUR.A,D,XM,EUR,A,1989-07-28,0.903873,,A,F
"BIS,WS_XRU,1.0",D.XM.EUR.A,D,XM,EUR,A,1989-07-31,0.898134,,A,F
"BIS,WS_XRU,1.0",D.XM.EUR.A,D,XM,EUR,A,1989-08-01,0.898779,,A,F
"BIS,WS_XRU,1.0",D.XM.EUR.A,D,XM,EUR,A,1989-08-02,0.892228,,A,F
"BIS,WS_XRU,1.0",D.XM.EUR.A,D,XM,EUR,A,1989-08-03,0.896057,,A,F
"BIS,WS_XRU,1.0",D.XM.EUR.A,D,XM,EUR,A,1989-08-04,0.903791,,A,F
"BIS,WS_XRU,1.0",D.XM.EUR.A,D,XM,EUR,A,1989-08-07,0.922152,,A,F
"BIS,WS_XRU,1.0",D.XM.EUR.A,D,XM,EUR,A,1989-08-08,0.913009,,A,F
"BIS,WS_XRU,1.0",D.XM.EUR.A,D,XM,EUR,A,1989-08-09,0.915106,,A,F
"BIS,WS_XRU,1.0",D.XM.EUR.A,D,XM,EUR,A,1989-08-10,0.908926,,A,F
"BIS,WS_XRU,1.0",D.XM.EUR.A,D,XM,EUR,A,1989-08-11,0.927128,,A,F
"BIS,WS_XRU,1.0",D.XM.EUR.A,D,XM,EUR,A,1989-08-14,0.934938,,A,F
"BIS,WS_XRU,1.0",D.XM.EUR.A,D,XM,EUR,A,1989-08-15,0.938685,,A,F
"BIS,WS_XRU,1.0",D.XM.EUR.A,D,XM,EUR,A,1989-08-16,0.937049,,A,F
"BIS,WS_XRU,1.0",D.XM.EUR.A,D,XM,EUR,A,1989-08-17,0.942099,,A,F
"BIS,WS_XRU,1.0",D.XM.EUR.A,D,XM,EUR,A,1989-08-18,0.945716,,A,F
"BIS,WS_XRU,1.0",D.XM.EUR.A,D,XM,EUR,A,1989-08-21,0.944002,,A,F
"BIS,WS_XRU,1.0",D.XM.EUR.A,D,XM,EUR,A,1989-08-22,0.942791,,A,F
"BIS,WS_XRU,1.0",D.XM.EUR.A,D,XM,EUR,A,1989-08-23,0.9374,,A,F
"BIS,WS_XRU,1.0",D.XM.EUR.A,D,XM,EUR,A,1989-08-24,0.944073,,A,F
"BIS,WS_XRU,1.0",D.XM.EUR.A,D,XM,EUR,A,1989-08-25,0.944064,,A,F
"BIS,WS_XRU,1.0",D.XM.EUR.A,D,XM,EUR,A,1989-08-28,0.945582,,A,F
"BIS,WS_XRU,1.0",D.XM.EUR.A,D,XM,EUR,A,1989-08-29,0.936944,,A,F
"BIS,WS_XRU,1.0",D.XM.EUR.A,D,XM,EUR,A,1989-08-30,0.932618,,A,F
"BIS,WS_XRU,1.0",D.XM.EUR.A,D,XM,EUR,A,1989-08-31,0.943779,,A,F
"BIS,WS_XRU,1.0",D.XM.EUR.A,D,XM,EUR,A,1989-09-01,0.947553,,A,F
"BIS,WS_XRU,1.0",D.XM.EUR.A,D,XM,EUR,A,1989-09-04,0.952617,,A,F
"BIS,WS_XRU,1.0",D.XM.EUR.A,D,XM,EUR,A,1989-09-05,0.957469,,A,F
"BIS,WS_XRU,1.0",D.XM.EUR.A,D,XM,EUR,A,1989-09-06,0.952971,,A,F
"BIS,WS_XRU,1.0",D.XM.EUR.A,D,XM,EUR,A,1989-09-07,0.958084,,A,F
"BIS,WS_XRU,1.0",D.XM.EUR.A,D,XM,EUR,A,1989-09-08,0.954727,,A,F
"BIS,WS_XRU,1.0",D.XM.EUR.A,D,XM,EUR,A,1989-09-11,0.959334,,A,F
"BIS,WS_XRU,1.0",D.XM.EUR.A,D,XM,EUR,A,1989-09-12,0.954362,,A,F
"BIS,WS_XRU,1.0",D.XM.EUR.A,D,XM,EUR,A,1989-09-13,0.953034,,A,F
"BIS,WS_XRU,1.0",D.XM.EUR.A,D,XM,EUR,A,1989-09-14,0.948362,,A,F
"BIS,WS_XRU,1.0",D.XM.EUR.A,D,XM,EUR,A,1989-09-15,0.951602,,A,F
"BIS,WS_XRU,1.0",D.XM.EUR.A,D,XM,EUR,A,1989-09-18,0.949803,,A,F
"BIS,WS_XRU,1.0",D.XM.EUR.A,D,XM,EUR,A,1989-09-19,0.94353,,A,F
"BIS,WS_XRU,1.0",D.XM.EUR.A,D,XM,EUR,A,1989-09-20,0.937497,,A,F
"BIS,WS_XRU,1.0",D.XM.EUR.A,D,XM,EUR,A,1989-09-21,0.938377,,A,F
"BIS,WS_XRU,1.0",D.XM.EUR.A,D,XM,EUR,A,1989-09-22,0.937928,,A,F
"BIS,WS_XRU,1.0",D.XM.EUR.A,D,XM,EUR,A,1989-09-25,0.91824,,A,F
"BIS,WS_XRU,1.0",D.XM.EUR.A,D,XM,EUR,A,1989-09-26,0.919109,,A,F
"BIS,WS_XRU,1.0",D.XM.EUR.A,D,XM,EUR,A,1989-09-27,0.906955,,A,F
"BIS,WS_XRU,1.0",D.XM.EUR.A,D,XM,EUR,A,1989-09-28,0.913567,,A,F
"BIS,WS_XRU,1.0",D.XM.EUR.A,D,XM,EUR,A,1989-09-29,0.904797,,A,F
"BIS,WS_XRU,1.0",D.XM.EUR.A,D,XM,EUR,A,1989-10-02,0.907359,,A,F
"BIS,WS_XRU,1.0",D.XM.EUR.A,D,XM,EUR,A,1989-10-03,0.90962,,A,F
"BIS,WS_XRU,1.0",D.XM.EUR.A,D,XM,EUR,A,1989-10-04,0.910589,,A,F
"BIS,WS_XRU,1.0",D.XM.EUR.A,D,XM,EUR,A,1989-10-05,0.905863,,A,F
"BIS,WS_XRU,1.0",D.XM.EUR.A,D,XM,EUR,A,1989-10-06,0.91044,,A,F
"BIS,WS_XRU,1.0",D.XM.EUR.A,D,XM,EUR,A,1989-10-09,0.916573,,A,F
"BIS,WS_XRU,1.0",D.XM.EUR.A,D,XM,EUR,A,1989-10-10,0.916817,,A,F
"BIS,WS_XRU,1.0",D.XM.EUR.A,D,XM,EUR,A,1989-10-11,0.931593,,A,F
"BIS,WS_XRU,1.0",D.XM.EUR.A,D,XM,EUR,A,1989-10-12,0.927911,,A,F
"BIS,WS_XRU,1.0",D.XM.EUR.A,D,XM,EUR,A,1989-10-13,0.92578,,A,F
"BIS,WS_XRU,1.0",D.XM.EUR.A,D,XM,EUR,A,1989-10-16,0.899604,,A,F
"BIS,WS_XRU,1.0",D.XM.EUR.A,D,XM,EUR,A,1989-10-17,0.902226,,A,F
"BIS,WS_XRU,1.0",D.XM.EUR.A,D,XM,EUR,A,1989-10-18,0.898981,,A,F
"BIS,WS_XRU,1.0",D.XM.EUR.A,D,XM,EUR,A,1989-10-19,0.897424,,A,F
"BIS,WS_XRU,1.0",D.XM.EUR.A,D,XM,EUR,A,1989-10-20,0.904593,,A,F
"BIS,WS_XRU,1.0",D.XM.EUR.A,D,XM,EUR,A,1989-10-23,0.903669,,A,F
"BIS,WS_XRU,1.0",D.XM.EUR.A,D,XM,EUR,A,1989-10-24,0.899467,,A,F
"BIS,WS_XRU,1.0",D.XM.EUR.A,D,XM,EUR,A,1989-10-25,0.893767,,A,F
"BIS,WS_XRU,1.0",D.XM.EUR.A,D,XM,EUR,A,1989-10-26,0.896845,,A,F
"BIS,WS_XRU,1.0",D.XM.EUR.A,D,XM,EUR,A,1989-10-27,0.898691,,A,F
"BIS,WS_XRU,1.0",D.XM.EUR.A,D,XM,EUR,A,1989-10-30,0.895568,,A,F
"BIS,WS_XRU,1.0",D.XM.EUR.A,D,XM,EUR,A,1989-10-31,0.895279,,A,F
"BIS,WS_XRU,1.0",D.XM.EUR.A,D,XM,EUR,A,1989-11-01,0.896596,,A,F
"BIS,WS_XRU,1.0",D.XM.EUR.A,D,XM,EUR,A,1989-11-02,0.901437,,A,F
"BIS,WS_XRU,1.0",D.XM.EUR.A,D,XM,EUR,A,1989-11-03,0.898085,,A,F
"BIS,WS_XRU,1.0",D.XM.EUR.A,D,XM,EUR,A,1989-11-06,0.902022,,A,F
"BIS,WS_XRU,1.0",D.XM.EUR.A,D,XM,EUR,A,1989-11-07,0.89765,,A,F
"BIS,WS_XRU,1.0",D.XM.EUR.A,D,XM,EUR,A,1989-11-08,0.896314,,A,F
"BIS,WS_XRU,1.0",D.XM.EUR.A,D,XM,EUR,A,1989-11-09,0.897739,,A,F
"BIS,WS_XRU,1.0",D.XM.EUR.A,D,XM,EUR,A,1989-11-10,0.900974,,A,F
"BIS,WS_XRU,1.0",D.XM.EUR.A,D,XM,EUR,A,1989-11-13,0.906446,,A,F
"BIS,WS_XRU,1.0",D.XM.EUR.A,D,XM,EUR,A,1989-11-14,0.902975,,A,F
"BIS,WS_XRU,1.0",D.XM.EUR.A,D,XM,EUR,A,1989-11-15,0.897392,,A,F
"BIS,WS_XRU,1.0",D.XM.EUR.A,D,XM,EUR,A,1989-11-16,0.899701,,A,F
"BIS,WS_XRU,1.0",D.XM.EUR.A,D,XM,EUR,A,1989-11-17,0.899669,,A,F
"BIS,WS_XRU,1.0",D.XM.EUR.A,D,XM,EUR,A,1989-11-20,0.900228,,A,F
"BIS,WS_XRU,1.0",D.XM.EUR.A,D,XM,EUR,A,1989-11-21,0.89094,,A,F
"BIS,WS_XRU,1.0",D.XM.EUR.A,D,XM,EUR,A,1989-11-22,0.886179,,A,F
"BIS,WS_XRU,1.0",D.XM.EUR.A,D,XM,EUR,A,1989-11-23,0.889332,,A,F
"BIS,WS_XRU,1.0",D.XM.EUR.A,D,XM,EUR,A,1989-11-24,0.883736,,A,F
"BIS,WS_XRU,1.0",D.XM.EUR.A,D,XM,EUR,A,1989-11-27,0.879399,,A,F
"BIS,WS_XRU,1.0",D.XM.EUR.A,D,XM,EUR,A,1989-11-28,0.88269,,A,F
"BIS,WS_XRU,1.0",D.XM.EUR.A,D,XM,EUR,A,1989-11-29,0.874891,,A,F
"BIS,WS_XRU,1.0",D.XM.EUR.A,D,XM,EUR,A,1989-11-30,0.877786,,A,F
"BIS,WS_XRU,1.0",D.XM.EUR.A,D,XM,EUR,A,1989-12-01,0.876194,,A,F
"BIS,WS_XRU,1.0",D.XM.EUR.A,D,XM,EUR,A,1989-12-04,0.874745,,A,F
"BIS,WS_XRU,1.0",D.XM.EUR.A,D,XM,EUR,A,1989-12-05,0.876701,,A,F
"BIS,WS_XRU,1.0",D.XM.EUR.A,D,XM,EUR,A,1989-12-06,0.872631,,A,F
"BIS,WS_XRU,1.0",D.XM.EUR.A,D,XM,EUR,A,1989-12-07,0.868252,,A,F
"BIS,WS_XRU,1.0",D.XM.EUR.A,D,XM,EUR,A,1989-12-08,0.86989,,A,F
"BIS,WS_XRU,1.0",D.XM.EUR.A,D,XM,EUR,A,1989-12-11,0.868931,,A,F
"BIS,WS_XRU,1.0",D.XM.EUR.A,D,XM,EUR,A,1989-12-12,0.860252,,A,F
"BIS,WS_XRU,1.0",D.XM.EUR.A,D,XM,EUR,A,1989-12-13,0.84868,,A,F
"BIS,WS_XRU,1.0",D.XM.EUR.A,D,XM,EUR,A,1989-12-14,0.854482,,A,F
"BIS,WS_XRU,1.0",D.XM.EUR.A,D,XM,EUR,A,1989-12-15,0.854672,,A,F
"BIS,WS_XRU,1.0",D.XM.EUR.A,D,XM,EUR,A,1989-12-18,0.850962,,A,F
"BIS,WS_XRU,1.0",D.XM.EUR.A,D,XM,EUR,A,1989-12-19,0.852762,,A,F
"BIS,WS_XRU,1.0",D.XM.EUR.A,D,XM,EUR,A,1989-12-20,0.859143,,A,F
"BIS,WS_XRU,1.0",D.XM.EUR.A,D,XM,EUR,A,1989-12-21,0.852253,,A,F
"BIS,WS_XRU,1.0",D.XM.EUR.A,D,XM,EUR,A,1989-12-22,0.84473,,A,F
"BIS,WS_XRU,1.0",D.XM.EUR.A,D,XM,EUR,A,1989-12-25,,,M,F
"BIS,WS_XRU,1.0",D.XM.EUR.A,D,XM,EUR,A,1989-12-26,,,M,F
"BIS,WS_XRU,1.0",D.XM.EUR.A,D,XM,EUR,A,1989-12-27,0.83478,,A,F
"BIS,WS_XRU,1.0",D.XM.EUR.A,D,XM,EUR,A,1989-12-28,0.830627,,A,F
"BIS,WS_XRU,1.0",D.XM.EUR.A,D,XM,EUR,A,1989-12-29,0.835429,,A,F
"BIS,WS_XRU,1.0",D.XM.EUR.A,D,XM,EUR,A,1990-01-01,,,M,F
"BIS,WS_XRU,1.0",D.XM.EUR.A,D,XM,EUR,A,1990-01-02,0.8343,,A,F
"BIS,WS_XRU,1.0",D.XM.EUR.A,D,XM,EUR,A,1990-01-03,0.844217,,A,F
"BIS,WS_XRU,1.0",D.XM.EUR.A,D,XM,EUR,A,1990-01-04,0.841107,,A,F
"BIS,WS_XRU,1.0",D.XM.EUR.A,D,XM,EUR,A,1990-01-05,0.837367,,A,F
"BIS,WS_XRU,1.0",D.XM.EUR.A,D,XM,EUR,A,1990-01-08,0.827561,,A,F
"BIS,WS_XRU,1.0",D.XM.EUR.A,D,XM,EUR,A,1990-01-09,0.827472,,A,F
"BIS,WS_XRU,1.0",D.XM.EUR.A,D,XM,EUR,A,1990-01-10,0.823832,,A,F
"BIS,WS_XRU,1.0",D.XM.EUR.A,D,XM,EUR,A,1990-01-11,0.828713,,A,F
"BIS,WS_XRU,1.0",D.XM.EUR.A,D,XM,EUR,A,1990-01-12,0.827116,,A,F
"BIS,WS_XRU,1.0",D.XM.EUR.A,D,XM,EUR,A,1990-01-15,0.826426,,A,F
"BIS,WS_XRU,1.0",D.XM.EUR.A,D,XM,EUR,A,1990-01-16,0.837774,,A,F
"BIS,WS_XRU,1.0",D.XM.EUR.A,D,XM,EUR,A,1990-01-17,0.832127,,A,F
"BIS,WS_XRU,1.0",D.XM.EUR.A,D,XM,EUR,A,1990-01-18,0.835603,,A,F
"BIS,WS_XRU,1.0",D.XM.EUR.A,D,XM,EUR,A,1990-01-19,0.842403,,A,F
"BIS,WS_XRU,1.0",D.XM.EUR.A,D,XM,EUR,A,1990-01-22,0.842652,,A,F
"BIS,WS_XRU,1.0",D.XM.EUR.A,D,XM,EUR,A,1990-01-23,0.837731,,A,F
"BIS,WS_XRU,1.0",D.XM.EUR.A,D,XM,EUR,A,1990-01-24,0.827061,,A,F
"BIS,WS_XRU,1.0",D.XM.EUR.A,D,XM,EUR,A,1990-01-25,0.829077,,A,F
"BIS,WS_XRU,1.0",D.XM.EUR.A,D,XM,EUR,A,1990-01-26,0.828926,,A,F
"BIS,WS_XRU,1.0",D.XM.EUR.A,D,XM,EUR,A,1990-01-29,0.821834,,A,F
"BIS,WS_XRU,1.0",D.XM.EUR.A,D,XM,EUR,A,1990-01-30,0.823099,,A,F
"BIS,WS_XRU,1.0",D.XM.EUR.A,D,XM,EUR,A,1990-01-31,0.82498,,A,F
"BIS,WS_XRU,1.0",D.XM.EUR.A,D,XM,EUR,A,1990-02-01,0.823968,,A,F
"BIS,WS_XRU,1.0",D.XM.EUR.A,D,XM,EUR,A,1990-02-02,0.824953,,A,F
"BIS,WS_XRU,1.0",D.XM.EUR.A,D,XM,EUR,A,1990-02-05,0.822199,,A,F
"BIS,WS_XRU,1.0",D.XM.EUR.A,D,XM,EUR,A,1990-02-06,0.811879,,A,F
"BIS,WS_XRU,1.0",D.XM.EUR.A,D,XM,EUR,A,1990-02-07,0.811148,,A,F
"BIS,WS_XRU,1.0",D.XM.EUR.A,D,XM,EUR,A,1990-02-08,0.817835,,A,F
"BIS,WS_XRU,1.0",D.XM.EUR.A,D,XM,EUR,A,1990-02-09,0.819766,,A,F
"BIS,WS_XRU,1.0",D.XM.EUR.A,D,XM,EUR,A,1990-02-12,0.82023,,A,F
"BIS,WS_XRU,1.0",D.XM.EUR.A,D,XM,EUR,A,1990-02-13,0.825784,,A,F
"BIS,WS_XRU,1.0",D.XM.EUR.A,D,XM,EUR,A,1990-02-14,0.820351,,A,F
"BIS,WS_XRU,1.0",D.XM.EUR.A,D,XM,EUR,A,1990-02-15,0.822145,,A,F
"BIS,WS_XRU,1.0",D.XM.EUR.A,D,XM,EUR,A,1990-02-16,0.828844,,A,F
"BIS,WS_XRU,1.0",D.XM.EUR.A,D,XM,EUR,A,1990-02-19,0.819948,,A,F
"BIS,WS_XRU,1.0",D.XM.EUR.A,D,XM,EUR,A,1990-02-20,0.819497,,A,F
"BIS,WS_XRU,1.0",D.XM.EUR.A,D,XM,EUR,A,1990-02-21,0.815428,,A,F
"BIS,WS_XRU,1.0",D.XM.EUR.A,D,XM,EUR,A,1990-02-22,0.81807,,A,F
"BIS,WS_XRU,1.0",D.XM.EUR.A,D,XM,EUR,A,1990-02-23,0.818692,,A,F
"BIS,WS_XRU,1.0",D.XM.EUR.A,D,XM,EUR,A,1990-02-26,0.823465,,A,F
"BIS,WS_XRU,1.0",D.XM.EUR.A,D,XM,EUR,A,1990-02-27,0.825968,,A,F
"BIS,WS_XRU,1.0",D.XM.EUR.A,D,XM,EUR,A,1990-02-28,0.826282,,A,F
"BIS,WS_XRU,1.0",D.XM.EUR.A,D,XM,EUR,A,1990-03-01,0.835513,,A,F
"BIS,WS_XRU,1.0",D.XM.EUR.A,D,XM,EUR,A,1990-03-02,0.837058,,A,F
"BIS,WS_XRU,1.0",D.XM.EUR.A,D,XM,EUR,A,1990-03-05,0.832148,,A,F
"BIS,WS_XRU,1.0",D.XM.EUR.A,D,XM,EUR,A,1990-03-06,0.830475,,A,F
"BIS,WS_XRU,1.0",D.XM.EUR.A,D,XM,EUR,A,1990-03-07,0.834704,,A,F
"BIS,WS_XRU,1.0",D.XM.EUR.A,D,XM,EUR,A,1990-03-08,0.83291,,A,F
"BIS,WS_XRU,1.0",D.XM.EUR.A,D,XM,EUR,A,1990-03-09,0.834564,,A,F
"BIS,WS_XRU,1.0",D.XM.EUR.A,D,XM,EUR,A,1990-03-12,0.837816,,A,F
"BIS,WS_XRU,1.0",D.XM.EUR.A,D,XM,EUR,A,1990-03-13,0.842219,,A,F
"BIS,WS_XRU,1.0",D.XM.EUR.A,D,XM,EUR,A,1990-03-14,0.840527,,A,F
"BIS,WS_XRU,1.0",D.XM.EUR.A,D,XM,EUR,A,1990-03-15,0.839271,,A,F
"BIS,WS_XRU,1.0",D.XM.EUR.A,D,XM,EUR,A,1990-03-16,0.83334,,A,F
"BIS,WS_XRU,1.0",D.XM.EUR.A,D,XM,EUR,A,1990-03-19,0.827055,,A,F
"BIS,WS_XRU,1.0",D.XM.EUR.A,D,XM,EUR,A,1990-03-20,0.828391,,A,F
"BIS,WS_XRU,1.0",D.XM.EUR.A,D,XM,EUR,A,1990-03-21,0.83743,,A,F
"BIS,WS_XRU,1.0",D.XM.EUR.A,D,XM,EUR,A,1990-03-22,0.839574,,A,F
"BIS,WS_XRU,1.0",D.XM.EUR.A,D,XM,EUR,A,1990-03-23,0.837226,,A,F
"BIS,WS_XRU,1.0",D.XM.EUR.A,D,XM,EUR,A,1990-03-26,0.838539,,A,F
"BIS,WS_XRU,1.0",D.XM.EUR.A,D,XM,EUR,A,1990-03-27,0.838891,,A,F
"BIS,WS_XRU,1.0",D.XM.EUR.A,D,XM,EUR,A,1990-03-28,0.837107,,A,F
"BIS,WS_XRU,1.0",D.XM.EUR.A,D,XM,EUR,A,1990-03-29,0.832244,,A,F
"BIS,WS_XRU,1.0",D.XM.EUR.A,D,XM,EUR,A,1990-03-30,0.82859,,A,F
"BIS,WS_XRU,1.0",D.XM.EUR.A,D,XM,EUR,A,1990-04-02,0.832716,,A,F
"BIS,WS_XRU,1.0",D.XM.EUR.A,D,XM,EUR,A,1990-04-03,0.831926,,A,F
"BIS,WS_XRU,1.0",D.XM.EUR.A,D,XM,EUR,A,1990-04-04,0.829566,,A,F
"BIS,WS_XRU,1.0",D.XM.EUR.A,D,XM,EUR,A,1990-04-05,0.830034,,A,F
"BIS,WS_XRU,1.0",D.XM.EUR.A,D,XM,EUR,A,1990-04-06,0.829201,,A,F
"BIS,WS_XRU,1.0",D.XM.EUR.A,D,XM,EUR,A,1990-04-09,0.826351,,A,F
"BIS,WS_XRU,1.0",D.XM.EUR.A,D,XM,EUR,A,1990-04-10,0.827321,,A,F
"BIS,WS_XRU,1.0",D.XM.EUR.A,D,XM,EUR,A,1990-04-11,0.820069,,A,F
"BIS,WS_XRU,1.0",D.XM.EUR.A,D,XM,EUR,A,1990-04-12,0.820291,,A,F
"BIS,WS_XRU,1.0",D.XM.EUR.A,D,XM,EUR,A,1990-04-13,,,M,F
"BIS,WS_XRU,1.0",D.XM.EUR.A,D,XM,EUR,A,1990-04-16,,,M,F
"BIS,WS_XRU,1.0",D.XM.EUR.A,D,XM,EUR,A,1990-04-17,0.823255,,A,F
"BIS,WS_XRU,1.0",D.XM.EUR.A,D,XM,EUR,A,1990-04-18,0.822125,,A,F
"BIS,WS_XRU,1.0",D.XM.EUR.A,D,XM,EUR,A,1990-04-19,0.818203,,A,F
"BIS,WS_XRU,1.0",D.XM.EUR.A,D,XM,EUR,A,1990-04-20,0.822193,,A,F
"BIS,WS_XRU,1.0",D.XM.EUR.A,D,XM,EUR,A,1990-04-23,0.828823,,A,F
"BIS,WS_XRU,1.0",D.XM.EUR.A,D,XM,EUR,A,1990-04-24,0.828981,,A,F
"BIS,WS_XRU,1.0",D.XM.EUR.A,D,XM,EUR,A,1990-04-25,0.827157,,A,F
"BIS,WS_XRU,1.0",D.XM.EUR.A,D,XM,EUR,A,1990-04-26,0.819256,,A,F
"BIS,WS_XRU,1.0",D.XM.EUR.A,D,XM,EUR,A,1990-04-27,0.82251,,A,F
"BIS,WS_XRU,1.0",D.XM.EUR.A,D,XM,EUR,A,1990-04-30,0.82178,,A,F
"BIS,WS_XRU,1.0",D.XM.EUR.A,D,XM,EUR,A,1990-05-01,,,M,F
"BIS,WS_XRU,1.0",D.XM.EUR.A,D,XM,EUR,A,1990-05-02,0.823581,,A,F
"BIS,WS_XRU,1.0",D.XM.EUR.A,D,XM,EUR,A,1990-05-03,0.821483,,A,F
"BIS,WS_XRU,1.0",D.XM.EUR.A,D,XM,EUR,A,1990-05-04,0.820096,,A,F
"BIS,WS_XRU,1.0",D.XM.EUR.A,D,XM,EUR,A,1990-05-07,0.811023,,A,F
"BIS,WS_XRU,1.0",D.XM.EUR.A,D,XM,EUR,A,1990-05-08,0.808407,,A,F
"BIS,WS_XRU,1.0",D.XM.EUR.A,D,XM,EUR,A,1990-05-09,0.803135,,A,F
"BIS,WS_XRU,1.0",D.XM.EUR.A,D,XM,EUR,A,1990-05-10,0.802652,,A,F
"BIS,WS_XRU,1.0",D.XM.EUR.A,D,XM,EUR,A,1990-05-11,0.801976,,A,F
"BIS,WS_XRU,1.0",D.XM.EUR.A,D,XM,EUR,A,1990-05-14,0.803529,,A,F
"BIS,WS_XRU,1.0",D.XM.EUR.A,D,XM,EUR,A,1990-05-15,0.804279,,A,F
"BIS,WS_XRU,1.0",D.XM.EUR.A,D,XM,EUR,A,1990-05-16,0.805789,,A,F
"BIS,WS_XRU,1.0",D.XM.EUR.A,D,XM,EUR,A,1990-05-17,0.802047,,A,F
"BIS,WS_XRU,1.0",D.XM.EUR.A,D,XM,EUR,A,1990-05-18,0.805782,,A,F
"BIS,WS_XRU,1.0",D.XM.EUR.A,D,XM,EUR,A,1990-05-21,0.80859,,A,F
"BIS,WS_XRU,1.0",D.XM.EUR.A,D,XM,EUR,A,1990-05-22,0.815248,,A,F
"BIS,WS_XRU,1.0",D.XM.EUR.A,D,XM,EUR,A,1990-05-23,0.813094,,A,F
"BIS,WS_XRU,1.0",D.XM.EUR.A,D,XM,EUR,A,1990-05-24,0.81483,,A,F
"BIS,WS_XRU,1.0",D.XM.EUR.A,D,XM,EUR,A,1990-05-25,0.819222,,A,F
"BIS,WS_XRU,1.0",D.XM.EUR.A,D,XM,EUR,A,1990-05-28,0.818257,,A,F
"BIS,WS_XRU,1.0",D.XM.EUR.A,D,XM,EUR,A,1990-05-29,0.814445,,A,F
"BIS,WS_XRU,1.0",D.XM.EUR.A,D,XM,EUR,A,1990-05-30,0.814611,,A,F
"BIS,WS_XRU,1.0",D.XM.EUR.A,D,XM,EUR,A,1990-05-31,0.82352,,A,F
"BIS,WS_XRU,1.0",D.XM.EUR.A,D,XM,EUR,A,1990-06-01,0.824912,,A,F
"BIS,WS_XRU,1.0",D.XM.EUR.A,D,XM,EUR,A,1990-06-04,,,M,F
"BIS,WS_XRU,1.0",D.XM.EUR.A,D,XM,EUR,A,1990-06-05,0.825948,,A,F
"BIS,WS_XRU,1.0",D.XM.EUR.A,D,XM,EUR,A,1990-06-06,0.820937,,A,F
"BIS,WS_XRU,1.0",D.XM.EUR.A,D,XM,EUR,A,1990-06-07,0.824375,,A,F
"BIS,WS_XRU,1.0",D.XM.EUR.A,D,XM,EUR,A,1990-06-08,0.8243,,A,F
"BIS,WS_XRU,1.0",D.XM.EUR.A,D,XM,EUR,A,1990-06-11,0.822118,,A,F
"BIS,WS_XRU,1.0",D.XM.EUR.A,D,XM,EUR,A,1990-06-12,0.821517,,A,F
"BIS,WS_XRU,1.0",D.XM.EUR.A,D,XM,EUR,A,1990-06-13,0.822287,,A,F
"BIS,WS_XRU,1.0",D.XM.EUR.A,D,XM,EUR,A,1990-06-14,0.818264,,A,F
"BIS,WS_XRU,1.0",D.XM.EUR.A,D,XM,EUR,A,1990-06-15,0.822199,,A,F
"BIS,WS_XRU,1.0",D.XM.EUR.A,D,XM,EUR,A,1990-06-18,0.819692,,A,F
"BIS,WS_XRU,1.0",D.XM.EUR.A,D,XM,EUR,A,1990-06-19,0.814279,,A,F
"BIS,WS_XRU,1.0",D.XM.EUR.A,D,XM,EUR,A,1990-06-20,0.814041,,A,F
"BIS,WS_XRU,1.0",D.XM.EUR.A,D,XM,EUR,A,1990-06-21,0.815222,,A,F
"BIS,WS_XRU,1.0",D.XM.EUR.A,D,XM,EUR,A,1990-06-22,0.814087,,A,F
"BIS,WS_XRU,1.0",D.XM.EUR.A,D,XM,EUR,A,1990-06-25,0.812638,,A,F
"BIS,WS_XRU,1.0",D.XM.EUR.A,D,XM,EUR,A,1990-06-26,0.813438,,A,F
"BIS,WS_XRU,1.0",D.XM.EUR.A,D,XM,EUR,A,1990-06-27,0.806569,,A,F
"BIS,WS_XRU,1.0",D.XM.EUR.A,D,XM,EUR,A,1990-06-28,0.808872,,A,F
"BIS,WS_XRU,1.0",D.XM.EUR.A,D,XM,EUR,A,1990-06-29,0.809848,,A,F
"BIS,WS_XRU,1.0",D.XM.EUR.A,D,XM,EUR,A,1990-07-02,0.802169,,A,F
"BIS,WS_XRU,1.0",D.XM.EUR.A,D,XM,EUR,A,1990-07-03,0.801565,,A,F
"BIS,WS_XRU,1.0",D.XM.EUR.A,D,XM,EUR,A,1990-07-04,0.796616,,A,F
"BIS,WS_XRU,1.0",D.XM.EUR.A,D,XM,EUR,A,1990-07-05,0.798524,,A,F
"BIS,WS_XRU,1.0",D.XM.EUR.A,D,XM,EUR,A,1990-07-06,0.79952,,A,F
"BIS,WS_XRU,1.0",D.XM.EUR.A,D,XM,EUR,A,1990-07-09,0.795741,,A,F
"BIS,WS_XRU,1.0",D.XM.EUR.A,D,XM,EUR,A,1990-07-10,0.792902,,A,F
"BIS,WS_XRU,1.0",D.XM.EUR.A,D,XM,EUR,A,1990-07-11,0.796052,,A,F
"BIS,WS_XRU,1.0",D.XM.EUR.A,D,XM,EUR,A,1990-07-12,0.802375,,A,F
"BIS,WS_XRU,1.0",D.XM.EUR.A,D,XM,EUR,A,1990-07-13,0.795184,,A,F
"BIS,WS_XRU,1.0",D.XM.EUR.A,D,XM,EUR,A,1990-07-16,0.800102,,A,F
"BIS,WS_XRU,1.0",D.XM.EUR.A,D,XM,EUR,A,1990-07-17,0.796997,,A,F
"BIS,WS_XRU,1.0",D.XM.EUR.A,D,XM,EUR,A,1990-07-18,0.793336,,A,F
"BIS,WS_XRU,1.0",D.XM.EUR.A,D,XM,EUR,A,1990-07-19,0.795052,,A,F
"BIS,WS_XRU,1.0",D.XM.EUR.A,D,XM,EUR,A,1990-07-20,0.793204,,A,F
"BIS,WS_XRU,1.0",D.XM.EUR.A,D,XM,EUR,A,1990-07-23,0.791127,,A,F
"BIS,WS_XRU,1.0",D.XM.EUR.A,D,XM,EUR,A,1990-07-24,0.785564,,A,F
"BIS,WS_XRU,1.0",D.XM.EUR.A,D,XM,EUR,A,1990-07-25,0.785725,,A,F
"BIS,WS_XRU,1.0",D.XM.EUR.A,D,XM,EUR,A,1990-07-26,0.784529,,A,F
"BIS,WS_XRU,1.0",D.XM.EUR.A,D,XM,EUR,A,1990-07-27,0.784215,,A,F
"BIS,WS_XRU,1.0",D.XM.EUR.A,D,XM,EUR,A,1990-07-30,0.77838,,A,F
"BIS,WS_XRU,1.0",D.XM.EUR.A,D,XM,EUR,A,1990-07-31,0.771266,,A,F
"BIS,WS_XRU,1.0",D.XM.EUR.A,D,XM,EUR,A,1990-08-01,0.769533,,A,F
"BIS,WS_XRU,1.0",D.XM.EUR.A,D,XM,EUR,A,1990-08-02,0.781922,,A,F
"BIS,WS_XRU,1.0",D.XM.EUR.A,D,XM,EUR,A,1990-08-03,0.769716,,A,F
"BIS,WS_XRU,1.0",D.XM.EUR.A,D,XM,EUR,A,1990-08-06,0.76111,,A,F
"BIS,WS_XRU,1.0",D.XM.EUR.A,D,XM,EUR,A,1990-08-07,0.762753,,A,F
"BIS,WS_XRU,1.0",D.XM.EUR.A,D,XM,EUR,A,1990-08-08,0.771194,,A,F
"BIS,WS_XRU,1.0",D.XM.EUR.A,D,XM,EUR,A,1990-08-09,0.769918,,A,F
"BIS,WS_XRU,1.0",D.XM.EUR.A,D,XM,EUR,A,1990-08-10,0.772284,,A,F
"BIS,WS_XRU,1.0",D.XM.EUR.A,D,XM,EUR,A,1990-08-13,0.762422,,A,F
"BIS,WS_XRU,1.0",D.XM.EUR.A,D,XM,EUR,A,1990-08-14,0.762311,,A,F
"BIS,WS_XRU,1.0",D.XM.EUR.A,D,XM,EUR,A,1990-08-15,,,M,F
"BIS,WS_XRU,1.0",D.XM.EUR.A,D,XM,EUR,A,1990-08-16,0.756945,,A,F
"BIS,WS_XRU,1.0",D.XM.EUR.A,D,XM,EUR,A,1990-08-17,0.751185,,A,F
"BIS,WS_XRU,1.0",D.XM.EUR.A,D,XM,EUR,A,1990-08-20,0.752916,,A,F
"BIS,WS_XRU,1.0",D.XM.EUR.A,D,XM,EUR,A,1990-08-21,0.759008,,A,F
"BIS,WS_XRU,1.0",D.XM.EUR.A,D,XM,EUR,A,1990-08-22,0.754768,,A,F
"BIS,WS_XRU,1.0",D.XM.EUR.A,D,XM,EUR,A,1990-08-23,0.74777,,A,F
"BIS,WS_XRU,1.0",D.XM.EUR.A,D,XM,EUR,A,1990-08-24,0.752151,,A,F
"BIS,WS_XRU,1.0",D.XM.EUR.A,D,XM,EUR,A,1990-08-27,0.74564,,A,F
"BIS,WS_XRU,1.0",D.XM.EUR.A,D,XM,EUR,A,1990-08-28,0.747608,,A,F
"BIS,WS_XRU,1.0",D.XM.EUR.A,D,XM,EUR,A,1990-08-29,0.749681,,A,F
"BIS,WS_XRU,1.0",D.XM.EUR.A,D,XM,EUR,A,1990-08-30,0.757811,,A,F
"BIS,WS_XRU,1.0",D.XM.EUR.A,D,XM,EUR,A,1990-08-31,0.759169,,A,F
"BIS,WS_XRU,1.0",D.XM.EUR.A,D,XM,EUR,A,1990-09-03,0.767849,,A,F
"BIS,WS_XRU,1.0",D.XM.EUR.A,D,XM,EUR,A,1990-09-04,0.763178,,A,F
"BIS,WS_XRU,1.0",D.XM.EUR.A,D,XM,EUR,A,1990-09-05,0.759036,,A,F
"BIS,WS_XRU,1.0",D.XM.EUR.A,D,XM,EUR,A,1990-09-06,0.754011,,A,F
"BIS,WS_XRU,1.0",D.XM.EUR.A,D,XM,EUR,A,1990-09-07,0.756556,,A,F
"BIS,WS_XRU,1.0",D.XM.EUR.A,D,XM,EUR,A,1990-09-10,0.764655,,A,F
"BIS,WS_XRU,1.0",D.XM.EUR.A,D,XM,EUR,A,1990-09-11,0.773443,,A,F
"BIS,WS_XRU,1.0",D.XM.EUR.A,D,XM,EUR,A,1990-09-12,0.768575,,A,F
"BIS,WS_XRU,1.0",D.XM.EUR.A,D,XM,EUR,A,1990-09-13,0.772248,,A,F
"BIS,WS_XRU,1.0",D.XM.EUR.A,D,XM,EUR,A,1990-09-14,0.760283,,A,F
"BIS,WS_XRU,1.0",D.XM.EUR.A,D,XM,EUR,A,1990-09-17,0.754301,,A,F
"BIS,WS_XRU,1.0",D.XM.EUR.A,D,XM,EUR,A,1990-09-18,0.753358,,A,F
"BIS,WS_XRU,1.0",D.XM.EUR.A,D,XM,EUR,A,1990-09-19,0.753892,,A,F
"BIS,WS_XRU,1.0",D.XM.EUR.A,D,XM,EUR,A,1990-09-20,0.763056,,A,F
"BIS,WS_XRU,1.0",D.XM.EUR.A,D,XM,EUR,A,1990-09-21,0.765456,,A,F
"BIS,WS_XRU,1.0",D.XM.EUR.A,D,XM,EUR,A,1990-09-24,0.758904,,A,F
"BIS,WS_XRU,1.0",D.XM.EUR.A,D,XM,EUR,A,1990-09-25,0.75663,,A,F
"BIS,WS_XRU,1.0",D.XM.EUR.A,D,XM,EUR,A,1990-09-26,0.763184,,A,F
"BIS,WS_XRU,1.0",D.XM.EUR.A,D,XM,EUR,A,1990-09-27,0.761186,,A,F
"BIS,WS_XRU,1.0",D.XM.EUR.A,D,XM,EUR,A,1990-09-28,0.760196,,A,F
"BIS,WS_XRU,1.0",D.XM.EUR.A,D,XM,EUR,A,1990-10-01,0.753761,,A,F
"BIS,WS_XRU,1.0",D.XM.EUR.A,D,XM,EUR,A,1990-10-02,0.756395,,A,F
"BIS,WS_XRU,1.0",D.XM.EUR.A,D,XM,EUR,A,1990-10-03,0.753352,,A,F
"BIS,WS_XRU,1.0",D.XM.EUR.A,D,XM,EUR,A,1990-10-04,0.744846,,A,F
"BIS,WS_XRU,1.0",D.XM.EUR.A,D,XM,EUR,A,1990-10-05,0.74474,,A,F
"BIS,WS_XRU,1.0",D.XM.EUR.A,D,XM,EUR,A,1990-10-08,0.742159,,A,F
"BIS,WS_XRU,1.0",D.XM.EUR.A,D,XM,EUR,A,1990-10-09,0.739579,,A,F
"BIS,WS_XRU,1.0",D.XM.EUR.A,D,XM,EUR,A,1990-10-10,0.740165,,A,F
"BIS,WS_XRU,1.0",D.XM.EUR.A,D,XM,EUR,A,1990-10-11,0.743307,,A,F
"BIS,WS_XRU,1.0",D.XM.EUR.A,D,XM,EUR,A,1990-10-12,0.736963,,A,F
"BIS,WS_XRU,1.0",D.XM.EUR.A,D,XM,EUR,A,1990-10-15,0.738814,,A,F
"BIS,WS_XRU,1.0",D.XM.EUR.A,D,XM,EUR,A,1990-10-16,0.73964,,A,F
"BIS,WS_XRU,1.0",D.XM.EUR.A,D,XM,EUR,A,1990-10-17,0.732145,,A,F
"BIS,WS_XRU,1.0",D.XM.EUR.A,D,XM,EUR,A,1990-10-18,0.732472,,A,F
"BIS,WS_XRU,1.0",D.XM.EUR.A,D,XM,EUR,A,1990-10-19,0.732724,,A,F
"BIS,WS_XRU,1.0",D.XM.EUR.A,D,XM,EUR,A,1990-10-22,0.732697,,A,F
"BIS,WS_XRU,1.0",D.XM.EUR.A,D,XM,EUR,A,1990-10-23,0.735256,,A,F
"BIS,WS_XRU,1.0",D.XM.EUR.A,D,XM,EUR,A,1990-10-24,0.735857,,A,F
"BIS,WS_XRU,1.0",D.XM.EUR.A,D,XM,EUR,A,1990-10-25,0.732536,,A,F
"BIS,WS_XRU,1.0",D.XM.EUR.A,D,XM,EUR,A,1990-10-26,0.734462,,A,F
"BIS,WS_XRU,1.0",D.XM.EUR.A,D,XM,EUR,A,1990-10-29,0.733143,,A,F
"BIS,WS_XRU,1.0",D.XM.EUR.A,D,XM,EUR,A,1990-10-30,0.738029,,A,F
"BIS,WS_XRU,1.0",D.XM.EUR.A,D,XM,EUR,A,1990-10-31,0.737175,,A,F
"BIS,WS_XRU,1.0",D.XM.EUR.A,D,XM,EUR,A,1990-11-01,0.738165,,A,F
"BIS,WS_XRU,1.0",D.XM.EUR.A,D,XM,EUR,A,1990-11-02,0.728709,,A,F
"BIS,WS_XRU,1.0",D.XM.EUR.A,D,XM,EUR,A,1990-11-05,0.726121,,A,F
"BIS,WS_XRU,1.0",D.XM.EUR.A,D,XM,EUR,A,1990-11-06,0.724653,,A,F
"BIS,WS_XRU,1.0",D.XM.EUR.A,D,XM,EUR,A,1990-11-07,0.722768,,A,F
"BIS,WS_XRU,1.0",D.XM.EUR.A,D,XM,EUR,A,1990-11-08,0.727611,,A,F
"BIS,WS_XRU,1.0",D.XM.EUR.A,D,XM,EUR,A,1990-11-09,0.7258,,A,F
"BIS,WS_XRU,1.0",D.XM.EUR.A,D,XM,EUR,A,1990-11-12,0.720669,,A,F
"BIS,WS_XRU,1.0",D.XM.EUR.A,D,XM,EUR,A,1990-11-13,0.721553,,A,F
"BIS,WS_XRU,1.0",D.XM.EUR.A,D,XM,EUR,A,1990-11-14,0.720788,,A,F
"BIS,WS_XRU,1.0",D.XM.EUR.A,D,XM,EUR,A,1990-11-15,0.720778,,A,F
"BIS,WS_XRU,1.0",D.XM.EUR.A,D,XM,EUR,A,1990-11-16,0.722136,,A,F
"BIS,WS_XRU,1.0",D.XM.EUR.A,D,XM,EUR,A,1990-11-19,0.7168,,A,F
"BIS,WS_XRU,1.0",D.XM.EUR.A,D,XM,EUR,A,1990-11-20,0.720088,,A,F
"BIS,WS_XRU,1.0",D.XM.EUR.A,D,XM,EUR,A,1990-11-21,0.720591,,A,F
"BIS,WS_XRU,1.0",D.XM.EUR.A,D,XM,EUR,A,1990-11-22,0.722006,,A,F
"BIS,WS_XRU,1.0",D.XM.EUR.A,D,XM,EUR,A,1990-11-23,0.723181,,A,F
"BIS,WS_XRU,1.0",D.XM.EUR.A,D,XM,EUR,A,1990-11-26,0.725853,,A,F
"BIS,WS_XRU,1.0",D.XM.EUR.A,D,XM,EUR,A,1990-11-27,0.724695,,A,F
"BIS,WS_XRU,1.0",D.XM.EUR.A,D,XM,EUR,A,1990-11-28,0.720695,,A,F
"BIS,WS_XRU,1.0",D.XM.EUR.A,D,XM,EUR,A,1990-11-29,0.725216,,A,F
"BIS,WS_XRU,1.0",D.XM.EUR.A,D,XM,EUR,A,1990-11-30,0.732928,,A,F
"BIS,WS_XRU,1.0",D.XM.EUR.A,D,XM,EUR,A,1990-12-03,0.735197,,A,F
"BIS,WS_XRU,1.0",D.XM.EUR.A,D,XM,EUR,A,1990-12-04,0.734328,,A,F
"BIS,WS_XRU,1.0",D.XM.EUR.A,D,XM,EUR,A,1990-12-05,0.730647,,A,F
"BIS,WS_XRU,1.0",D.XM.EUR.A,D,XM,EUR,A,1990-12-06,0.728651,,A,F
"BIS,WS_XRU,1.0",D.XM.EUR.A,D,XM,EUR,A,1990-12-07,0.726338,,A,F
"BIS,WS_XRU,1.0",D.XM.EUR.A,D,XM,EUR,A,1990-12-10,0.719254,,A,F
"BIS,WS_XRU,1.0",D.XM.EUR.A,D,XM,EUR,A,1990-12-11,0.721485,,A,F
"BIS,WS_XRU,1.0",D.XM.EUR.A,D,XM,EUR,A,1990-12-12,0.721657,,A,F
"BIS,WS_XRU,1.0",D.XM.EUR.A,D,XM,EUR,A,1990-12-13,0.721834,,A,F
"BIS,WS_XRU,1.0",D.XM.EUR.A,D,XM,EUR,A,1990-12-14,0.726464,,A,F
"BIS,WS_XRU,1.0",D.XM.EUR.A,D,XM,EUR,A,1990-12-17,0.728571,,A,F
"BIS,WS_XRU,1.0",D.XM.EUR.A,D,XM,EUR,A,1990-12-18,0.729437,,A,F
"BIS,WS_XRU,1.0",D.XM.EUR.A,D,XM,EUR,A,1990-12-19,0.725579,,A,F
"BIS,WS_XRU,1.0",D.XM.EUR.A,D,XM,EUR,A,1990-12-20,0.732081,,A,F
"BIS,WS_XRU,1.0",D.XM.EUR.A,D,XM,EUR,A,1990-12-21,0.742506,,A,F
"BIS,WS_XRU,1.0",D.XM.EUR.A,D,XM,EUR,A,1990-12-24,0.752474,,A,F
"BIS,WS_XRU,1.0",D.XM.EUR.A,D,XM,EUR,A,1990-12-25,,,M,F
"BIS,WS_XRU,1.0",D.XM.EUR.A,D,XM,EUR,A,1990-12-26,,,M,F
"BIS,WS_XRU,1.0",D.XM.EUR.A,D,XM,EUR,A,1990-12-27,0.749648,,A,F
"BIS,WS_XRU,1.0",D.XM.EUR.A,D,XM,EUR,A,1990-12-28,0.739333,,A,F
"BIS,WS_XRU,1.0",D.XM.EUR.A,D,XM,EUR,A,1990-12-31,0.733514,,A,F
"BIS,WS_XRU,1.0",D.XM.EUR.A,D,XM,EUR,A,1991-01-01,,,M,F
"BIS,WS_XRU,1.0",D.XM.EUR.A,D,XM,EUR,A,1991-01-02,0.729895,,A,F
"BIS,WS_XRU,1.0",D.XM.EUR.A,D,XM,EUR,A,1991-01-03,0.73069,,A,F
"BIS,WS_XRU,1.0",D.XM.EUR.A,D,XM,EUR,A,1991-01-04,0.728534,,A,F
"BIS,WS_XRU,1.0",D.XM.EUR.A,D,XM,EUR,A,1991-01-07,0.749799,,A,F
"BIS,WS_XRU,1.0",D.XM.EUR.A,D,XM,EUR,A,1991-01-08,0.749277,,A,F
"BIS,WS_XRU,1.0",D.XM.EUR.A,D,XM,EUR,A,1991-01-09,0.743207,,A,F
"BIS,WS_XRU,1.0",D.XM.EUR.A,D,XM,EUR,A,1991-01-10,0.74564,,A,F
"BIS,WS_XRU,1.0",D.XM.EUR.A,D,XM,EUR,A,1991-01-11,0.749558,,A,F
"BIS,WS_XRU,1.0",D.XM.EUR.A,D,XM,EUR,A,1991-01-14,0.755869,,A,F
"BIS,WS_XRU,1.0",D.XM.EUR.A,D,XM,EUR,A,1991-01-15,0.751377,,A,F
"BIS,WS_XRU,1.0",D.XM.EUR.A,D,XM,EUR,A,1991-01-16,0.752406,,A,F
"BIS,WS_XRU,1.0",D.XM.EUR.A,D,XM,EUR,A,1991-01-17,0.742319,,A,F
"BIS,WS_XRU,1.0",D.XM.EUR.A,D,XM,EUR,A,1991-01-18,0.739727,,A,F
"BIS,WS_XRU,1.0",D.XM.EUR.A,D,XM,EUR,A,1991-01-21,0.732526,,A,F
"BIS,WS_XRU,1.0",D.XM.EUR.A,D,XM,EUR,A,1991-01-22,0.726433,,A,F
"BIS,WS_XRU,1.0",D.XM.EUR.A,D,XM,EUR,A,1991-01-23,0.73139,,A,F
"BIS,WS_XRU,1.0",D.XM.EUR.A,D,XM,EUR,A,1991-01-24,0.724496,,A,F
"BIS,WS_XRU,1.0",D.XM.EUR.A,D,XM,EUR,A,1991-01-25,0.724344,,A,F
"BIS,WS_XRU,1.0",D.XM.EUR.A,D,XM,EUR,A,1991-01-28,0.726042,,A,F
"BIS,WS_XRU,1.0",D.XM.EUR.A,D,XM,EUR,A,1991-01-29,0.723856,,A,F
"BIS,WS_XRU,1.0",D.XM.EUR.A,D,XM,EUR,A,1991-01-30,0.728449,,A,F
"BIS,WS_XRU,1.0",D.XM.EUR.A,D,XM,EUR,A,1991-01-31,0.723662,,A,F
"BIS,WS_XRU,1.0",D.XM.EUR.A,D,XM,EUR,A,1991-02-01,0.722601,,A,F
"BIS,WS_XRU,1.0",D.XM.EUR.A,D,XM,EUR,A,1991-02-04,0.713277,,A,F
"BIS,WS_XRU,1.0",D.XM.EUR.A,D,XM,EUR,A,1991-02-05,0.71473,,A,F
"BIS,WS_XRU,1.0",D.XM.EUR.A,D,XM,EUR,A,1991-02-06,0.711197,,A,F
"BIS,WS_XRU,1.0",D.XM.EUR.A,D,XM,EUR,A,1991-02-07,0.710142,,A,F
"BIS,WS_XRU,1.0",D.XM.EUR.A,D,XM,EUR,A,1991-02-08,0.71287,,A,F
"BIS,WS_XRU,1.0",D.XM.EUR.A,D,XM,EUR,A,1991-02-11,0.710904,,A,F
"BIS,WS_XRU,1.0",D.XM.EUR.A,D,XM,EUR,A,1991-02-12,0.711405,,A,F
"BIS,WS_XRU,1.0",D.XM.EUR.A,D,XM,EUR,A,1991-02-13,0.711962,,A,F
"BIS,WS_XRU,1.0",D.XM.EUR.A,D,XM,EUR,A,1991-02-14,0.715338,,A,F
"BIS,WS_XRU,1.0",D.XM.EUR.A,D,XM,EUR,A,1991-02-15,0.719984,,A,F
"BIS,WS_XRU,1.0",D.XM.EUR.A,D,XM,EUR,A,1991-02-18,0.723778,,A,F
"BIS,WS_XRU,1.0",D.XM.EUR.A,D,XM,EUR,A,1991-02-19,0.727283,,A,F
"BIS,WS_XRU,1.0",D.XM.EUR.A,D,XM,EUR,A,1991-02-20,0.727691,,A,F
"BIS,WS_XRU,1.0",D.XM.EUR.A,D,XM,EUR,A,1991-02-21,0.726908,,A,F
"BIS,WS_XRU,1.0",D.XM.EUR.A,D,XM,EUR,A,1991-02-22,0.72768,,A,F
"BIS,WS_XRU,1.0",D.XM.EUR.A,D,XM,EUR,A,1991-02-25,0.737969,,A,F
"BIS,WS_XRU,1.0",D.XM.EUR.A,D,XM,EUR,A,1991-02-26,0.74345,,A,F
"BIS,WS_XRU,1.0",D.XM.EUR.A,D,XM,EUR,A,1991-02-27,0.743229,,A,F
"BIS,WS_XRU,1.0",D.XM.EUR.A,D,XM,EUR,A,1991-02-28,0.74068,,A,F
"BIS,WS_XRU,1.0",D.XM.EUR.A,D,XM,EUR,A,1991-03-01,0.749378,,A,F
"BIS,WS_XRU,1.0",D.XM.EUR.A,D,XM,EUR,A,1991-03-04,0.750002,,A,F
"BIS,WS_XRU,1.0",D.XM.EUR.A,D,XM,EUR,A,1991-03-05,0.74504,,A,F
"BIS,WS_XRU,1.0",D.XM.EUR.A,D,XM,EUR,A,1991-03-06,0.753114,,A,F
"BIS,WS_XRU,1.0",D.XM.EUR.A,D,XM,EUR,A,1991-03-07,0.753114,,A,F
"BIS,WS_XRU,1.0",D.XM.EUR.A,D,XM,EUR,A,1991-03-08,0.758748,,A,F
"BIS,WS_XRU,1.0",D.XM.EUR.A,D,XM,EUR,A,1991-03-11,0.766636,,A,F
"BIS,WS_XRU,1.0",D.XM.EUR.A,D,XM,EUR,A,1991-03-12,0.764199,,A,F
"BIS,WS_XRU,1.0",D.XM.EUR.A,D,XM,EUR,A,1991-03-13,0.767813,,A,F
"BIS,WS_XRU,1.0",D.XM.EUR.A,D,XM,EUR,A,1991-03-14,0.767772,,A,F
"BIS,WS_XRU,1.0",D.XM.EUR.A,D,XM,EUR,A,1991-03-15,0.773724,,A,F
"BIS,WS_XRU,1.0",D.XM.EUR.A,D,XM,EUR,A,1991-03-18,0.788041,,A,F
"BIS,WS_XRU,1.0",D.XM.EUR.A,D,XM,EUR,A,1991-03-19,0.795684,,A,F
"BIS,WS_XRU,1.0",D.XM.EUR.A,D,XM,EUR,A,1991-03-20,0.80863,,A,F
"BIS,WS_XRU,1.0",D.XM.EUR.A,D,XM,EUR,A,1991-03-21,0.795558,,A,F
"BIS,WS_XRU,1.0",D.XM.EUR.A,D,XM,EUR,A,1991-03-22,0.801443,,A,F
"BIS,WS_XRU,1.0",D.XM.EUR.A,D,XM,EUR,A,1991-03-25,0.813372,,A,F
"BIS,WS_XRU,1.0",D.XM.EUR.A,D,XM,EUR,A,1991-03-26,0.82197,,A,F
"BIS,WS_XRU,1.0",D.XM.EUR.A,D,XM,EUR,A,1991-03-27,0.830158,,A,F
"BIS,WS_XRU,1.0",D.XM.EUR.A,D,XM,EUR,A,1991-03-28,0.833208,,A,F
"BIS,WS_XRU,1.0",D.XM.EUR.A,D,XM,EUR,A,1991-03-29,,,M,F
"BIS,WS_XRU,1.0",D.XM.EUR.A,D,XM,EUR,A,1991-04-01,,,M,F
"BIS,WS_XRU,1.0",D.XM.EUR.A,D,XM,EUR,A,1991-04-02,0.824769,,A,F
"BIS,WS_XRU,1.0",D.XM.EUR.A,D,XM,EUR,A,1991-04-03,0.813266,,A,F
"BIS,WS_XRU,1.0",D.XM.EUR.A,D,XM,EUR,A,1991-04-04,0.817127,,A,F
"BIS,WS_XRU,1.0",D.XM.EUR.A,D,XM,EUR,A,1991-04-05,0.809907,,A,F
"BIS,WS_XRU,1.0",D.XM.EUR.A,D,XM,EUR,A,1991-04-08,0.819142,,A,F
"BIS,WS_XRU,1.0",D.XM.EUR.A,D,XM,EUR,A,1991-04-09,0.813736,,A,F
"BIS,WS_XRU,1.0",D.XM.EUR.A,D,XM,EUR,A,1991-04-10,0.809776,,A,F
"BIS,WS_XRU,1.0",D.XM.EUR.A,D,XM,EUR,A,1991-04-11,0.814637,,A,F
"BIS,WS_XRU,1.0",D.XM.EUR.A,D,XM,EUR,A,1991-04-12,0.810432,,A,F
"BIS,WS_XRU,1.0",D.XM.EUR.A,D,XM,EUR,A,1991-04-15,0.812909,,A,F
"BIS,WS_XRU,1.0",D.XM.EUR.A,D,XM,EUR,A,1991-04-16,0.806192,,A,F
"BIS,WS_XRU,1.0",D.XM.EUR.A,D,XM,EUR,A,1991-04-17,0.808381,,A,F
"BIS,WS_XRU,1.0",D.XM.EUR.A,D,XM,EUR,A,1991-04-18,0.81712,,A,F
"BIS,WS_XRU,1.0",D.XM.EUR.A,D,XM,EUR,A,1991-04-19,0.834049,,A,F
"BIS,WS_XRU,1.0",D.XM.EUR.A,D,XM,EUR,A,1991-04-22,0.851296,,A,F
"BIS,WS_XRU,1.0",D.XM.EUR.A,D,XM,EUR,A,1991-04-23,0.85008,,A,F
"BIS,WS_XRU,1.0",D.XM.EUR.A,D,XM,EUR,A,1991-04-24,0.841177,,A,F
"BIS,WS_XRU,1.0",D.XM.EUR.A,D,XM,EUR,A,1991-04-25,0.852638,,A,F
"BIS,WS_XRU,1.0",D.XM.EUR.A,D,XM,EUR,A,1991-04-26,0.848868,,A,F
"BIS,WS_XRU,1.0",D.XM.EUR.A,D,XM,EUR,A,1991-04-29,0.858745,,A,F
"BIS,WS_XRU,1.0",D.XM.EUR.A,D,XM,EUR,A,1991-04-30,0.840562,,A,F
"BIS,WS_XRU,1.0",D.XM.EUR.A,D,XM,EUR,A,1991-05-01,,,M,F
"BIS,WS_XRU,1.0",D.XM.EUR.A,D,XM,EUR,A,1991-05-02,0.838701,,A,F
"BIS,WS_XRU,1.0",D.XM.EUR.A,D,XM,EUR,A,1991-05-03,0.832161,,A,F
"BIS,WS_XRU,1.0",D.XM.EUR.A,D,XM,EUR,A,1991-05-06,0.846489,,A,F
"BIS,WS_XRU,1.0",D.XM.EUR.A,D,XM,EUR,A,1991-05-07,0.837472,,A,F
"BIS,WS_XRU,1.0",D.XM.EUR.A,D,XM,EUR,A,1991-05-08,0.840004,,A,F
"BIS,WS_XRU,1.0",D.XM.EUR.A,D,XM,EUR,A,1991-05-09,0.844352,,A,F
"BIS,WS_XRU,1.0",D.XM.EUR.A,D,XM,EUR,A,1991-05-10,0.840817,,A,F
"BIS,WS_XRU,1.0",D.XM.EUR.A,D,XM,EUR,A,1991-05-13,0.836624,,A,F
"BIS,WS_XRU,1.0",D.XM.EUR.A,D,XM,EUR,A,1991-05-14,0.833021,,A,F
"BIS,WS_XRU,1.0",D.XM.EUR.A,D,XM,EUR,A,1991-05-15,0.823845,,A,F
"BIS,WS_XRU,1.0",D.XM.EUR.A,D,XM,EUR,A,1991-05-16,0.82176,,A,F
"BIS,WS_XRU,1.0",D.XM.EUR.A,D,XM,EUR,A,1991-05-17,0.827842,,A,F
"BIS,WS_XRU,1.0",D.XM.EUR.A,D,XM,EUR,A,1991-05-20,,,M,F
"BIS,WS_XRU,1.0",D.XM.EUR.A,D,XM,EUR,A,1991-05-21,0.832584,,A,F
"BIS,WS_XRU,1.0",D.XM.EUR.A,D,XM,EUR,A,1991-05-22,0.833333,,A,F
"BIS,WS_XRU,1.0",D.XM.EUR.A,D,XM,EUR,A,1991-05-23,0.839412,,A,F
"BIS,WS_XRU,1.0",D.XM.EUR.A,D,XM,EUR,A,1991-05-24,0.829126,,A,F
"BIS,WS_XRU,1.0",D.XM.EUR.A,D,XM,EUR,A,1991-05-27,0.827897,,A,F
"BIS,WS_XRU,1.0",D.XM.EUR.A,D,XM,EUR,A,1991-05-28,0.832383,,A,F
"BIS,WS_XRU,1.0",D.XM.EUR.A,D,XM,EUR,A,1991-05-29,0.824314,,A,F
"BIS,WS_XRU,1.0",D.XM.EUR.A,D,XM,EUR,A,1991-05-30,0.832265,,A,F
"BIS,WS_XRU,1.0",D.XM.EUR.A,D,XM,EUR,A,1991-05-31,0.838588,,A,F
"BIS,WS_XRU,1.0",D.XM.EUR.A,D,XM,EUR,A,1991-06-03,0.85242,,A,F
"BIS,WS_XRU,1.0",D.XM.EUR.A,D,XM,EUR,A,1991-06-04,0.850535,,A,F
"BIS,WS_XRU,1.0",D.XM.EUR.A,D,XM,EUR,A,1991-06-05,0.849618,,A,F
"BIS,WS_XRU,1.0",D.XM.EUR.A,D,XM,EUR,A,1991-06-06,0.849914,,A,F
"BIS,WS_XRU,1.0",D.XM.EUR.A,D,XM,EUR,A,1991-06-07,0.853709,,A,F
"BIS,WS_XRU,1.0",D.XM.EUR.A,D,XM,EUR,A,1991-06-10,0.860637,,A,F
"BIS,WS_XRU,1.0",D.XM.EUR.A,D,XM,EUR,A,1991-06-11,0.861378,,A,F
"BIS,WS_XRU,1.0",D.XM.EUR.A,D,XM,EUR,A,1991-06-12,0.866138,,A,F
"BIS,WS_XRU,1.0",D.XM.EUR.A,D,XM,EUR,A,1991-06-13,0.877047,,A,F
"BIS,WS_XRU,1.0",D.XM.EUR.A,D,XM,EUR,A,1991-06-14,0.877201,,A,F
"BIS,WS_XRU,1.0",D.XM.EUR.A,D,XM,EUR,A,1991-06-17,0.877208,,A,F
"BIS,WS_XRU,1.0",D.XM.EUR.A,D,XM,EUR,A,1991-06-18,0.883986,,A,F
"BIS,WS_XRU,1.0",D.XM.EUR.A,D,XM,EUR,A,1991-06-19,0.882659,,A,F
"BIS,WS_XRU,1.0",D.XM.EUR.A,D,XM,EUR,A,1991-06-20,0.874034,,A,F
"BIS,WS_XRU,1.0",D.XM.EUR.A,D,XM,EUR,A,1991-06-21,0.875933,,A,F
"BIS,WS_XRU,1.0",D.XM.EUR.A,D,XM,EUR,A,1991-06-24,0.875396,,A,F
"BIS,WS_XRU,1.0",D.XM.EUR.A,D,XM,EUR,A,1991-06-25,0.874531,,A,F
"BIS,WS_XRU,1.0",D.XM.EUR.A,D,XM,EUR,A,1991-06-26,0.874409,,A,F
"BIS,WS_XRU,1.0",D.XM.EUR.A,D,XM,EUR,A,1991-06-27,0.875404,,A,F
"BIS,WS_XRU,1.0",D.XM.EUR.A,D,XM,EUR,A,1991-06-28,0.882099,,A,F
"BIS,WS_XRU,1.0",D.XM.EUR.A,D,XM,EUR,A,1991-07-01,0.881554,,A,F
"BIS,WS_XRU,1.0",D.XM.EUR.A,D,XM,EUR,A,1991-07-02,0.889822,,A,F
"BIS,WS_XRU,1.0",D.XM.EUR.A,D,XM,EUR,A,1991-07-03,0.891631,,A,F
"BIS,WS_XRU,1.0",D.XM.EUR.A,D,XM,EUR,A,1991-07-04,0.8921,,A,F
"BIS,WS_XRU,1.0",D.XM.EUR.A,D,XM,EUR,A,1991-07-05,0.89269,,A,F
"BIS,WS_XRU,1.0",D.XM.EUR.A,D,XM,EUR,A,1991-07-08,0.882247,,A,F
"BIS,WS_XRU,1.0",D.XM.EUR.A,D,XM,EUR,A,1991-07-09,0.882948,,A,F
"BIS,WS_XRU,1.0",D.XM.EUR.A,D,XM,EUR,A,1991-07-10,0.886808,,A,F
"BIS,WS_XRU,1.0",D.XM.EUR.A,D,XM,EUR,A,1991-07-11,0.882068,,A,F
"BIS,WS_XRU,1.0",D.XM.EUR.A,D,XM,EUR,A,1991-07-12,0.885638,,A,F
"BIS,WS_XRU,1.0",D.XM.EUR.A,D,XM,EUR,A,1991-07-15,0.873935,,A,F
"BIS,WS_XRU,1.0",D.XM.EUR.A,D,XM,EUR,A,1991-07-16,0.871908,,A,F
"BIS,WS_XRU,1.0",D.XM.EUR.A,D,XM,EUR,A,1991-07-17,0.874776,,A,F
"BIS,WS_XRU,1.0",D.XM.EUR.A,D,XM,EUR,A,1991-07-18,0.862619,,A,F
"BIS,WS_XRU,1.0",D.XM.EUR.A,D,XM,EUR,A,1991-07-19,0.855498,,A,F
"BIS,WS_XRU,1.0",D.XM.EUR.A,D,XM,EUR,A,1991-07-22,0.854431,,A,F
"BIS,WS_XRU,1.0",D.XM.EUR.A,D,XM,EUR,A,1991-07-23,0.859542,,A,F
"BIS,WS_XRU,1.0",D.XM.EUR.A,D,XM,EUR,A,1991-07-24,0.85176,,A,F
"BIS,WS_XRU,1.0",D.XM.EUR.A,D,XM,EUR,A,1991-07-25,0.850434,,A,F
"BIS,WS_XRU,1.0",D.XM.EUR.A,D,XM,EUR,A,1991-07-26,0.850926,,A,F
"BIS,WS_XRU,1.0",D.XM.EUR.A,D,XM,EUR,A,1991-07-29,0.851238,,A,F
"BIS,WS_XRU,1.0",D.XM.EUR.A,D,XM,EUR,A,1991-07-30,0.850854,,A,F
"BIS,WS_XRU,1.0",D.XM.EUR.A,D,XM,EUR,A,1991-07-31,0.850991,,A,F
"BIS,WS_XRU,1.0",D.XM.EUR.A,D,XM,EUR,A,1991-08-01,0.851426,,A,F
"BIS,WS_XRU,1.0",D.XM.EUR.A,D,XM,EUR,A,1991-08-02,0.860089,,A,F
"BIS,WS_XRU,1.0",D.XM.EUR.A,D,XM,EUR,A,1991-08-05,0.845959,,A,F
"BIS,WS_XRU,1.0",D.XM.EUR.A,D,XM,EUR,A,1991-08-06,0.834669,,A,F
"BIS,WS_XRU,1.0",D.XM.EUR.A,D,XM,EUR,A,1991-08-07,0.835981,,A,F
"BIS,WS_XRU,1.0",D.XM.EUR.A,D,XM,EUR,A,1991-08-08,0.834655,,A,F
"BIS,WS_XRU,1.0",D.XM.EUR.A,D,XM,EUR,A,1991-08-09,0.838385,,A,F
"BIS,WS_XRU,1.0",D.XM.EUR.A,D,XM,EUR,A,1991-08-12,0.842481,,A,F
"BIS,WS_XRU,1.0",D.XM.EUR.A,D,XM,EUR,A,1991-08-13,0.842318,,A,F
"BIS,WS_XRU,1.0",D.XM.EUR.A,D,XM,EUR,A,1991-08-14,0.84827,,A,F
"BIS,WS_XRU,1.0",D.XM.EUR.A,D,XM,EUR,A,1991-08-15,0.846052,,A,F
"BIS,WS_XRU,1.0",D.XM.EUR.A,D,XM,EUR,A,1991-08-16,0.854321,,A,F
"BIS,WS_XRU,1.0",D.XM.EUR.A,D,XM,EUR,A,1991-08-19,0.885159,,A,F
"BIS,WS_XRU,1.0",D.XM.EUR.A,D,XM,EUR,A,1991-08-20,0.875933,,A,F
"BIS,WS_XRU,1.0",D.XM.EUR.A,D,XM,EUR,A,1991-08-21,0.862307,,A,F
"BIS,WS_XRU,1.0",D.XM.EUR.A,D,XM,EUR,A,1991-08-22,0.84899,,A,F
"BIS,WS_XRU,1.0",D.XM.EUR.A,D,XM,EUR,A,1991-08-23,0.844245,,A,F
"BIS,WS_XRU,1.0",D.XM.EUR.A,D,XM,EUR,A,1991-08-26,0.853119,,A,F
"BIS,WS_XRU,1.0",D.XM.EUR.A,D,XM,EUR,A,1991-08-27,0.852704,,A,F
"BIS,WS_XRU,1.0",D.XM.EUR.A,D,XM,EUR,A,1991-08-28,0.854957,,A,F
"BIS,WS_XRU,1.0",D.XM.EUR.A,D,XM,EUR,A,1991-08-29,0.845044,,A,F
"BIS,WS_XRU,1.0",D.XM.EUR.A,D,XM,EUR,A,1991-08-30,0.8485,,A,F
"BIS,WS_XRU,1.0",D.XM.EUR.A,D,XM,EUR,A,1991-09-02,0.850087,,A,F
"BIS,WS_XRU,1.0",D.XM.EUR.A,D,XM,EUR,A,1991-09-03,0.847084,,A,F
"BIS,WS_XRU,1.0",D.XM.EUR.A,D,XM,EUR,A,1991-09-04,0.845009,,A,F
"BIS,WS_XRU,1.0",D.XM.EUR.A,D,XM,EUR,A,1991-09-05,0.846246,,A,F
"BIS,WS_XRU,1.0",D.XM.EUR.A,D,XM,EUR,A,1991-09-06,0.845344,,A,F
"BIS,WS_XRU,1.0",D.XM.EUR.A,D,XM,EUR,A,1991-09-09,0.831283,,A,F
"BIS,WS_XRU,1.0",D.XM.EUR.A,D,XM,EUR,A,1991-09-10,0.825198,,A,F
"BIS,WS_XRU,1.0",D.XM.EUR.A,D,XM,EUR,A,1991-09-11,0.827294,,A,F
"BIS,WS_XRU,1.0",D.XM.EUR.A,D,XM,EUR,A,1991-09-12,0.824334,,A,F
"BIS,WS_XRU,1.0",D.XM.EUR.A,D,XM,EUR,A,1991-09-13,0.824946,,A,F
"BIS,WS_XRU,1.0",D.XM.EUR.A,D,XM,EUR,A,1991-09-16,0.823167,,A,F
"BIS,WS_XRU,1.0",D.XM.EUR.A,D,XM,EUR,A,1991-09-17,0.815415,,A,F
"BIS,WS_XRU,1.0",D.XM.EUR.A,D,XM,EUR,A,1991-09-18,0.822795,,A,F
"BIS,WS_XRU,1.0",D.XM.EUR.A,D,XM,EUR,A,1991-09-19,0.822578,,A,F
"BIS,WS_XRU,1.0",D.XM.EUR.A,D,XM,EUR,A,1991-09-20,0.828171,,A,F
"BIS,WS_XRU,1.0",D.XM.EUR.A,D,XM,EUR,A,1991-09-23,0.81652,,A,F
"BIS,WS_XRU,1.0",D.XM.EUR.A,D,XM,EUR,A,1991-09-24,0.817942,,A,F
"BIS,WS_XRU,1.0",D.XM.EUR.A,D,XM,EUR,A,1991-09-25,0.819921,,A,F
"BIS,WS_XRU,1.0",D.XM.EUR.A,D,XM,EUR,A,1991-09-26,0.82122,,A,F
"BIS,WS_XRU,1.0",D.XM.EUR.A,D,XM,EUR,A,1991-09-27,0.82331,,A,F
"BIS,WS_XRU,1.0",D.XM.EUR.A,D,XM,EUR,A,1991-09-30,0.811985,,A,F
"BIS,WS_XRU,1.0",D.XM.EUR.A,D,XM,EUR,A,1991-10-01,0.815122,,A,F
"BIS,WS_XRU,1.0",D.XM.EUR.A,D,XM,EUR,A,1991-10-02,0.811293,,A,F
"BIS,WS_XRU,1.0",D.XM.EUR.A,D,XM,EUR,A,1991-10-03,0.811352,,A,F
"BIS,WS_XRU,1.0",D.XM.EUR.A,D,XM,EUR,A,1991-10-04,0.814007,,A,F
"BIS,WS_XRU,1.0",D.XM.EUR.A,D,XM,EUR,A,1991-10-07,0.820318,,A,F
"BIS,WS_XRU,1.0",D.XM.EUR.A,D,XM,EUR,A,1991-10-08,0.824321,,A,F
"BIS,WS_XRU,1.0",D.XM.EUR.A,D,XM,EUR,A,1991-10-09,0.831525,,A,F
"BIS,WS_XRU,1.0",D.XM.EUR.A,D,XM,EUR,A,1991-10-10,0.822984,,A,F
"BIS,WS_XRU,1.0",D.XM.EUR.A,D,XM,EUR,A,1991-10-11,0.830358,,A,F
"BIS,WS_XRU,1.0",D.XM.EUR.A,D,XM,EUR,A,1991-10-14,0.826925,,A,F
"BIS,WS_XRU,1.0",D.XM.EUR.A,D,XM,EUR,A,1991-10-15,0.834571,,A,F
"BIS,WS_XRU,1.0",D.XM.EUR.A,D,XM,EUR,A,1991-10-16,0.831463,,A,F
"BIS,WS_XRU,1.0",D.XM.EUR.A,D,XM,EUR,A,1991-10-17,0.832452,,A,F
"BIS,WS_XRU,1.0",D.XM.EUR.A,D,XM,EUR,A,1991-10-18,0.825443,,A,F
"BIS,WS_XRU,1.0",D.XM.EUR.A,D,XM,EUR,A,1991-10-21,0.82392,,A,F
"BIS,WS_XRU,1.0",D.XM.EUR.A,D,XM,EUR,A,1991-10-22,0.829105,,A,F
"BIS,WS_XRU,1.0",D.XM.EUR.A,D,XM,EUR,A,1991-10-23,0.833688,,A,F
"BIS,WS_XRU,1.0",D.XM.EUR.A,D,XM,EUR,A,1991-10-24,0.828439,,A,F
"BIS,WS_XRU,1.0",D.XM.EUR.A,D,XM,EUR,A,1991-10-25,0.83,,A,F
"BIS,WS_XRU,1.0",D.XM.EUR.A,D,XM,EUR,A,1991-10-28,0.834578,,A,F
"BIS,WS_XRU,1.0",D.XM.EUR.A,D,XM,EUR,A,1991-10-29,0.835743,,A,F
"BIS,WS_XRU,1.0",D.XM.EUR.A,D,XM,EUR,A,1991-10-30,0.821355,,A,F
"BIS,WS_XRU,1.0",D.XM.EUR.A,D,XM,EUR,A,1991-10-31,0.818887,,A,F
"BIS,WS_XRU,1.0",D.XM.EUR.A,D,XM,EUR,A,1991-11-01,0.815534,,A,F
"BIS,WS_XRU,1.0",D.XM.EUR.A,D,XM,EUR,A,1991-11-04,0.801147,,A,F
"BIS,WS_XRU,1.0",D.XM.EUR.A,D,XM,EUR,A,1991-11-05,0.804156,,A,F
"BIS,WS_XRU,1.0",D.XM.EUR.A,D,XM,EUR,A,1991-11-06,0.800602,,A,F
"BIS,WS_XRU,1.0",D.XM.EUR.A,D,XM,EUR,A,1991-11-07,0.800038,,A,F
"BIS,WS_XRU,1.0",D.XM.EUR.A,D,XM,EUR,A,1991-11-08,0.806705,,A,F
"BIS,WS_XRU,1.0",D.XM.EUR.A,D,XM,EUR,A,1991-11-11,0.805724,,A,F
"BIS,WS_XRU,1.0",D.XM.EUR.A,D,XM,EUR,A,1991-11-12,0.799437,,A,F
"BIS,WS_XRU,1.0",D.XM.EUR.A,D,XM,EUR,A,1991-11-13,0.800307,,A,F
"BIS,WS_XRU,1.0",D.XM.EUR.A,D,XM,EUR,A,1991-11-14,0.799284,,A,F
"BIS,WS_XRU,1.0",D.XM.EUR.A,D,XM,EUR,A,1991-11-15,0.798958,,A,F
"BIS,WS_XRU,1.0",D.XM.EUR.A,D,XM,EUR,A,1991-11-18,0.784689,,A,F
"BIS,WS_XRU,1.0",D.XM.EUR.A,D,XM,EUR,A,1991-11-19,0.786491,,A,F
"BIS,WS_XRU,1.0",D.XM.EUR.A,D,XM,EUR,A,1991-11-20,0.785639,,A,F
"BIS,WS_XRU,1.0",D.XM.EUR.A,D,XM,EUR,A,1991-11-21,0.786578,,A,F
"BIS,WS_XRU,1.0",D.XM.EUR.A,D,XM,EUR,A,1991-11-22,0.779721,,A,F
"BIS,WS_XRU,1.0",D.XM.EUR.A,D,XM,EUR,A,1991-11-25,0.776705,,A,F
"BIS,WS_XRU,1.0",D.XM.EUR.A,D,XM,EUR,A,1991-11-26,0.782454,,A,F
"BIS,WS_XRU,1.0",D.XM.EUR.A,D,XM,EUR,A,1991-11-27,0.78979,,A,F
"BIS,WS_XRU,1.0",D.XM.EUR.A,D,XM,EUR,A,1991-11-28,0.792537,,A,F
"BIS,WS_XRU,1.0",D.XM.EUR.A,D,XM,EUR,A,1991-11-29,0.800339,,A,F
"BIS,WS_XRU,1.0",D.XM.EUR.A,D,XM,EUR,A,1991-12-02,0.78898,,A,F
"BIS,WS_XRU,1.0",D.XM.EUR.A,D,XM,EUR,A,1991-12-03,0.791465,,A,F
"BIS,WS_XRU,1.0",D.XM.EUR.A,D,XM,EUR,A,1991-12-04,0.7886,,A,F
"BIS,WS_XRU,1.0",D.XM.EUR.A,D,XM,EUR,A,1991-12-05,0.783515,,A,F
"BIS,WS_XRU,1.0",D.XM.EUR.A,D,XM,EUR,A,1991-12-06,0.779247,,A,F
"BIS,WS_XRU,1.0",D.XM.EUR.A,D,XM,EUR,A,1991-12-09,0.773724,,A,F
"BIS,WS_XRU,1.0",D.XM.EUR.A,D,XM,EUR,A,1991-12-10,0.774359,,A,F
"BIS,WS_XRU,1.0",D.XM.EUR.A,D,XM,EUR,A,1991-12-11,0.779824,,A,F
"BIS,WS_XRU,1.0",D.XM.EUR.A,D,XM,EUR,A,1991-12-12,0.772947,,A,F
"BIS,WS_XRU,1.0",D.XM.EUR.A,D,XM,EUR,A,1991-12-13,0.77912,,A,F
"BIS,WS_XRU,1.0",D.XM.EUR.A,D,XM,EUR,A,1991-12-16,0.775254,,A,F
"BIS,WS_XRU,1.0",D.XM.EUR.A,D,XM,EUR,A,1991-12-17,0.771284,,A,F
"BIS,WS_XRU,1.0",D.XM.EUR.A,D,XM,EUR,A,1991-12-18,0.769278,,A,F
"BIS,WS_XRU,1.0",D.XM.EUR.A,D,XM,EUR,A,1991-12-19,0.766019,,A,F
"BIS,WS_XRU,1.0",D.XM.EUR.A,D,XM,EUR,A,1991-12-20,0.763528,,A,F
"BIS,WS_XRU,1.0",D.XM.EUR.A,D,XM,EUR,A,1991-12-23,0.746436,,A,F
"BIS,WS_XRU,1.0",D.XM.EUR.A,D,XM,EUR,A,1991-12-24,0.745851,,A,F
"BIS,WS_XRU,1.0",D.XM.EUR.A,D,XM,EUR,A,1991-12-25,,,M,F
"BIS,WS_XRU,1.0",D.XM.EUR.A,D,XM,EUR,A,1991-12-26,,,M,F
"BIS,WS_XRU,1.0",D.XM.EUR.A,D,XM,EUR,A,1991-12-27,0.744934,,A,F
"BIS,WS_XRU,1.0",D.XM.EUR.A,D,XM,EUR,A,1991-12-30,0.745545,,A,F
"BIS,WS_XRU,1.0",D.XM.EUR.A,D,XM,EUR,A,1991-12-31,0.745751,,A,F
"BIS,WS_XRU,1.0",D.XM.EUR.A,D,XM,EUR,A,1992-01-01,,,M,F
"BIS,WS_XRU,1.0",D.XM.EUR.A,D,XM,EUR,A,1992-01-02,0.744846,,A,F
"BIS,WS_XRU,1.0",D.XM.EUR.A,D,XM,EUR,A,1992-01-03,0.755972,,A,F
"BIS,WS_XRU,1.0",D.XM.EUR.A,D,XM,EUR,A,1992-01-06,0.74796,,A,F
"BIS,WS_XRU,1.0",D.XM.EUR.A,D,XM,EUR,A,1992-01-07,0.744491,,A,F
"BIS,WS_XRU,1.0",D.XM.EUR.A,D,XM,EUR,A,1992-01-08,0.741955,,A,F
"BIS,WS_XRU,1.0",D.XM.EUR.A,D,XM,EUR,A,1992-01-09,0.748851,,A,F
"BIS,WS_XRU,1.0",D.XM.EUR.A,D,XM,EUR,A,1992-01-10,0.765826,,A,F
"BIS,WS_XRU,1.0",D.XM.EUR.A,D,XM,EUR,A,1992-01-13,0.77315,,A,F
"BIS,WS_XRU,1.0",D.XM.EUR.A,D,XM,EUR,A,1992-01-14,0.770677,,A,F
"BIS,WS_XRU,1.0",D.XM.EUR.A,D,XM,EUR,A,1992-01-15,0.794016,,A,F
"BIS,WS_XRU,1.0",D.XM.EUR.A,D,XM,EUR,A,1992-01-16,0.791853,,A,F
"BIS,WS_XRU,1.0",D.XM.EUR.A,D,XM,EUR,A,1992-01-17,0.79635,,A,F
"BIS,WS_XRU,1.0",D.XM.EUR.A,D,XM,EUR,A,1992-01-20,0.778355,,A,F
"BIS,WS_XRU,1.0",D.XM.EUR.A,D,XM,EUR,A,1992-01-21,0.778665,,A,F
"BIS,WS_XRU,1.0",D.XM.EUR.A,D,XM,EUR,A,1992-01-22,0.776006,,A,F
"BIS,WS_XRU,1.0",D.XM.EUR.A,D,XM,EUR,A,1992-01-23,0.779751,,A,F
"BIS,WS_XRU,1.0",D.XM.EUR.A,D,XM,EUR,A,1992-01-24,0.789559,,A,F
"BIS,WS_XRU,1.0",D.XM.EUR.A,D,XM,EUR,A,1992-01-27,0.785953,,A,F
"BIS,WS_XRU,1.0",D.XM.EUR.A,D,XM,EUR,A,1992-01-28,0.786869,,A,F
"BIS,WS_XRU,1.0",D.XM.EUR.A,D,XM,EUR,A,1992-01-29,0.777551,,A,F
"BIS,WS_XRU,1.0",D.XM.EUR.A,D,XM,EUR,A,1992-01-30,0.784437,,A,F
"BIS,WS_XRU,1.0",D.XM.EUR.A,D,XM,EUR,A,1992-01-31,0.789833,,A,F
"BIS,WS_XRU,1.0",D.XM.EUR.A,D,XM,EUR,A,1992-02-03,0.785793,,A,F
"BIS,WS_XRU,1.0",D.XM.EUR.A,D,XM,EUR,A,1992-02-04,0.781366,,A,F
"BIS,WS_XRU,1.0",D.XM.EUR.A,D,XM,EUR,A,1992-02-05,0.77547,,A,F
"BIS,WS_XRU,1.0",D.XM.EUR.A,D,XM,EUR,A,1992-02-06,0.771801,,A,F
"BIS,WS_XRU,1.0",D.XM.EUR.A,D,XM,EUR,A,1992-02-07,0.773305,,A,F
"BIS,WS_XRU,1.0",D.XM.EUR.A,D,XM,EUR,A,1992-02-10,0.768545,,A,F
"BIS,WS_XRU,1.0",D.XM.EUR.A,D,XM,EUR,A,1992-02-11,0.77815,,A,F
"BIS,WS_XRU,1.0",D.XM.EUR.A,D,XM,EUR,A,1992-02-12,0.783141,,A,F
"BIS,WS_XRU,1.0",D.XM.EUR.A,D,XM,EUR,A,1992-02-13,0.784818,,A,F
"BIS,WS_XRU,1.0",D.XM.EUR.A,D,XM,EUR,A,1992-02-14,0.793871,,A,F
"BIS,WS_XRU,1.0",D.XM.EUR.A,D,XM,EUR,A,1992-02-17,0.793393,,A,F
"BIS,WS_XRU,1.0",D.XM.EUR.A,D,XM,EUR,A,1992-02-18,0.804706,,A,F
"BIS,WS_XRU,1.0",D.XM.EUR.A,D,XM,EUR,A,1992-02-19,0.804389,,A,F
"BIS,WS_XRU,1.0",D.XM.EUR.A,D,XM,EUR,A,1992-02-20,0.808976,,A,F
"BIS,WS_XRU,1.0",D.XM.EUR.A,D,XM,EUR,A,1992-02-21,0.808316,,A,F
"BIS,WS_XRU,1.0",D.XM.EUR.A,D,XM,EUR,A,1992-02-24,0.81013,,A,F
"BIS,WS_XRU,1.0",D.XM.EUR.A,D,XM,EUR,A,1992-02-25,0.805626,,A,F
"BIS,WS_XRU,1.0",D.XM.EUR.A,D,XM,EUR,A,1992-02-26,0.809697,,A,F
"BIS,WS_XRU,1.0",D.XM.EUR.A,D,XM,EUR,A,1992-02-27,0.799488,,A,F
"BIS,WS_XRU,1.0",D.XM.EUR.A,D,XM,EUR,A,1992-02-28,0.800923,,A,F
"BIS,WS_XRU,1.0",D.XM.EUR.A,D,XM,EUR,A,1992-03-02,0.799539,,A,F
"BIS,WS_XRU,1.0",D.XM.EUR.A,D,XM,EUR,A,1992-03-03,0.809402,,A,F
"BIS,WS_XRU,1.0",D.XM.EUR.A,D,XM,EUR,A,1992-03-04,0.812216,,A,F
"BIS,WS_XRU,1.0",D.XM.EUR.A,D,XM,EUR,A,1992-03-05,0.81986,,A,F
"BIS,WS_XRU,1.0",D.XM.EUR.A,D,XM,EUR,A,1992-03-06,0.8158,,A,F
"BIS,WS_XRU,1.0",D.XM.EUR.A,D,XM,EUR,A,1992-03-09,0.814803,,A,F
"BIS,WS_XRU,1.0",D.XM.EUR.A,D,XM,EUR,A,1992-03-10,0.812955,,A,F
"BIS,WS_XRU,1.0",D.XM.EUR.A,D,XM,EUR,A,1992-03-11,0.818847,,A,F
"BIS,WS_XRU,1.0",D.XM.EUR.A,D,XM,EUR,A,1992-03-12,0.815368,,A,F
"BIS,WS_XRU,1.0",D.XM.EUR.A,D,XM,EUR,A,1992-03-13,0.816887,,A,F
"BIS,WS_XRU,1.0",D.XM.EUR.A,D,XM,EUR,A,1992-03-16,0.81614,,A,F
"BIS,WS_XRU,1.0",D.XM.EUR.A,D,XM,EUR,A,1992-03-17,0.811418,,A,F
"BIS,WS_XRU,1.0",D.XM.EUR.A,D,XM,EUR,A,1992-03-18,0.808316,,A,F
"BIS,WS_XRU,1.0",D.XM.EUR.A,D,XM,EUR,A,1992-03-19,0.815601,,A,F
"BIS,WS_XRU,1.0",D.XM.EUR.A,D,XM,EUR,A,1992-03-20,0.820526,,A,F
"BIS,WS_XRU,1.0",D.XM.EUR.A,D,XM,EUR,A,1992-03-23,0.816727,,A,F
"BIS,WS_XRU,1.0",D.XM.EUR.A,D,XM,EUR,A,1992-03-24,0.813557,,A,F
"BIS,WS_XRU,1.0",D.XM.EUR.A,D,XM,EUR,A,1992-03-25,0.810517,,A,F
"BIS,WS_XRU,1.0",D.XM.EUR.A,D,XM,EUR,A,1992-03-26,0.810465,,A,F
"BIS,WS_XRU,1.0",D.XM.EUR.A,D,XM,EUR,A,1992-03-27,0.811451,,A,F
"BIS,WS_XRU,1.0",D.XM.EUR.A,D,XM,EUR,A,1992-03-30,0.806088,,A,F
"BIS,WS_XRU,1.0",D.XM.EUR.A,D,XM,EUR,A,1992-03-31,0.803994,,A,F
"BIS,WS_XRU,1.0",D.XM.EUR.A,D,XM,EUR,A,1992-04-01,0.809395,,A,F
"BIS,WS_XRU,1.0",D.XM.EUR.A,D,XM,EUR,A,1992-04-02,0.809042,,A,F
"BIS,WS_XRU,1.0",D.XM.EUR.A,D,XM,EUR,A,1992-04-03,0.801385,,A,F
"BIS,WS_XRU,1.0",D.XM.EUR.A,D,XM,EUR,A,1992-04-06,0.795311,,A,F
"BIS,WS_XRU,1.0",D.XM.EUR.A,D,XM,EUR,A,1992-04-07,0.798792,,A,F
"BIS,WS_XRU,1.0",D.XM.EUR.A,D,XM,EUR,A,1992-04-08,0.796026,,A,F
"BIS,WS_XRU,1.0",D.XM.EUR.A,D,XM,EUR,A,1992-04-09,0.801199,,A,F
"BIS,WS_XRU,1.0",D.XM.EUR.A,D,XM,EUR,A,1992-04-10,0.794111,,A,F
"BIS,WS_XRU,1.0",D.XM.EUR.A,D,XM,EUR,A,1992-04-13,0.806439,,A,F
"BIS,WS_XRU,1.0",D.XM.EUR.A,D,XM,EUR,A,1992-04-14,0.804182,,A,F
"BIS,WS_XRU,1.0",D.XM.EUR.A,D,XM,EUR,A,1992-04-15,0.806634,,A,F
"BIS,WS_XRU,1.0",D.XM.EUR.A,D,XM,EUR,A,1992-04-16,0.808976,,A,F
"BIS,WS_XRU,1.0",D.XM.EUR.A,D,XM,EUR,A,1992-04-17,,,M,F
"BIS,WS_XRU,1.0",D.XM.EUR.A,D,XM,EUR,A,1992-04-20,,,M,F
"BIS,WS_XRU,1.0",D.XM.EUR.A,D,XM,EUR,A,1992-04-21,0.811603,,A,F
"BIS,WS_XRU,1.0",D.XM.EUR.A,D,XM,EUR,A,1992-04-22,0.812295,,A,F
"BIS,WS_XRU,1.0",D.XM.EUR.A,D,XM,EUR,A,1992-04-23,0.811096,,A,F
"BIS,WS_XRU,1.0",D.XM.EUR.A,D,XM,EUR,A,1992-04-24,0.80481,,A,F
"BIS,WS_XRU,1.0",D.XM.EUR.A,D,XM,EUR,A,1992-04-27,0.805354,,A,F
"BIS,WS_XRU,1.0",D.XM.EUR.A,D,XM,EUR,A,1992-04-28,0.808107,,A,F
"BIS,WS_XRU,1.0",D.XM.EUR.A,D,XM,EUR,A,1992-04-29,0.805601,,A,F
"BIS,WS_XRU,1.0",D.XM.EUR.A,D,XM,EUR,A,1992-04-30,0.808205,,A,F
"BIS,WS_XRU,1.0",D.XM.EUR.A,D,XM,EUR,A,1992-05-01,,,M,F
"BIS,WS_XRU,1.0",D.XM.EUR.A,D,XM,EUR,A,1992-05-04,0.80271,,A,F
"BIS,WS_XRU,1.0",D.XM.EUR.A,D,XM,EUR,A,1992-05-05,0.799431,,A,F
"BIS,WS_XRU,1.0",D.XM.EUR.A,D,XM,EUR,A,1992-05-06,0.796559,,A,F
"BIS,WS_XRU,1.0",D.XM.EUR.A,D,XM,EUR,A,1992-05-07,0.79425,,A,F
"BIS,WS_XRU,1.0",D.XM.EUR.A,D,XM,EUR,A,1992-05-08,0.793613,,A,F
"BIS,WS_XRU,1.0",D.XM.EUR.A,D,XM,EUR,A,1992-05-11,0.79906,,A,F
"BIS,WS_XRU,1.0",D.XM.EUR.A,D,XM,EUR,A,1992-05-12,0.793437,,A,F
"BIS,WS_XRU,1.0",D.XM.EUR.A,D,XM,EUR,A,1992-05-13,0.786547,,A,F
"BIS,WS_XRU,1.0",D.XM.EUR.A,D,XM,EUR,A,1992-05-14,0.784474,,A,F
"BIS,WS_XRU,1.0",D.XM.EUR.A,D,XM,EUR,A,1992-05-15,0.787141,,A,F
"BIS,WS_XRU,1.0",D.XM.EUR.A,D,XM,EUR,A,1992-05-18,0.777442,,A,F
"BIS,WS_XRU,1.0",D.XM.EUR.A,D,XM,EUR,A,1992-05-19,0.775092,,A,F
"BIS,WS_XRU,1.0",D.XM.EUR.A,D,XM,EUR,A,1992-05-20,0.776844,,A,F
"BIS,WS_XRU,1.0",D.XM.EUR.A,D,XM,EUR,A,1992-05-21,0.784775,,A,F
"BIS,WS_XRU,1.0",D.XM.EUR.A,D,XM,EUR,A,1992-05-22,0.788345,,A,F
"BIS,WS_XRU,1.0",D.XM.EUR.A,D,XM,EUR,A,1992-05-25,0.785379,,A,F
"BIS,WS_XRU,1.0",D.XM.EUR.A,D,XM,EUR,A,1992-05-26,0.782411,,A,F
"BIS,WS_XRU,1.0",D.XM.EUR.A,D,XM,EUR,A,1992-05-27,0.793834,,A,F
"BIS,WS_XRU,1.0",D.XM.EUR.A,D,XM,EUR,A,1992-05-28,,,M,F
"BIS,WS_XRU,1.0",D.XM.EUR.A,D,XM,EUR,A,1992-05-29,0.78365,,A,F
"BIS,WS_XRU,1.0",D.XM.EUR.A,D,XM,EUR,A,1992-06-01,0.778707,,A,F
"BIS,WS_XRU,1.0",D.XM.EUR.A,D,XM,EUR,A,1992-06-02,0.785157,,A,F
"BIS,WS_XRU,1.0",D.XM.EUR.A,D,XM,EUR,A,1992-06-03,0.783521,,A,F
"BIS,WS_XRU,1.0",D.XM.EUR.A,D,XM,EUR,A,1992-06-04,0.783773,,A,F
"BIS,WS_XRU,1.0",D.XM.EUR.A,D,XM,EUR,A,1992-06-05,0.777007,,A,F
"BIS,WS_XRU,1.0",D.XM.EUR.A,D,XM,EUR,A,1992-06-08,,,M,F
"BIS,WS_XRU,1.0",D.XM.EUR.A,D,XM,EUR,A,1992-06-09,0.773844,,A,F
"BIS,WS_XRU,1.0",D.XM.EUR.A,D,XM,EUR,A,1992-06-10,0.77824,,A,F
"BIS,WS_XRU,1.0",D.XM.EUR.A,D,XM,EUR,A,1992-06-11,0.77553,,A,F
"BIS,WS_XRU,1.0",D.XM.EUR.A,D,XM,EUR,A,1992-06-12,0.768262,,A,F
"BIS,WS_XRU,1.0",D.XM.EUR.A,D,XM,EUR,A,1992-06-15,0.765972,,A,F
"BIS,WS_XRU,1.0",D.XM.EUR.A,D,XM,EUR,A,1992-06-16,0.76746,,A,F
"BIS,WS_XRU,1.0",D.XM.EUR.A,D,XM,EUR,A,1992-06-17,0.765908,,A,F
"BIS,WS_XRU,1.0",D.XM.EUR.A,D,XM,EUR,A,1992-06-18,0.766759,,A,F
"BIS,WS_XRU,1.0",D.XM.EUR.A,D,XM,EUR,A,1992-06-19,0.765738,,A,F
"BIS,WS_XRU,1.0",D.XM.EUR.A,D,XM,EUR,A,1992-06-22,0.766201,,A,F
"BIS,WS_XRU,1.0",D.XM.EUR.A,D,XM,EUR,A,1992-06-23,0.762282,,A,F
"BIS,WS_XRU,1.0",D.XM.EUR.A,D,XM,EUR,A,1992-06-24,0.76151,,A,F
"BIS,WS_XRU,1.0",D.XM.EUR.A,D,XM,EUR,A,1992-06-25,0.752865,,A,F
"BIS,WS_XRU,1.0",D.XM.EUR.A,D,XM,EUR,A,1992-06-26,0.752378,,A,F
"BIS,WS_XRU,1.0",D.XM.EUR.A,D,XM,EUR,A,1992-06-29,0.741488,,A,F
"BIS,WS_XRU,1.0",D.XM.EUR.A,D,XM,EUR,A,1992-06-30,0.745001,,A,F
"BIS,WS_XRU,1.0",D.XM.EUR.A,D,XM,EUR,A,1992-07-01,0.739973,,A,F
"BIS,WS_XRU,1.0",D.XM.EUR.A,D,XM,EUR,A,1992-07-02,0.74179,,A,F
"BIS,WS_XRU,1.0",D.XM.EUR.A,D,XM,EUR,A,1992-07-03,0.738869,,A,F
"BIS,WS_XRU,1.0",D.XM.EUR.A,D,XM,EUR,A,1992-07-06,0.73965,,A,F
"BIS,WS_XRU,1.0",D.XM.EUR.A,D,XM,EUR,A,1992-07-07,0.730311,,A,F
"BIS,WS_XRU,1.0",D.XM.EUR.A,D,XM,EUR,A,1992-07-08,0.728911,,A,F
"BIS,WS_XRU,1.0",D.XM.EUR.A,D,XM,EUR,A,1992-07-09,0.735976,,A,F
"BIS,WS_XRU,1.0",D.XM.EUR.A,D,XM,EUR,A,1992-07-10,0.737186,,A,F
"BIS,WS_XRU,1.0",D.XM.EUR.A,D,XM,EUR,A,1992-07-13,0.726085,,A,F
"BIS,WS_XRU,1.0",D.XM.EUR.A,D,XM,EUR,A,1992-07-14,0.726945,,A,F
"BIS,WS_XRU,1.0",D.XM.EUR.A,D,XM,EUR,A,1992-07-15,0.72647,,A,F
"BIS,WS_XRU,1.0",D.XM.EUR.A,D,XM,EUR,A,1992-07-16,0.729065,,A,F
"BIS,WS_XRU,1.0",D.XM.EUR.A,D,XM,EUR,A,1992-07-17,0.720939,,A,F
"BIS,WS_XRU,1.0",D.XM.EUR.A,D,XM,EUR,A,1992-07-20,0.712809,,A,F
"BIS,WS_XRU,1.0",D.XM.EUR.A,D,XM,EUR,A,1992-07-21,0.73609,,A,F
"BIS,WS_XRU,1.0",D.XM.EUR.A,D,XM,EUR,A,1992-07-22,0.729171,,A,F
"BIS,WS_XRU,1.0",D.XM.EUR.A,D,XM,EUR,A,1992-07-23,0.729773,,A,F
"BIS,WS_XRU,1.0",D.XM.EUR.A,D,XM,EUR,A,1992-07-24,0.728491,,A,F
"BIS,WS_XRU,1.0",D.XM.EUR.A,D,XM,EUR,A,1992-07-27,0.726517,,A,F
"BIS,WS_XRU,1.0",D.XM.EUR.A,D,XM,EUR,A,1992-07-28,0.723176,,A,F
"BIS,WS_XRU,1.0",D.XM.EUR.A,D,XM,EUR,A,1992-07-29,0.722016,,A,F
"BIS,WS_XRU,1.0",D.XM.EUR.A,D,XM,EUR,A,1992-07-30,0.72686,,A,F
"BIS,WS_XRU,1.0",D.XM.EUR.A,D,XM,EUR,A,1992-07-31,0.7252,,A,F
"BIS,WS_XRU,1.0",D.XM.EUR.A,D,XM,EUR,A,1992-08-03,0.724359,,A,F
"BIS,WS_XRU,1.0",D.XM.EUR.A,D,XM,EUR,A,1992-08-04,0.72437,,A,F
"BIS,WS_XRU,1.0",D.XM.EUR.A,D,XM,EUR,A,1992-08-05,0.724433,,A,F
"BIS,WS_XRU,1.0",D.XM.EUR.A,D,XM,EUR,A,1992-08-06,0.728051,,A,F
"BIS,WS_XRU,1.0",D.XM.EUR.A,D,XM,EUR,A,1992-08-07,0.723783,,A,F
"BIS,WS_XRU,1.0",D.XM.EUR.A,D,XM,EUR,A,1992-08-10,0.720674,,A,F
"BIS,WS_XRU,1.0",D.XM.EUR.A,D,XM,EUR,A,1992-08-11,0.722622,,A,F
"BIS,WS_XRU,1.0",D.XM.EUR.A,D,XM,EUR,A,1992-08-12,0.721225,,A,F
"BIS,WS_XRU,1.0",D.XM.EUR.A,D,XM,EUR,A,1992-08-13,0.718442,,A,F
"BIS,WS_XRU,1.0",D.XM.EUR.A,D,XM,EUR,A,1992-08-14,0.719207,,A,F
"BIS,WS_XRU,1.0",D.XM.EUR.A,D,XM,EUR,A,1992-08-17,0.720845,,A,F
"BIS,WS_XRU,1.0",D.XM.EUR.A,D,XM,EUR,A,1992-08-18,0.717638,,A,F
"BIS,WS_XRU,1.0",D.XM.EUR.A,D,XM,EUR,A,1992-08-19,0.716969,,A,F
"BIS,WS_XRU,1.0",D.XM.EUR.A,D,XM,EUR,A,1992-08-20,0.71424,,A,F
"BIS,WS_XRU,1.0",D.XM.EUR.A,D,XM,EUR,A,1992-08-21,0.713598,,A,F
"BIS,WS_XRU,1.0",D.XM.EUR.A,D,XM,EUR,A,1992-08-24,0.700673,,A,F
"BIS,WS_XRU,1.0",D.XM.EUR.A,D,XM,EUR,A,1992-08-25,0.693327,,A,F
"BIS,WS_XRU,1.0",D.XM.EUR.A,D,XM,EUR,A,1992-08-26,0.693135,,A,F
"BIS,WS_XRU,1.0",D.XM.EUR.A,D,XM,EUR,A,1992-08-27,0.697316,,A,F
"BIS,WS_XRU,1.0",D.XM.EUR.A,D,XM,EUR,A,1992-08-28,0.694247,,A,F
"BIS,WS_XRU,1.0",D.XM.EUR.A,D,XM,EUR,A,1992-08-31,0.695202,,A,F
"BIS,WS_XRU,1.0",D.XM.EUR.A,D,XM,EUR,A,1992-09-01,0.689118,,A,F
"BIS,WS_XRU,1.0",D.XM.EUR.A,D,XM,EUR,A,1992-09-02,0.685753,,A,F
"BIS,WS_XRU,1.0",D.XM.EUR.A,D,XM,EUR,A,1992-09-03,0.688696,,A,F
"BIS,WS_XRU,1.0",D.XM.EUR.A,D,XM,EUR,A,1992-09-04,0.703556,,A,F
"BIS,WS_XRU,1.0",D.XM.EUR.A,D,XM,EUR,A,1992-09-07,0.691951,,A,F
"BIS,WS_XRU,1.0",D.XM.EUR.A,D,XM,EUR,A,1992-09-08,0.688108,,A,F
"BIS,WS_XRU,1.0",D.XM.EUR.A,D,XM,EUR,A,1992-09-09,0.693496,,A,F
"BIS,WS_XRU,1.0",D.XM.EUR.A,D,XM,EUR,A,1992-09-10,0.698387,,A,F
"BIS,WS_XRU,1.0",D.XM.EUR.A,D,XM,EUR,A,1992-09-11,0.707614,,A,F
"BIS,WS_XRU,1.0",D.XM.EUR.A,D,XM,EUR,A,1992-09-14,0.73415,,A,F
"BIS,WS_XRU,1.0",D.XM.EUR.A,D,XM,EUR,A,1992-09-15,0.72855,,A,F
"BIS,WS_XRU,1.0",D.XM.EUR.A,D,XM,EUR,A,1992-09-16,0.746687,,A,F
"BIS,WS_XRU,1.0",D.XM.EUR.A,D,XM,EUR,A,1992-09-17,0.753233,,A,F
"BIS,WS_XRU,1.0",D.XM.EUR.A,D,XM,EUR,A,1992-09-18,0.751688,,A,F
"BIS,WS_XRU,1.0",D.XM.EUR.A,D,XM,EUR,A,1992-09-21,0.751157,,A,F
"BIS,WS_XRU,1.0",D.XM.EUR.A,D,XM,EUR,A,1992-09-22,0.745079,,A,F
"BIS,WS_XRU,1.0",D.XM.EUR.A,D,XM,EUR,A,1992-09-23,0.761934,,A,F
"BIS,WS_XRU,1.0",D.XM.EUR.A,D,XM,EUR,A,1992-09-24,0.751343,,A,F
"BIS,WS_XRU,1.0",D.XM.EUR.A,D,XM,EUR,A,1992-09-25,0.743666,,A,F
"BIS,WS_XRU,1.0",D.XM.EUR.A,D,XM,EUR,A,1992-09-28,0.735435,,A,F
"BIS,WS_XRU,1.0",D.XM.EUR.A,D,XM,EUR,A,1992-09-29,0.719932,,A,F
"BIS,WS_XRU,1.0",D.XM.EUR.A,D,XM,EUR,A,1992-09-30,0.715308,,A,F
"BIS,WS_XRU,1.0",D.XM.EUR.A,D,XM,EUR,A,1992-10-01,0.720005,,A,F
"BIS,WS_XRU,1.0",D.XM.EUR.A,D,XM,EUR,A,1992-10-02,0.729044,,A,F
"BIS,WS_XRU,1.0",D.XM.EUR.A,D,XM,EUR,A,1992-10-05,0.719357,,A,F
"BIS,WS_XRU,1.0",D.XM.EUR.A,D,XM,EUR,A,1992-10-06,0.728168,,A,F
"BIS,WS_XRU,1.0",D.XM.EUR.A,D,XM,EUR,A,1992-10-07,0.728295,,A,F
"BIS,WS_XRU,1.0",D.XM.EUR.A,D,XM,EUR,A,1992-10-08,0.749058,,A,F
"BIS,WS_XRU,1.0",D.XM.EUR.A,D,XM,EUR,A,1992-10-09,0.750323,,A,F
"BIS,WS_XRU,1.0",D.XM.EUR.A,D,XM,EUR,A,1992-10-12,0.749423,,A,F
"BIS,WS_XRU,1.0",D.XM.EUR.A,D,XM,EUR,A,1992-10-13,0.753188,,A,F
"BIS,WS_XRU,1.0",D.XM.EUR.A,D,XM,EUR,A,1992-10-14,0.743942,,A,F
"BIS,WS_XRU,1.0",D.XM.EUR.A,D,XM,EUR,A,1992-10-15,0.741779,,A,F
"BIS,WS_XRU,1.0",D.XM.EUR.A,D,XM,EUR,A,1992-10-16,0.742324,,A,F
"BIS,WS_XRU,1.0",D.XM.EUR.A,D,XM,EUR,A,1992-10-19,0.757123,,A,F
"BIS,WS_XRU,1.0",D.XM.EUR.A,D,XM,EUR,A,1992-10-20,0.768149,,A,F
"BIS,WS_XRU,1.0",D.XM.EUR.A,D,XM,EUR,A,1992-10-21,0.769805,,A,F
"BIS,WS_XRU,1.0",D.XM.EUR.A,D,XM,EUR,A,1992-10-22,0.769296,,A,F
"BIS,WS_XRU,1.0",D.XM.EUR.A,D,XM,EUR,A,1992-10-23,0.781165,,A,F
"BIS,WS_XRU,1.0",D.XM.EUR.A,D,XM,EUR,A,1992-10-26,0.783951,,A,F
"BIS,WS_XRU,1.0",D.XM.EUR.A,D,XM,EUR,A,1992-10-27,0.783024,,A,F
"BIS,WS_XRU,1.0",D.XM.EUR.A,D,XM,EUR,A,1992-10-28,0.780591,,A,F
"BIS,WS_XRU,1.0",D.XM.EUR.A,D,XM,EUR,A,1992-10-29,0.784591,,A,F
"BIS,WS_XRU,1.0",D.XM.EUR.A,D,XM,EUR,A,1992-10-30,0.78202,,A,F
"BIS,WS_XRU,1.0",D.XM.EUR.A,D,XM,EUR,A,1992-11-02,0.791289,,A,F
"BIS,WS_XRU,1.0",D.XM.EUR.A,D,XM,EUR,A,1992-11-03,0.797677,,A,F
"BIS,WS_XRU,1.0",D.XM.EUR.A,D,XM,EUR,A,1992-11-04,0.793235,,A,F
"BIS,WS_XRU,1.0",D.XM.EUR.A,D,XM,EUR,A,1992-11-05,0.803458,,A,F
"BIS,WS_XRU,1.0",D.XM.EUR.A,D,XM,EUR,A,1992-11-06,0.80503,,A,F
"BIS,WS_XRU,1.0",D.XM.EUR.A,D,XM,EUR,A,1992-11-09,0.808336,,A,F
"BIS,WS_XRU,1.0",D.XM.EUR.A,D,XM,EUR,A,1992-11-10,0.811899,,A,F
"BIS,WS_XRU,1.0",D.XM.EUR.A,D,XM,EUR,A,1992-11-11,0.810728,,A,F
"BIS,WS_XRU,1.0",D.XM.EUR.A,D,XM,EUR,A,1992-11-12,0.807057,,A,F
"BIS,WS_XRU,1.0",D.XM.EUR.A,D,XM,EUR,A,1992-11-13,0.795855,,A,F
"BIS,WS_XRU,1.0",D.XM.EUR.A,D,XM,EUR,A,1992-11-16,0.805471,,A,F
"BIS,WS_XRU,1.0",D.XM.EUR.A,D,XM,EUR,A,1992-11-17,0.814505,,A,F
"BIS,WS_XRU,1.0",D.XM.EUR.A,D,XM,EUR,A,1992-11-18,0.804732,,A,F
"BIS,WS_XRU,1.0",D.XM.EUR.A,D,XM,EUR,A,1992-11-19,0.803135,,A,F
"BIS,WS_XRU,1.0",D.XM.EUR.A,D,XM,EUR,A,1992-11-20,0.807813,,A,F
"BIS,WS_XRU,1.0",D.XM.EUR.A,D,XM,EUR,A,1992-11-23,0.818947,,A,F
"BIS,WS_XRU,1.0",D.XM.EUR.A,D,XM,EUR,A,1992-11-24,0.816713,,A,F
"BIS,WS_XRU,1.0",D.XM.EUR.A,D,XM,EUR,A,1992-11-25,0.809841,,A,F
"BIS,WS_XRU,1.0",D.XM.EUR.A,D,XM,EUR,A,1992-11-26,0.812123,,A,F
"BIS,WS_XRU,1.0",D.XM.EUR.A,D,XM,EUR,A,1992-11-27,0.818545,,A,F
"BIS,WS_XRU,1.0",D.XM.EUR.A,D,XM,EUR,A,1992-11-30,0.816173,,A,F
"BIS,WS_XRU,1.0",D.XM.EUR.A,D,XM,EUR,A,1992-12-01,0.815036,,A,F
"BIS,WS_XRU,1.0",D.XM.EUR.A,D,XM,EUR,A,1992-12-02,0.804298,,A,F
"BIS,WS_XRU,1.0",D.XM.EUR.A,D,XM,EUR,A,1992-12-03,0.806595,,A,F
"BIS,WS_XRU,1.0",D.XM.EUR.A,D,XM,EUR,A,1992-12-04,0.803523,,A,F
"BIS,WS_XRU,1.0",D.XM.EUR.A,D,XM,EUR,A,1992-12-07,0.80309,,A,F
"BIS,WS_XRU,1.0",D.XM.EUR.A,D,XM,EUR,A,1992-12-08,0.790233,,A,F
"BIS,WS_XRU,1.0",D.XM.EUR.A,D,XM,EUR,A,1992-12-09,0.801828,,A,F
"BIS,WS_XRU,1.0",D.XM.EUR.A,D,XM,EUR,A,1992-12-10,0.80562,,A,F
"BIS,WS_XRU,1.0",D.XM.EUR.A,D,XM,EUR,A,1992-12-11,0.807011,,A,F
"BIS,WS_XRU,1.0",D.XM.EUR.A,D,XM,EUR,A,1992-12-14,0.801366,,A,F
"BIS,WS_XRU,1.0",D.XM.EUR.A,D,XM,EUR,A,1992-12-15,0.801912,,A,F
"BIS,WS_XRU,1.0",D.XM.EUR.A,D,XM,EUR,A,1992-12-16,0.796787,,A,F
"BIS,WS_XRU,1.0",D.XM.EUR.A,D,XM,EUR,A,1992-12-17,0.791283,,A,F
"BIS,WS_XRU,1.0",D.XM.EUR.A,D,XM,EUR,A,1992-12-18,0.799552,,A,F
"BIS,WS_XRU,1.0",D.XM.EUR.A,D,XM,EUR,A,1992-12-21,0.799885,,A,F
"BIS,WS_XRU,1.0",D.XM.EUR.A,D,XM,EUR,A,1992-12-22,0.807931,,A,F
"BIS,WS_XRU,1.0",D.XM.EUR.A,D,XM,EUR,A,1992-12-23,0.813279,,A,F
"BIS,WS_XRU,1.0",D.XM.EUR.A,D,XM,EUR,A,1992-12-24,0.812883,,A,F
"BIS,WS_XRU,1.0",D.XM.EUR.A,D,XM,EUR,A,1992-12-25,,,M,F
"BIS,WS_XRU,1.0",D.XM.EUR.A,D,XM,EUR,A,1992-12-28,0.817267,,A,F
"BIS,WS_XRU,1.0",D.XM.EUR.A,D,XM,EUR,A,1992-12-29,0.828404,,A,F
"BIS,WS_XRU,1.0",D.XM.EUR.A,D,XM,EUR,A,1992-12-30,0.82603,,A,F
"BIS,WS_XRU,1.0",D.XM.EUR.A,D,XM,EUR,A,1992-12-31,0.825832,,A,F
"BIS,WS_XRU,1.0",D.XM.EUR.A,D,XM,EUR,A,1993-01-01,,,M,F
"BIS,WS_XRU,1.0",D.XM.EUR.A,D,XM,EUR,A,1993-01-04,0.838075,,A,F
"BIS,WS_XRU,1.0",D.XM.EUR.A,D,XM,EUR,A,1993-01-05,0.837072,,A,F
"BIS,WS_XRU,1.0",D.XM.EUR.A,D,XM,EUR,A,1993-01-06,0.834237,,A,F
"BIS,WS_XRU,1.0",D.XM.EUR.A,D,XM,EUR,A,1993-01-07,0.835932,,A,F
"BIS,WS_XRU,1.0",D.XM.EUR.A,D,XM,EUR,A,1993-01-08,0.840174,,A,F
"BIS,WS_XRU,1.0",D.XM.EUR.A,D,XM,EUR,A,1993-01-11,0.831954,,A,F
"BIS,WS_XRU,1.0",D.XM.EUR.A,D,XM,EUR,A,1993-01-12,0.827842,,A,F
"BIS,WS_XRU,1.0",D.XM.EUR.A,D,XM,EUR,A,1993-01-13,0.832064,,A,F
"BIS,WS_XRU,1.0",D.XM.EUR.A,D,XM,EUR,A,1993-01-14,0.828706,,A,F
"BIS,WS_XRU,1.0",D.XM.EUR.A,D,XM,EUR,A,1993-01-15,0.827588,,A,F
"BIS,WS_XRU,1.0",D.XM.EUR.A,D,XM,EUR,A,1993-01-18,0.827315,,A,F
"BIS,WS_XRU,1.0",D.XM.EUR.A,D,XM,EUR,A,1993-01-19,0.823689,,A,F
"BIS,WS_XRU,1.0",D.XM.EUR.A,D,XM,EUR,A,1993-01-20,0.817889,,A,F
"BIS,WS_XRU,1.0",D.XM.EUR.A,D,XM,EUR,A,1993-01-21,0.823099,,A,F
"BIS,WS_XRU,1.0",D.XM.EUR.A,D,XM,EUR,A,1993-01-22,0.822064,,A,F
"BIS,WS_XRU,1.0",D.XM.EUR.A,D,XM,EUR,A,1993-01-25,0.809022,,A,F
"BIS,WS_XRU,1.0",D.XM.EUR.A,D,XM,EUR,A,1993-01-26,0.804648,,A,F
"BIS,WS_XRU,1.0",D.XM.EUR.A,D,XM,EUR,A,1993-01-27,0.810984,,A,F
"BIS,WS_XRU,1.0",D.XM.EUR.A,D,XM,EUR,A,1993-01-28,0.810511,,A,F
"BIS,WS_XRU,1.0",D.XM.EUR.A,D,XM,EUR,A,1993-01-29,0.819128,,A,F
"BIS,WS_XRU,1.0",D.XM.EUR.A,D,XM,EUR,A,1993-02-01,0.835422,,A,F
"BIS,WS_XRU,1.0",D.XM.EUR.A,D,XM,EUR,A,1993-02-02,0.837107,,A,F
"BIS,WS_XRU,1.0",D.XM.EUR.A,D,XM,EUR,A,1993-02-03,0.845659,,A,F
"BIS,WS_XRU,1.0",D.XM.EUR.A,D,XM,EUR,A,1993-02-04,0.852341,,A,F
"BIS,WS_XRU,1.0",D.XM.EUR.A,D,XM,EUR,A,1993-02-05,0.851571,,A,F
"BIS,WS_XRU,1.0",D.XM.EUR.A,D,XM,EUR,A,1993-02-08,0.84763,,A,F
"BIS,WS_XRU,1.0",D.XM.EUR.A,D,XM,EUR,A,1993-02-09,0.849719,,A,F
"BIS,WS_XRU,1.0",D.XM.EUR.A,D,XM,EUR,A,1993-02-10,0.844994,,A,F
"BIS,WS_XRU,1.0",D.XM.EUR.A,D,XM,EUR,A,1993-02-11,0.854073,,A,F
"BIS,WS_XRU,1.0",D.XM.EUR.A,D,XM,EUR,A,1993-02-12,0.84763,,A,F
"BIS,WS_XRU,1.0",D.XM.EUR.A,D,XM,EUR,A,1993-02-15,0.854124,,A,F
"BIS,WS_XRU,1.0",D.XM.EUR.A,D,XM,EUR,A,1993-02-16,0.846991,,A,F
"BIS,WS_XRU,1.0",D.XM.EUR.A,D,XM,EUR,A,1993-02-17,0.839941,,A,F
"BIS,WS_XRU,1.0",D.XM.EUR.A,D,XM,EUR,A,1993-02-18,0.849914,,A,F
"BIS,WS_XRU,1.0",D.XM.EUR.A,D,XM,EUR,A,1993-02-19,0.84493,,A,F
"BIS,WS_XRU,1.0",D.XM.EUR.A,D,XM,EUR,A,1993-02-22,0.839934,,A,F
"BIS,WS_XRU,1.0",D.XM.EUR.A,D,XM,EUR,A,1993-02-23,0.841836,,A,F
"BIS,WS_XRU,1.0",D.XM.EUR.A,D,XM,EUR,A,1993-02-24,0.838335,,A,F
"BIS,WS_XRU,1.0",D.XM.EUR.A,D,XM,EUR,A,1993-02-25,0.844438,,A,F
"BIS,WS_XRU,1.0",D.XM.EUR.A,D,XM,EUR,A,1993-02-26,0.850398,,A,F
"BIS,WS_XRU,1.0",D.XM.EUR.A,D,XM,EUR,A,1993-03-01,0.850731,,A,F
"BIS,WS_XRU,1.0",D.XM.EUR.A,D,XM,EUR,A,1993-03-02,0.845759,,A,F
"BIS,WS_XRU,1.0",D.XM.EUR.A,D,XM,EUR,A,1993-03-03,0.843298,,A,F
"BIS,WS_XRU,1.0",D.XM.EUR.A,D,XM,EUR,A,1993-03-04,0.843739,,A,F
"BIS,WS_XRU,1.0",D.XM.EUR.A,D,XM,EUR,A,1993-03-05,0.846676,,A,F
"BIS,WS_XRU,1.0",D.XM.EUR.A,D,XM,EUR,A,1993-03-08,0.855666,,A,F
"BIS,WS_XRU,1.0",D.XM.EUR.A,D,XM,EUR,A,1993-03-09,0.854321,,A,F
"BIS,WS_XRU,1.0",D.XM.EUR.A,D,XM,EUR,A,1993-03-10,0.858966,,A,F
"BIS,WS_XRU,1.0",D.XM.EUR.A,D,XM,EUR,A,1993-03-11,0.860311,,A,F
"BIS,WS_XRU,1.0",D.XM.EUR.A,D,XM,EUR,A,1993-03-12,0.858878,,A,F
"BIS,WS_XRU,1.0",D.XM.EUR.A,D,XM,EUR,A,1993-03-15,0.859387,,A,F
"BIS,WS_XRU,1.0",D.XM.EUR.A,D,XM,EUR,A,1993-03-16,0.856781,,A,F
"BIS,WS_XRU,1.0",D.XM.EUR.A,D,XM,EUR,A,1993-03-17,0.85645,,A,F
"BIS,WS_XRU,1.0",D.XM.EUR.A,D,XM,EUR,A,1993-03-18,0.854971,,A,F
"BIS,WS_XRU,1.0",D.XM.EUR.A,D,XM,EUR,A,1993-03-19,0.842751,,A,F
"BIS,WS_XRU,1.0",D.XM.EUR.A,D,XM,EUR,A,1993-03-22,0.843796,,A,F
"BIS,WS_XRU,1.0",D.XM.EUR.A,D,XM,EUR,A,1993-03-23,0.842332,,A,F
"BIS,WS_XRU,1.0",D.XM.EUR.A,D,XM,EUR,A,1993-03-24,0.841008,,A,F
"BIS,WS_XRU,1.0",D.XM.EUR.A,D,XM,EUR,A,1993-03-25,0.843313,,A,F
"BIS,WS_XRU,1.0",D.XM.EUR.A,D,XM,EUR,A,1993-03-26,0.84251,,A,F
"BIS,WS_XRU,1.0",D.XM.EUR.A,D,XM,EUR,A,1993-03-29,0.839828,,A,F
"BIS,WS_XRU,1.0",D.XM.EUR.A,D,XM,EUR,A,1993-03-30,0.840096,,A,F
"BIS,WS_XRU,1.0",D.XM.EUR.A,D,XM,EUR,A,1993-03-31,0.832466,,A,F
"BIS,WS_XRU,1.0",D.XM.EUR.A,D,XM,EUR,A,1993-04-01,0.831684,,A,F
"BIS,WS_XRU,1.0",D.XM.EUR.A,D,XM,EUR,A,1993-04-02,0.822267,,A,F
"BIS,WS_XRU,1.0",D.XM.EUR.A,D,XM,EUR,A,1993-04-05,0.824953,,A,F
"BIS,WS_XRU,1.0",D.XM.EUR.A,D,XM,EUR,A,1993-04-06,0.827465,,A,F
"BIS,WS_XRU,1.0",D.XM.EUR.A,D,XM,EUR,A,1993-04-07,0.829181,,A,F
"BIS,WS_XRU,1.0",D.XM.EUR.A,D,XM,EUR,A,1993-04-08,0.829621,,A,F
"BIS,WS_XRU,1.0",D.XM.EUR.A,D,XM,EUR,A,1993-04-09,,,M,F
"BIS,WS_XRU,1.0",D.XM.EUR.A,D,XM,EUR,A,1993-04-12,,,M,F
"BIS,WS_XRU,1.0",D.XM.EUR.A,D,XM,EUR,A,1993-04-13,0.815954,,A,F
"BIS,WS_XRU,1.0",D.XM.EUR.A,D,XM,EUR,A,1993-04-14,0.81418,,A,F
"BIS,WS_XRU,1.0",D.XM.EUR.A,D,XM,EUR,A,1993-04-15,0.821241,,A,F
"BIS,WS_XRU,1.0",D.XM.EUR.A,D,XM,EUR,A,1993-04-16,0.824158,,A,F
"BIS,WS_XRU,1.0",D.XM.EUR.A,D,XM,EUR,A,1993-04-19,0.827007,,A,F
"BIS,WS_XRU,1.0",D.XM.EUR.A,D,XM,EUR,A,1993-04-20,0.815607,,A,F
"BIS,WS_XRU,1.0",D.XM.EUR.A,D,XM,EUR,A,1993-04-21,0.822233,,A,F
"BIS,WS_XRU,1.0",D.XM.EUR.A,D,XM,EUR,A,1993-04-22,0.820136,,A,F
"BIS,WS_XRU,1.0",D.XM.EUR.A,D,XM,EUR,A,1993-04-23,0.818043,,A,F
"BIS,WS_XRU,1.0",D.XM.EUR.A,D,XM,EUR,A,1993-04-26,0.803607,,A,F
"BIS,WS_XRU,1.0",D.XM.EUR.A,D,XM,EUR,A,1993-04-27,0.805451,,A,F
"BIS,WS_XRU,1.0",D.XM.EUR.A,D,XM,EUR,A,1993-04-28,0.813054,,A,F
"BIS,WS_XRU,1.0",D.XM.EUR.A,D,XM,EUR,A,1993-04-29,0.807246,,A,F
"BIS,WS_XRU,1.0",D.XM.EUR.A,D,XM,EUR,A,1993-04-30,0.80782,,A,F
"BIS,WS_XRU,1.0",D.XM.EUR.A,D,XM,EUR,A,1993-05-03,0.811965,,A,F
"BIS,WS_XRU,1.0",D.XM.EUR.A,D,XM,EUR,A,1993-05-04,0.805354,,A,F
"BIS,WS_XRU,1.0",D.XM.EUR.A,D,XM,EUR,A,1993-05-05,0.805231,,A,F
"BIS,WS_XRU,1.0",D.XM.EUR.A,D,XM,EUR,A,1993-05-06,0.807852,,A,F
"BIS,WS_XRU,1.0",D.XM.EUR.A,D,XM,EUR,A,1993-05-07,0.80514,,A,F
"BIS,WS_XRU,1.0",D.XM.EUR.A,D,XM,EUR,A,1993-05-10,0.813941,,A,F
"BIS,WS_XRU,1.0",D.XM.EUR.A,D,XM,EUR,A,1993-05-11,0.82375,,A,F
"BIS,WS_XRU,1.0",D.XM.EUR.A,D,XM,EUR,A,1993-05-12,0.823276,,A,F
"BIS,WS_XRU,1.0",D.XM.EUR.A,D,XM,EUR,A,1993-05-13,0.827636,,A,F
"BIS,WS_XRU,1.0",D.XM.EUR.A,D,XM,EUR,A,1993-05-14,0.825457,,A,F
"BIS,WS_XRU,1.0",D.XM.EUR.A,D,XM,EUR,A,1993-05-17,0.821868,,A,F
"BIS,WS_XRU,1.0",D.XM.EUR.A,D,XM,EUR,A,1993-05-18,0.831013,,A,F
"BIS,WS_XRU,1.0",D.XM.EUR.A,D,XM,EUR,A,1993-05-19,0.829703,,A,F
"BIS,WS_XRU,1.0",D.XM.EUR.A,D,XM,EUR,A,1993-05-20,,,M,F
"BIS,WS_XRU,1.0",D.XM.EUR.A,D,XM,EUR,A,1993-05-21,0.828494,,A,F
"BIS,WS_XRU,1.0",D.XM.EUR.A,D,XM,EUR,A,1993-05-24,0.837198,,A,F
"BIS,WS_XRU,1.0",D.XM.EUR.A,D,XM,EUR,A,1993-05-25,0.834481,,A,F
"BIS,WS_XRU,1.0",D.XM.EUR.A,D,XM,EUR,A,1993-05-26,0.831504,,A,F
"BIS,WS_XRU,1.0",D.XM.EUR.A,D,XM,EUR,A,1993-05-27,0.828569,,A,F
"BIS,WS_XRU,1.0",D.XM.EUR.A,D,XM,EUR,A,1993-05-28,0.819148,,A,F
"BIS,WS_XRU,1.0",D.XM.EUR.A,D,XM,EUR,A,1993-05-31,,,M,F
"BIS,WS_XRU,1.0",D.XM.EUR.A,D,XM,EUR,A,1993-06-01,0.815348,,A,F
"BIS,WS_XRU,1.0",D.XM.EUR.A,D,XM,EUR,A,1993-06-02,0.817294,,A,F
"BIS,WS_XRU,1.0",D.XM.EUR.A,D,XM,EUR,A,1993-06-03,0.819948,,A,F
"BIS,WS_XRU,1.0",D.XM.EUR.A,D,XM,EUR,A,1993-06-04,0.81888,,A,F
"BIS,WS_XRU,1.0",D.XM.EUR.A,D,XM,EUR,A,1993-06-07,0.832695,,A,F
"BIS,WS_XRU,1.0",D.XM.EUR.A,D,XM,EUR,A,1993-06-08,0.830689,,A,F
"BIS,WS_XRU,1.0",D.XM.EUR.A,D,XM,EUR,A,1993-06-09,0.833834,,A,F
"BIS,WS_XRU,1.0",D.XM.EUR.A,D,XM,EUR,A,1993-06-10,0.837696,,A,F
"BIS,WS_XRU,1.0",D.XM.EUR.A,D,XM,EUR,A,1993-06-11,0.834822,,A,F
"BIS,WS_XRU,1.0",D.XM.EUR.A,D,XM,EUR,A,1993-06-14,0.830206,,A,F
"BIS,WS_XRU,1.0",D.XM.EUR.A,D,XM,EUR,A,1993-06-15,0.830696,,A,F
"BIS,WS_XRU,1.0",D.XM.EUR.A,D,XM,EUR,A,1993-06-16,0.841163,,A,F
"BIS,WS_XRU,1.0",D.XM.EUR.A,D,XM,EUR,A,1993-06-17,0.846647,,A,F
"BIS,WS_XRU,1.0",D.XM.EUR.A,D,XM,EUR,A,1993-06-18,0.84969,,A,F
"BIS,WS_XRU,1.0",D.XM.EUR.A,D,XM,EUR,A,1993-06-21,0.862515,,A,F
"BIS,WS_XRU,1.0",D.XM.EUR.A,D,XM,EUR,A,1993-06-22,0.861505,,A,F
"BIS,WS_XRU,1.0",D.XM.EUR.A,D,XM,EUR,A,1993-06-23,0.868719,,A,F
"BIS,WS_XRU,1.0",D.XM.EUR.A,D,XM,EUR,A,1993-06-24,0.87222,,A,F
"BIS,WS_XRU,1.0",D.XM.EUR.A,D,XM,EUR,A,1993-06-25,0.871551,,A,F
"BIS,WS_XRU,1.0",D.XM.EUR.A,D,XM,EUR,A,1993-06-28,0.87209,,A,F
"BIS,WS_XRU,1.0",D.XM.EUR.A,D,XM,EUR,A,1993-06-29,0.866213,,A,F
"BIS,WS_XRU,1.0",D.XM.EUR.A,D,XM,EUR,A,1993-06-30,0.861289,,A,F
"BIS,WS_XRU,1.0",D.XM.EUR.A,D,XM,EUR,A,1993-07-01,0.868621,,A,F
"BIS,WS_XRU,1.0",D.XM.EUR.A,D,XM,EUR,A,1993-07-02,0.863752,,A,F
"BIS,WS_XRU,1.0",D.XM.EUR.A,D,XM,EUR,A,1993-07-05,0.865284,,A,F
"BIS,WS_XRU,1.0",D.XM.EUR.A,D,XM,EUR,A,1993-07-06,0.868546,,A,F
"BIS,WS_XRU,1.0",D.XM.EUR.A,D,XM,EUR,A,1993-07-07,0.866716,,A,F
"BIS,WS_XRU,1.0",D.XM.EUR.A,D,XM,EUR,A,1993-07-08,0.871315,,A,F
"BIS,WS_XRU,1.0",D.XM.EUR.A,D,XM,EUR,A,1993-07-09,0.880065,,A,F
"BIS,WS_XRU,1.0",D.XM.EUR.A,D,XM,EUR,A,1993-07-12,0.886627,,A,F
"BIS,WS_XRU,1.0",D.XM.EUR.A,D,XM,EUR,A,1993-07-13,0.882815,,A,F
"BIS,WS_XRU,1.0",D.XM.EUR.A,D,XM,EUR,A,1993-07-14,0.88523,,A,F
"BIS,WS_XRU,1.0",D.XM.EUR.A,D,XM,EUR,A,1993-07-15,0.879229,,A,F
"BIS,WS_XRU,1.0",D.XM.EUR.A,D,XM,EUR,A,1993-07-16,0.885167,,A,F
"BIS,WS_XRU,1.0",D.XM.EUR.A,D,XM,EUR,A,1993-07-19,0.878565,,A,F
"BIS,WS_XRU,1.0",D.XM.EUR.A,D,XM,EUR,A,1993-07-20,0.876025,,A,F
"BIS,WS_XRU,1.0",D.XM.EUR.A,D,XM,EUR,A,1993-07-21,0.871893,,A,F
"BIS,WS_XRU,1.0",D.XM.EUR.A,D,XM,EUR,A,1993-07-22,0.876347,,A,F
"BIS,WS_XRU,1.0",D.XM.EUR.A,D,XM,EUR,A,1993-07-23,0.883486,,A,F
"BIS,WS_XRU,1.0",D.XM.EUR.A,D,XM,EUR,A,1993-07-26,0.886509,,A,F
"BIS,WS_XRU,1.0",D.XM.EUR.A,D,XM,EUR,A,1993-07-27,0.884776,,A,F
"BIS,WS_XRU,1.0",D.XM.EUR.A,D,XM,EUR,A,1993-07-28,0.885167,,A,F
"BIS,WS_XRU,1.0",D.XM.EUR.A,D,XM,EUR,A,1993-07-29,0.88241,,A,F
"BIS,WS_XRU,1.0",D.XM.EUR.A,D,XM,EUR,A,1993-07-30,0.897408,,A,F
"BIS,WS_XRU,1.0",D.XM.EUR.A,D,XM,EUR,A,1993-08-02,0.898448,,A,F
"BIS,WS_XRU,1.0",D.XM.EUR.A,D,XM,EUR,A,1993-08-03,0.885826,,A,F
"BIS,WS_XRU,1.0",D.XM.EUR.A,D,XM,EUR,A,1993-08-04,0.88248,,A,F
"BIS,WS_XRU,1.0",D.XM.EUR.A,D,XM,EUR,A,1993-08-05,0.885395,,A,F
"BIS,WS_XRU,1.0",D.XM.EUR.A,D,XM,EUR,A,1993-08-06,0.888186,,A,F
"BIS,WS_XRU,1.0",D.XM.EUR.A,D,XM,EUR,A,1993-08-09,0.882916,,A,F
"BIS,WS_XRU,1.0",D.XM.EUR.A,D,XM,EUR,A,1993-08-10,0.888391,,A,F
"BIS,WS_XRU,1.0",D.XM.EUR.A,D,XM,EUR,A,1993-08-11,0.893727,,A,F
"BIS,WS_XRU,1.0",D.XM.EUR.A,D,XM,EUR,A,1993-08-12,0.895239,,A,F
"BIS,WS_XRU,1.0",D.XM.EUR.A,D,XM,EUR,A,1993-08-13,0.895327,,A,F
"BIS,WS_XRU,1.0",D.XM.EUR.A,D,XM,EUR,A,1993-08-16,0.893791,,A,F
"BIS,WS_XRU,1.0",D.XM.EUR.A,D,XM,EUR,A,1993-08-17,0.883236,,A,F
"BIS,WS_XRU,1.0",D.XM.EUR.A,D,XM,EUR,A,1993-08-18,0.882114,,A,F
"BIS,WS_XRU,1.0",D.XM.EUR.A,D,XM,EUR,A,1993-08-19,0.87614,,A,F
"BIS,WS_XRU,1.0",D.XM.EUR.A,D,XM,EUR,A,1993-08-20,0.874791,,A,F
"BIS,WS_XRU,1.0",D.XM.EUR.A,D,XM,EUR,A,1993-08-23,0.871528,,A,F
"BIS,WS_XRU,1.0",D.XM.EUR.A,D,XM,EUR,A,1993-08-24,0.875151,,A,F
"BIS,WS_XRU,1.0",D.XM.EUR.A,D,XM,EUR,A,1993-08-25,0.875113,,A,F
"BIS,WS_XRU,1.0",D.XM.EUR.A,D,XM,EUR,A,1993-08-26,0.875948,,A,F
"BIS,WS_XRU,1.0",D.XM.EUR.A,D,XM,EUR,A,1993-08-27,0.869709,,A,F
"BIS,WS_XRU,1.0",D.XM.EUR.A,D,XM,EUR,A,1993-08-30,0.871148,,A,F
"BIS,WS_XRU,1.0",D.XM.EUR.A,D,XM,EUR,A,1993-08-31,0.870148,,A,F
"BIS,WS_XRU,1.0",D.XM.EUR.A,D,XM,EUR,A,1993-09-01,0.87105,,A,F
"BIS,WS_XRU,1.0",D.XM.EUR.A,D,XM,EUR,A,1993-09-02,0.866056,,A,F
"BIS,WS_XRU,1.0",D.XM.EUR.A,D,XM,EUR,A,1993-09-03,0.863453,,A,F
"BIS,WS_XRU,1.0",D.XM.EUR.A,D,XM,EUR,A,1993-09-06,0.848479,,A,F
"BIS,WS_XRU,1.0",D.XM.EUR.A,D,XM,EUR,A,1993-09-07,0.848882,,A,F
"BIS,WS_XRU,1.0",D.XM.EUR.A,D,XM,EUR,A,1993-09-08,0.846697,,A,F
"BIS,WS_XRU,1.0",D.XM.EUR.A,D,XM,EUR,A,1993-09-09,0.840322,,A,F
"BIS,WS_XRU,1.0",D.XM.EUR.A,D,XM,EUR,A,1993-09-10,0.840548,,A,F
"BIS,WS_XRU,1.0",D.XM.EUR.A,D,XM,EUR,A,1993-09-13,0.835925,,A,F
"BIS,WS_XRU,1.0",D.XM.EUR.A,D,XM,EUR,A,1993-09-14,0.840103,,A,F
"BIS,WS_XRU,1.0",D.XM.EUR.A,D,XM,EUR,A,1993-09-15,0.835129,,A,F
"BIS,WS_XRU,1.0",D.XM.EUR.A,D,XM,EUR,A,1993-09-16,0.832071,,A,F
"BIS,WS_XRU,1.0",D.XM.EUR.A,D,XM,EUR,A,1993-09-17,0.844609,,A,F
"BIS,WS_XRU,1.0",D.XM.EUR.A,D,XM,EUR,A,1993-09-20,0.844866,,A,F
"BIS,WS_XRU,1.0",D.XM.EUR.A,D,XM,EUR,A,1993-09-21,0.838026,,A,F
"BIS,WS_XRU,1.0",D.XM.EUR.A,D,XM,EUR,A,1993-09-22,0.850666,,A,F
"BIS,WS_XRU,1.0",D.XM.EUR.A,D,XM,EUR,A,1993-09-23,0.853978,,A,F
"BIS,WS_XRU,1.0",D.XM.EUR.A,D,XM,EUR,A,1993-09-24,0.863081,,A,F
"BIS,WS_XRU,1.0",D.XM.EUR.A,D,XM,EUR,A,1993-09-27,0.850962,,A,F
"BIS,WS_XRU,1.0",D.XM.EUR.A,D,XM,EUR,A,1993-09-28,0.852668,,A,F
"BIS,WS_XRU,1.0",D.XM.EUR.A,D,XM,EUR,A,1993-09-29,0.843675,,A,F
"BIS,WS_XRU,1.0",D.XM.EUR.A,D,XM,EUR,A,1993-09-30,0.850311,,A,F
"BIS,WS_XRU,1.0",D.XM.EUR.A,D,XM,EUR,A,1993-10-01,0.859468,,A,F
"BIS,WS_XRU,1.0",D.XM.EUR.A,D,XM,EUR,A,1993-10-04,0.852057,,A,F
"BIS,WS_XRU,1.0",D.XM.EUR.A,D,XM,EUR,A,1993-10-05,0.850347,,A,F
"BIS,WS_XRU,1.0",D.XM.EUR.A,D,XM,EUR,A,1993-10-06,0.852937,,A,F
"BIS,WS_XRU,1.0",D.XM.EUR.A,D,XM,EUR,A,1993-10-07,0.84943,,A,F
"BIS,WS_XRU,1.0",D.XM.EUR.A,D,XM,EUR,A,1993-10-08,0.844787,,A,F
"BIS,WS_XRU,1.0",D.XM.EUR.A,D,XM,EUR,A,1993-10-11,0.841829,,A,F
"BIS,WS_XRU,1.0",D.XM.EUR.A,D,XM,EUR,A,1993-10-12,0.839299,,A,F
"BIS,WS_XRU,1.0",D.XM.EUR.A,D,XM,EUR,A,1993-10-13,0.84453,,A,F
"BIS,WS_XRU,1.0",D.XM.EUR.A,D,XM,EUR,A,1993-10-14,0.84768,,A,F
"BIS,WS_XRU,1.0",D.XM.EUR.A,D,XM,EUR,A,1993-10-15,0.852406,,A,F
"BIS,WS_XRU,1.0",D.XM.EUR.A,D,XM,EUR,A,1993-10-18,0.855952,,A,F
"BIS,WS_XRU,1.0",D.XM.EUR.A,D,XM,EUR,A,1993-10-19,0.862441,,A,F
"BIS,WS_XRU,1.0",D.XM.EUR.A,D,XM,EUR,A,1993-10-20,0.865276,,A,F
"BIS,WS_XRU,1.0",D.XM.EUR.A,D,XM,EUR,A,1993-10-21,0.867453,,A,F
"BIS,WS_XRU,1.0",D.XM.EUR.A,D,XM,EUR,A,1993-10-22,0.871893,,A,F
"BIS,WS_XRU,1.0",D.XM.EUR.A,D,XM,EUR,A,1993-10-25,0.874057,,A,F
"BIS,WS_XRU,1.0",D.XM.EUR.A,D,XM,EUR,A,1993-10-26,0.87926,,A,F
"BIS,WS_XRU,1.0",D.XM.EUR.A,D,XM,EUR,A,1993-10-27,0.876839,,A,F
"BIS,WS_XRU,1.0",D.XM.EUR.A,D,XM,EUR,A,1993-10-28,0.882519,,A,F
"BIS,WS_XRU,1.0",D.XM.EUR.A,D,XM,EUR,A,1993-10-29,0.876324,,A,F
"BIS,WS_XRU,1.0",D.XM.EUR.A,D,XM,EUR,A,1993-11-01,0.882675,,A,F
"BIS,WS_XRU,1.0",D.XM.EUR.A,D,XM,EUR,A,1993-11-02,0.885653,,A,F
"BIS,WS_XRU,1.0",D.XM.EUR.A,D,XM,EUR,A,1993-11-03,0.883462,,A,F
"BIS,WS_XRU,1.0",D.XM.EUR.A,D,XM,EUR,A,1993-11-04,0.88164,,A,F
"BIS,WS_XRU,1.0",D.XM.EUR.A,D,XM,EUR,A,1993-11-05,0.884783,,A,F
"BIS,WS_XRU,1.0",D.XM.EUR.A,D,XM,EUR,A,1993-11-08,0.879709,,A,F
"BIS,WS_XRU,1.0",D.XM.EUR.A,D,XM,EUR,A,1993-11-09,0.881694,,A,F
"BIS,WS_XRU,1.0",D.XM.EUR.A,D,XM,EUR,A,1993-11-10,0.884917,,A,F
"BIS,WS_XRU,1.0",D.XM.EUR.A,D,XM,EUR,A,1993-11-11,0.88206,,A,F
"BIS,WS_XRU,1.0",D.XM.EUR.A,D,XM,EUR,A,1993-11-12,0.885559,,A,F
"BIS,WS_XRU,1.0",D.XM.EUR.A,D,XM,EUR,A,1993-11-15,0.879724,,A,F
"BIS,WS_XRU,1.0",D.XM.EUR.A,D,XM,EUR,A,1993-11-16,0.882761,,A,F
"BIS,WS_XRU,1.0",D.XM.EUR.A,D,XM,EUR,A,1993-11-17,0.889292,,A,F
"BIS,WS_XRU,1.0",D.XM.EUR.A,D,XM,EUR,A,1993-11-18,0.888462,,A,F
"BIS,WS_XRU,1.0",D.XM.EUR.A,D,XM,EUR,A,1993-11-19,0.890853,,A,F
"BIS,WS_XRU,1.0",D.XM.EUR.A,D,XM,EUR,A,1993-11-22,0.889719,,A,F
"BIS,WS_XRU,1.0",D.XM.EUR.A,D,XM,EUR,A,1993-11-23,0.890329,,A,F
"BIS,WS_XRU,1.0",D.XM.EUR.A,D,XM,EUR,A,1993-11-24,0.88494,,A,F
"BIS,WS_XRU,1.0",D.XM.EUR.A,D,XM,EUR,A,1993-11-25,0.888715,,A,F
"BIS,WS_XRU,1.0",D.XM.EUR.A,D,XM,EUR,A,1993-11-26,0.890305,,A,F
"BIS,WS_XRU,1.0",D.XM.EUR.A,D,XM,EUR,A,1993-11-29,0.892427,,A,F
"BIS,WS_XRU,1.0",D.XM.EUR.A,D,XM,EUR,A,1993-11-30,0.889719,,A,F
"BIS,WS_XRU,1.0",D.XM.EUR.A,D,XM,EUR,A,1993-12-01,0.894294,,A,F
"BIS,WS_XRU,1.0",D.XM.EUR.A,D,XM,EUR,A,1993-12-02,0.894302,,A,F
"BIS,WS_XRU,1.0",D.XM.EUR.A,D,XM,EUR,A,1993-12-03,0.89459,,A,F
"BIS,WS_XRU,1.0",D.XM.EUR.A,D,XM,EUR,A,1993-12-06,0.887201,,A,F
"BIS,WS_XRU,1.0",D.XM.EUR.A,D,XM,EUR,A,1993-12-07,0.881982,,A,F
"BIS,WS_XRU,1.0",D.XM.EUR.A,D,XM,EUR,A,1993-12-08,0.884447,,A,F
"BIS,WS_XRU,1.0",D.XM.EUR.A,D,XM,EUR,A,1993-12-09,0.883939,,A,F
"BIS,WS_XRU,1.0",D.XM.EUR.A,D,XM,EUR,A,1993-12-10,0.879755,,A,F
"BIS,WS_XRU,1.0",D.XM.EUR.A,D,XM,EUR,A,1993-12-13,0.881881,,A,F
"BIS,WS_XRU,1.0",D.XM.EUR.A,D,XM,EUR,A,1993-12-14,0.886886,,A,F
"BIS,WS_XRU,1.0",D.XM.EUR.A,D,XM,EUR,A,1993-12-15,0.888344,,A,F
"BIS,WS_XRU,1.0",D.XM.EUR.A,D,XM,EUR,A,1993-12-16,0.887816,,A,F
"BIS,WS_XRU,1.0",D.XM.EUR.A,D,XM,EUR,A,1993-12-17,0.884619,,A,F
"BIS,WS_XRU,1.0",D.XM.EUR.A,D,XM,EUR,A,1993-12-20,0.887036,,A,F
"BIS,WS_XRU,1.0",D.XM.EUR.A,D,XM,EUR,A,1993-12-21,0.883619,,A,F
"BIS,WS_XRU,1.0",D.XM.EUR.A,D,XM,EUR,A,1993-12-22,0.882068,,A,F
"BIS,WS_XRU,1.0",D.XM.EUR.A,D,XM,EUR,A,1993-12-23,0.878387,,A,F
"BIS,WS_XRU,1.0",D.XM.EUR.A,D,XM,EUR,A,1993-12-24,0.87777,,A,F
"BIS,WS_XRU,1.0",D.XM.EUR.A,D,XM,EUR,A,1993-12-27,0.880848,,A,F
"BIS,WS_XRU,1.0",D.XM.EUR.A,D,XM,EUR,A,1993-12-28,0.879709,,A,F
"BIS,WS_XRU,1.0",D.XM.EUR.A,D,XM,EUR,A,1993-12-29,0.886666,,A,F
"BIS,WS_XRU,1.0",D.XM.EUR.A,D,XM,EUR,A,1993-12-30,0.892881,,A,F
"BIS,WS_XRU,1.0",D.XM.EUR.A,D,XM,EUR,A,1993-12-31,0.896322,,A,F
"BIS,WS_XRU,1.0",D.XM.EUR.A,D,XM,EUR,A,1994-01-03,0.896708,,A,F
"BIS,WS_XRU,1.0",D.XM.EUR.A,D,XM,EUR,A,1994-01-04,0.897151,,A,F
"BIS,WS_XRU,1.0",D.XM.EUR.A,D,XM,EUR,A,1994-01-05,0.895143,,A,F
"BIS,WS_XRU,1.0",D.XM.EUR.A,D,XM,EUR,A,1994-01-06,0.896186,,A,F
"BIS,WS_XRU,1.0",D.XM.EUR.A,D,XM,EUR,A,1994-01-07,0.898134,,A,F
"BIS,WS_XRU,1.0",D.XM.EUR.A,D,XM,EUR,A,1994-01-10,0.89253,,A,F
"BIS,WS_XRU,1.0",D.XM.EUR.A,D,XM,EUR,A,1994-01-11,0.897876,,A,F
"BIS,WS_XRU,1.0",D.XM.EUR.A,D,XM,EUR,A,1994-01-12,0.89552,,A,F
"BIS,WS_XRU,1.0",D.XM.EUR.A,D,XM,EUR,A,1994-01-13,0.897594,,A,F
"BIS,WS_XRU,1.0",D.XM.EUR.A,D,XM,EUR,A,1994-01-14,0.902763,,A,F
"BIS,WS_XRU,1.0",D.XM.EUR.A,D,XM,EUR,A,1994-01-17,0.901908,,A,F
"BIS,WS_XRU,1.0",D.XM.EUR.A,D,XM,EUR,A,1994-01-18,0.90069,,A,F
"BIS,WS_XRU,1.0",D.XM.EUR.A,D,XM,EUR,A,1994-01-19,0.898287,,A,F
"BIS,WS_XRU,1.0",D.XM.EUR.A,D,XM,EUR,A,1994-01-20,0.897916,,A,F
"BIS,WS_XRU,1.0",D.XM.EUR.A,D,XM,EUR,A,1994-01-21,0.894414,,A,F
"BIS,WS_XRU,1.0",D.XM.EUR.A,D,XM,EUR,A,1994-01-24,0.901153,,A,F
"BIS,WS_XRU,1.0",D.XM.EUR.A,D,XM,EUR,A,1994-01-25,0.900584,,A,F
"BIS,WS_XRU,1.0",D.XM.EUR.A,D,XM,EUR,A,1994-01-26,0.898118,,A,F
"BIS,WS_XRU,1.0",D.XM.EUR.A,D,XM,EUR,A,1994-01-27,0.896885,,A,F
"BIS,WS_XRU,1.0",D.XM.EUR.A,D,XM,EUR,A,1994-01-28,0.893743,,A,F
"BIS,WS_XRU,1.0",D.XM.EUR.A,D,XM,EUR,A,1994-01-31,0.895367,,A,F
"BIS,WS_XRU,1.0",D.XM.EUR.A,D,XM,EUR,A,1994-02-01,0.889688,,A,F
"BIS,WS_XRU,1.0",D.XM.EUR.A,D,XM,EUR,A,1994-02-02,0.891583,,A,F
"BIS,WS_XRU,1.0",D.XM.EUR.A,D,XM,EUR,A,1994-02-03,0.893424,,A,F
"BIS,WS_XRU,1.0",D.XM.EUR.A,D,XM,EUR,A,1994-02-04,0.894742,,A,F
"BIS,WS_XRU,1.0",D.XM.EUR.A,D,XM,EUR,A,1994-02-07,0.903906,,A,F
"BIS,WS_XRU,1.0",D.XM.EUR.A,D,XM,EUR,A,1994-02-08,0.905051,,A,F
"BIS,WS_XRU,1.0",D.XM.EUR.A,D,XM,EUR,A,1994-02-09,0.9056,,A,F
"BIS,WS_XRU,1.0",D.XM.EUR.A,D,XM,EUR,A,1994-02-10,0.906166,,A,F
"BIS,WS_XRU,1.0",D.XM.EUR.A,D,XM,EUR,A,1994-02-11,0.903318,,A,F
"BIS,WS_XRU,1.0",D.XM.EUR.A,D,XM,EUR,A,1994-02-14,0.898973,,A,F
"BIS,WS_XRU,1.0",D.XM.EUR.A,D,XM,EUR,A,1994-02-15,0.892363,,A,F
"BIS,WS_XRU,1.0",D.XM.EUR.A,D,XM,EUR,A,1994-02-16,0.890964,,A,F
"BIS,WS_XRU,1.0",D.XM.EUR.A,D,XM,EUR,A,1994-02-17,0.892156,,A,F
"BIS,WS_XRU,1.0",D.XM.EUR.A,D,XM,EUR,A,1994-02-18,0.887508,,A,F
"BIS,WS_XRU,1.0",D.XM.EUR.A,D,XM,EUR,A,1994-02-21,0.890845,,A,F
"BIS,WS_XRU,1.0",D.XM.EUR.A,D,XM,EUR,A,1994-02-22,0.893128,,A,F
"BIS,WS_XRU,1.0",D.XM.EUR.A,D,XM,EUR,A,1994-02-23,0.891115,,A,F
"BIS,WS_XRU,1.0",D.XM.EUR.A,D,XM,EUR,A,1994-02-24,0.89455,,A,F
"BIS,WS_XRU,1.0",D.XM.EUR.A,D,XM,EUR,A,1994-02-25,0.885802,,A,F
"BIS,WS_XRU,1.0",D.XM.EUR.A,D,XM,EUR,A,1994-02-28,0.885669,,A,F
"BIS,WS_XRU,1.0",D.XM.EUR.A,D,XM,EUR,A,1994-03-01,0.878434,,A,F
"BIS,WS_XRU,1.0",D.XM.EUR.A,D,XM,EUR,A,1994-03-02,0.879654,,A,F
"BIS,WS_XRU,1.0",D.XM.EUR.A,D,XM,EUR,A,1994-03-03,0.883361,,A,F
"BIS,WS_XRU,1.0",D.XM.EUR.A,D,XM,EUR,A,1994-03-04,0.885136,,A,F
"BIS,WS_XRU,1.0",D.XM.EUR.A,D,XM,EUR,A,1994-03-07,0.88776,,A,F
"BIS,WS_XRU,1.0",D.XM.EUR.A,D,XM,EUR,A,1994-03-08,0.885787,,A,F
"BIS,WS_XRU,1.0",D.XM.EUR.A,D,XM,EUR,A,1994-03-09,0.883892,,A,F
"BIS,WS_XRU,1.0",D.XM.EUR.A,D,XM,EUR,A,1994-03-10,0.875381,,A,F
"BIS,WS_XRU,1.0",D.XM.EUR.A,D,XM,EUR,A,1994-03-11,0.871338,,A,F
"BIS,WS_XRU,1.0",D.XM.EUR.A,D,XM,EUR,A,1994-03-14,0.873042,,A,F
"BIS,WS_XRU,1.0",D.XM.EUR.A,D,XM,EUR,A,1994-03-15,0.877732,,A,F
"BIS,WS_XRU,1.0",D.XM.EUR.A,D,XM,EUR,A,1994-03-16,0.877871,,A,F
"BIS,WS_XRU,1.0",D.XM.EUR.A,D,XM,EUR,A,1994-03-17,0.870633,,A,F
"BIS,WS_XRU,1.0",D.XM.EUR.A,D,XM,EUR,A,1994-03-18,0.876094,,A,F
"BIS,WS_XRU,1.0",D.XM.EUR.A,D,XM,EUR,A,1994-03-21,0.879933,,A,F
"BIS,WS_XRU,1.0",D.XM.EUR.A,D,XM,EUR,A,1994-03-22,0.875021,,A,F
"BIS,WS_XRU,1.0",D.XM.EUR.A,D,XM,EUR,A,1994-03-23,0.875779,,A,F
"BIS,WS_XRU,1.0",D.XM.EUR.A,D,XM,EUR,A,1994-03-24,0.872638,,A,F
"BIS,WS_XRU,1.0",D.XM.EUR.A,D,XM,EUR,A,1994-03-25,0.864857,,A,F
"BIS,WS_XRU,1.0",D.XM.EUR.A,D,XM,EUR,A,1994-03-28,0.867754,,A,F
"BIS,WS_XRU,1.0",D.XM.EUR.A,D,XM,EUR,A,1994-03-29,0.865022,,A,F
"BIS,WS_XRU,1.0",D.XM.EUR.A,D,XM,EUR,A,1994-03-30,0.869739,,A,F
"BIS,WS_XRU,1.0",D.XM.EUR.A,D,XM,EUR,A,1994-03-31,0.866071,,A,F
"BIS,WS_XRU,1.0",D.XM.EUR.A,D,XM,EUR,A,1994-04-01,,,M,F
"BIS,WS_XRU,1.0",D.XM.EUR.A,D,XM,EUR,A,1994-04-04,,,M,F
"BIS,WS_XRU,1.0",D.XM.EUR.A,D,XM,EUR,A,1994-04-05,0.87717,,A,F
"BIS,WS_XRU,1.0",D.XM.EUR.A,D,XM,EUR,A,1994-04-06,0.886438,,A,F
"BIS,WS_XRU,1.0",D.XM.EUR.A,D,XM,EUR,A,1994-04-07,0.884291,,A,F
"BIS,WS_XRU,1.0",D.XM.EUR.A,D,XM,EUR,A,1994-04-08,0.883814,,A,F
"BIS,WS_XRU,1.0",D.XM.EUR.A,D,XM,EUR,A,1994-04-11,0.881585,,A,F
"BIS,WS_XRU,1.0",D.XM.EUR.A,D,XM,EUR,A,1994-04-12,0.887138,,A,F
"BIS,WS_XRU,1.0",D.XM.EUR.A,D,XM,EUR,A,1994-04-13,0.886997,,A,F
"BIS,WS_XRU,1.0",D.XM.EUR.A,D,XM,EUR,A,1994-04-14,0.88404,,A,F
"BIS,WS_XRU,1.0",D.XM.EUR.A,D,XM,EUR,A,1994-04-15,0.884549,,A,F
"BIS,WS_XRU,1.0",D.XM.EUR.A,D,XM,EUR,A,1994-04-18,0.883876,,A,F
"BIS,WS_XRU,1.0",D.XM.EUR.A,D,XM,EUR,A,1994-04-19,0.880227,,A,F
"BIS,WS_XRU,1.0",D.XM.EUR.A,D,XM,EUR,A,1994-04-20,0.87777,,A,F
"BIS,WS_XRU,1.0",D.XM.EUR.A,D,XM,EUR,A,1994-04-21,0.873225,,A,F
"BIS,WS_XRU,1.0",D.XM.EUR.A,D,XM,EUR,A,1994-04-22,0.874967,,A,F
"BIS,WS_XRU,1.0",D.XM.EUR.A,D,XM,EUR,A,1994-04-25,0.86927,,A,F
"BIS,WS_XRU,1.0",D.XM.EUR.A,D,XM,EUR,A,1994-04-26,0.871255,,A,F
"BIS,WS_XRU,1.0",D.XM.EUR.A,D,XM,EUR,A,1994-04-27,0.866371,,A,F
"BIS,WS_XRU,1.0",D.XM.EUR.A,D,XM,EUR,A,1994-04-28,0.867017,,A,F
"BIS,WS_XRU,1.0",D.XM.EUR.A,D,XM,EUR,A,1994-04-29,0.85918,,A,F
"BIS,WS_XRU,1.0",D.XM.EUR.A,D,XM,EUR,A,1994-05-02,0.856003,,A,F
"BIS,WS_XRU,1.0",D.XM.EUR.A,D,XM,EUR,A,1994-05-03,0.852748,,A,F
"BIS,WS_XRU,1.0",D.XM.EUR.A,D,XM,EUR,A,1994-05-04,0.855074,,A,F
"BIS,WS_XRU,1.0",D.XM.EUR.A,D,XM,EUR,A,1994-05-05,0.866236,,A,F
"BIS,WS_XRU,1.0",D.XM.EUR.A,D,XM,EUR,A,1994-05-06,0.864551,,A,F
"BIS,WS_XRU,1.0",D.XM.EUR.A,D,XM,EUR,A,1994-05-09,0.859505,,A,F
"BIS,WS_XRU,1.0",D.XM.EUR.A,D,XM,EUR,A,1994-05-10,0.863916,,A,F
"BIS,WS_XRU,1.0",D.XM.EUR.A,D,XM,EUR,A,1994-05-11,0.870004,,A,F
"BIS,WS_XRU,1.0",D.XM.EUR.A,D,XM,EUR,A,1994-05-12,,,M,F
"BIS,WS_XRU,1.0",D.XM.EUR.A,D,XM,EUR,A,1994-05-13,0.865688,,A,F
"BIS,WS_XRU,1.0",D.XM.EUR.A,D,XM,EUR,A,1994-05-16,0.866206,,A,F
"BIS,WS_XRU,1.0",D.XM.EUR.A,D,XM,EUR,A,1994-05-17,0.865,,A,F
"BIS,WS_XRU,1.0",D.XM.EUR.A,D,XM,EUR,A,1994-05-18,0.861445,,A,F
"BIS,WS_XRU,1.0",D.XM.EUR.A,D,XM,EUR,A,1994-05-19,0.856428,,A,F
"BIS,WS_XRU,1.0",D.XM.EUR.A,D,XM,EUR,A,1994-05-20,0.854569,,A,F
"BIS,WS_XRU,1.0",D.XM.EUR.A,D,XM,EUR,A,1994-05-23,,,M,F
"BIS,WS_XRU,1.0",D.XM.EUR.A,D,XM,EUR,A,1994-05-24,0.854204,,A,F
"BIS,WS_XRU,1.0",D.XM.EUR.A,D,XM,EUR,A,1994-05-25,0.856355,,A,F
"BIS,WS_XRU,1.0",D.XM.EUR.A,D,XM,EUR,A,1994-05-26,0.852094,,A,F
"BIS,WS_XRU,1.0",D.XM.EUR.A,D,XM,EUR,A,1994-05-27,0.853541,,A,F
"BIS,WS_XRU,1.0",D.XM.EUR.A,D,XM,EUR,A,1994-05-30,0.852559,,A,F
"BIS,WS_XRU,1.0",D.XM.EUR.A,D,XM,EUR,A,1994-05-31,0.850731,,A,F
"BIS,WS_XRU,1.0",D.XM.EUR.A,D,XM,EUR,A,1994-06-01,0.851811,,A,F
"BIS,WS_XRU,1.0",D.XM.EUR.A,D,XM,EUR,A,1994-06-02,0.853621,,A,F
"BIS,WS_XRU,1.0",D.XM.EUR.A,D,XM,EUR,A,1994-06-03,0.860215,,A,F
"BIS,WS_XRU,1.0",D.XM.EUR.A,D,XM,EUR,A,1994-06-06,0.864342,,A,F
"BIS,WS_XRU,1.0",D.XM.EUR.A,D,XM,EUR,A,1994-06-07,0.863685,,A,F
"BIS,WS_XRU,1.0",D.XM.EUR.A,D,XM,EUR,A,1994-06-08,0.862203,,A,F
"BIS,WS_XRU,1.0",D.XM.EUR.A,D,XM,EUR,A,1994-06-09,0.862991,,A,F
"BIS,WS_XRU,1.0",D.XM.EUR.A,D,XM,EUR,A,1994-06-10,0.862262,,A,F
"BIS,WS_XRU,1.0",D.XM.EUR.A,D,XM,EUR,A,1994-06-13,0.855696,,A,F
"BIS,WS_XRU,1.0",D.XM.EUR.A,D,XM,EUR,A,1994-06-14,0.850933,,A,F
"BIS,WS_XRU,1.0",D.XM.EUR.A,D,XM,EUR,A,1994-06-15,0.84974,,A,F
"BIS,WS_XRU,1.0",D.XM.EUR.A,D,XM,EUR,A,1994-06-16,0.845938,,A,F
"BIS,WS_XRU,1.0",D.XM.EUR.A,D,XM,EUR,A,1994-06-17,0.848731,,A,F
"BIS,WS_XRU,1.0",D.XM.EUR.A,D,XM,EUR,A,1994-06-20,0.831705,,A,F
"BIS,WS_XRU,1.0",D.XM.EUR.A,D,XM,EUR,A,1994-06-21,0.834328,,A,F
"BIS,WS_XRU,1.0",D.XM.EUR.A,D,XM,EUR,A,1994-06-22,0.832355,,A,F
"BIS,WS_XRU,1.0",D.XM.EUR.A,D,XM,EUR,A,1994-06-23,0.833771,,A,F
"BIS,WS_XRU,1.0",D.XM.EUR.A,D,XM,EUR,A,1994-06-24,0.828542,,A,F
"BIS,WS_XRU,1.0",D.XM.EUR.A,D,XM,EUR,A,1994-06-27,0.822693,,A,F
"BIS,WS_XRU,1.0",D.XM.EUR.A,D,XM,EUR,A,1994-06-28,0.826426,,A,F
"BIS,WS_XRU,1.0",D.XM.EUR.A,D,XM,EUR,A,1994-06-29,0.82226,,A,F
"BIS,WS_XRU,1.0",D.XM.EUR.A,D,XM,EUR,A,1994-06-30,0.830461,,A,F
"BIS,WS_XRU,1.0",D.XM.EUR.A,D,XM,EUR,A,1994-07-01,0.832764,,A,F
"BIS,WS_XRU,1.0",D.XM.EUR.A,D,XM,EUR,A,1994-07-04,0.83071,,A,F
"BIS,WS_XRU,1.0",D.XM.EUR.A,D,XM,EUR,A,1994-07-05,0.82603,,A,F
"BIS,WS_XRU,1.0",D.XM.EUR.A,D,XM,EUR,A,1994-07-06,0.821895,,A,F
"BIS,WS_XRU,1.0",D.XM.EUR.A,D,XM,EUR,A,1994-07-07,0.822903,,A,F
"BIS,WS_XRU,1.0",D.XM.EUR.A,D,XM,EUR,A,1994-07-08,0.82122,,A,F
"BIS,WS_XRU,1.0",D.XM.EUR.A,D,XM,EUR,A,1994-07-11,0.809199,,A,F
"BIS,WS_XRU,1.0",D.XM.EUR.A,D,XM,EUR,A,1994-07-12,0.79892,,A,F
"BIS,WS_XRU,1.0",D.XM.EUR.A,D,XM,EUR,A,1994-07-13,0.799706,,A,F
"BIS,WS_XRU,1.0",D.XM.EUR.A,D,XM,EUR,A,1994-07-14,0.805873,,A,F
"BIS,WS_XRU,1.0",D.XM.EUR.A,D,XM,EUR,A,1994-07-15,0.811181,,A,F
"BIS,WS_XRU,1.0",D.XM.EUR.A,D,XM,EUR,A,1994-07-18,0.805562,,A,F
"BIS,WS_XRU,1.0",D.XM.EUR.A,D,XM,EUR,A,1994-07-19,0.809959,,A,F
"BIS,WS_XRU,1.0",D.XM.EUR.A,D,XM,EUR,A,1994-07-20,0.820775,,A,F
"BIS,WS_XRU,1.0",D.XM.EUR.A,D,XM,EUR,A,1994-07-21,0.813412,,A,F
"BIS,WS_XRU,1.0",D.XM.EUR.A,D,XM,EUR,A,1994-07-22,0.830723,,A,F
"BIS,WS_XRU,1.0",D.XM.EUR.A,D,XM,EUR,A,1994-07-25,0.827924,,A,F
"BIS,WS_XRU,1.0",D.XM.EUR.A,D,XM,EUR,A,1994-07-26,0.827787,,A,F
"BIS,WS_XRU,1.0",D.XM.EUR.A,D,XM,EUR,A,1994-07-27,0.82316,,A,F
"BIS,WS_XRU,1.0",D.XM.EUR.A,D,XM,EUR,A,1994-07-28,0.818907,,A,F
"BIS,WS_XRU,1.0",D.XM.EUR.A,D,XM,EUR,A,1994-07-29,0.830192,,A,F
"BIS,WS_XRU,1.0",D.XM.EUR.A,D,XM,EUR,A,1994-08-01,0.819659,,A,F
"BIS,WS_XRU,1.0",D.XM.EUR.A,D,XM,EUR,A,1994-08-02,0.823371,,A,F
"BIS,WS_XRU,1.0",D.XM.EUR.A,D,XM,EUR,A,1994-08-03,0.826084,,A,F
"BIS,WS_XRU,1.0",D.XM.EUR.A,D,XM,EUR,A,1994-08-04,0.820903,,A,F
"BIS,WS_XRU,1.0",D.XM.EUR.A,D,XM,EUR,A,1994-08-05,0.827369,,A,F
"BIS,WS_XRU,1.0",D.XM.EUR.A,D,XM,EUR,A,1994-08-08,0.825546,,A,F
"BIS,WS_XRU,1.0",D.XM.EUR.A,D,XM,EUR,A,1994-08-09,0.826501,,A,F
"BIS,WS_XRU,1.0",D.XM.EUR.A,D,XM,EUR,A,1994-08-10,0.821315,,A,F
"BIS,WS_XRU,1.0",D.XM.EUR.A,D,XM,EUR,A,1994-08-11,0.826453,,A,F
"BIS,WS_XRU,1.0",D.XM.EUR.A,D,XM,EUR,A,1994-08-12,0.81324,,A,F
"BIS,WS_XRU,1.0",D.XM.EUR.A,D,XM,EUR,A,1994-08-15,0.813908,,A,F
"BIS,WS_XRU,1.0",D.XM.EUR.A,D,XM,EUR,A,1994-08-16,0.816486,,A,F
"BIS,WS_XRU,1.0",D.XM.EUR.A,D,XM,EUR,A,1994-08-17,0.817775,,A,F
"BIS,WS_XRU,1.0",D.XM.EUR.A,D,XM,EUR,A,1994-08-18,0.810859,,A,F
"BIS,WS_XRU,1.0",D.XM.EUR.A,D,XM,EUR,A,1994-08-19,0.80694,,A,F
"BIS,WS_XRU,1.0",D.XM.EUR.A,D,XM,EUR,A,1994-08-22,0.804544,,A,F
"BIS,WS_XRU,1.0",D.XM.EUR.A,D,XM,EUR,A,1994-08-23,0.803258,,A,F
"BIS,WS_XRU,1.0",D.XM.EUR.A,D,XM,EUR,A,1994-08-24,0.808002,,A,F
"BIS,WS_XRU,1.0",D.XM.EUR.A,D,XM,EUR,A,1994-08-25,0.810294,,A,F
"BIS,WS_XRU,1.0",D.XM.EUR.A,D,XM,EUR,A,1994-08-26,0.807722,,A,F
"BIS,WS_XRU,1.0",D.XM.EUR.A,D,XM,EUR,A,1994-08-29,0.824124,,A,F
"BIS,WS_XRU,1.0",D.XM.EUR.A,D,XM,EUR,A,1994-08-30,0.82616,,A,F
"BIS,WS_XRU,1.0",D.XM.EUR.A,D,XM,EUR,A,1994-08-31,0.824817,,A,F
"BIS,WS_XRU,1.0",D.XM.EUR.A,D,XM,EUR,A,1994-09-01,0.824824,,A,F
"BIS,WS_XRU,1.0",D.XM.EUR.A,D,XM,EUR,A,1994-09-02,0.821699,,A,F
"BIS,WS_XRU,1.0",D.XM.EUR.A,D,XM,EUR,A,1994-09-05,0.811622,,A,F
"BIS,WS_XRU,1.0",D.XM.EUR.A,D,XM,EUR,A,1994-09-06,0.80878,,A,F
"BIS,WS_XRU,1.0",D.XM.EUR.A,D,XM,EUR,A,1994-09-07,0.810879,,A,F
"BIS,WS_XRU,1.0",D.XM.EUR.A,D,XM,EUR,A,1994-09-08,0.811372,,A,F
"BIS,WS_XRU,1.0",D.XM.EUR.A,D,XM,EUR,A,1994-09-09,0.81668,,A,F
"BIS,WS_XRU,1.0",D.XM.EUR.A,D,XM,EUR,A,1994-09-12,0.805393,,A,F
"BIS,WS_XRU,1.0",D.XM.EUR.A,D,XM,EUR,A,1994-09-13,0.805678,,A,F
"BIS,WS_XRU,1.0",D.XM.EUR.A,D,XM,EUR,A,1994-09-14,0.804492,,A,F
"BIS,WS_XRU,1.0",D.XM.EUR.A,D,XM,EUR,A,1994-09-15,0.807096,,A,F
"BIS,WS_XRU,1.0",D.XM.EUR.A,D,XM,EUR,A,1994-09-16,0.807389,,A,F
"BIS,WS_XRU,1.0",D.XM.EUR.A,D,XM,EUR,A,1994-09-19,0.806172,,A,F
"BIS,WS_XRU,1.0",D.XM.EUR.A,D,XM,EUR,A,1994-09-20,0.810517,,A,F
"BIS,WS_XRU,1.0",D.XM.EUR.A,D,XM,EUR,A,1994-09-21,0.807311,,A,F
"BIS,WS_XRU,1.0",D.XM.EUR.A,D,XM,EUR,A,1994-09-22,0.807357,,A,F
"BIS,WS_XRU,1.0",D.XM.EUR.A,D,XM,EUR,A,1994-09-23,0.807044,,A,F
"BIS,WS_XRU,1.0",D.XM.EUR.A,D,XM,EUR,A,1994-09-26,0.810255,,A,F
"BIS,WS_XRU,1.0",D.XM.EUR.A,D,XM,EUR,A,1994-09-27,0.807911,,A,F
"BIS,WS_XRU,1.0",D.XM.EUR.A,D,XM,EUR,A,1994-09-28,0.805004,,A,F
"BIS,WS_XRU,1.0",D.XM.EUR.A,D,XM,EUR,A,1994-09-29,0.806127,,A,F
"BIS,WS_XRU,1.0",D.XM.EUR.A,D,XM,EUR,A,1994-09-30,0.805802,,A,F
"BIS,WS_XRU,1.0",D.XM.EUR.A,D,XM,EUR,A,1994-10-03,0.811188,,A,F
"BIS,WS_XRU,1.0",D.XM.EUR.A,D,XM,EUR,A,1994-10-04,0.807604,,A,F
"BIS,WS_XRU,1.0",D.XM.EUR.A,D,XM,EUR,A,1994-10-05,0.804389,,A,F
"BIS,WS_XRU,1.0",D.XM.EUR.A,D,XM,EUR,A,1994-10-06,0.804926,,A,F
"BIS,WS_XRU,1.0",D.XM.EUR.A,D,XM,EUR,A,1994-10-07,0.802852,,A,F
"BIS,WS_XRU,1.0",D.XM.EUR.A,D,XM,EUR,A,1994-10-10,0.807278,,A,F
"BIS,WS_XRU,1.0",D.XM.EUR.A,D,XM,EUR,A,1994-10-11,0.805672,,A,F
"BIS,WS_XRU,1.0",D.XM.EUR.A,D,XM,EUR,A,1994-10-12,0.804576,,A,F
"BIS,WS_XRU,1.0",D.XM.EUR.A,D,XM,EUR,A,1994-10-13,0.804648,,A,F
"BIS,WS_XRU,1.0",D.XM.EUR.A,D,XM,EUR,A,1994-10-14,0.79437,,A,F
"BIS,WS_XRU,1.0",D.XM.EUR.A,D,XM,EUR,A,1994-10-17,0.786232,,A,F
"BIS,WS_XRU,1.0",D.XM.EUR.A,D,XM,EUR,A,1994-10-18,0.784394,,A,F
"BIS,WS_XRU,1.0",D.XM.EUR.A,D,XM,EUR,A,1994-10-19,0.784437,,A,F
"BIS,WS_XRU,1.0",D.XM.EUR.A,D,XM,EUR,A,1994-10-20,0.784443,,A,F
"BIS,WS_XRU,1.0",D.XM.EUR.A,D,XM,EUR,A,1994-10-21,0.779271,,A,F
"BIS,WS_XRU,1.0",D.XM.EUR.A,D,XM,EUR,A,1994-10-24,0.783625,,A,F
"BIS,WS_XRU,1.0",D.XM.EUR.A,D,XM,EUR,A,1994-10-25,0.778592,,A,F
"BIS,WS_XRU,1.0",D.XM.EUR.A,D,XM,EUR,A,1994-10-26,0.780646,,A,F
"BIS,WS_XRU,1.0",D.XM.EUR.A,D,XM,EUR,A,1994-10-27,0.780336,,A,F
"BIS,WS_XRU,1.0",D.XM.EUR.A,D,XM,EUR,A,1994-10-28,0.779964,,A,F
"BIS,WS_XRU,1.0",D.XM.EUR.A,D,XM,EUR,A,1994-10-31,0.788774,,A,F
"BIS,WS_XRU,1.0",D.XM.EUR.A,D,XM,EUR,A,1994-11-01,0.781653,,A,F
"BIS,WS_XRU,1.0",D.XM.EUR.A,D,XM,EUR,A,1994-11-02,0.781268,,A,F
"BIS,WS_XRU,1.0",D.XM.EUR.A,D,XM,EUR,A,1994-11-03,0.790876,,A,F
"BIS,WS_XRU,1.0",D.XM.EUR.A,D,XM,EUR,A,1994-11-04,0.795064,,A,F
"BIS,WS_XRU,1.0",D.XM.EUR.A,D,XM,EUR,A,1994-11-07,0.790676,,A,F
"BIS,WS_XRU,1.0",D.XM.EUR.A,D,XM,EUR,A,1994-11-08,0.790645,,A,F
"BIS,WS_XRU,1.0",D.XM.EUR.A,D,XM,EUR,A,1994-11-09,0.798843,,A,F
"BIS,WS_XRU,1.0",D.XM.EUR.A,D,XM,EUR,A,1994-11-10,0.797213,,A,F
"BIS,WS_XRU,1.0",D.XM.EUR.A,D,XM,EUR,A,1994-11-11,0.798977,,A,F
"BIS,WS_XRU,1.0",D.XM.EUR.A,D,XM,EUR,A,1994-11-14,0.806068,,A,F
"BIS,WS_XRU,1.0",D.XM.EUR.A,D,XM,EUR,A,1994-11-15,0.805503,,A,F
"BIS,WS_XRU,1.0",D.XM.EUR.A,D,XM,EUR,A,1994-11-16,0.812764,,A,F
"BIS,WS_XRU,1.0",D.XM.EUR.A,D,XM,EUR,A,1994-11-17,0.809579,,A,F
"BIS,WS_XRU,1.0",D.XM.EUR.A,D,XM,EUR,A,1994-11-18,0.812949,,A,F
"BIS,WS_XRU,1.0",D.XM.EUR.A,D,XM,EUR,A,1994-11-21,0.815348,,A,F
"BIS,WS_XRU,1.0",D.XM.EUR.A,D,XM,EUR,A,1994-11-22,0.810852,,A,F
"BIS,WS_XRU,1.0",D.XM.EUR.A,D,XM,EUR,A,1994-11-23,0.809795,,A,F
"BIS,WS_XRU,1.0",D.XM.EUR.A,D,XM,EUR,A,1994-11-24,0.81471,,A,F
"BIS,WS_XRU,1.0",D.XM.EUR.A,D,XM,EUR,A,1994-11-25,0.815062,,A,F
"BIS,WS_XRU,1.0",D.XM.EUR.A,D,XM,EUR,A,1994-11-28,0.818371,,A,F
"BIS,WS_XRU,1.0",D.XM.EUR.A,D,XM,EUR,A,1994-11-29,0.8164,,A,F
"BIS,WS_XRU,1.0",D.XM.EUR.A,D,XM,EUR,A,1994-11-30,0.820176,,A,F
"BIS,WS_XRU,1.0",D.XM.EUR.A,D,XM,EUR,A,1994-12-01,0.818746,,A,F
"BIS,WS_XRU,1.0",D.XM.EUR.A,D,XM,EUR,A,1994-12-02,0.82224,,A,F
"BIS,WS_XRU,1.0",D.XM.EUR.A,D,XM,EUR,A,1994-12-05,0.823086,,A,F
"BIS,WS_XRU,1.0",D.XM.EUR.A,D,XM,EUR,A,1994-12-06,0.819558,,A,F
"BIS,WS_XRU,1.0",D.XM.EUR.A,D,XM,EUR,A,1994-12-07,0.819283,,A,F
"BIS,WS_XRU,1.0",D.XM.EUR.A,D,XM,EUR,A,1994-12-08,0.823513,,A,F
"BIS,WS_XRU,1.0",D.XM.EUR.A,D,XM,EUR,A,1994-12-09,0.825164,,A,F
"BIS,WS_XRU,1.0",D.XM.EUR.A,D,XM,EUR,A,1994-12-12,0.824192,,A,F
"BIS,WS_XRU,1.0",D.XM.EUR.A,D,XM,EUR,A,1994-12-13,0.823771,,A,F
"BIS,WS_XRU,1.0",D.XM.EUR.A,D,XM,EUR,A,1994-12-14,0.823113,,A,F
"BIS,WS_XRU,1.0",D.XM.EUR.A,D,XM,EUR,A,1994-12-15,0.822659,,A,F
"BIS,WS_XRU,1.0",D.XM.EUR.A,D,XM,EUR,A,1994-12-16,0.822051,,A,F
"BIS,WS_XRU,1.0",D.XM.EUR.A,D,XM,EUR,A,1994-12-19,0.824946,,A,F
"BIS,WS_XRU,1.0",D.XM.EUR.A,D,XM,EUR,A,1994-12-20,0.822822,,A,F
"BIS,WS_XRU,1.0",D.XM.EUR.A,D,XM,EUR,A,1994-12-21,0.822849,,A,F
"BIS,WS_XRU,1.0",D.XM.EUR.A,D,XM,EUR,A,1994-12-22,0.82713,,A,F
"BIS,WS_XRU,1.0",D.XM.EUR.A,D,XM,EUR,A,1994-12-23,0.825716,,A,F
"BIS,WS_XRU,1.0",D.XM.EUR.A,D,XM,EUR,A,1994-12-26,,,M,F
"BIS,WS_XRU,1.0",D.XM.EUR.A,D,XM,EUR,A,1994-12-27,0.826207,,A,F
"BIS,WS_XRU,1.0",D.XM.EUR.A,D,XM,EUR,A,1994-12-28,0.825621,,A,F
"BIS,WS_XRU,1.0",D.XM.EUR.A,D,XM,EUR,A,1994-12-29,0.816667,,A,F
"BIS,WS_XRU,1.0",D.XM.EUR.A,D,XM,EUR,A,1994-12-30,0.812982,,A,F
"BIS,WS_XRU,1.0",D.XM.EUR.A,D,XM,EUR,A,1995-01-02,0.817534,,A,F
"BIS,WS_XRU,1.0",D.XM.EUR.A,D,XM,EUR,A,1995-01-03,0.816433,,A,F
"BIS,WS_XRU,1.0",D.XM.EUR.A,D,XM,EUR,A,1995-01-04,0.817341,,A,F
"BIS,WS_XRU,1.0",D.XM.EUR.A,D,XM,EUR,A,1995-01-05,0.815375,,A,F
"BIS,WS_XRU,1.0",D.XM.EUR.A,D,XM,EUR,A,1995-01-06,0.814127,,A,F
"BIS,WS_XRU,1.0",D.XM.EUR.A,D,XM,EUR,A,1995-01-09,0.818337,,A,F
"BIS,WS_XRU,1.0",D.XM.EUR.A,D,XM,EUR,A,1995-01-10,0.809192,,A,F
"BIS,WS_XRU,1.0",D.XM.EUR.A,D,XM,EUR,A,1995-01-11,0.80914,,A,F
"BIS,WS_XRU,1.0",D.XM.EUR.A,D,XM,EUR,A,1995-01-12,0.809081,,A,F
"BIS,WS_XRU,1.0",D.XM.EUR.A,D,XM,EUR,A,1995-01-13,0.808074,,A,F
"BIS,WS_XRU,1.0",D.XM.EUR.A,D,XM,EUR,A,1995-01-16,0.807409,,A,F
"BIS,WS_XRU,1.0",D.XM.EUR.A,D,XM,EUR,A,1995-01-17,0.804745,,A,F
"BIS,WS_XRU,1.0",D.XM.EUR.A,D,XM,EUR,A,1995-01-18,0.804007,,A,F
"BIS,WS_XRU,1.0",D.XM.EUR.A,D,XM,EUR,A,1995-01-19,0.807122,,A,F
"BIS,WS_XRU,1.0",D.XM.EUR.A,D,XM,EUR,A,1995-01-20,0.797773,,A,F
"BIS,WS_XRU,1.0",D.XM.EUR.A,D,XM,EUR,A,1995-01-23,0.797003,,A,F
"BIS,WS_XRU,1.0",D.XM.EUR.A,D,XM,EUR,A,1995-01-24,0.794723,,A,F
"BIS,WS_XRU,1.0",D.XM.EUR.A,D,XM,EUR,A,1995-01-25,0.793204,,A,F
"BIS,WS_XRU,1.0",D.XM.EUR.A,D,XM,EUR,A,1995-01-26,0.798378,,A,F
"BIS,WS_XRU,1.0",D.XM.EUR.A,D,XM,EUR,A,1995-01-27,0.799169,,A,F
"BIS,WS_XRU,1.0",D.XM.EUR.A,D,XM,EUR,A,1995-01-30,0.79755,,A,F
"BIS,WS_XRU,1.0",D.XM.EUR.A,D,XM,EUR,A,1995-01-31,0.796337,,A,F
"BIS,WS_XRU,1.0",D.XM.EUR.A,D,XM,EUR,A,1995-02-01,0.803458,,A,F
"BIS,WS_XRU,1.0",D.XM.EUR.A,D,XM,EUR,A,1995-02-02,0.799808,,A,F
"BIS,WS_XRU,1.0",D.XM.EUR.A,D,XM,EUR,A,1995-02-03,0.800929,,A,F
"BIS,WS_XRU,1.0",D.XM.EUR.A,D,XM,EUR,A,1995-02-06,0.80705,,A,F
"BIS,WS_XRU,1.0",D.XM.EUR.A,D,XM,EUR,A,1995-02-07,0.807109,,A,F
"BIS,WS_XRU,1.0",D.XM.EUR.A,D,XM,EUR,A,1995-02-08,0.807454,,A,F
"BIS,WS_XRU,1.0",D.XM.EUR.A,D,XM,EUR,A,1995-02-09,0.806367,,A,F
"BIS,WS_XRU,1.0",D.XM.EUR.A,D,XM,EUR,A,1995-02-10,0.80601,,A,F
"BIS,WS_XRU,1.0",D.XM.EUR.A,D,XM,EUR,A,1995-02-13,0.800557,,A,F
"BIS,WS_XRU,1.0",D.XM.EUR.A,D,XM,EUR,A,1995-02-14,0.802317,,A,F
"BIS,WS_XRU,1.0",D.XM.EUR.A,D,XM,EUR,A,1995-02-15,0.796559,,A,F
"BIS,WS_XRU,1.0",D.XM.EUR.A,D,XM,EUR,A,1995-02-16,0.790358,,A,F
"BIS,WS_XRU,1.0",D.XM.EUR.A,D,XM,EUR,A,1995-02-17,0.786757,,A,F
"BIS,WS_XRU,1.0",D.XM.EUR.A,D,XM,EUR,A,1995-02-20,0.781934,,A,F
"BIS,WS_XRU,1.0",D.XM.EUR.A,D,XM,EUR,A,1995-02-21,0.783976,,A,F
"BIS,WS_XRU,1.0",D.XM.EUR.A,D,XM,EUR,A,1995-02-22,0.785046,,A,F
"BIS,WS_XRU,1.0",D.XM.EUR.A,D,XM,EUR,A,1995-02-23,0.78295,,A,F
"BIS,WS_XRU,1.0",D.XM.EUR.A,D,XM,EUR,A,1995-02-24,0.782099,,A,F
"BIS,WS_XRU,1.0",D.XM.EUR.A,D,XM,EUR,A,1995-02-27,0.779581,,A,F
"BIS,WS_XRU,1.0",D.XM.EUR.A,D,XM,EUR,A,1995-02-28,0.78183,,A,F
"BIS,WS_XRU,1.0",D.XM.EUR.A,D,XM,EUR,A,1995-03-01,0.781879,,A,F
"BIS,WS_XRU,1.0",D.XM.EUR.A,D,XM,EUR,A,1995-03-02,0.779837,,A,F
"BIS,WS_XRU,1.0",D.XM.EUR.A,D,XM,EUR,A,1995-03-03,0.774072,,A,F
"BIS,WS_XRU,1.0",D.XM.EUR.A,D,XM,EUR,A,1995-03-06,0.752564,,A,F
"BIS,WS_XRU,1.0",D.XM.EUR.A,D,XM,EUR,A,1995-03-07,0.751688,,A,F
"BIS,WS_XRU,1.0",D.XM.EUR.A,D,XM,EUR,A,1995-03-08,0.746553,,A,F
"BIS,WS_XRU,1.0",D.XM.EUR.A,D,XM,EUR,A,1995-03-09,0.753648,,A,F
"BIS,WS_XRU,1.0",D.XM.EUR.A,D,XM,EUR,A,1995-03-10,0.764263,,A,F
"BIS,WS_XRU,1.0",D.XM.EUR.A,D,XM,EUR,A,1995-03-13,0.760884,,A,F
"BIS,WS_XRU,1.0",D.XM.EUR.A,D,XM,EUR,A,1995-03-14,0.762021,,A,F
"BIS,WS_XRU,1.0",D.XM.EUR.A,D,XM,EUR,A,1995-03-15,0.762492,,A,F
"BIS,WS_XRU,1.0",D.XM.EUR.A,D,XM,EUR,A,1995-03-16,0.750182,,A,F
"BIS,WS_XRU,1.0",D.XM.EUR.A,D,XM,EUR,A,1995-03-17,0.754877,,A,F
"BIS,WS_XRU,1.0",D.XM.EUR.A,D,XM,EUR,A,1995-03-20,0.760474,,A,F
"BIS,WS_XRU,1.0",D.XM.EUR.A,D,XM,EUR,A,1995-03-21,0.758035,,A,F
"BIS,WS_XRU,1.0",D.XM.EUR.A,D,XM,EUR,A,1995-03-22,0.762934,,A,F
"BIS,WS_XRU,1.0",D.XM.EUR.A,D,XM,EUR,A,1995-03-23,0.758374,,A,F
"BIS,WS_XRU,1.0",D.XM.EUR.A,D,XM,EUR,A,1995-03-24,0.760456,,A,F
"BIS,WS_XRU,1.0",D.XM.EUR.A,D,XM,EUR,A,1995-03-27,0.762381,,A,F
"BIS,WS_XRU,1.0",D.XM.EUR.A,D,XM,EUR,A,1995-03-28,0.755869,,A,F
"BIS,WS_XRU,1.0",D.XM.EUR.A,D,XM,EUR,A,1995-03-29,0.746804,,A,F
"BIS,WS_XRU,1.0",D.XM.EUR.A,D,XM,EUR,A,1995-03-30,0.758754,,A,F
"BIS,WS_XRU,1.0",D.XM.EUR.A,D,XM,EUR,A,1995-03-31,0.746597,,A,F
"BIS,WS_XRU,1.0",D.XM.EUR.A,D,XM,EUR,A,1995-04-03,0.743649,,A,F
"BIS,WS_XRU,1.0",D.XM.EUR.A,D,XM,EUR,A,1995-04-04,0.746971,,A,F
"BIS,WS_XRU,1.0",D.XM.EUR.A,D,XM,EUR,A,1995-04-05,0.741807,,A,F
"BIS,WS_XRU,1.0",D.XM.EUR.A,D,XM,EUR,A,1995-04-06,0.743423,,A,F
"BIS,WS_XRU,1.0",D.XM.EUR.A,D,XM,EUR,A,1995-04-07,0.743075,,A,F
"BIS,WS_XRU,1.0",D.XM.EUR.A,D,XM,EUR,A,1995-04-10,0.753597,,A,F
"BIS,WS_XRU,1.0",D.XM.EUR.A,D,XM,EUR,A,1995-04-11,0.757266,,A,F
"BIS,WS_XRU,1.0",D.XM.EUR.A,D,XM,EUR,A,1995-04-12,0.753841,,A,F
"BIS,WS_XRU,1.0",D.XM.EUR.A,D,XM,EUR,A,1995-04-13,0.7521,,A,F
"BIS,WS_XRU,1.0",D.XM.EUR.A,D,XM,EUR,A,1995-04-14,,,M,F
"BIS,WS_XRU,1.0",D.XM.EUR.A,D,XM,EUR,A,1995-04-17,,,M,F
"BIS,WS_XRU,1.0",D.XM.EUR.A,D,XM,EUR,A,1995-04-18,0.737583,,A,F
"BIS,WS_XRU,1.0",D.XM.EUR.A,D,XM,EUR,A,1995-04-19,0.738422,,A,F
"BIS,WS_XRU,1.0",D.XM.EUR.A,D,XM,EUR,A,1995-04-20,0.74276,,A,F
"BIS,WS_XRU,1.0",D.XM.EUR.A,D,XM,EUR,A,1995-04-21,0.748285,,A,F
"BIS,WS_XRU,1.0",D.XM.EUR.A,D,XM,EUR,A,1995-04-24,0.739563,,A,F
"BIS,WS_XRU,1.0",D.XM.EUR.A,D,XM,EUR,A,1995-04-25,0.738869,,A,F
"BIS,WS_XRU,1.0",D.XM.EUR.A,D,XM,EUR,A,1995-04-26,0.746965,,A,F
"BIS,WS_XRU,1.0",D.XM.EUR.A,D,XM,EUR,A,1995-04-27,0.74438,,A,F
"BIS,WS_XRU,1.0",D.XM.EUR.A,D,XM,EUR,A,1995-04-28,0.746692,,A,F
"BIS,WS_XRU,1.0",D.XM.EUR.A,D,XM,EUR,A,1995-05-01,,,M,F
"BIS,WS_XRU,1.0",D.XM.EUR.A,D,XM,EUR,A,1995-05-02,0.74499,,A,F
"BIS,WS_XRU,1.0",D.XM.EUR.A,D,XM,EUR,A,1995-05-03,0.743688,,A,F
"BIS,WS_XRU,1.0",D.XM.EUR.A,D,XM,EUR,A,1995-05-04,0.742788,,A,F
"BIS,WS_XRU,1.0",D.XM.EUR.A,D,XM,EUR,A,1995-05-05,0.742269,,A,F
"BIS,WS_XRU,1.0",D.XM.EUR.A,D,XM,EUR,A,1995-05-08,0.73858,,A,F
"BIS,WS_XRU,1.0",D.XM.EUR.A,D,XM,EUR,A,1995-05-09,0.740373,,A,F
"BIS,WS_XRU,1.0",D.XM.EUR.A,D,XM,EUR,A,1995-05-10,0.743871,,A,F
"BIS,WS_XRU,1.0",D.XM.EUR.A,D,XM,EUR,A,1995-05-11,0.757048,,A,F
"BIS,WS_XRU,1.0",D.XM.EUR.A,D,XM,EUR,A,1995-05-12,0.771052,,A,F
"BIS,WS_XRU,1.0",D.XM.EUR.A,D,XM,EUR,A,1995-05-15,0.7712,,A,F
"BIS,WS_XRU,1.0",D.XM.EUR.A,D,XM,EUR,A,1995-05-16,0.775296,,A,F
"BIS,WS_XRU,1.0",D.XM.EUR.A,D,XM,EUR,A,1995-05-17,0.769349,,A,F
"BIS,WS_XRU,1.0",D.XM.EUR.A,D,XM,EUR,A,1995-05-18,0.775645,,A,F
"BIS,WS_XRU,1.0",D.XM.EUR.A,D,XM,EUR,A,1995-05-19,0.772225,,A,F
"BIS,WS_XRU,1.0",D.XM.EUR.A,D,XM,EUR,A,1995-05-22,0.776747,,A,F
"BIS,WS_XRU,1.0",D.XM.EUR.A,D,XM,EUR,A,1995-05-23,0.772881,,A,F
"BIS,WS_XRU,1.0",D.XM.EUR.A,D,XM,EUR,A,1995-05-24,0.776193,,A,F
"BIS,WS_XRU,1.0",D.XM.EUR.A,D,XM,EUR,A,1995-05-25,,,M,F
"BIS,WS_XRU,1.0",D.XM.EUR.A,D,XM,EUR,A,1995-05-26,0.744114,,A,F
"BIS,WS_XRU,1.0",D.XM.EUR.A,D,XM,EUR,A,1995-05-29,0.746152,,A,F
"BIS,WS_XRU,1.0",D.XM.EUR.A,D,XM,EUR,A,1995-05-30,0.746386,,A,F
"BIS,WS_XRU,1.0",D.XM.EUR.A,D,XM,EUR,A,1995-05-31,0.744469,,A,F
"BIS,WS_XRU,1.0",D.XM.EUR.A,D,XM,EUR,A,1995-06-01,0.765738,,A,F
"BIS,WS_XRU,1.0",D.XM.EUR.A,D,XM,EUR,A,1995-06-02,0.755521,,A,F
"BIS,WS_XRU,1.0",D.XM.EUR.A,D,XM,EUR,A,1995-06-05,,,M,F
"BIS,WS_XRU,1.0",D.XM.EUR.A,D,XM,EUR,A,1995-06-06,0.757065,,A,F
"BIS,WS_XRU,1.0",D.XM.EUR.A,D,XM,EUR,A,1995-06-07,0.756098,,A,F
"BIS,WS_XRU,1.0",D.XM.EUR.A,D,XM,EUR,A,1995-06-08,0.75807,,A,F
"BIS,WS_XRU,1.0",D.XM.EUR.A,D,XM,EUR,A,1995-06-09,0.751535,,A,F
"BIS,WS_XRU,1.0",D.XM.EUR.A,D,XM,EUR,A,1995-06-12,0.75396,,A,F
"BIS,WS_XRU,1.0",D.XM.EUR.A,D,XM,EUR,A,1995-06-13,0.750796,,A,F
"BIS,WS_XRU,1.0",D.XM.EUR.A,D,XM,EUR,A,1995-06-14,0.753012,,A,F
"BIS,WS_XRU,1.0",D.XM.EUR.A,D,XM,EUR,A,1995-06-15,0.754848,,A,F
"BIS,WS_XRU,1.0",D.XM.EUR.A,D,XM,EUR,A,1995-06-16,0.753029,,A,F
"BIS,WS_XRU,1.0",D.XM.EUR.A,D,XM,EUR,A,1995-06-19,0.749591,,A,F
"BIS,WS_XRU,1.0",D.XM.EUR.A,D,XM,EUR,A,1995-06-20,0.747367,,A,F
"BIS,WS_XRU,1.0",D.XM.EUR.A,D,XM,EUR,A,1995-06-21,0.747306,,A,F
"BIS,WS_XRU,1.0",D.XM.EUR.A,D,XM,EUR,A,1995-06-22,0.742948,,A,F
"BIS,WS_XRU,1.0",D.XM.EUR.A,D,XM,EUR,A,1995-06-23,0.747949,,A,F
"BIS,WS_XRU,1.0",D.XM.EUR.A,D,XM,EUR,A,1995-06-26,0.744402,,A,F
"BIS,WS_XRU,1.0",D.XM.EUR.A,D,XM,EUR,A,1995-06-27,0.74433,,A,F
"BIS,WS_XRU,1.0",D.XM.EUR.A,D,XM,EUR,A,1995-06-28,0.746609,,A,F
"BIS,WS_XRU,1.0",D.XM.EUR.A,D,XM,EUR,A,1995-06-29,0.748436,,A,F
"BIS,WS_XRU,1.0",D.XM.EUR.A,D,XM,EUR,A,1995-06-30,0.744624,,A,F
"BIS,WS_XRU,1.0",D.XM.EUR.A,D,XM,EUR,A,1995-07-03,0.742832,,A,F
"BIS,WS_XRU,1.0",D.XM.EUR.A,D,XM,EUR,A,1995-07-04,0.742143,,A,F
"BIS,WS_XRU,1.0",D.XM.EUR.A,D,XM,EUR,A,1995-07-05,0.743605,,A,F
"BIS,WS_XRU,1.0",D.XM.EUR.A,D,XM,EUR,A,1995-07-06,0.741972,,A,F
"BIS,WS_XRU,1.0",D.XM.EUR.A,D,XM,EUR,A,1995-07-07,0.742688,,A,F
"BIS,WS_XRU,1.0",D.XM.EUR.A,D,XM,EUR,A,1995-07-10,0.746893,,A,F
"BIS,WS_XRU,1.0",D.XM.EUR.A,D,XM,EUR,A,1995-07-11,0.750047,,A,F
"BIS,WS_XRU,1.0",D.XM.EUR.A,D,XM,EUR,A,1995-07-12,0.750762,,A,F
"BIS,WS_XRU,1.0",D.XM.EUR.A,D,XM,EUR,A,1995-07-13,0.750818,,A,F
"BIS,WS_XRU,1.0",D.XM.EUR.A,D,XM,EUR,A,1995-07-14,0.74345,,A,F
"BIS,WS_XRU,1.0",D.XM.EUR.A,D,XM,EUR,A,1995-07-17,0.746776,,A,F
"BIS,WS_XRU,1.0",D.XM.EUR.A,D,XM,EUR,A,1995-07-18,0.745107,,A,F
"BIS,WS_XRU,1.0",D.XM.EUR.A,D,XM,EUR,A,1995-07-19,0.743047,,A,F
"BIS,WS_XRU,1.0",D.XM.EUR.A,D,XM,EUR,A,1995-07-20,0.739514,,A,F
"BIS,WS_XRU,1.0",D.XM.EUR.A,D,XM,EUR,A,1995-07-21,0.742368,,A,F
"BIS,WS_XRU,1.0",D.XM.EUR.A,D,XM,EUR,A,1995-07-24,0.740768,,A,F
"BIS,WS_XRU,1.0",D.XM.EUR.A,D,XM,EUR,A,1995-07-25,0.741317,,A,F
"BIS,WS_XRU,1.0",D.XM.EUR.A,D,XM,EUR,A,1995-07-26,0.744264,,A,F
"BIS,WS_XRU,1.0",D.XM.EUR.A,D,XM,EUR,A,1995-07-27,0.740554,,A,F
"BIS,WS_XRU,1.0",D.XM.EUR.A,D,XM,EUR,A,1995-07-28,0.740203,,A,F
"BIS,WS_XRU,1.0",D.XM.EUR.A,D,XM,EUR,A,1995-07-31,0.736773,,A,F
"BIS,WS_XRU,1.0",D.XM.EUR.A,D,XM,EUR,A,1995-08-01,0.740066,,A,F
"BIS,WS_XRU,1.0",D.XM.EUR.A,D,XM,EUR,A,1995-08-02,0.740878,,A,F
"BIS,WS_XRU,1.0",D.XM.EUR.A,D,XM,EUR,A,1995-08-03,0.7426,,A,F
"BIS,WS_XRU,1.0",D.XM.EUR.A,D,XM,EUR,A,1995-08-04,0.744025,,A,F
"BIS,WS_XRU,1.0",D.XM.EUR.A,D,XM,EUR,A,1995-08-07,0.745634,,A,F
"BIS,WS_XRU,1.0",D.XM.EUR.A,D,XM,EUR,A,1995-08-08,0.750159,,A,F
"BIS,WS_XRU,1.0",D.XM.EUR.A,D,XM,EUR,A,1995-08-09,0.749918,,A,F
"BIS,WS_XRU,1.0",D.XM.EUR.A,D,XM,EUR,A,1995-08-10,0.750441,,A,F
"BIS,WS_XRU,1.0",D.XM.EUR.A,D,XM,EUR,A,1995-08-11,0.760948,,A,F
"BIS,WS_XRU,1.0",D.XM.EUR.A,D,XM,EUR,A,1995-08-14,0.761765,,A,F
"BIS,WS_XRU,1.0",D.XM.EUR.A,D,XM,EUR,A,1995-08-15,0.768403,,A,F
"BIS,WS_XRU,1.0",D.XM.EUR.A,D,XM,EUR,A,1995-08-16,0.780646,,A,F
"BIS,WS_XRU,1.0",D.XM.EUR.A,D,XM,EUR,A,1995-08-17,0.786071,,A,F
"BIS,WS_XRU,1.0",D.XM.EUR.A,D,XM,EUR,A,1995-08-18,0.781116,,A,F
"BIS,WS_XRU,1.0",D.XM.EUR.A,D,XM,EUR,A,1995-08-21,0.780841,,A,F
"BIS,WS_XRU,1.0",D.XM.EUR.A,D,XM,EUR,A,1995-08-22,0.785923,,A,F
"BIS,WS_XRU,1.0",D.XM.EUR.A,D,XM,EUR,A,1995-08-23,0.784597,,A,F
"BIS,WS_XRU,1.0",D.XM.EUR.A,D,XM,EUR,A,1995-08-24,0.789858,,A,F
"BIS,WS_XRU,1.0",D.XM.EUR.A,D,XM,EUR,A,1995-08-25,0.781904,,A,F
"BIS,WS_XRU,1.0",D.XM.EUR.A,D,XM,EUR,A,1995-08-28,0.775579,,A,F
"BIS,WS_XRU,1.0",D.XM.EUR.A,D,XM,EUR,A,1995-08-29,0.779411,,A,F
"BIS,WS_XRU,1.0",D.XM.EUR.A,D,XM,EUR,A,1995-08-30,0.783318,,A,F
"BIS,WS_XRU,1.0",D.XM.EUR.A,D,XM,EUR,A,1995-08-31,0.777381,,A,F
"BIS,WS_XRU,1.0",D.XM.EUR.A,D,XM,EUR,A,1995-09-01,0.779369,,A,F
"BIS,WS_XRU,1.0",D.XM.EUR.A,D,XM,EUR,A,1995-09-04,0.775627,,A,F
"BIS,WS_XRU,1.0",D.XM.EUR.A,D,XM,EUR,A,1995-09-05,0.778271,,A,F
"BIS,WS_XRU,1.0",D.XM.EUR.A,D,XM,EUR,A,1995-09-06,0.783619,,A,F
"BIS,WS_XRU,1.0",D.XM.EUR.A,D,XM,EUR,A,1995-09-07,0.783257,,A,F
"BIS,WS_XRU,1.0",D.XM.EUR.A,D,XM,EUR,A,1995-09-08,0.78633,,A,F
"BIS,WS_XRU,1.0",D.XM.EUR.A,D,XM,EUR,A,1995-09-11,0.779186,,A,F
"BIS,WS_XRU,1.0",D.XM.EUR.A,D,XM,EUR,A,1995-09-12,0.78147,,A,F
"BIS,WS_XRU,1.0",D.XM.EUR.A,D,XM,EUR,A,1995-09-13,0.785305,,A,F
"BIS,WS_XRU,1.0",D.XM.EUR.A,D,XM,EUR,A,1995-09-14,0.786664,,A,F
"BIS,WS_XRU,1.0",D.XM.EUR.A,D,XM,EUR,A,1995-09-15,0.788358,,A,F
"BIS,WS_XRU,1.0",D.XM.EUR.A,D,XM,EUR,A,1995-09-18,0.786739,,A,F
"BIS,WS_XRU,1.0",D.XM.EUR.A,D,XM,EUR,A,1995-09-19,0.787265,,A,F
"BIS,WS_XRU,1.0",D.XM.EUR.A,D,XM,EUR,A,1995-09-20,0.784154,,A,F
"BIS,WS_XRU,1.0",D.XM.EUR.A,D,XM,EUR,A,1995-09-21,0.769651,,A,F
"BIS,WS_XRU,1.0",D.XM.EUR.A,D,XM,EUR,A,1995-09-22,0.759982,,A,F
"BIS,WS_XRU,1.0",D.XM.EUR.A,D,XM,EUR,A,1995-09-25,0.760404,,A,F
"BIS,WS_XRU,1.0",D.XM.EUR.A,D,XM,EUR,A,1995-09-26,0.765287,,A,F
"BIS,WS_XRU,1.0",D.XM.EUR.A,D,XM,EUR,A,1995-09-27,0.760717,,A,F
"BIS,WS_XRU,1.0",D.XM.EUR.A,D,XM,EUR,A,1995-09-28,0.757318,,A,F
"BIS,WS_XRU,1.0",D.XM.EUR.A,D,XM,EUR,A,1995-09-29,0.758455,,A,F
"BIS,WS_XRU,1.0",D.XM.EUR.A,D,XM,EUR,A,1995-10-02,0.762062,,A,F
"BIS,WS_XRU,1.0",D.XM.EUR.A,D,XM,EUR,A,1995-10-03,0.763446,,A,F
"BIS,WS_XRU,1.0",D.XM.EUR.A,D,XM,EUR,A,1995-10-04,0.763919,,A,F
"BIS,WS_XRU,1.0",D.XM.EUR.A,D,XM,EUR,A,1995-10-05,0.763073,,A,F
"BIS,WS_XRU,1.0",D.XM.EUR.A,D,XM,EUR,A,1995-10-06,0.757955,,A,F
"BIS,WS_XRU,1.0",D.XM.EUR.A,D,XM,EUR,A,1995-10-09,0.75671,,A,F
"BIS,WS_XRU,1.0",D.XM.EUR.A,D,XM,EUR,A,1995-10-10,0.758489,,A,F
"BIS,WS_XRU,1.0",D.XM.EUR.A,D,XM,EUR,A,1995-10-11,0.760873,,A,F
"BIS,WS_XRU,1.0",D.XM.EUR.A,D,XM,EUR,A,1995-10-12,0.758535,,A,F
"BIS,WS_XRU,1.0",D.XM.EUR.A,D,XM,EUR,A,1995-10-13,0.760531,,A,F
"BIS,WS_XRU,1.0",D.XM.EUR.A,D,XM,EUR,A,1995-10-16,0.758012,,A,F
"BIS,WS_XRU,1.0",D.XM.EUR.A,D,XM,EUR,A,1995-10-17,0.759451,,A,F
"BIS,WS_XRU,1.0",D.XM.EUR.A,D,XM,EUR,A,1995-10-18,0.760503,,A,F
"BIS,WS_XRU,1.0",D.XM.EUR.A,D,XM,EUR,A,1995-10-19,0.757702,,A,F
"BIS,WS_XRU,1.0",D.XM.EUR.A,D,XM,EUR,A,1995-10-20,0.75379,,A,F
"BIS,WS_XRU,1.0",D.XM.EUR.A,D,XM,EUR,A,1995-10-23,0.746698,,A,F
"BIS,WS_XRU,1.0",D.XM.EUR.A,D,XM,EUR,A,1995-10-24,0.746581,,A,F
"BIS,WS_XRU,1.0",D.XM.EUR.A,D,XM,EUR,A,1995-10-25,0.749901,,A,F
"BIS,WS_XRU,1.0",D.XM.EUR.A,D,XM,EUR,A,1995-10-26,0.749743,,A,F
"BIS,WS_XRU,1.0",D.XM.EUR.A,D,XM,EUR,A,1995-10-27,0.745779,,A,F
"BIS,WS_XRU,1.0",D.XM.EUR.A,D,XM,EUR,A,1995-10-30,0.752802,,A,F
"BIS,WS_XRU,1.0",D.XM.EUR.A,D,XM,EUR,A,1995-10-31,0.753636,,A,F
"BIS,WS_XRU,1.0",D.XM.EUR.A,D,XM,EUR,A,1995-11-01,0.753892,,A,F
"BIS,WS_XRU,1.0",D.XM.EUR.A,D,XM,EUR,A,1995-11-02,0.756493,,A,F
"BIS,WS_XRU,1.0",D.XM.EUR.A,D,XM,EUR,A,1995-11-03,0.757438,,A,F
"BIS,WS_XRU,1.0",D.XM.EUR.A,D,XM,EUR,A,1995-11-06,0.753001,,A,F
"BIS,WS_XRU,1.0",D.XM.EUR.A,D,XM,EUR,A,1995-11-07,0.754711,,A,F
"BIS,WS_XRU,1.0",D.XM.EUR.A,D,XM,EUR,A,1995-11-08,0.753858,,A,F
"BIS,WS_XRU,1.0",D.XM.EUR.A,D,XM,EUR,A,1995-11-09,0.756905,,A,F
"BIS,WS_XRU,1.0",D.XM.EUR.A,D,XM,EUR,A,1995-11-10,0.752882,,A,F
"BIS,WS_XRU,1.0",D.XM.EUR.A,D,XM,EUR,A,1995-11-13,0.752468,,A,F
"BIS,WS_XRU,1.0",D.XM.EUR.A,D,XM,EUR,A,1995-11-14,0.756538,,A,F
"BIS,WS_XRU,1.0",D.XM.EUR.A,D,XM,EUR,A,1995-11-15,0.749738,,A,F
"BIS,WS_XRU,1.0",D.XM.EUR.A,D,XM,EUR,A,1995-11-16,0.7507,,A,F
"BIS,WS_XRU,1.0",D.XM.EUR.A,D,XM,EUR,A,1995-11-17,0.749417,,A,F
"BIS,WS_XRU,1.0",D.XM.EUR.A,D,XM,EUR,A,1995-11-20,0.755715,,A,F
"BIS,WS_XRU,1.0",D.XM.EUR.A,D,XM,EUR,A,1995-11-21,0.752774,,A,F
"BIS,WS_XRU,1.0",D.XM.EUR.A,D,XM,EUR,A,1995-11-22,0.752349,,A,F
"BIS,WS_XRU,1.0",D.XM.EUR.A,D,XM,EUR,A,1995-11-23,0.753256,,A,F
"BIS,WS_XRU,1.0",D.XM.EUR.A,D,XM,EUR,A,1995-11-24,0.754438,,A,F
"BIS,WS_XRU,1.0",D.XM.EUR.A,D,XM,EUR,A,1995-11-27,0.75944,,A,F
"BIS,WS_XRU,1.0",D.XM.EUR.A,D,XM,EUR,A,1995-11-28,0.762934,,A,F
"BIS,WS_XRU,1.0",D.XM.EUR.A,D,XM,EUR,A,1995-11-29,0.764625,,A,F
"BIS,WS_XRU,1.0",D.XM.EUR.A,D,XM,EUR,A,1995-11-30,0.765738,,A,F
"BIS,WS_XRU,1.0",D.XM.EUR.A,D,XM,EUR,A,1995-12-01,0.771629,,A,F
"BIS,WS_XRU,1.0",D.XM.EUR.A,D,XM,EUR,A,1995-12-04,0.766049,,A,F
"BIS,WS_XRU,1.0",D.XM.EUR.A,D,XM,EUR,A,1995-12-05,0.764789,,A,F
"BIS,WS_XRU,1.0",D.XM.EUR.A,D,XM,EUR,A,1995-12-06,0.766366,,A,F
"BIS,WS_XRU,1.0",D.XM.EUR.A,D,XM,EUR,A,1995-12-07,0.766607,,A,F
"BIS,WS_XRU,1.0",D.XM.EUR.A,D,XM,EUR,A,1995-12-08,0.770458,,A,F
"BIS,WS_XRU,1.0",D.XM.EUR.A,D,XM,EUR,A,1995-12-11,0.768468,,A,F
"BIS,WS_XRU,1.0",D.XM.EUR.A,D,XM,EUR,A,1995-12-12,0.769835,,A,F
"BIS,WS_XRU,1.0",D.XM.EUR.A,D,XM,EUR,A,1995-12-13,0.772523,,A,F
"BIS,WS_XRU,1.0",D.XM.EUR.A,D,XM,EUR,A,1995-12-14,0.770309,,A,F
"BIS,WS_XRU,1.0",D.XM.EUR.A,D,XM,EUR,A,1995-12-15,0.768008,,A,F
"BIS,WS_XRU,1.0",D.XM.EUR.A,D,XM,EUR,A,1995-12-18,0.76524,,A,F
"BIS,WS_XRU,1.0",D.XM.EUR.A,D,XM,EUR,A,1995-12-19,0.763954,,A,F
"BIS,WS_XRU,1.0",D.XM.EUR.A,D,XM,EUR,A,1995-12-20,0.76666,,A,F
"BIS,WS_XRU,1.0",D.XM.EUR.A,D,XM,EUR,A,1995-12-21,0.765644,,A,F
"BIS,WS_XRU,1.0",D.XM.EUR.A,D,XM,EUR,A,1995-12-22,0.766583,,A,F
"BIS,WS_XRU,1.0",D.XM.EUR.A,D,XM,EUR,A,1995-12-25,,,M,F
"BIS,WS_XRU,1.0",D.XM.EUR.A,D,XM,EUR,A,1995-12-26,,,M,F
"BIS,WS_XRU,1.0",D.XM.EUR.A,D,XM,EUR,A,1995-12-27,0.762369,,A,F
"BIS,WS_XRU,1.0",D.XM.EUR.A,D,XM,EUR,A,1995-12-28,0.761035,,A,F
"BIS,WS_XRU,1.0",D.XM.EUR.A,D,XM,EUR,A,1995-12-29,0.760896,,A,F
"BIS,WS_XRU,1.0",D.XM.EUR.A,D,XM,EUR,A,1996-01-01,,,M,F
"BIS,WS_XRU,1.0",D.XM.EUR.A,D,XM,EUR,A,1996-01-02,0.758956,,A,F
"BIS,WS_XRU,1.0",D.XM.EUR.A,D,XM,EUR,A,1996-01-03,0.762585,,A,F
"BIS,WS_XRU,1.0",D.XM.EUR.A,D,XM,EUR,A,1996-01-04,0.767006,,A,F
"BIS,WS_XRU,1.0",D.XM.EUR.A,D,XM,EUR,A,1996-01-05,0.764602,,A,F
"BIS,WS_XRU,1.0",D.XM.EUR.A,D,XM,EUR,A,1996-01-08,0.763452,,A,F
"BIS,WS_XRU,1.0",D.XM.EUR.A,D,XM,EUR,A,1996-01-09,0.765791,,A,F
"BIS,WS_XRU,1.0",D.XM.EUR.A,D,XM,EUR,A,1996-01-10,0.763231,,A,F
"BIS,WS_XRU,1.0",D.XM.EUR.A,D,XM,EUR,A,1996-01-11,0.762149,,A,F
"BIS,WS_XRU,1.0",D.XM.EUR.A,D,XM,EUR,A,1996-01-12,0.766148,,A,F
"BIS,WS_XRU,1.0",D.XM.EUR.A,D,XM,EUR,A,1996-01-15,0.765855,,A,F
"BIS,WS_XRU,1.0",D.XM.EUR.A,D,XM,EUR,A,1996-01-16,0.771242,,A,F
"BIS,WS_XRU,1.0",D.XM.EUR.A,D,XM,EUR,A,1996-01-17,0.774066,,A,F
"BIS,WS_XRU,1.0",D.XM.EUR.A,D,XM,EUR,A,1996-01-18,0.777472,,A,F
"BIS,WS_XRU,1.0",D.XM.EUR.A,D,XM,EUR,A,1996-01-19,0.780823,,A,F
"BIS,WS_XRU,1.0",D.XM.EUR.A,D,XM,EUR,A,1996-01-22,0.783441,,A,F
"BIS,WS_XRU,1.0",D.XM.EUR.A,D,XM,EUR,A,1996-01-23,0.781171,,A,F
"BIS,WS_XRU,1.0",D.XM.EUR.A,D,XM,EUR,A,1996-01-24,0.786671,,A,F
"BIS,WS_XRU,1.0",D.XM.EUR.A,D,XM,EUR,A,1996-01-25,0.782522,,A,F
"BIS,WS_XRU,1.0",D.XM.EUR.A,D,XM,EUR,A,1996-01-26,0.788072,,A,F
"BIS,WS_XRU,1.0",D.XM.EUR.A,D,XM,EUR,A,1996-01-29,0.790464,,A,F
"BIS,WS_XRU,1.0",D.XM.EUR.A,D,XM,EUR,A,1996-01-30,0.787892,,A,F
"BIS,WS_XRU,1.0",D.XM.EUR.A,D,XM,EUR,A,1996-01-31,0.789478,,A,F
"BIS,WS_XRU,1.0",D.XM.EUR.A,D,XM,EUR,A,1996-02-01,0.786201,,A,F
"BIS,WS_XRU,1.0",D.XM.EUR.A,D,XM,EUR,A,1996-02-02,0.786343,,A,F
"BIS,WS_XRU,1.0",D.XM.EUR.A,D,XM,EUR,A,1996-02-05,0.780433,,A,F
"BIS,WS_XRU,1.0",D.XM.EUR.A,D,XM,EUR,A,1996-02-06,0.777448,,A,F
"BIS,WS_XRU,1.0",D.XM.EUR.A,D,XM,EUR,A,1996-02-07,0.780323,,A,F
"BIS,WS_XRU,1.0",D.XM.EUR.A,D,XM,EUR,A,1996-02-08,0.780951,,A,F
"BIS,WS_XRU,1.0",D.XM.EUR.A,D,XM,EUR,A,1996-02-09,0.778525,,A,F
"BIS,WS_XRU,1.0",D.XM.EUR.A,D,XM,EUR,A,1996-02-12,0.780049,,A,F
"BIS,WS_XRU,1.0",D.XM.EUR.A,D,XM,EUR,A,1996-02-13,0.780695,,A,F
"BIS,WS_XRU,1.0",D.XM.EUR.A,D,XM,EUR,A,1996-02-14,0.778289,,A,F
"BIS,WS_XRU,1.0",D.XM.EUR.A,D,XM,EUR,A,1996-02-15,0.777575,,A,F
"BIS,WS_XRU,1.0",D.XM.EUR.A,D,XM,EUR,A,1996-02-16,0.77612,,A,F
"BIS,WS_XRU,1.0",D.XM.EUR.A,D,XM,EUR,A,1996-02-19,0.766824,,A,F
"BIS,WS_XRU,1.0",D.XM.EUR.A,D,XM,EUR,A,1996-02-20,0.770345,,A,F
"BIS,WS_XRU,1.0",D.XM.EUR.A,D,XM,EUR,A,1996-02-21,0.771641,,A,F
"BIS,WS_XRU,1.0",D.XM.EUR.A,D,XM,EUR,A,1996-02-22,0.769817,,A,F
"BIS,WS_XRU,1.0",D.XM.EUR.A,D,XM,EUR,A,1996-02-23,0.771575,,A,F
"BIS,WS_XRU,1.0",D.XM.EUR.A,D,XM,EUR,A,1996-02-26,0.766865,,A,F
"BIS,WS_XRU,1.0",D.XM.EUR.A,D,XM,EUR,A,1996-02-27,0.768793,,A,F
"BIS,WS_XRU,1.0",D.XM.EUR.A,D,XM,EUR,A,1996-02-28,0.770695,,A,F
"BIS,WS_XRU,1.0",D.XM.EUR.A,D,XM,EUR,A,1996-02-29,0.778095,,A,F
"BIS,WS_XRU,1.0",D.XM.EUR.A,D,XM,EUR,A,1996-03-01,0.781513,,A,F
"BIS,WS_XRU,1.0",D.XM.EUR.A,D,XM,EUR,A,1996-03-04,0.778707,,A,F
"BIS,WS_XRU,1.0",D.XM.EUR.A,D,XM,EUR,A,1996-03-05,0.781219,,A,F
"BIS,WS_XRU,1.0",D.XM.EUR.A,D,XM,EUR,A,1996-03-06,0.780342,,A,F
"BIS,WS_XRU,1.0",D.XM.EUR.A,D,XM,EUR,A,1996-03-07,0.782987,,A,F
"BIS,WS_XRU,1.0",D.XM.EUR.A,D,XM,EUR,A,1996-03-08,0.781244,,A,F
"BIS,WS_XRU,1.0",D.XM.EUR.A,D,XM,EUR,A,1996-03-11,0.782852,,A,F
"BIS,WS_XRU,1.0",D.XM.EUR.A,D,XM,EUR,A,1996-03-12,0.783589,,A,F
"BIS,WS_XRU,1.0",D.XM.EUR.A,D,XM,EUR,A,1996-03-13,0.778059,,A,F
"BIS,WS_XRU,1.0",D.XM.EUR.A,D,XM,EUR,A,1996-03-14,0.777859,,A,F
"BIS,WS_XRU,1.0",D.XM.EUR.A,D,XM,EUR,A,1996-03-15,0.778834,,A,F
"BIS,WS_XRU,1.0",D.XM.EUR.A,D,XM,EUR,A,1996-03-18,0.778622,,A,F
"BIS,WS_XRU,1.0",D.XM.EUR.A,D,XM,EUR,A,1996-03-19,0.780884,,A,F
"BIS,WS_XRU,1.0",D.XM.EUR.A,D,XM,EUR,A,1996-03-20,0.777998,,A,F
"BIS,WS_XRU,1.0",D.XM.EUR.A,D,XM,EUR,A,1996-03-21,0.779672,,A,F
"BIS,WS_XRU,1.0",D.XM.EUR.A,D,XM,EUR,A,1996-03-22,0.781067,,A,F
"BIS,WS_XRU,1.0",D.XM.EUR.A,D,XM,EUR,A,1996-03-25,0.779885,,A,F
"BIS,WS_XRU,1.0",D.XM.EUR.A,D,XM,EUR,A,1996-03-26,0.77994,,A,F
"BIS,WS_XRU,1.0",D.XM.EUR.A,D,XM,EUR,A,1996-03-27,0.784498,,A,F
"BIS,WS_XRU,1.0",D.XM.EUR.A,D,XM,EUR,A,1996-03-28,0.780336,,A,F
"BIS,WS_XRU,1.0",D.XM.EUR.A,D,XM,EUR,A,1996-03-29,0.77912,,A,F
"BIS,WS_XRU,1.0",D.XM.EUR.A,D,XM,EUR,A,1996-04-01,0.78161,,A,F
"BIS,WS_XRU,1.0",D.XM.EUR.A,D,XM,EUR,A,1996-04-02,0.781238,,A,F
"BIS,WS_XRU,1.0",D.XM.EUR.A,D,XM,EUR,A,1996-04-03,0.780622,,A,F
"BIS,WS_XRU,1.0",D.XM.EUR.A,D,XM,EUR,A,1996-04-04,0.780927,,A,F
"BIS,WS_XRU,1.0",D.XM.EUR.A,D,XM,EUR,A,1996-04-05,,,M,F
"BIS,WS_XRU,1.0",D.XM.EUR.A,D,XM,EUR,A,1996-04-08,,,M,F
"BIS,WS_XRU,1.0",D.XM.EUR.A,D,XM,EUR,A,1996-04-09,0.784855,,A,F
"BIS,WS_XRU,1.0",D.XM.EUR.A,D,XM,EUR,A,1996-04-10,0.788811,,A,F
"BIS,WS_XRU,1.0",D.XM.EUR.A,D,XM,EUR,A,1996-04-11,0.790095,,A,F
"BIS,WS_XRU,1.0",D.XM.EUR.A,D,XM,EUR,A,1996-04-12,0.789783,,A,F
"BIS,WS_XRU,1.0",D.XM.EUR.A,D,XM,EUR,A,1996-04-15,0.793903,,A,F
"BIS,WS_XRU,1.0",D.XM.EUR.A,D,XM,EUR,A,1996-04-16,0.792902,,A,F
"BIS,WS_XRU,1.0",D.XM.EUR.A,D,XM,EUR,A,1996-04-17,0.792921,,A,F
"BIS,WS_XRU,1.0",D.XM.EUR.A,D,XM,EUR,A,1996-04-18,0.792965,,A,F
"BIS,WS_XRU,1.0",D.XM.EUR.A,D,XM,EUR,A,1996-04-19,0.7886,,A,F
"BIS,WS_XRU,1.0",D.XM.EUR.A,D,XM,EUR,A,1996-04-22,0.795222,,A,F
"BIS,WS_XRU,1.0",D.XM.EUR.A,D,XM,EUR,A,1996-04-23,0.796153,,A,F
"BIS,WS_XRU,1.0",D.XM.EUR.A,D,XM,EUR,A,1996-04-24,0.796895,,A,F
"BIS,WS_XRU,1.0",D.XM.EUR.A,D,XM,EUR,A,1996-04-25,0.799559,,A,F
"BIS,WS_XRU,1.0",D.XM.EUR.A,D,XM,EUR,A,1996-04-26,0.801925,,A,F
"BIS,WS_XRU,1.0",D.XM.EUR.A,D,XM,EUR,A,1996-04-29,0.795779,,A,F
"BIS,WS_XRU,1.0",D.XM.EUR.A,D,XM,EUR,A,1996-04-30,0.800282,,A,F
"BIS,WS_XRU,1.0",D.XM.EUR.A,D,XM,EUR,A,1996-05-01,,,M,F
"BIS,WS_XRU,1.0",D.XM.EUR.A,D,XM,EUR,A,1996-05-02,0.805049,,A,F
"BIS,WS_XRU,1.0",D.XM.EUR.A,D,XM,EUR,A,1996-05-03,0.800602,,A,F
"BIS,WS_XRU,1.0",D.XM.EUR.A,D,XM,EUR,A,1996-05-06,0.798779,,A,F
"BIS,WS_XRU,1.0",D.XM.EUR.A,D,XM,EUR,A,1996-05-07,0.798601,,A,F
"BIS,WS_XRU,1.0",D.XM.EUR.A,D,XM,EUR,A,1996-05-08,0.797874,,A,F
"BIS,WS_XRU,1.0",D.XM.EUR.A,D,XM,EUR,A,1996-05-09,0.794344,,A,F
"BIS,WS_XRU,1.0",D.XM.EUR.A,D,XM,EUR,A,1996-05-10,0.794483,,A,F
"BIS,WS_XRU,1.0",D.XM.EUR.A,D,XM,EUR,A,1996-05-13,0.80168,,A,F
"BIS,WS_XRU,1.0",D.XM.EUR.A,D,XM,EUR,A,1996-05-14,0.80291,,A,F
"BIS,WS_XRU,1.0",D.XM.EUR.A,D,XM,EUR,A,1996-05-15,0.802742,,A,F
"BIS,WS_XRU,1.0",D.XM.EUR.A,D,XM,EUR,A,1996-05-16,,,M,F
"BIS,WS_XRU,1.0",D.XM.EUR.A,D,XM,EUR,A,1996-05-17,0.801417,,A,F
"BIS,WS_XRU,1.0",D.XM.EUR.A,D,XM,EUR,A,1996-05-20,0.803252,,A,F
"BIS,WS_XRU,1.0",D.XM.EUR.A,D,XM,EUR,A,1996-05-21,0.805562,,A,F
"BIS,WS_XRU,1.0",D.XM.EUR.A,D,XM,EUR,A,1996-05-22,0.805938,,A,F
"BIS,WS_XRU,1.0",D.XM.EUR.A,D,XM,EUR,A,1996-05-23,0.807246,,A,F
"BIS,WS_XRU,1.0",D.XM.EUR.A,D,XM,EUR,A,1996-05-24,0.806679,,A,F
"BIS,WS_XRU,1.0",D.XM.EUR.A,D,XM,EUR,A,1996-05-27,,,M,F
"BIS,WS_XRU,1.0",D.XM.EUR.A,D,XM,EUR,A,1996-05-28,0.807989,,A,F
"BIS,WS_XRU,1.0",D.XM.EUR.A,D,XM,EUR,A,1996-05-29,0.808074,,A,F
"BIS,WS_XRU,1.0",D.XM.EUR.A,D,XM,EUR,A,1996-05-30,0.798741,,A,F
"BIS,WS_XRU,1.0",D.XM.EUR.A,D,XM,EUR,A,1996-05-31,0.801057,,A,F
"BIS,WS_XRU,1.0",D.XM.EUR.A,D,XM,EUR,A,1996-06-03,0.796698,,A,F
"BIS,WS_XRU,1.0",D.XM.EUR.A,D,XM,EUR,A,1996-06-04,0.798703,,A,F
"BIS,WS_XRU,1.0",D.XM.EUR.A,D,XM,EUR,A,1996-06-05,0.800359,,A,F
"BIS,WS_XRU,1.0",D.XM.EUR.A,D,XM,EUR,A,1996-06-06,0.797747,,A,F
"BIS,WS_XRU,1.0",D.XM.EUR.A,D,XM,EUR,A,1996-06-07,0.798282,,A,F
"BIS,WS_XRU,1.0",D.XM.EUR.A,D,XM,EUR,A,1996-06-10,0.802691,,A,F
"BIS,WS_XRU,1.0",D.XM.EUR.A,D,XM,EUR,A,1996-06-11,0.801526,,A,F
"BIS,WS_XRU,1.0",D.XM.EUR.A,D,XM,EUR,A,1996-06-12,0.802575,,A,F
"BIS,WS_XRU,1.0",D.XM.EUR.A,D,XM,EUR,A,1996-06-13,0.802169,,A,F
"BIS,WS_XRU,1.0",D.XM.EUR.A,D,XM,EUR,A,1996-06-14,0.796419,,A,F
"BIS,WS_XRU,1.0",D.XM.EUR.A,D,XM,EUR,A,1996-06-17,0.793909,,A,F
"BIS,WS_XRU,1.0",D.XM.EUR.A,D,XM,EUR,A,1996-06-18,0.792349,,A,F
"BIS,WS_XRU,1.0",D.XM.EUR.A,D,XM,EUR,A,1996-06-19,0.794319,,A,F
"BIS,WS_XRU,1.0",D.XM.EUR.A,D,XM,EUR,A,1996-06-20,0.79635,,A,F
"BIS,WS_XRU,1.0",D.XM.EUR.A,D,XM,EUR,A,1996-06-21,0.798155,,A,F
"BIS,WS_XRU,1.0",D.XM.EUR.A,D,XM,EUR,A,1996-06-24,0.800576,,A,F
"BIS,WS_XRU,1.0",D.XM.EUR.A,D,XM,EUR,A,1996-06-25,0.800852,,A,F
"BIS,WS_XRU,1.0",D.XM.EUR.A,D,XM,EUR,A,1996-06-26,0.798473,,A,F
"BIS,WS_XRU,1.0",D.XM.EUR.A,D,XM,EUR,A,1996-06-27,0.795336,,A,F
"BIS,WS_XRU,1.0",D.XM.EUR.A,D,XM,EUR,A,1996-06-28,0.795425,,A,F
"BIS,WS_XRU,1.0",D.XM.EUR.A,D,XM,EUR,A,1996-07-01,0.794894,,A,F
"BIS,WS_XRU,1.0",D.XM.EUR.A,D,XM,EUR,A,1996-07-02,0.796679,,A,F
"BIS,WS_XRU,1.0",D.XM.EUR.A,D,XM,EUR,A,1996-07-03,0.797296,,A,F
"BIS,WS_XRU,1.0",D.XM.EUR.A,D,XM,EUR,A,1996-07-04,0.79321,,A,F
"BIS,WS_XRU,1.0",D.XM.EUR.A,D,XM,EUR,A,1996-07-05,0.795545,,A,F
"BIS,WS_XRU,1.0",D.XM.EUR.A,D,XM,EUR,A,1996-07-08,0.797518,,A,F
"BIS,WS_XRU,1.0",D.XM.EUR.A,D,XM,EUR,A,1996-07-09,0.795589,,A,F
"BIS,WS_XRU,1.0",D.XM.EUR.A,D,XM,EUR,A,1996-07-10,0.795855,,A,F
"BIS,WS_XRU,1.0",D.XM.EUR.A,D,XM,EUR,A,1996-07-11,0.796514,,A,F
"BIS,WS_XRU,1.0",D.XM.EUR.A,D,XM,EUR,A,1996-07-12,0.793305,,A,F
"BIS,WS_XRU,1.0",D.XM.EUR.A,D,XM,EUR,A,1996-07-15,0.796039,,A,F
"BIS,WS_XRU,1.0",D.XM.EUR.A,D,XM,EUR,A,1996-07-16,0.78646,,A,F
"BIS,WS_XRU,1.0",D.XM.EUR.A,D,XM,EUR,A,1996-07-17,0.779976,,A,F
"BIS,WS_XRU,1.0",D.XM.EUR.A,D,XM,EUR,A,1996-07-18,0.783073,,A,F
"BIS,WS_XRU,1.0",D.XM.EUR.A,D,XM,EUR,A,1996-07-19,0.782271,,A,F
"BIS,WS_XRU,1.0",D.XM.EUR.A,D,XM,EUR,A,1996-07-22,0.780945,,A,F
"BIS,WS_XRU,1.0",D.XM.EUR.A,D,XM,EUR,A,1996-07-23,0.778125,,A,F
"BIS,WS_XRU,1.0",D.XM.EUR.A,D,XM,EUR,A,1996-07-24,0.779205,,A,F
"BIS,WS_XRU,1.0",D.XM.EUR.A,D,XM,EUR,A,1996-07-25,0.774605,,A,F
"BIS,WS_XRU,1.0",D.XM.EUR.A,D,XM,EUR,A,1996-07-26,0.778386,,A,F
"BIS,WS_XRU,1.0",D.XM.EUR.A,D,XM,EUR,A,1996-07-29,0.778355,,A,F
"BIS,WS_XRU,1.0",D.XM.EUR.A,D,XM,EUR,A,1996-07-30,0.776699,,A,F
"BIS,WS_XRU,1.0",D.XM.EUR.A,D,XM,EUR,A,1996-07-31,0.772786,,A,F
"BIS,WS_XRU,1.0",D.XM.EUR.A,D,XM,EUR,A,1996-08-01,0.77505,,A,F
"BIS,WS_XRU,1.0",D.XM.EUR.A,D,XM,EUR,A,1996-08-02,0.778107,,A,F
"BIS,WS_XRU,1.0",D.XM.EUR.A,D,XM,EUR,A,1996-08-05,0.776156,,A,F
"BIS,WS_XRU,1.0",D.XM.EUR.A,D,XM,EUR,A,1996-08-06,0.780451,,A,F
"BIS,WS_XRU,1.0",D.XM.EUR.A,D,XM,EUR,A,1996-08-07,0.78047,,A,F
"BIS,WS_XRU,1.0",D.XM.EUR.A,D,XM,EUR,A,1996-08-08,0.781152,,A,F
"BIS,WS_XRU,1.0",D.XM.EUR.A,D,XM,EUR,A,1996-08-09,0.778677,,A,F
"BIS,WS_XRU,1.0",D.XM.EUR.A,D,XM,EUR,A,1996-08-12,0.777363,,A,F
"BIS,WS_XRU,1.0",D.XM.EUR.A,D,XM,EUR,A,1996-08-13,0.777859,,A,F
"BIS,WS_XRU,1.0",D.XM.EUR.A,D,XM,EUR,A,1996-08-14,0.780305,,A,F
"BIS,WS_XRU,1.0",D.XM.EUR.A,D,XM,EUR,A,1996-08-15,,,M,F
"BIS,WS_XRU,1.0",D.XM.EUR.A,D,XM,EUR,A,1996-08-16,0.782993,,A,F
"BIS,WS_XRU,1.0",D.XM.EUR.A,D,XM,EUR,A,1996-08-19,0.782522,,A,F
"BIS,WS_XRU,1.0",D.XM.EUR.A,D,XM,EUR,A,1996-08-20,0.782957,,A,F
"BIS,WS_XRU,1.0",D.XM.EUR.A,D,XM,EUR,A,1996-08-21,0.779885,,A,F
"BIS,WS_XRU,1.0",D.XM.EUR.A,D,XM,EUR,A,1996-08-22,0.783865,,A,F
"BIS,WS_XRU,1.0",D.XM.EUR.A,D,XM,EUR,A,1996-08-23,0.78089,,A,F
"BIS,WS_XRU,1.0",D.XM.EUR.A,D,XM,EUR,A,1996-08-26,0.776711,,A,F
"BIS,WS_XRU,1.0",D.XM.EUR.A,D,XM,EUR,A,1996-08-27,0.775922,,A,F
"BIS,WS_XRU,1.0",D.XM.EUR.A,D,XM,EUR,A,1996-08-28,0.777212,,A,F
"BIS,WS_XRU,1.0",D.XM.EUR.A,D,XM,EUR,A,1996-08-29,0.777188,,A,F
"BIS,WS_XRU,1.0",D.XM.EUR.A,D,XM,EUR,A,1996-08-30,0.779144,,A,F
"BIS,WS_XRU,1.0",D.XM.EUR.A,D,XM,EUR,A,1996-09-02,0.77878,,A,F
"BIS,WS_XRU,1.0",D.XM.EUR.A,D,XM,EUR,A,1996-09-03,0.78086,,A,F
"BIS,WS_XRU,1.0",D.XM.EUR.A,D,XM,EUR,A,1996-09-04,0.779824,,A,F
"BIS,WS_XRU,1.0",D.XM.EUR.A,D,XM,EUR,A,1996-09-05,0.778307,,A,F
"BIS,WS_XRU,1.0",D.XM.EUR.A,D,XM,EUR,A,1996-09-06,0.779362,,A,F
"BIS,WS_XRU,1.0",D.XM.EUR.A,D,XM,EUR,A,1996-09-09,0.781366,,A,F
"BIS,WS_XRU,1.0",D.XM.EUR.A,D,XM,EUR,A,1996-09-10,0.787234,,A,F
"BIS,WS_XRU,1.0",D.XM.EUR.A,D,XM,EUR,A,1996-09-11,0.789746,,A,F
"BIS,WS_XRU,1.0",D.XM.EUR.A,D,XM,EUR,A,1996-09-12,0.791866,,A,F
"BIS,WS_XRU,1.0",D.XM.EUR.A,D,XM,EUR,A,1996-09-13,0.791346,,A,F
"BIS,WS_XRU,1.0",D.XM.EUR.A,D,XM,EUR,A,1996-09-16,0.79144,,A,F
"BIS,WS_XRU,1.0",D.XM.EUR.A,D,XM,EUR,A,1996-09-17,0.790739,,A,F
"BIS,WS_XRU,1.0",D.XM.EUR.A,D,XM,EUR,A,1996-09-18,0.790801,,A,F
"BIS,WS_XRU,1.0",D.XM.EUR.A,D,XM,EUR,A,1996-09-19,0.789627,,A,F
"BIS,WS_XRU,1.0",D.XM.EUR.A,D,XM,EUR,A,1996-09-20,0.792067,,A,F
"BIS,WS_XRU,1.0",D.XM.EUR.A,D,XM,EUR,A,1996-09-23,0.791973,,A,F
"BIS,WS_XRU,1.0",D.XM.EUR.A,D,XM,EUR,A,1996-09-24,0.790283,,A,F
"BIS,WS_XRU,1.0",D.XM.EUR.A,D,XM,EUR,A,1996-09-25,0.787749,,A,F
"BIS,WS_XRU,1.0",D.XM.EUR.A,D,XM,EUR,A,1996-09-26,0.79396,,A,F
"BIS,WS_XRU,1.0",D.XM.EUR.A,D,XM,EUR,A,1996-09-27,0.794856,,A,F
"BIS,WS_XRU,1.0",D.XM.EUR.A,D,XM,EUR,A,1996-09-30,0.796242,,A,F
"BIS,WS_XRU,1.0",D.XM.EUR.A,D,XM,EUR,A,1996-10-01,0.794717,,A,F
"BIS,WS_XRU,1.0",D.XM.EUR.A,D,XM,EUR,A,1996-10-02,0.794527,,A,F
"BIS,WS_XRU,1.0",D.XM.EUR.A,D,XM,EUR,A,1996-10-03,0.797156,,A,F
"BIS,WS_XRU,1.0",D.XM.EUR.A,D,XM,EUR,A,1996-10-04,0.797315,,A,F
"BIS,WS_XRU,1.0",D.XM.EUR.A,D,XM,EUR,A,1996-10-07,0.79694,,A,F
"BIS,WS_XRU,1.0",D.XM.EUR.A,D,XM,EUR,A,1996-10-08,0.794635,,A,F
"BIS,WS_XRU,1.0",D.XM.EUR.A,D,XM,EUR,A,1996-10-09,0.796407,,A,F
"BIS,WS_XRU,1.0",D.XM.EUR.A,D,XM,EUR,A,1996-10-10,0.797219,,A,F
"BIS,WS_XRU,1.0",D.XM.EUR.A,D,XM,EUR,A,1996-10-11,0.795475,,A,F
"BIS,WS_XRU,1.0",D.XM.EUR.A,D,XM,EUR,A,1996-10-14,0.796185,,A,F
"BIS,WS_XRU,1.0",D.XM.EUR.A,D,XM,EUR,A,1996-10-15,0.799661,,A,F
"BIS,WS_XRU,1.0",D.XM.EUR.A,D,XM,EUR,A,1996-10-16,0.80016,,A,F
"BIS,WS_XRU,1.0",D.XM.EUR.A,D,XM,EUR,A,1996-10-17,0.799808,,A,F
"BIS,WS_XRU,1.0",D.XM.EUR.A,D,XM,EUR,A,1996-10-18,0.800769,,A,F
"BIS,WS_XRU,1.0",D.XM.EUR.A,D,XM,EUR,A,1996-10-21,0.798531,,A,F
"BIS,WS_XRU,1.0",D.XM.EUR.A,D,XM,EUR,A,1996-10-22,0.796692,,A,F
"BIS,WS_XRU,1.0",D.XM.EUR.A,D,XM,EUR,A,1996-10-23,0.791371,,A,F
"BIS,WS_XRU,1.0",D.XM.EUR.A,D,XM,EUR,A,1996-10-24,0.79228,,A,F
"BIS,WS_XRU,1.0",D.XM.EUR.A,D,XM,EUR,A,1996-10-25,0.792267,,A,F
"BIS,WS_XRU,1.0",D.XM.EUR.A,D,XM,EUR,A,1996-10-28,0.790508,,A,F
"BIS,WS_XRU,1.0",D.XM.EUR.A,D,XM,EUR,A,1996-10-29,0.785953,,A,F
"BIS,WS_XRU,1.0",D.XM.EUR.A,D,XM,EUR,A,1996-10-30,0.783742,,A,F
"BIS,WS_XRU,1.0",D.XM.EUR.A,D,XM,EUR,A,1996-10-31,0.785318,,A,F
"BIS,WS_XRU,1.0",D.XM.EUR.A,D,XM,EUR,A,1996-11-01,0.78747,,A,F
"BIS,WS_XRU,1.0",D.XM.EUR.A,D,XM,EUR,A,1996-11-04,0.785293,,A,F
"BIS,WS_XRU,1.0",D.XM.EUR.A,D,XM,EUR,A,1996-11-05,0.784954,,A,F
"BIS,WS_XRU,1.0",D.XM.EUR.A,D,XM,EUR,A,1996-11-06,0.787445,,A,F
"BIS,WS_XRU,1.0",D.XM.EUR.A,D,XM,EUR,A,1996-11-07,0.782344,,A,F
"BIS,WS_XRU,1.0",D.XM.EUR.A,D,XM,EUR,A,1996-11-08,0.783049,,A,F
"BIS,WS_XRU,1.0",D.XM.EUR.A,D,XM,EUR,A,1996-11-11,0.781024,,A,F
"BIS,WS_XRU,1.0",D.XM.EUR.A,D,XM,EUR,A,1996-11-12,0.778998,,A,F
"BIS,WS_XRU,1.0",D.XM.EUR.A,D,XM,EUR,A,1996-11-13,0.781433,,A,F
"BIS,WS_XRU,1.0",D.XM.EUR.A,D,XM,EUR,A,1996-11-14,0.780506,,A,F
"BIS,WS_XRU,1.0",D.XM.EUR.A,D,XM,EUR,A,1996-11-15,0.780786,,A,F
"BIS,WS_XRU,1.0",D.XM.EUR.A,D,XM,EUR,A,1996-11-18,0.78047,,A,F
"BIS,WS_XRU,1.0",D.XM.EUR.A,D,XM,EUR,A,1996-11-19,0.778568,,A,F
"BIS,WS_XRU,1.0",D.XM.EUR.A,D,XM,EUR,A,1996-11-20,0.776808,,A,F
"BIS,WS_XRU,1.0",D.XM.EUR.A,D,XM,EUR,A,1996-11-21,0.777381,,A,F
"BIS,WS_XRU,1.0",D.XM.EUR.A,D,XM,EUR,A,1996-11-22,0.777242,,A,F
"BIS,WS_XRU,1.0",D.XM.EUR.A,D,XM,EUR,A,1996-11-25,0.782393,,A,F
"BIS,WS_XRU,1.0",D.XM.EUR.A,D,XM,EUR,A,1996-11-26,0.789659,,A,F
"BIS,WS_XRU,1.0",D.XM.EUR.A,D,XM,EUR,A,1996-11-27,0.787594,,A,F
"BIS,WS_XRU,1.0",D.XM.EUR.A,D,XM,EUR,A,1996-11-28,0.791164,,A,F
"BIS,WS_XRU,1.0",D.XM.EUR.A,D,XM,EUR,A,1996-11-29,0.792042,,A,F
"BIS,WS_XRU,1.0",D.XM.EUR.A,D,XM,EUR,A,1996-12-02,0.79502,,A,F
"BIS,WS_XRU,1.0",D.XM.EUR.A,D,XM,EUR,A,1996-12-03,0.805244,,A,F
"BIS,WS_XRU,1.0",D.XM.EUR.A,D,XM,EUR,A,1996-12-04,0.804771,,A,F
"BIS,WS_XRU,1.0",D.XM.EUR.A,D,XM,EUR,A,1996-12-05,0.805179,,A,F
"BIS,WS_XRU,1.0",D.XM.EUR.A,D,XM,EUR,A,1996-12-06,0.792368,,A,F
"BIS,WS_XRU,1.0",D.XM.EUR.A,D,XM,EUR,A,1996-12-09,0.801558,,A,F
"BIS,WS_XRU,1.0",D.XM.EUR.A,D,XM,EUR,A,1996-12-10,0.801629,,A,F
"BIS,WS_XRU,1.0",D.XM.EUR.A,D,XM,EUR,A,1996-12-11,0.796933,,A,F
"BIS,WS_XRU,1.0",D.XM.EUR.A,D,XM,EUR,A,1996-12-12,0.797715,,A,F
"BIS,WS_XRU,1.0",D.XM.EUR.A,D,XM,EUR,A,1996-12-13,0.794546,,A,F
"BIS,WS_XRU,1.0",D.XM.EUR.A,D,XM,EUR,A,1996-12-16,0.801558,,A,F
"BIS,WS_XRU,1.0",D.XM.EUR.A,D,XM,EUR,A,1996-12-17,0.79848,,A,F
"BIS,WS_XRU,1.0",D.XM.EUR.A,D,XM,EUR,A,1996-12-18,0.799623,,A,F
"BIS,WS_XRU,1.0",D.XM.EUR.A,D,XM,EUR,A,1996-12-19,0.801231,,A,F
"BIS,WS_XRU,1.0",D.XM.EUR.A,D,XM,EUR,A,1996-12-20,0.801757,,A,F
"BIS,WS_XRU,1.0",D.XM.EUR.A,D,XM,EUR,A,1996-12-23,0.799373,,A,F
"BIS,WS_XRU,1.0",D.XM.EUR.A,D,XM,EUR,A,1996-12-24,0.800448,,A,F
"BIS,WS_XRU,1.0",D.XM.EUR.A,D,XM,EUR,A,1996-12-25,,,M,F
"BIS,WS_XRU,1.0",D.XM.EUR.A,D,XM,EUR,A,1996-12-26,,,M,F
"BIS,WS_XRU,1.0",D.XM.EUR.A,D,XM,EUR,A,1996-12-27,0.800923,,A,F
"BIS,WS_XRU,1.0",D.XM.EUR.A,D,XM,EUR,A,1996-12-30,0.800615,,A,F
"BIS,WS_XRU,1.0",D.XM.EUR.A,D,XM,EUR,A,1996-12-31,0.798091,,A,F
"BIS,WS_XRU,1.0",D.XM.EUR.A,D,XM,EUR,A,1997-01-01,,,M,F
"BIS,WS_XRU,1.0",D.XM.EUR.A,D,XM,EUR,A,1997-01-02,0.794729,,A,F
"BIS,WS_XRU,1.0",D.XM.EUR.A,D,XM,EUR,A,1997-01-03,0.797486,,A,F
"BIS,WS_XRU,1.0",D.XM.EUR.A,D,XM,EUR,A,1997-01-06,0.804583,,A,F
"BIS,WS_XRU,1.0",D.XM.EUR.A,D,XM,EUR,A,1997-01-07,0.802588,,A,F
"BIS,WS_XRU,1.0",D.XM.EUR.A,D,XM,EUR,A,1997-01-08,0.807298,,A,F
"BIS,WS_XRU,1.0",D.XM.EUR.A,D,XM,EUR,A,1997-01-09,0.808492,,A,F
"BIS,WS_XRU,1.0",D.XM.EUR.A,D,XM,EUR,A,1997-01-10,0.809075,,A,F
"BIS,WS_XRU,1.0",D.XM.EUR.A,D,XM,EUR,A,1997-01-13,0.814233,,A,F
"BIS,WS_XRU,1.0",D.XM.EUR.A,D,XM,EUR,A,1997-01-14,0.813544,,A,F
"BIS,WS_XRU,1.0",D.XM.EUR.A,D,XM,EUR,A,1997-01-15,0.818632,,A,F
"BIS,WS_XRU,1.0",D.XM.EUR.A,D,XM,EUR,A,1997-01-16,0.816927,,A,F
"BIS,WS_XRU,1.0",D.XM.EUR.A,D,XM,EUR,A,1997-01-17,0.82058,,A,F
"BIS,WS_XRU,1.0",D.XM.EUR.A,D,XM,EUR,A,1997-01-20,0.829807,,A,F
"BIS,WS_XRU,1.0",D.XM.EUR.A,D,XM,EUR,A,1997-01-21,0.830406,,A,F
"BIS,WS_XRU,1.0",D.XM.EUR.A,D,XM,EUR,A,1997-01-22,0.839018,,A,F
"BIS,WS_XRU,1.0",D.XM.EUR.A,D,XM,EUR,A,1997-01-23,0.840675,,A,F
"BIS,WS_XRU,1.0",D.XM.EUR.A,D,XM,EUR,A,1997-01-24,0.835282,,A,F
"BIS,WS_XRU,1.0",D.XM.EUR.A,D,XM,EUR,A,1997-01-27,0.83968,,A,F
"BIS,WS_XRU,1.0",D.XM.EUR.A,D,XM,EUR,A,1997-01-28,0.847802,,A,F
"BIS,WS_XRU,1.0",D.XM.EUR.A,D,XM,EUR,A,1997-01-29,0.842993,,A,F
"BIS,WS_XRU,1.0",D.XM.EUR.A,D,XM,EUR,A,1997-01-30,0.841645,,A,F
"BIS,WS_XRU,1.0",D.XM.EUR.A,D,XM,EUR,A,1997-01-31,0.840689,,A,F
"BIS,WS_XRU,1.0",D.XM.EUR.A,D,XM,EUR,A,1997-02-03,0.846145,,A,F
"BIS,WS_XRU,1.0",D.XM.EUR.A,D,XM,EUR,A,1997-02-04,0.843739,,A,F
"BIS,WS_XRU,1.0",D.XM.EUR.A,D,XM,EUR,A,1997-02-05,0.847013,,A,F
"BIS,WS_XRU,1.0",D.XM.EUR.A,D,XM,EUR,A,1997-02-06,0.846267,,A,F
"BIS,WS_XRU,1.0",D.XM.EUR.A,D,XM,EUR,A,1997-02-07,0.852697,,A,F
"BIS,WS_XRU,1.0",D.XM.EUR.A,D,XM,EUR,A,1997-02-10,0.847867,,A,F
"BIS,WS_XRU,1.0",D.XM.EUR.A,D,XM,EUR,A,1997-02-11,0.855059,,A,F
"BIS,WS_XRU,1.0",D.XM.EUR.A,D,XM,EUR,A,1997-02-12,0.860859,,A,F
"BIS,WS_XRU,1.0",D.XM.EUR.A,D,XM,EUR,A,1997-02-13,0.860171,,A,F
"BIS,WS_XRU,1.0",D.XM.EUR.A,D,XM,EUR,A,1997-02-14,0.862523,,A,F
"BIS,WS_XRU,1.0",D.XM.EUR.A,D,XM,EUR,A,1997-02-17,0.866536,,A,F
"BIS,WS_XRU,1.0",D.XM.EUR.A,D,XM,EUR,A,1997-02-18,0.871293,,A,F
"BIS,WS_XRU,1.0",D.XM.EUR.A,D,XM,EUR,A,1997-02-19,0.866972,,A,F
"BIS,WS_XRU,1.0",D.XM.EUR.A,D,XM,EUR,A,1997-02-20,0.863894,,A,F
"BIS,WS_XRU,1.0",D.XM.EUR.A,D,XM,EUR,A,1997-02-21,0.862426,,A,F
"BIS,WS_XRU,1.0",D.XM.EUR.A,D,XM,EUR,A,1997-02-24,0.858347,,A,F
"BIS,WS_XRU,1.0",D.XM.EUR.A,D,XM,EUR,A,1997-02-25,0.857846,,A,F
"BIS,WS_XRU,1.0",D.XM.EUR.A,D,XM,EUR,A,1997-02-26,0.856847,,A,F
"BIS,WS_XRU,1.0",D.XM.EUR.A,D,XM,EUR,A,1997-02-27,0.865097,,A,F
"BIS,WS_XRU,1.0",D.XM.EUR.A,D,XM,EUR,A,1997-02-28,0.866078,,A,F
"BIS,WS_XRU,1.0",D.XM.EUR.A,D,XM,EUR,A,1997-03-03,0.867122,,A,F
"BIS,WS_XRU,1.0",D.XM.EUR.A,D,XM,EUR,A,1997-03-04,0.874095,,A,F
"BIS,WS_XRU,1.0",D.XM.EUR.A,D,XM,EUR,A,1997-03-05,0.876547,,A,F
"BIS,WS_XRU,1.0",D.XM.EUR.A,D,XM,EUR,A,1997-03-06,0.878835,,A,F
"BIS,WS_XRU,1.0",D.XM.EUR.A,D,XM,EUR,A,1997-03-07,0.877609,,A,F
"BIS,WS_XRU,1.0",D.XM.EUR.A,D,XM,EUR,A,1997-03-10,0.873927,,A,F
"BIS,WS_XRU,1.0",D.XM.EUR.A,D,XM,EUR,A,1997-03-11,0.873797,,A,F
"BIS,WS_XRU,1.0",D.XM.EUR.A,D,XM,EUR,A,1997-03-12,0.873851,,A,F
"BIS,WS_XRU,1.0",D.XM.EUR.A,D,XM,EUR,A,1997-03-13,0.868961,,A,F
"BIS,WS_XRU,1.0",D.XM.EUR.A,D,XM,EUR,A,1997-03-14,0.87463,,A,F
"BIS,WS_XRU,1.0",D.XM.EUR.A,D,XM,EUR,A,1997-03-17,0.866701,,A,F
"BIS,WS_XRU,1.0",D.XM.EUR.A,D,XM,EUR,A,1997-03-18,0.866146,,A,F
"BIS,WS_XRU,1.0",D.XM.EUR.A,D,XM,EUR,A,1997-03-19,0.864521,,A,F
"BIS,WS_XRU,1.0",D.XM.EUR.A,D,XM,EUR,A,1997-03-20,0.861341,,A,F
"BIS,WS_XRU,1.0",D.XM.EUR.A,D,XM,EUR,A,1997-03-21,0.868448,,A,F
"BIS,WS_XRU,1.0",D.XM.EUR.A,D,XM,EUR,A,1997-03-24,0.867085,,A,F
"BIS,WS_XRU,1.0",D.XM.EUR.A,D,XM,EUR,A,1997-03-25,0.864872,,A,F
"BIS,WS_XRU,1.0",D.XM.EUR.A,D,XM,EUR,A,1997-03-26,0.866581,,A,F
"BIS,WS_XRU,1.0",D.XM.EUR.A,D,XM,EUR,A,1997-03-27,0.860785,,A,F
"BIS,WS_XRU,1.0",D.XM.EUR.A,D,XM,EUR,A,1997-03-28,,,M,F
"BIS,WS_XRU,1.0",D.XM.EUR.A,D,XM,EUR,A,1997-03-31,,,M,F
"BIS,WS_XRU,1.0",D.XM.EUR.A,D,XM,EUR,A,1997-04-01,0.854401,,A,F
"BIS,WS_XRU,1.0",D.XM.EUR.A,D,XM,EUR,A,1997-04-02,0.855761,,A,F
"BIS,WS_XRU,1.0",D.XM.EUR.A,D,XM,EUR,A,1997-04-03,0.85563,,A,F
"BIS,WS_XRU,1.0",D.XM.EUR.A,D,XM,EUR,A,1997-04-04,0.857023,,A,F
"BIS,WS_XRU,1.0",D.XM.EUR.A,D,XM,EUR,A,1997-04-07,0.86952,,A,F
"BIS,WS_XRU,1.0",D.XM.EUR.A,D,XM,EUR,A,1997-04-08,0.875289,,A,F
"BIS,WS_XRU,1.0",D.XM.EUR.A,D,XM,EUR,A,1997-04-09,0.876662,,A,F
"BIS,WS_XRU,1.0",D.XM.EUR.A,D,XM,EUR,A,1997-04-10,0.875473,,A,F
"BIS,WS_XRU,1.0",D.XM.EUR.A,D,XM,EUR,A,1997-04-11,0.879221,,A,F
"BIS,WS_XRU,1.0",D.XM.EUR.A,D,XM,EUR,A,1997-04-14,0.878148,,A,F
"BIS,WS_XRU,1.0",D.XM.EUR.A,D,XM,EUR,A,1997-04-15,0.88227,,A,F
"BIS,WS_XRU,1.0",D.XM.EUR.A,D,XM,EUR,A,1997-04-16,0.87974,,A,F
"BIS,WS_XRU,1.0",D.XM.EUR.A,D,XM,EUR,A,1997-04-17,0.880088,,A,F
"BIS,WS_XRU,1.0",D.XM.EUR.A,D,XM,EUR,A,1997-04-18,0.875833,,A,F
"BIS,WS_XRU,1.0",D.XM.EUR.A,D,XM,EUR,A,1997-04-21,0.870549,,A,F
"BIS,WS_XRU,1.0",D.XM.EUR.A,D,XM,EUR,A,1997-04-22,0.872007,,A,F
"BIS,WS_XRU,1.0",D.XM.EUR.A,D,XM,EUR,A,1997-04-23,0.875565,,A,F
"BIS,WS_XRU,1.0",D.XM.EUR.A,D,XM,EUR,A,1997-04-24,0.877886,,A,F
"BIS,WS_XRU,1.0",D.XM.EUR.A,D,XM,EUR,A,1997-04-25,0.876816,,A,F
"BIS,WS_XRU,1.0",D.XM.EUR.A,D,XM,EUR,A,1997-04-28,0.883267,,A,F
"BIS,WS_XRU,1.0",D.XM.EUR.A,D,XM,EUR,A,1997-04-29,0.883556,,A,F
"BIS,WS_XRU,1.0",D.XM.EUR.A,D,XM,EUR,A,1997-04-30,0.881135,,A,F
"BIS,WS_XRU,1.0",D.XM.EUR.A,D,XM,EUR,A,1997-05-01,,,M,F
"BIS,WS_XRU,1.0",D.XM.EUR.A,D,XM,EUR,A,1997-05-02,0.880995,,A,F
"BIS,WS_XRU,1.0",D.XM.EUR.A,D,XM,EUR,A,1997-05-05,0.882542,,A,F
"BIS,WS_XRU,1.0",D.XM.EUR.A,D,XM,EUR,A,1997-05-06,0.882145,,A,F
"BIS,WS_XRU,1.0",D.XM.EUR.A,D,XM,EUR,A,1997-05-07,0.876839,,A,F
"BIS,WS_XRU,1.0",D.XM.EUR.A,D,XM,EUR,A,1997-05-08,,,M,F
"BIS,WS_XRU,1.0",D.XM.EUR.A,D,XM,EUR,A,1997-05-09,0.86989,,A,F
"BIS,WS_XRU,1.0",D.XM.EUR.A,D,XM,EUR,A,1997-05-12,0.867589,,A,F
"BIS,WS_XRU,1.0",D.XM.EUR.A,D,XM,EUR,A,1997-05-13,0.869618,,A,F
"BIS,WS_XRU,1.0",D.XM.EUR.A,D,XM,EUR,A,1997-05-14,0.871133,,A,F
"BIS,WS_XRU,1.0",D.XM.EUR.A,D,XM,EUR,A,1997-05-15,0.863468,,A,F
"BIS,WS_XRU,1.0",D.XM.EUR.A,D,XM,EUR,A,1997-05-16,0.867483,,A,F
"BIS,WS_XRU,1.0",D.XM.EUR.A,D,XM,EUR,A,1997-05-19,,,M,F
"BIS,WS_XRU,1.0",D.XM.EUR.A,D,XM,EUR,A,1997-05-20,0.866311,,A,F
"BIS,WS_XRU,1.0",D.XM.EUR.A,D,XM,EUR,A,1997-05-21,0.861519,,A,F
"BIS,WS_XRU,1.0",D.XM.EUR.A,D,XM,EUR,A,1997-05-22,0.864715,,A,F
"BIS,WS_XRU,1.0",D.XM.EUR.A,D,XM,EUR,A,1997-05-23,0.865681,,A,F
"BIS,WS_XRU,1.0",D.XM.EUR.A,D,XM,EUR,A,1997-05-26,0.86358,,A,F
"BIS,WS_XRU,1.0",D.XM.EUR.A,D,XM,EUR,A,1997-05-27,0.868365,,A,F
"BIS,WS_XRU,1.0",D.XM.EUR.A,D,XM,EUR,A,1997-05-28,0.869694,,A,F
"BIS,WS_XRU,1.0",D.XM.EUR.A,D,XM,EUR,A,1997-05-29,0.870178,,A,F
"BIS,WS_XRU,1.0",D.XM.EUR.A,D,XM,EUR,A,1997-05-30,0.870277,,A,F
"BIS,WS_XRU,1.0",D.XM.EUR.A,D,XM,EUR,A,1997-06-02,0.879747,,A,F
"BIS,WS_XRU,1.0",D.XM.EUR.A,D,XM,EUR,A,1997-06-03,0.880088,,A,F
"BIS,WS_XRU,1.0",D.XM.EUR.A,D,XM,EUR,A,1997-06-04,0.88185,,A,F
"BIS,WS_XRU,1.0",D.XM.EUR.A,D,XM,EUR,A,1997-06-05,0.881337,,A,F
"BIS,WS_XRU,1.0",D.XM.EUR.A,D,XM,EUR,A,1997-06-06,0.886761,,A,F
"BIS,WS_XRU,1.0",D.XM.EUR.A,D,XM,EUR,A,1997-06-09,0.875549,,A,F
"BIS,WS_XRU,1.0",D.XM.EUR.A,D,XM,EUR,A,1997-06-10,0.87522,,A,F
"BIS,WS_XRU,1.0",D.XM.EUR.A,D,XM,EUR,A,1997-06-11,0.876086,,A,F
"BIS,WS_XRU,1.0",D.XM.EUR.A,D,XM,EUR,A,1997-06-12,0.87967,,A,F
"BIS,WS_XRU,1.0",D.XM.EUR.A,D,XM,EUR,A,1997-06-13,0.881562,,A,F
"BIS,WS_XRU,1.0",D.XM.EUR.A,D,XM,EUR,A,1997-06-16,0.882161,,A,F
"BIS,WS_XRU,1.0",D.XM.EUR.A,D,XM,EUR,A,1997-06-17,0.883509,,A,F
"BIS,WS_XRU,1.0",D.XM.EUR.A,D,XM,EUR,A,1997-06-18,0.879624,,A,F
"BIS,WS_XRU,1.0",D.XM.EUR.A,D,XM,EUR,A,1997-06-19,0.881073,,A,F
"BIS,WS_XRU,1.0",D.XM.EUR.A,D,XM,EUR,A,1997-06-20,0.87933,,A,F
"BIS,WS_XRU,1.0",D.XM.EUR.A,D,XM,EUR,A,1997-06-23,0.876762,,A,F
"BIS,WS_XRU,1.0",D.XM.EUR.A,D,XM,EUR,A,1997-06-24,0.87637,,A,F
"BIS,WS_XRU,1.0",D.XM.EUR.A,D,XM,EUR,A,1997-06-25,0.876278,,A,F
"BIS,WS_XRU,1.0",D.XM.EUR.A,D,XM,EUR,A,1997-06-26,0.877994,,A,F
"BIS,WS_XRU,1.0",D.XM.EUR.A,D,XM,EUR,A,1997-06-27,0.880026,,A,F
"BIS,WS_XRU,1.0",D.XM.EUR.A,D,XM,EUR,A,1997-06-30,0.88494,,A,F
"BIS,WS_XRU,1.0",D.XM.EUR.A,D,XM,EUR,A,1997-07-01,0.885308,,A,F
"BIS,WS_XRU,1.0",D.XM.EUR.A,D,XM,EUR,A,1997-07-02,0.887871,,A,F
"BIS,WS_XRU,1.0",D.XM.EUR.A,D,XM,EUR,A,1997-07-03,0.888249,,A,F
"BIS,WS_XRU,1.0",D.XM.EUR.A,D,XM,EUR,A,1997-07-04,0.886965,,A,F
"BIS,WS_XRU,1.0",D.XM.EUR.A,D,XM,EUR,A,1997-07-07,0.883978,,A,F
"BIS,WS_XRU,1.0",D.XM.EUR.A,D,XM,EUR,A,1997-07-08,0.887894,,A,F
"BIS,WS_XRU,1.0",D.XM.EUR.A,D,XM,EUR,A,1997-07-09,0.891107,,A,F
"BIS,WS_XRU,1.0",D.XM.EUR.A,D,XM,EUR,A,1997-07-10,0.887934,,A,F
"BIS,WS_XRU,1.0",D.XM.EUR.A,D,XM,EUR,A,1997-07-11,0.890504,,A,F
"BIS,WS_XRU,1.0",D.XM.EUR.A,D,XM,EUR,A,1997-07-14,0.904069,,A,F
"BIS,WS_XRU,1.0",D.XM.EUR.A,D,XM,EUR,A,1997-07-15,0.905576,,A,F
"BIS,WS_XRU,1.0",D.XM.EUR.A,D,XM,EUR,A,1997-07-16,0.904707,,A,F
"BIS,WS_XRU,1.0",D.XM.EUR.A,D,XM,EUR,A,1997-07-17,0.906799,,A,F
"BIS,WS_XRU,1.0",D.XM.EUR.A,D,XM,EUR,A,1997-07-18,0.908694,,A,F
"BIS,WS_XRU,1.0",D.XM.EUR.A,D,XM,EUR,A,1997-07-21,0.906561,,A,F
"BIS,WS_XRU,1.0",D.XM.EUR.A,D,XM,EUR,A,1997-07-22,0.913809,,A,F
"BIS,WS_XRU,1.0",D.XM.EUR.A,D,XM,EUR,A,1997-07-23,0.920429,,A,F
"BIS,WS_XRU,1.0",D.XM.EUR.A,D,XM,EUR,A,1997-07-24,0.92377,,A,F
"BIS,WS_XRU,1.0",D.XM.EUR.A,D,XM,EUR,A,1997-07-25,0.925078,,A,F
"BIS,WS_XRU,1.0",D.XM.EUR.A,D,XM,EUR,A,1997-07-28,0.929895,,A,F
"BIS,WS_XRU,1.0",D.XM.EUR.A,D,XM,EUR,A,1997-07-29,0.926509,,A,F
"BIS,WS_XRU,1.0",D.XM.EUR.A,D,XM,EUR,A,1997-07-30,0.931498,,A,F
"BIS,WS_XRU,1.0",D.XM.EUR.A,D,XM,EUR,A,1997-07-31,0.925532,,A,F
"BIS,WS_XRU,1.0",D.XM.EUR.A,D,XM,EUR,A,1997-08-01,0.934021,,A,F
"BIS,WS_XRU,1.0",D.XM.EUR.A,D,XM,EUR,A,1997-08-04,0.943485,,A,F
"BIS,WS_XRU,1.0",D.XM.EUR.A,D,XM,EUR,A,1997-08-05,0.947095,,A,F
"BIS,WS_XRU,1.0",D.XM.EUR.A,D,XM,EUR,A,1997-08-06,0.953107,,A,F
"BIS,WS_XRU,1.0",D.XM.EUR.A,D,XM,EUR,A,1997-08-07,0.949902,,A,F
"BIS,WS_XRU,1.0",D.XM.EUR.A,D,XM,EUR,A,1997-08-08,0.9432,,A,F
"BIS,WS_XRU,1.0",D.XM.EUR.A,D,XM,EUR,A,1997-08-11,0.940079,,A,F
"BIS,WS_XRU,1.0",D.XM.EUR.A,D,XM,EUR,A,1997-08-12,0.942578,,A,F
"BIS,WS_XRU,1.0",D.XM.EUR.A,D,XM,EUR,A,1997-08-13,0.935821,,A,F
"BIS,WS_XRU,1.0",D.XM.EUR.A,D,XM,EUR,A,1997-08-14,0.932305,,A,F
"BIS,WS_XRU,1.0",D.XM.EUR.A,D,XM,EUR,A,1997-08-15,,,M,F
"BIS,WS_XRU,1.0",D.XM.EUR.A,D,XM,EUR,A,1997-08-18,0.923361,,A,F
"BIS,WS_XRU,1.0",D.XM.EUR.A,D,XM,EUR,A,1997-08-19,0.928531,,A,F
"BIS,WS_XRU,1.0",D.XM.EUR.A,D,XM,EUR,A,1997-08-20,0.936593,,A,F
"BIS,WS_XRU,1.0",D.XM.EUR.A,D,XM,EUR,A,1997-08-21,0.935751,,A,F
"BIS,WS_XRU,1.0",D.XM.EUR.A,D,XM,EUR,A,1997-08-22,0.920717,,A,F
"BIS,WS_XRU,1.0",D.XM.EUR.A,D,XM,EUR,A,1997-08-25,0.924659,,A,F
"BIS,WS_XRU,1.0",D.XM.EUR.A,D,XM,EUR,A,1997-08-26,0.912109,,A,F
"BIS,WS_XRU,1.0",D.XM.EUR.A,D,XM,EUR,A,1997-08-27,0.917364,,A,F
"BIS,WS_XRU,1.0",D.XM.EUR.A,D,XM,EUR,A,1997-08-28,0.915047,,A,F
"BIS,WS_XRU,1.0",D.XM.EUR.A,D,XM,EUR,A,1997-08-29,0.911544,,A,F
"BIS,WS_XRU,1.0",D.XM.EUR.A,D,XM,EUR,A,1997-09-01,0.919177,,A,F
"BIS,WS_XRU,1.0",D.XM.EUR.A,D,XM,EUR,A,1997-09-02,0.923668,,A,F
"BIS,WS_XRU,1.0",D.XM.EUR.A,D,XM,EUR,A,1997-09-03,0.924103,,A,F
"BIS,WS_XRU,1.0",D.XM.EUR.A,D,XM,EUR,A,1997-09-04,0.925378,,A,F
"BIS,WS_XRU,1.0",D.XM.EUR.A,D,XM,EUR,A,1997-09-05,0.922058,,A,F
"BIS,WS_XRU,1.0",D.XM.EUR.A,D,XM,EUR,A,1997-09-08,0.917137,,A,F
"BIS,WS_XRU,1.0",D.XM.EUR.A,D,XM,EUR,A,1997-09-09,0.920895,,A,F
"BIS,WS_XRU,1.0",D.XM.EUR.A,D,XM,EUR,A,1997-09-10,0.917448,,A,F
"BIS,WS_XRU,1.0",D.XM.EUR.A,D,XM,EUR,A,1997-09-11,0.912009,,A,F
"BIS,WS_XRU,1.0",D.XM.EUR.A,D,XM,EUR,A,1997-09-12,0.905961,,A,F
"BIS,WS_XRU,1.0",D.XM.EUR.A,D,XM,EUR,A,1997-09-15,0.894879,,A,F
"BIS,WS_XRU,1.0",D.XM.EUR.A,D,XM,EUR,A,1997-09-16,0.90291,,A,F
"BIS,WS_XRU,1.0",D.XM.EUR.A,D,XM,EUR,A,1997-09-17,0.902047,,A,F
"BIS,WS_XRU,1.0",D.XM.EUR.A,D,XM,EUR,A,1997-09-18,0.899588,,A,F
"BIS,WS_XRU,1.0",D.XM.EUR.A,D,XM,EUR,A,1997-09-19,0.903979,,A,F
"BIS,WS_XRU,1.0",D.XM.EUR.A,D,XM,EUR,A,1997-09-22,0.910805,,A,F
"BIS,WS_XRU,1.0",D.XM.EUR.A,D,XM,EUR,A,1997-09-23,0.911054,,A,F
"BIS,WS_XRU,1.0",D.XM.EUR.A,D,XM,EUR,A,1997-09-24,0.899782,,A,F
"BIS,WS_XRU,1.0",D.XM.EUR.A,D,XM,EUR,A,1997-09-25,0.901209,,A,F
"BIS,WS_XRU,1.0",D.XM.EUR.A,D,XM,EUR,A,1997-09-26,0.895039,,A,F
"BIS,WS_XRU,1.0",D.XM.EUR.A,D,XM,EUR,A,1997-09-29,0.896459,,A,F
"BIS,WS_XRU,1.0",D.XM.EUR.A,D,XM,EUR,A,1997-09-30,0.898473,,A,F
"BIS,WS_XRU,1.0",D.XM.EUR.A,D,XM,EUR,A,1997-10-01,0.90026,,A,F
"BIS,WS_XRU,1.0",D.XM.EUR.A,D,XM,EUR,A,1997-10-02,0.899127,,A,F
"BIS,WS_XRU,1.0",D.XM.EUR.A,D,XM,EUR,A,1997-10-03,0.904233,,A,F
"BIS,WS_XRU,1.0",D.XM.EUR.A,D,XM,EUR,A,1997-10-06,0.895311,,A,F
"BIS,WS_XRU,1.0",D.XM.EUR.A,D,XM,EUR,A,1997-10-07,0.890932,,A,F
"BIS,WS_XRU,1.0",D.XM.EUR.A,D,XM,EUR,A,1997-10-08,0.894334,,A,F
"BIS,WS_XRU,1.0",D.XM.EUR.A,D,XM,EUR,A,1997-10-09,0.887571,,A,F
"BIS,WS_XRU,1.0",D.XM.EUR.A,D,XM,EUR,A,1997-10-10,0.889047,,A,F
"BIS,WS_XRU,1.0",D.XM.EUR.A,D,XM,EUR,A,1997-10-13,0.892323,,A,F
"BIS,WS_XRU,1.0",D.XM.EUR.A,D,XM,EUR,A,1997-10-14,0.892682,,A,F
"BIS,WS_XRU,1.0",D.XM.EUR.A,D,XM,EUR,A,1997-10-15,0.891949,,A,F
"BIS,WS_XRU,1.0",D.XM.EUR.A,D,XM,EUR,A,1997-10-16,0.889632,,A,F
"BIS,WS_XRU,1.0",D.XM.EUR.A,D,XM,EUR,A,1997-10-17,0.895592,,A,F
"BIS,WS_XRU,1.0",D.XM.EUR.A,D,XM,EUR,A,1997-10-20,0.90026,,A,F
"BIS,WS_XRU,1.0",D.XM.EUR.A,D,XM,EUR,A,1997-10-21,0.902812,,A,F
"BIS,WS_XRU,1.0",D.XM.EUR.A,D,XM,EUR,A,1997-10-22,0.904486,,A,F
"BIS,WS_XRU,1.0",D.XM.EUR.A,D,XM,EUR,A,1997-10-23,0.899499,,A,F
"BIS,WS_XRU,1.0",D.XM.EUR.A,D,XM,EUR,A,1997-10-24,0.902861,,A,F
"BIS,WS_XRU,1.0",D.XM.EUR.A,D,XM,EUR,A,1997-10-27,0.894063,,A,F
"BIS,WS_XRU,1.0",D.XM.EUR.A,D,XM,EUR,A,1997-10-28,0.875818,,A,F
"BIS,WS_XRU,1.0",D.XM.EUR.A,D,XM,EUR,A,1997-10-29,0.88287,,A,F
"BIS,WS_XRU,1.0",D.XM.EUR.A,D,XM,EUR,A,1997-10-30,0.8713,,A,F
"BIS,WS_XRU,1.0",D.XM.EUR.A,D,XM,EUR,A,1997-10-31,0.875067,,A,F
"BIS,WS_XRU,1.0",D.XM.EUR.A,D,XM,EUR,A,1997-11-03,0.882971,,A,F
"BIS,WS_XRU,1.0",D.XM.EUR.A,D,XM,EUR,A,1997-11-04,0.873035,,A,F
"BIS,WS_XRU,1.0",D.XM.EUR.A,D,XM,EUR,A,1997-11-05,0.877347,,A,F
"BIS,WS_XRU,1.0",D.XM.EUR.A,D,XM,EUR,A,1997-11-06,0.874439,,A,F
"BIS,WS_XRU,1.0",D.XM.EUR.A,D,XM,EUR,A,1997-11-07,0.865217,,A,F
"BIS,WS_XRU,1.0",D.XM.EUR.A,D,XM,EUR,A,1997-11-10,0.872136,,A,F
"BIS,WS_XRU,1.0",D.XM.EUR.A,D,XM,EUR,A,1997-11-11,0.865464,,A,F
"BIS,WS_XRU,1.0",D.XM.EUR.A,D,XM,EUR,A,1997-11-12,0.867649,,A,F
"BIS,WS_XRU,1.0",D.XM.EUR.A,D,XM,EUR,A,1997-11-13,0.873263,,A,F
"BIS,WS_XRU,1.0",D.XM.EUR.A,D,XM,EUR,A,1997-11-14,0.876332,,A,F
"BIS,WS_XRU,1.0",D.XM.EUR.A,D,XM,EUR,A,1997-11-17,0.880801,,A,F
"BIS,WS_XRU,1.0",D.XM.EUR.A,D,XM,EUR,A,1997-11-18,0.875864,,A,F
"BIS,WS_XRU,1.0",D.XM.EUR.A,D,XM,EUR,A,1997-11-19,0.877255,,A,F
"BIS,WS_XRU,1.0",D.XM.EUR.A,D,XM,EUR,A,1997-11-20,0.875611,,A,F
"BIS,WS_XRU,1.0",D.XM.EUR.A,D,XM,EUR,A,1997-11-21,0.884932,,A,F
"BIS,WS_XRU,1.0",D.XM.EUR.A,D,XM,EUR,A,1997-11-24,0.877979,,A,F
"BIS,WS_XRU,1.0",D.XM.EUR.A,D,XM,EUR,A,1997-11-25,0.881935,,A,F
"BIS,WS_XRU,1.0",D.XM.EUR.A,D,XM,EUR,A,1997-11-26,0.888273,,A,F
"BIS,WS_XRU,1.0",D.XM.EUR.A,D,XM,EUR,A,1997-11-27,0.892578,,A,F
"BIS,WS_XRU,1.0",D.XM.EUR.A,D,XM,EUR,A,1997-11-28,0.891806,,A,F
"BIS,WS_XRU,1.0",D.XM.EUR.A,D,XM,EUR,A,1997-12-01,0.897618,,A,F
"BIS,WS_XRU,1.0",D.XM.EUR.A,D,XM,EUR,A,1997-12-02,0.894999,,A,F
"BIS,WS_XRU,1.0",D.XM.EUR.A,D,XM,EUR,A,1997-12-03,0.895111,,A,F
"BIS,WS_XRU,1.0",D.XM.EUR.A,D,XM,EUR,A,1997-12-04,0.895921,,A,F
"BIS,WS_XRU,1.0",D.XM.EUR.A,D,XM,EUR,A,1997-12-05,0.896941,,A,F
"BIS,WS_XRU,1.0",D.XM.EUR.A,D,XM,EUR,A,1997-12-08,0.904045,,A,F
"BIS,WS_XRU,1.0",D.XM.EUR.A,D,XM,EUR,A,1997-12-09,0.905272,,A,F
"BIS,WS_XRU,1.0",D.XM.EUR.A,D,XM,EUR,A,1997-12-10,0.90247,,A,F
"BIS,WS_XRU,1.0",D.XM.EUR.A,D,XM,EUR,A,1997-12-11,0.90052,,A,F
"BIS,WS_XRU,1.0",D.XM.EUR.A,D,XM,EUR,A,1997-12-12,0.894823,,A,F
"BIS,WS_XRU,1.0",D.XM.EUR.A,D,XM,EUR,A,1997-12-15,0.899977,,A,F
"BIS,WS_XRU,1.0",D.XM.EUR.A,D,XM,EUR,A,1997-12-16,0.904135,,A,F
"BIS,WS_XRU,1.0",D.XM.EUR.A,D,XM,EUR,A,1997-12-17,0.894911,,A,F
"BIS,WS_XRU,1.0",D.XM.EUR.A,D,XM,EUR,A,1997-12-18,0.898666,,A,F
"BIS,WS_XRU,1.0",D.XM.EUR.A,D,XM,EUR,A,1997-12-19,0.897602,,A,F
"BIS,WS_XRU,1.0",D.XM.EUR.A,D,XM,EUR,A,1997-12-22,0.901291,,A,F
"BIS,WS_XRU,1.0",D.XM.EUR.A,D,XM,EUR,A,1997-12-23,0.899345,,A,F
"BIS,WS_XRU,1.0",D.XM.EUR.A,D,XM,EUR,A,1997-12-24,0.89736,,A,F
"BIS,WS_XRU,1.0",D.XM.EUR.A,D,XM,EUR,A,1997-12-25,,,M,F
"BIS,WS_XRU,1.0",D.XM.EUR.A,D,XM,EUR,A,1997-12-26,,,M,F
"BIS,WS_XRU,1.0",D.XM.EUR.A,D,XM,EUR,A,1997-12-29,0.8992,,A,F
"BIS,WS_XRU,1.0",D.XM.EUR.A,D,XM,EUR,A,1997-12-30,0.906495,,A,F
"BIS,WS_XRU,1.0",D.XM.EUR.A,D,XM,EUR,A,1997-12-31,0.905625,,A,F
"BIS,WS_XRU,1.0",D.XM.EUR.A,D,XM,EUR,A,1998-01-01,,,M,F
"BIS,WS_XRU,1.0",D.XM.EUR.A,D,XM,EUR,A,1998-01-02,0.912126,,A,F
"BIS,WS_XRU,1.0",D.XM.EUR.A,D,XM,EUR,A,1998-01-05,0.917002,,A,F
"BIS,WS_XRU,1.0",D.XM.EUR.A,D,XM,EUR,A,1998-01-06,0.92308,,A,F
"BIS,WS_XRU,1.0",D.XM.EUR.A,D,XM,EUR,A,1998-01-07,0.924454,,A,F
"BIS,WS_XRU,1.0",D.XM.EUR.A,D,XM,EUR,A,1998-01-08,0.924172,,A,F
"BIS,WS_XRU,1.0",D.XM.EUR.A,D,XM,EUR,A,1998-01-09,0.922058,,A,F
"BIS,WS_XRU,1.0",D.XM.EUR.A,D,XM,EUR,A,1998-01-12,0.920073,,A,F
"BIS,WS_XRU,1.0",D.XM.EUR.A,D,XM,EUR,A,1998-01-13,0.920353,,A,F
"BIS,WS_XRU,1.0",D.XM.EUR.A,D,XM,EUR,A,1998-01-14,0.924428,,A,F
"BIS,WS_XRU,1.0",D.XM.EUR.A,D,XM,EUR,A,1998-01-15,0.923327,,A,F
"BIS,WS_XRU,1.0",D.XM.EUR.A,D,XM,EUR,A,1998-01-16,0.92632,,A,F
"BIS,WS_XRU,1.0",D.XM.EUR.A,D,XM,EUR,A,1998-01-19,0.92999,,A,F
"BIS,WS_XRU,1.0",D.XM.EUR.A,D,XM,EUR,A,1998-01-20,0.929325,,A,F
"BIS,WS_XRU,1.0",D.XM.EUR.A,D,XM,EUR,A,1998-01-21,0.926638,,A,F
"BIS,WS_XRU,1.0",D.XM.EUR.A,D,XM,EUR,A,1998-01-22,0.913234,,A,F
"BIS,WS_XRU,1.0",D.XM.EUR.A,D,XM,EUR,A,1998-01-23,0.909471,,A,F
"BIS,WS_XRU,1.0",D.XM.EUR.A,D,XM,EUR,A,1998-01-26,0.902291,,A,F
"BIS,WS_XRU,1.0",D.XM.EUR.A,D,XM,EUR,A,1998-01-27,0.90551,,A,F
"BIS,WS_XRU,1.0",D.XM.EUR.A,D,XM,EUR,A,1998-01-28,0.914888,,A,F
"BIS,WS_XRU,1.0",D.XM.EUR.A,D,XM,EUR,A,1998-01-29,0.915927,,A,F
"BIS,WS_XRU,1.0",D.XM.EUR.A,D,XM,EUR,A,1998-01-30,0.922952,,A,F
"BIS,WS_XRU,1.0",D.XM.EUR.A,D,XM,EUR,A,1998-02-02,0.926853,,A,F
"BIS,WS_XRU,1.0",D.XM.EUR.A,D,XM,EUR,A,1998-02-03,0.921379,,A,F
"BIS,WS_XRU,1.0",D.XM.EUR.A,D,XM,EUR,A,1998-02-04,0.916792,,A,F
"BIS,WS_XRU,1.0",D.XM.EUR.A,D,XM,EUR,A,1998-02-05,0.908926,,A,F
"BIS,WS_XRU,1.0",D.XM.EUR.A,D,XM,EUR,A,1998-02-06,0.90886,,A,F
"BIS,WS_XRU,1.0",D.XM.EUR.A,D,XM,EUR,A,1998-02-09,0.918729,,A,F
"BIS,WS_XRU,1.0",D.XM.EUR.A,D,XM,EUR,A,1998-02-10,0.918392,,A,F
"BIS,WS_XRU,1.0",D.XM.EUR.A,D,XM,EUR,A,1998-02-11,0.923088,,A,F
"BIS,WS_XRU,1.0",D.XM.EUR.A,D,XM,EUR,A,1998-02-12,0.918738,,A,F
"BIS,WS_XRU,1.0",D.XM.EUR.A,D,XM,EUR,A,1998-02-13,0.923583,,A,F
"BIS,WS_XRU,1.0",D.XM.EUR.A,D,XM,EUR,A,1998-02-16,0.920539,,A,F
"BIS,WS_XRU,1.0",D.XM.EUR.A,D,XM,EUR,A,1998-02-17,0.920785,,A,F
"BIS,WS_XRU,1.0",D.XM.EUR.A,D,XM,EUR,A,1998-02-18,0.923472,,A,F
"BIS,WS_XRU,1.0",D.XM.EUR.A,D,XM,EUR,A,1998-02-19,0.920802,,A,F
"BIS,WS_XRU,1.0",D.XM.EUR.A,D,XM,EUR,A,1998-02-20,0.920878,,A,F
"BIS,WS_XRU,1.0",D.XM.EUR.A,D,XM,EUR,A,1998-02-23,0.919853,,A,F
"BIS,WS_XRU,1.0",D.XM.EUR.A,D,XM,EUR,A,1998-02-24,0.911818,,A,F
"BIS,WS_XRU,1.0",D.XM.EUR.A,D,XM,EUR,A,1998-02-25,0.914286,,A,F
"BIS,WS_XRU,1.0",D.XM.EUR.A,D,XM,EUR,A,1998-02-26,0.92009,,A,F
"BIS,WS_XRU,1.0",D.XM.EUR.A,D,XM,EUR,A,1998-02-27,0.917431,,A,F
"BIS,WS_XRU,1.0",D.XM.EUR.A,D,XM,EUR,A,1998-03-02,0.914043,,A,F
"BIS,WS_XRU,1.0",D.XM.EUR.A,D,XM,EUR,A,1998-03-03,0.918417,,A,F
"BIS,WS_XRU,1.0",D.XM.EUR.A,D,XM,EUR,A,1998-03-04,0.918873,,A,F
"BIS,WS_XRU,1.0",D.XM.EUR.A,D,XM,EUR,A,1998-03-05,0.916003,,A,F
"BIS,WS_XRU,1.0",D.XM.EUR.A,D,XM,EUR,A,1998-03-06,0.926647,,A,F
"BIS,WS_XRU,1.0",D.XM.EUR.A,D,XM,EUR,A,1998-03-09,0.924377,,A,F
"BIS,WS_XRU,1.0",D.XM.EUR.A,D,XM,EUR,A,1998-03-10,0.9256,,A,F
"BIS,WS_XRU,1.0",D.XM.EUR.A,D,XM,EUR,A,1998-03-11,0.928091,,A,F
"BIS,WS_XRU,1.0",D.XM.EUR.A,D,XM,EUR,A,1998-03-12,0.925138,,A,F
"BIS,WS_XRU,1.0",D.XM.EUR.A,D,XM,EUR,A,1998-03-13,0.92205,,A,F
"BIS,WS_XRU,1.0",D.XM.EUR.A,D,XM,EUR,A,1998-03-16,0.919896,,A,F
"BIS,WS_XRU,1.0",D.XM.EUR.A,D,XM,EUR,A,1998-03-17,0.919853,,A,F
"BIS,WS_XRU,1.0",D.XM.EUR.A,D,XM,EUR,A,1998-03-18,0.920353,,A,F
"BIS,WS_XRU,1.0",D.XM.EUR.A,D,XM,EUR,A,1998-03-19,0.923404,,A,F
"BIS,WS_XRU,1.0",D.XM.EUR.A,D,XM,EUR,A,1998-03-20,0.925335,,A,F
"BIS,WS_XRU,1.0",D.XM.EUR.A,D,XM,EUR,A,1998-03-23,0.92262,,A,F
"BIS,WS_XRU,1.0",D.XM.EUR.A,D,XM,EUR,A,1998-03-24,0.921888,,A,F
"BIS,WS_XRU,1.0",D.XM.EUR.A,D,XM,EUR,A,1998-03-25,0.923694,,A,F
"BIS,WS_XRU,1.0",D.XM.EUR.A,D,XM,EUR,A,1998-03-26,0.92143,,A,F
"BIS,WS_XRU,1.0",D.XM.EUR.A,D,XM,EUR,A,1998-03-27,0.918755,,A,F
"BIS,WS_XRU,1.0",D.XM.EUR.A,D,XM,EUR,A,1998-03-30,0.923668,,A,F
"BIS,WS_XRU,1.0",D.XM.EUR.A,D,XM,EUR,A,1998-03-31,0.929213,,A,F
"BIS,WS_XRU,1.0",D.XM.EUR.A,D,XM,EUR,A,1998-04-01,0.931801,,A,F
"BIS,WS_XRU,1.0",D.XM.EUR.A,D,XM,EUR,A,1998-04-02,0.93221,,A,F
"BIS,WS_XRU,1.0",D.XM.EUR.A,D,XM,EUR,A,1998-04-03,0.93451,,A,F
"BIS,WS_XRU,1.0",D.XM.EUR.A,D,XM,EUR,A,1998-04-06,0.92829,,A,F
"BIS,WS_XRU,1.0",D.XM.EUR.A,D,XM,EUR,A,1998-04-07,0.928514,,A,F
"BIS,WS_XRU,1.0",D.XM.EUR.A,D,XM,EUR,A,1998-04-08,0.924924,,A,F
"BIS,WS_XRU,1.0",D.XM.EUR.A,D,XM,EUR,A,1998-04-09,0.920014,,A,F
"BIS,WS_XRU,1.0",D.XM.EUR.A,D,XM,EUR,A,1998-04-10,,,M,F
"BIS,WS_XRU,1.0",D.XM.EUR.A,D,XM,EUR,A,1998-04-13,,,M,F
"BIS,WS_XRU,1.0",D.XM.EUR.A,D,XM,EUR,A,1998-04-14,0.917002,,A,F
"BIS,WS_XRU,1.0",D.XM.EUR.A,D,XM,EUR,A,1998-04-15,0.911436,,A,F
"BIS,WS_XRU,1.0",D.XM.EUR.A,D,XM,EUR,A,1998-04-16,0.914219,,A,F
"BIS,WS_XRU,1.0",D.XM.EUR.A,D,XM,EUR,A,1998-04-17,0.91127,,A,F
"BIS,WS_XRU,1.0",D.XM.EUR.A,D,XM,EUR,A,1998-04-20,0.913451,,A,F
"BIS,WS_XRU,1.0",D.XM.EUR.A,D,XM,EUR,A,1998-04-21,0.906511,,A,F
"BIS,WS_XRU,1.0",D.XM.EUR.A,D,XM,EUR,A,1998-04-22,0.907499,,A,F
"BIS,WS_XRU,1.0",D.XM.EUR.A,D,XM,EUR,A,1998-04-23,0.90726,,A,F
"BIS,WS_XRU,1.0",D.XM.EUR.A,D,XM,EUR,A,1998-04-24,0.908992,,A,F
"BIS,WS_XRU,1.0",D.XM.EUR.A,D,XM,EUR,A,1998-04-27,0.90763,,A,F
"BIS,WS_XRU,1.0",D.XM.EUR.A,D,XM,EUR,A,1998-04-28,0.907622,,A,F
"BIS,WS_XRU,1.0",D.XM.EUR.A,D,XM,EUR,A,1998-04-29,0.910913,,A,F
"BIS,WS_XRU,1.0",D.XM.EUR.A,D,XM,EUR,A,1998-04-30,0.908678,,A,F
"BIS,WS_XRU,1.0",D.XM.EUR.A,D,XM,EUR,A,1998-05-01,,,M,F
"BIS,WS_XRU,1.0",D.XM.EUR.A,D,XM,EUR,A,1998-05-04,0.903906,,A,F
"BIS,WS_XRU,1.0",D.XM.EUR.A,D,XM,EUR,A,1998-05-05,0.897779,,A,F
"BIS,WS_XRU,1.0",D.XM.EUR.A,D,XM,EUR,A,1998-05-06,0.898206,,A,F
"BIS,WS_XRU,1.0",D.XM.EUR.A,D,XM,EUR,A,1998-05-07,0.894895,,A,F
"BIS,WS_XRU,1.0",D.XM.EUR.A,D,XM,EUR,A,1998-05-08,0.900771,,A,F
"BIS,WS_XRU,1.0",D.XM.EUR.A,D,XM,EUR,A,1998-05-11,0.90099,,A,F
"BIS,WS_XRU,1.0",D.XM.EUR.A,D,XM,EUR,A,1998-05-12,0.901494,,A,F
"BIS,WS_XRU,1.0",D.XM.EUR.A,D,XM,EUR,A,1998-05-13,0.904298,,A,F
"BIS,WS_XRU,1.0",D.XM.EUR.A,D,XM,EUR,A,1998-05-14,0.903359,,A,F
"BIS,WS_XRU,1.0",D.XM.EUR.A,D,XM,EUR,A,1998-05-15,0.904961,,A,F
"BIS,WS_XRU,1.0",D.XM.EUR.A,D,XM,EUR,A,1998-05-18,0.908051,,A,F
"BIS,WS_XRU,1.0",D.XM.EUR.A,D,XM,EUR,A,1998-05-19,0.905912,,A,F
"BIS,WS_XRU,1.0",D.XM.EUR.A,D,XM,EUR,A,1998-05-20,0.903816,,A,F
"BIS,WS_XRU,1.0",D.XM.EUR.A,D,XM,EUR,A,1998-05-21,,,M,F
"BIS,WS_XRU,1.0",D.XM.EUR.A,D,XM,EUR,A,1998-05-22,0.896443,,A,F
"BIS,WS_XRU,1.0",D.XM.EUR.A,D,XM,EUR,A,1998-05-25,0.897739,,A,F
"BIS,WS_XRU,1.0",D.XM.EUR.A,D,XM,EUR,A,1998-05-26,0.900098,,A,F
"BIS,WS_XRU,1.0",D.XM.EUR.A,D,XM,EUR,A,1998-05-27,0.895953,,A,F
"BIS,WS_XRU,1.0",D.XM.EUR.A,D,XM,EUR,A,1998-05-28,0.907515,,A,F
"BIS,WS_XRU,1.0",D.XM.EUR.A,D,XM,EUR,A,1998-05-29,0.905994,,A,F
"BIS,WS_XRU,1.0",D.XM.EUR.A,D,XM,EUR,A,1998-06-01,,,M,F
"BIS,WS_XRU,1.0",D.XM.EUR.A,D,XM,EUR,A,1998-06-02,0.90447,,A,F
"BIS,WS_XRU,1.0",D.XM.EUR.A,D,XM,EUR,A,1998-06-03,0.901112,,A,F
"BIS,WS_XRU,1.0",D.XM.EUR.A,D,XM,EUR,A,1998-06-04,0.899386,,A,F
"BIS,WS_XRU,1.0",D.XM.EUR.A,D,XM,EUR,A,1998-06-05,0.900195,,A,F
"BIS,WS_XRU,1.0",D.XM.EUR.A,D,XM,EUR,A,1998-06-08,0.902136,,A,F
"BIS,WS_XRU,1.0",D.XM.EUR.A,D,XM,EUR,A,1998-06-09,0.903008,,A,F
"BIS,WS_XRU,1.0",D.XM.EUR.A,D,XM,EUR,A,1998-06-10,0.905551,,A,F
"BIS,WS_XRU,1.0",D.XM.EUR.A,D,XM,EUR,A,1998-06-11,0.912167,,A,F
"BIS,WS_XRU,1.0",D.XM.EUR.A,D,XM,EUR,A,1998-06-12,0.916716,,A,F
"BIS,WS_XRU,1.0",D.XM.EUR.A,D,XM,EUR,A,1998-06-15,0.919709,,A,F
"BIS,WS_XRU,1.0",D.XM.EUR.A,D,XM,EUR,A,1998-06-16,0.91166,,A,F
"BIS,WS_XRU,1.0",D.XM.EUR.A,D,XM,EUR,A,1998-06-17,0.904069,,A,F
"BIS,WS_XRU,1.0",D.XM.EUR.A,D,XM,EUR,A,1998-06-18,0.903791,,A,F
"BIS,WS_XRU,1.0",D.XM.EUR.A,D,XM,EUR,A,1998-06-19,0.906544,,A,F
"BIS,WS_XRU,1.0",D.XM.EUR.A,D,XM,EUR,A,1998-06-22,0.909777,,A,F
"BIS,WS_XRU,1.0",D.XM.EUR.A,D,XM,EUR,A,1998-06-23,0.908521,,A,F
"BIS,WS_XRU,1.0",D.XM.EUR.A,D,XM,EUR,A,1998-06-24,0.910963,,A,F
"BIS,WS_XRU,1.0",D.XM.EUR.A,D,XM,EUR,A,1998-06-25,0.910042,,A,F
"BIS,WS_XRU,1.0",D.XM.EUR.A,D,XM,EUR,A,1998-06-26,0.910216,,A,F
"BIS,WS_XRU,1.0",D.XM.EUR.A,D,XM,EUR,A,1998-06-29,0.914704,,A,F
"BIS,WS_XRU,1.0",D.XM.EUR.A,D,XM,EUR,A,1998-06-30,0.912492,,A,F
"BIS,WS_XRU,1.0",D.XM.EUR.A,D,XM,EUR,A,1998-07-01,0.917238,,A,F
"BIS,WS_XRU,1.0",D.XM.EUR.A,D,XM,EUR,A,1998-07-02,0.920793,,A,F
"BIS,WS_XRU,1.0",D.XM.EUR.A,D,XM,EUR,A,1998-07-03,0.919118,,A,F
"BIS,WS_XRU,1.0",D.XM.EUR.A,D,XM,EUR,A,1998-07-06,0.916489,,A,F
"BIS,WS_XRU,1.0",D.XM.EUR.A,D,XM,EUR,A,1998-07-07,0.918755,,A,F
"BIS,WS_XRU,1.0",D.XM.EUR.A,D,XM,EUR,A,1998-07-08,0.920726,,A,F
"BIS,WS_XRU,1.0",D.XM.EUR.A,D,XM,EUR,A,1998-07-09,0.925583,,A,F
"BIS,WS_XRU,1.0",D.XM.EUR.A,D,XM,EUR,A,1998-07-10,0.920954,,A,F
"BIS,WS_XRU,1.0",D.XM.EUR.A,D,XM,EUR,A,1998-07-13,0.917616,,A,F
"BIS,WS_XRU,1.0",D.XM.EUR.A,D,XM,EUR,A,1998-07-14,0.913576,,A,F
"BIS,WS_XRU,1.0",D.XM.EUR.A,D,XM,EUR,A,1998-07-15,0.912884,,A,F
"BIS,WS_XRU,1.0",D.XM.EUR.A,D,XM,EUR,A,1998-07-16,0.907985,,A,F
"BIS,WS_XRU,1.0",D.XM.EUR.A,D,XM,EUR,A,1998-07-17,0.906988,,A,F
"BIS,WS_XRU,1.0",D.XM.EUR.A,D,XM,EUR,A,1998-07-20,0.904012,,A,F
"BIS,WS_XRU,1.0",D.XM.EUR.A,D,XM,EUR,A,1998-07-21,0.906331,,A,F
"BIS,WS_XRU,1.0",D.XM.EUR.A,D,XM,EUR,A,1998-07-22,0.907597,,A,F
"BIS,WS_XRU,1.0",D.XM.EUR.A,D,XM,EUR,A,1998-07-23,0.90924,,A,F
"BIS,WS_XRU,1.0",D.XM.EUR.A,D,XM,EUR,A,1998-07-24,0.904552,,A,F
"BIS,WS_XRU,1.0",D.XM.EUR.A,D,XM,EUR,A,1998-07-27,0.902372,,A,F
"BIS,WS_XRU,1.0",D.XM.EUR.A,D,XM,EUR,A,1998-07-28,0.905461,,A,F
"BIS,WS_XRU,1.0",D.XM.EUR.A,D,XM,EUR,A,1998-07-29,0.900041,,A,F
"BIS,WS_XRU,1.0",D.XM.EUR.A,D,XM,EUR,A,1998-07-30,0.896732,,A,F
"BIS,WS_XRU,1.0",D.XM.EUR.A,D,XM,EUR,A,1998-07-31,0.903204,,A,F
"BIS,WS_XRU,1.0",D.XM.EUR.A,D,XM,EUR,A,1998-08-03,0.907104,,A,F
"BIS,WS_XRU,1.0",D.XM.EUR.A,D,XM,EUR,A,1998-08-04,0.905535,,A,F
"BIS,WS_XRU,1.0",D.XM.EUR.A,D,XM,EUR,A,1998-08-05,0.899604,,A,F
"BIS,WS_XRU,1.0",D.XM.EUR.A,D,XM,EUR,A,1998-08-06,0.899475,,A,F
"BIS,WS_XRU,1.0",D.XM.EUR.A,D,XM,EUR,A,1998-08-07,0.900203,,A,F
"BIS,WS_XRU,1.0",D.XM.EUR.A,D,XM,EUR,A,1998-08-10,0.90465,,A,F
"BIS,WS_XRU,1.0",D.XM.EUR.A,D,XM,EUR,A,1998-08-11,0.905641,,A,F
"BIS,WS_XRU,1.0",D.XM.EUR.A,D,XM,EUR,A,1998-08-12,0.901258,,A,F
"BIS,WS_XRU,1.0",D.XM.EUR.A,D,XM,EUR,A,1998-08-13,0.907952,,A,F
"BIS,WS_XRU,1.0",D.XM.EUR.A,D,XM,EUR,A,1998-08-14,0.908868,,A,F
"BIS,WS_XRU,1.0",D.XM.EUR.A,D,XM,EUR,A,1998-08-17,0.913476,,A,F
"BIS,WS_XRU,1.0",D.XM.EUR.A,D,XM,EUR,A,1998-08-18,0.913659,,A,F
"BIS,WS_XRU,1.0",D.XM.EUR.A,D,XM,EUR,A,1998-08-19,0.914445,,A,F
"BIS,WS_XRU,1.0",D.XM.EUR.A,D,XM,EUR,A,1998-08-20,0.910855,,A,F
"BIS,WS_XRU,1.0",D.XM.EUR.A,D,XM,EUR,A,1998-08-21,0.912784,,A,F
"BIS,WS_XRU,1.0",D.XM.EUR.A,D,XM,EUR,A,1998-08-24,0.910647,,A,F
"BIS,WS_XRU,1.0",D.XM.EUR.A,D,XM,EUR,A,1998-08-25,0.911311,,A,F
"BIS,WS_XRU,1.0",D.XM.EUR.A,D,XM,EUR,A,1998-08-26,0.915743,,A,F
"BIS,WS_XRU,1.0",D.XM.EUR.A,D,XM,EUR,A,1998-08-27,0.915826,,A,F
"BIS,WS_XRU,1.0",D.XM.EUR.A,D,XM,EUR,A,1998-08-28,0.907985,,A,F
"BIS,WS_XRU,1.0",D.XM.EUR.A,D,XM,EUR,A,1998-08-31,0.897481,,A,F
"BIS,WS_XRU,1.0",D.XM.EUR.A,D,XM,EUR,A,1998-09-01,0.888068,,A,F
"BIS,WS_XRU,1.0",D.XM.EUR.A,D,XM,EUR,A,1998-09-02,0.891059,,A,F
"BIS,WS_XRU,1.0",D.XM.EUR.A,D,XM,EUR,A,1998-09-03,0.876593,,A,F
"BIS,WS_XRU,1.0",D.XM.EUR.A,D,XM,EUR,A,1998-09-04,0.885003,,A,F
"BIS,WS_XRU,1.0",D.XM.EUR.A,D,XM,EUR,A,1998-09-07,0.874118,,A,F
"BIS,WS_XRU,1.0",D.XM.EUR.A,D,XM,EUR,A,1998-09-08,0.880204,,A,F
"BIS,WS_XRU,1.0",D.XM.EUR.A,D,XM,EUR,A,1998-09-09,0.884525,,A,F
"BIS,WS_XRU,1.0",D.XM.EUR.A,D,XM,EUR,A,1998-09-10,0.867656,,A,F
"BIS,WS_XRU,1.0",D.XM.EUR.A,D,XM,EUR,A,1998-09-11,0.859808,,A,F
"BIS,WS_XRU,1.0",D.XM.EUR.A,D,XM,EUR,A,1998-09-14,0.867589,,A,F
"BIS,WS_XRU,1.0",D.XM.EUR.A,D,XM,EUR,A,1998-09-15,0.860067,,A,F
"BIS,WS_XRU,1.0",D.XM.EUR.A,D,XM,EUR,A,1998-09-16,0.86485,,A,F
"BIS,WS_XRU,1.0",D.XM.EUR.A,D,XM,EUR,A,1998-09-17,0.855052,,A,F
"BIS,WS_XRU,1.0",D.XM.EUR.A,D,XM,EUR,A,1998-09-18,0.862924,,A,F
"BIS,WS_XRU,1.0",D.XM.EUR.A,D,XM,EUR,A,1998-09-21,0.856326,,A,F
"BIS,WS_XRU,1.0",D.XM.EUR.A,D,XM,EUR,A,1998-09-22,0.862366,,A,F
"BIS,WS_XRU,1.0",D.XM.EUR.A,D,XM,EUR,A,1998-09-23,0.863036,,A,F
"BIS,WS_XRU,1.0",D.XM.EUR.A,D,XM,EUR,A,1998-09-24,0.855864,,A,F
"BIS,WS_XRU,1.0",D.XM.EUR.A,D,XM,EUR,A,1998-09-25,0.848428,,A,F
"BIS,WS_XRU,1.0",D.XM.EUR.A,D,XM,EUR,A,1998-09-28,0.856289,,A,F
"BIS,WS_XRU,1.0",D.XM.EUR.A,D,XM,EUR,A,1998-09-29,0.852529,,A,F
"BIS,WS_XRU,1.0",D.XM.EUR.A,D,XM,EUR,A,1998-09-30,0.853541,,A,F
"BIS,WS_XRU,1.0",D.XM.EUR.A,D,XM,EUR,A,1998-10-01,0.841269,,A,F
"BIS,WS_XRU,1.0",D.XM.EUR.A,D,XM,EUR,A,1998-10-02,0.835499,,A,F
"BIS,WS_XRU,1.0",D.XM.EUR.A,D,XM,EUR,A,1998-10-05,0.83612,,A,F
"BIS,WS_XRU,1.0",D.XM.EUR.A,D,XM,EUR,A,1998-10-06,0.839433,,A,F
"BIS,WS_XRU,1.0",D.XM.EUR.A,D,XM,EUR,A,1998-10-07,0.82573,,A,F
"BIS,WS_XRU,1.0",D.XM.EUR.A,D,XM,EUR,A,1998-10-08,0.825014,,A,F
"BIS,WS_XRU,1.0",D.XM.EUR.A,D,XM,EUR,A,1998-10-09,0.835331,,A,F
"BIS,WS_XRU,1.0",D.XM.EUR.A,D,XM,EUR,A,1998-10-12,0.843135,,A,F
"BIS,WS_XRU,1.0",D.XM.EUR.A,D,XM,EUR,A,1998-10-13,0.839962,,A,F
"BIS,WS_XRU,1.0",D.XM.EUR.A,D,XM,EUR,A,1998-10-14,0.837837,,A,F
"BIS,WS_XRU,1.0",D.XM.EUR.A,D,XM,EUR,A,1998-10-15,0.834564,,A,F
"BIS,WS_XRU,1.0",D.XM.EUR.A,D,XM,EUR,A,1998-10-16,0.825219,,A,F
"BIS,WS_XRU,1.0",D.XM.EUR.A,D,XM,EUR,A,1998-10-19,0.829002,,A,F
"BIS,WS_XRU,1.0",D.XM.EUR.A,D,XM,EUR,A,1998-10-20,0.83501,,A,F
"BIS,WS_XRU,1.0",D.XM.EUR.A,D,XM,EUR,A,1998-10-21,0.838455,,A,F
"BIS,WS_XRU,1.0",D.XM.EUR.A,D,XM,EUR,A,1998-10-22,0.843932,,A,F
"BIS,WS_XRU,1.0",D.XM.EUR.A,D,XM,EUR,A,1998-10-23,0.838982,,A,F
"BIS,WS_XRU,1.0",D.XM.EUR.A,D,XM,EUR,A,1998-10-26,0.844138,,A,F
"BIS,WS_XRU,1.0",D.XM.EUR.A,D,XM,EUR,A,1998-10-27,0.849048,,A,F
"BIS,WS_XRU,1.0",D.XM.EUR.A,D,XM,EUR,A,1998-10-28,0.844445,,A,F
"BIS,WS_XRU,1.0",D.XM.EUR.A,D,XM,EUR,A,1998-10-29,0.843654,,A,F
"BIS,WS_XRU,1.0",D.XM.EUR.A,D,XM,EUR,A,1998-10-30,0.844609,,A,F
"BIS,WS_XRU,1.0",D.XM.EUR.A,D,XM,EUR,A,1998-11-02,0.84478,,A,F
"BIS,WS_XRU,1.0",D.XM.EUR.A,D,XM,EUR,A,1998-11-03,0.850883,,A,F
"BIS,WS_XRU,1.0",D.XM.EUR.A,D,XM,EUR,A,1998-11-04,0.853898,,A,F
"BIS,WS_XRU,1.0",D.XM.EUR.A,D,XM,EUR,A,1998-11-05,0.849574,,A,F
"BIS,WS_XRU,1.0",D.XM.EUR.A,D,XM,EUR,A,1998-11-06,0.849178,,A,F
"BIS,WS_XRU,1.0",D.XM.EUR.A,D,XM,EUR,A,1998-11-09,0.857111,,A,F
"BIS,WS_XRU,1.0",D.XM.EUR.A,D,XM,EUR,A,1998-11-10,0.860289,,A,F
"BIS,WS_XRU,1.0",D.XM.EUR.A,D,XM,EUR,A,1998-11-11,0.86023,,A,F
"BIS,WS_XRU,1.0",D.XM.EUR.A,D,XM,EUR,A,1998-11-12,0.861623,,A,F
"BIS,WS_XRU,1.0",D.XM.EUR.A,D,XM,EUR,A,1998-11-13,0.861601,,A,F
"BIS,WS_XRU,1.0",D.XM.EUR.A,D,XM,EUR,A,1998-11-16,0.852021,,A,F
"BIS,WS_XRU,1.0",D.XM.EUR.A,D,XM,EUR,A,1998-11-17,0.851296,,A,F
"BIS,WS_XRU,1.0",D.XM.EUR.A,D,XM,EUR,A,1998-11-18,0.851499,,A,F
"BIS,WS_XRU,1.0",D.XM.EUR.A,D,XM,EUR,A,1998-11-19,0.855154,,A,F
"BIS,WS_XRU,1.0",D.XM.EUR.A,D,XM,EUR,A,1998-11-20,0.861668,,A,F
"BIS,WS_XRU,1.0",D.XM.EUR.A,D,XM,EUR,A,1998-11-23,0.871224,,A,F
"BIS,WS_XRU,1.0",D.XM.EUR.A,D,XM,EUR,A,1998-11-24,0.871004,,A,F
"BIS,WS_XRU,1.0",D.XM.EUR.A,D,XM,EUR,A,1998-11-25,0.866949,,A,F
"BIS,WS_XRU,1.0",D.XM.EUR.A,D,XM,EUR,A,1998-11-26,0.868961,,A,F
"BIS,WS_XRU,1.0",D.XM.EUR.A,D,XM,EUR,A,1998-11-27,0.869006,,A,F
"BIS,WS_XRU,1.0",D.XM.EUR.A,D,XM,EUR,A,1998-11-30,0.868282,,A,F
"BIS,WS_XRU,1.0",D.XM.EUR.A,D,XM,EUR,A,1998-12-01,0.859564,,A,F
"BIS,WS_XRU,1.0",D.XM.EUR.A,D,XM,EUR,A,1998-12-02,0.85767,,A,F
"BIS,WS_XRU,1.0",D.XM.EUR.A,D,XM,EUR,A,1998-12-03,0.856876,,A,F
"BIS,WS_XRU,1.0",D.XM.EUR.A,D,XM,EUR,A,1998-12-04,0.856047,,A,F
"BIS,WS_XRU,1.0",D.XM.EUR.A,D,XM,EUR,A,1998-12-07,0.857398,,A,F
"BIS,WS_XRU,1.0",D.XM.EUR.A,D,XM,EUR,A,1998-12-08,0.855161,,A,F
"BIS,WS_XRU,1.0",D.XM.EUR.A,D,XM,EUR,A,1998-12-09,0.853286,,A,F
"BIS,WS_XRU,1.0",D.XM.EUR.A,D,XM,EUR,A,1998-12-10,0.849495,,A,F
"BIS,WS_XRU,1.0",D.XM.EUR.A,D,XM,EUR,A,1998-12-11,0.84631,,A,F
"BIS,WS_XRU,1.0",D.XM.EUR.A,D,XM,EUR,A,1998-12-14,0.844046,,A,F
"BIS,WS_XRU,1.0",D.XM.EUR.A,D,XM,EUR,A,1998-12-15,0.84631,,A,F
"BIS,WS_XRU,1.0",D.XM.EUR.A,D,XM,EUR,A,1998-12-16,0.849979,,A,F
"BIS,WS_XRU,1.0",D.XM.EUR.A,D,XM,EUR,A,1998-12-17,0.85013,,A,F
"BIS,WS_XRU,1.0",D.XM.EUR.A,D,XM,EUR,A,1998-12-18,0.847824,,A,F
"BIS,WS_XRU,1.0",D.XM.EUR.A,D,XM,EUR,A,1998-12-21,0.850789,,A,F
"BIS,WS_XRU,1.0",D.XM.EUR.A,D,XM,EUR,A,1998-12-22,0.853869,,A,F
"BIS,WS_XRU,1.0",D.XM.EUR.A,D,XM,EUR,A,1998-12-23,0.854621,,A,F
"BIS,WS_XRU,1.0",D.XM.EUR.A,D,XM,EUR,A,1998-12-24,0.857574,,A,F
"BIS,WS_XRU,1.0",D.XM.EUR.A,D,XM,EUR,A,1998-12-25,,,M,F
"BIS,WS_XRU,1.0",D.XM.EUR.A,D,XM,EUR,A,1998-12-28,0.858104,,A,F
"BIS,WS_XRU,1.0",D.XM.EUR.A,D,XM,EUR,A,1998-12-29,0.854694,,A,F
"BIS,WS_XRU,1.0",D.XM.EUR.A,D,XM,EUR,A,1998-12-30,0.853039,,A,F
"BIS,WS_XRU,1.0",D.XM.EUR.A,D,XM,EUR,A,1998-12-31,0.857082,,A,F
"BIS,WS_XRU,1.0",D.XM.EUR.A,D,XM,EUR,A,1999-01-01,,,M,F
"BIS,WS_XRU,1.0",D.XM.EUR.A,D,XM,EUR,A,1999-01-04,0.848248,,A,F
"BIS,WS_XRU,1.0",D.XM.EUR.A,D,XM,EUR,A,1999-01-05,0.848176,,A,F
"BIS,WS_XRU,1.0",D.XM.EUR.A,D,XM,EUR,A,1999-01-06,0.851571,,A,F
"BIS,WS_XRU,1.0",D.XM.EUR.A,D,XM,EUR,A,1999-01-07,0.859697,,A,F
"BIS,WS_XRU,1.0",D.XM.EUR.A,D,XM,EUR,A,1999-01-08,0.857706,,A,F
"BIS,WS_XRU,1.0",D.XM.EUR.A,D,XM,EUR,A,1999-01-11,0.864379,,A,F
"BIS,WS_XRU,1.0",D.XM.EUR.A,D,XM,EUR,A,1999-01-12,0.868056,,A,F
"BIS,WS_XRU,1.0",D.XM.EUR.A,D,XM,EUR,A,1999-01-13,0.851499,,A,F
"BIS,WS_XRU,1.0",D.XM.EUR.A,D,XM,EUR,A,1999-01-14,0.858148,,A,F
"BIS,WS_XRU,1.0",D.XM.EUR.A,D,XM,EUR,A,1999-01-15,0.860141,,A,F
"BIS,WS_XRU,1.0",D.XM.EUR.A,D,XM,EUR,A,1999-01-18,0.861178,,A,F
"BIS,WS_XRU,1.0",D.XM.EUR.A,D,XM,EUR,A,1999-01-19,0.860882,,A,F
"BIS,WS_XRU,1.0",D.XM.EUR.A,D,XM,EUR,A,1999-01-20,0.863931,,A,F
"BIS,WS_XRU,1.0",D.XM.EUR.A,D,XM,EUR,A,1999-01-21,0.864155,,A,F
"BIS,WS_XRU,1.0",D.XM.EUR.A,D,XM,EUR,A,1999-01-22,0.864528,,A,F
"BIS,WS_XRU,1.0",D.XM.EUR.A,D,XM,EUR,A,1999-01-25,0.86326,,A,F
"BIS,WS_XRU,1.0",D.XM.EUR.A,D,XM,EUR,A,1999-01-26,0.863409,,A,F
"BIS,WS_XRU,1.0",D.XM.EUR.A,D,XM,EUR,A,1999-01-27,0.867378,,A,F
"BIS,WS_XRU,1.0",D.XM.EUR.A,D,XM,EUR,A,1999-01-28,0.876424,,A,F
"BIS,WS_XRU,1.0",D.XM.EUR.A,D,XM,EUR,A,1999-01-29,0.878426,,A,F
"BIS,WS_XRU,1.0",D.XM.EUR.A,D,XM,EUR,A,1999-02-01,0.88199,,A,F
"BIS,WS_XRU,1.0",D.XM.EUR.A,D,XM,EUR,A,1999-02-02,0.882068,,A,F
"BIS,WS_XRU,1.0",D.XM.EUR.A,D,XM,EUR,A,1999-02-03,0.882068,,A,F
"BIS,WS_XRU,1.0",D.XM.EUR.A,D,XM,EUR,A,1999-02-04,0.887863,,A,F
"BIS,WS_XRU,1.0",D.XM.EUR.A,D,XM,EUR,A,1999-02-05,0.885583,,A,F
"BIS,WS_XRU,1.0",D.XM.EUR.A,D,XM,EUR,A,1999-02-08,0.889205,,A,F
"BIS,WS_XRU,1.0",D.XM.EUR.A,D,XM,EUR,A,1999-02-09,0.882379,,A,F
"BIS,WS_XRU,1.0",D.XM.EUR.A,D,XM,EUR,A,1999-02-10,0.881679,,A,F
"BIS,WS_XRU,1.0",D.XM.EUR.A,D,XM,EUR,A,1999-02-11,0.884017,,A,F
"BIS,WS_XRU,1.0",D.XM.EUR.A,D,XM,EUR,A,1999-02-12,0.889363,,A,F
"BIS,WS_XRU,1.0",D.XM.EUR.A,D,XM,EUR,A,1999-02-15,0.889838,,A,F
"BIS,WS_XRU,1.0",D.XM.EUR.A,D,XM,EUR,A,1999-02-16,0.894775,,A,F
"BIS,WS_XRU,1.0",D.XM.EUR.A,D,XM,EUR,A,1999-02-17,0.888652,,A,F
"BIS,WS_XRU,1.0",D.XM.EUR.A,D,XM,EUR,A,1999-02-18,0.890313,,A,F
"BIS,WS_XRU,1.0",D.XM.EUR.A,D,XM,EUR,A,1999-02-19,0.895817,,A,F
"BIS,WS_XRU,1.0",D.XM.EUR.A,D,XM,EUR,A,1999-02-22,0.909753,,A,F
"BIS,WS_XRU,1.0",D.XM.EUR.A,D,XM,EUR,A,1999-02-23,0.91166,,A,F
"BIS,WS_XRU,1.0",D.XM.EUR.A,D,XM,EUR,A,1999-02-24,0.906043,,A,F
"BIS,WS_XRU,1.0",D.XM.EUR.A,D,XM,EUR,A,1999-02-25,0.906536,,A,F
"BIS,WS_XRU,1.0",D.XM.EUR.A,D,XM,EUR,A,1999-02-26,0.907606,,A,F
"BIS,WS_XRU,1.0",D.XM.EUR.A,D,XM,EUR,A,1999-03-01,0.910249,,A,F
"BIS,WS_XRU,1.0",D.XM.EUR.A,D,XM,EUR,A,1999-03-02,0.918527,,A,F
"BIS,WS_XRU,1.0",D.XM.EUR.A,D,XM,EUR,A,1999-03-03,0.917515,,A,F
"BIS,WS_XRU,1.0",D.XM.EUR.A,D,XM,EUR,A,1999-03-04,0.920302,,A,F
"BIS,WS_XRU,1.0",D.XM.EUR.A,D,XM,EUR,A,1999-03-05,0.92302,,A,F
"BIS,WS_XRU,1.0",D.XM.EUR.A,D,XM,EUR,A,1999-03-08,0.916758,,A,F
"BIS,WS_XRU,1.0",D.XM.EUR.A,D,XM,EUR,A,1999-03-09,0.920556,,A,F
"BIS,WS_XRU,1.0",D.XM.EUR.A,D,XM,EUR,A,1999-03-10,0.912992,,A,F
"BIS,WS_XRU,1.0",D.XM.EUR.A,D,XM,EUR,A,1999-03-11,0.918189,,A,F
"BIS,WS_XRU,1.0",D.XM.EUR.A,D,XM,EUR,A,1999-03-12,0.914746,,A,F
"BIS,WS_XRU,1.0",D.XM.EUR.A,D,XM,EUR,A,1999-03-15,0.913325,,A,F
"BIS,WS_XRU,1.0",D.XM.EUR.A,D,XM,EUR,A,1999-03-16,0.917347,,A,F
"BIS,WS_XRU,1.0",D.XM.EUR.A,D,XM,EUR,A,1999-03-17,0.91191,,A,F
"BIS,WS_XRU,1.0",D.XM.EUR.A,D,XM,EUR,A,1999-03-18,0.9081,,A,F
"BIS,WS_XRU,1.0",D.XM.EUR.A,D,XM,EUR,A,1999-03-19,0.91617,,A,F
"BIS,WS_XRU,1.0",D.XM.EUR.A,D,XM,EUR,A,1999-03-22,0.920471,,A,F
"BIS,WS_XRU,1.0",D.XM.EUR.A,D,XM,EUR,A,1999-03-23,0.917768,,A,F
"BIS,WS_XRU,1.0",D.XM.EUR.A,D,XM,EUR,A,1999-03-24,0.915081,,A,F
"BIS,WS_XRU,1.0",D.XM.EUR.A,D,XM,EUR,A,1999-03-25,0.9176,,A,F
"BIS,WS_XRU,1.0",D.XM.EUR.A,D,XM,EUR,A,1999-03-26,0.924642,,A,F
"BIS,WS_XRU,1.0",D.XM.EUR.A,D,XM,EUR,A,1999-03-29,0.935279,,A,F
"BIS,WS_XRU,1.0",D.XM.EUR.A,D,XM,EUR,A,1999-03-30,0.93362,,A,F
"BIS,WS_XRU,1.0",D.XM.EUR.A,D,XM,EUR,A,1999-03-31,0.930925,,A,F
"BIS,WS_XRU,1.0",D.XM.EUR.A,D,XM,EUR,A,1999-04-01,0.928333,,A,F
"BIS,WS_XRU,1.0",D.XM.EUR.A,D,XM,EUR,A,1999-04-02,0.928333,,A,F
"BIS,WS_XRU,1.0",D.XM.EUR.A,D,XM,EUR,A,1999-04-05,0.93006,,A,F
"BIS,WS_XRU,1.0",D.XM.EUR.A,D,XM,EUR,A,1999-04-06,0.932314,,A,F
"BIS,WS_XRU,1.0",D.XM.EUR.A,D,XM,EUR,A,1999-04-07,0.924898,,A,F
"BIS,WS_XRU,1.0",D.XM.EUR.A,D,XM,EUR,A,1999-04-08,0.924385,,A,F
"BIS,WS_XRU,1.0",D.XM.EUR.A,D,XM,EUR,A,1999-04-09,0.927816,,A,F
"BIS,WS_XRU,1.0",D.XM.EUR.A,D,XM,EUR,A,1999-04-12,0.920217,,A,F
"BIS,WS_XRU,1.0",D.XM.EUR.A,D,XM,EUR,A,1999-04-13,0.928936,,A,F
"BIS,WS_XRU,1.0",D.XM.EUR.A,D,XM,EUR,A,1999-04-14,0.927042,,A,F
"BIS,WS_XRU,1.0",D.XM.EUR.A,D,XM,EUR,A,1999-04-15,0.927128,,A,F
"BIS,WS_XRU,1.0",D.XM.EUR.A,D,XM,EUR,A,1999-04-16,0.937383,,A,F
"BIS,WS_XRU,1.0",D.XM.EUR.A,D,XM,EUR,A,1999-04-19,0.940203,,A,F
"BIS,WS_XRU,1.0",D.XM.EUR.A,D,XM,EUR,A,1999-04-20,0.93932,,A,F
"BIS,WS_XRU,1.0",D.XM.EUR.A,D,XM,EUR,A,1999-04-21,0.944644,,A,F
"BIS,WS_XRU,1.0",D.XM.EUR.A,D,XM,EUR,A,1999-04-22,0.94509,,A,F
"BIS,WS_XRU,1.0",D.XM.EUR.A,D,XM,EUR,A,1999-04-23,0.94038,,A,F
"BIS,WS_XRU,1.0",D.XM.EUR.A,D,XM,EUR,A,1999-04-26,0.942152,,A,F
"BIS,WS_XRU,1.0",D.XM.EUR.A,D,XM,EUR,A,1999-04-27,0.940734,,A,F
"BIS,WS_XRU,1.0",D.XM.EUR.A,D,XM,EUR,A,1999-04-28,0.937559,,A,F
"BIS,WS_XRU,1.0",D.XM.EUR.A,D,XM,EUR,A,1999-04-29,0.94304,,A,F
"BIS,WS_XRU,1.0",D.XM.EUR.A,D,XM,EUR,A,1999-04-30,0.943663,,A,F
"BIS,WS_XRU,1.0",D.XM.EUR.A,D,XM,EUR,A,1999-05-03,0.944376,,A,F
"BIS,WS_XRU,1.0",D.XM.EUR.A,D,XM,EUR,A,1999-05-04,0.946611,,A,F
"BIS,WS_XRU,1.0",D.XM.EUR.A,D,XM,EUR,A,1999-05-05,0.937471,,A,F
"BIS,WS_XRU,1.0",D.XM.EUR.A,D,XM,EUR,A,1999-05-06,0.926012,,A,F
"BIS,WS_XRU,1.0",D.XM.EUR.A,D,XM,EUR,A,1999-05-07,0.927128,,A,F
"BIS,WS_XRU,1.0",D.XM.EUR.A,D,XM,EUR,A,1999-05-10,0.931532,,A,F
"BIS,WS_XRU,1.0",D.XM.EUR.A,D,XM,EUR,A,1999-05-11,0.931793,,A,F
"BIS,WS_XRU,1.0",D.XM.EUR.A,D,XM,EUR,A,1999-05-12,0.939408,,A,F
"BIS,WS_XRU,1.0",D.XM.EUR.A,D,XM,EUR,A,1999-05-13,0.941442,,A,F
"BIS,WS_XRU,1.0",D.XM.EUR.A,D,XM,EUR,A,1999-05-14,0.93668,,A,F
"BIS,WS_XRU,1.0",D.XM.EUR.A,D,XM,EUR,A,1999-05-17,0.935891,,A,F
"BIS,WS_XRU,1.0",D.XM.EUR.A,D,XM,EUR,A,1999-05-18,0.935454,,A,F
"BIS,WS_XRU,1.0",D.XM.EUR.A,D,XM,EUR,A,1999-05-19,0.94038,,A,F
"BIS,WS_XRU,1.0",D.XM.EUR.A,D,XM,EUR,A,1999-05-20,0.939938,,A,F
"BIS,WS_XRU,1.0",D.XM.EUR.A,D,XM,EUR,A,1999-05-21,0.945895,,A,F
"BIS,WS_XRU,1.0",D.XM.EUR.A,D,XM,EUR,A,1999-05-24,0.944733,,A,F
"BIS,WS_XRU,1.0",D.XM.EUR.A,D,XM,EUR,A,1999-05-25,0.940999,,A,F
"BIS,WS_XRU,1.0",D.XM.EUR.A,D,XM,EUR,A,1999-05-26,0.949217,,A,F
"BIS,WS_XRU,1.0",D.XM.EUR.A,D,XM,EUR,A,1999-05-27,0.954836,,A,F
"BIS,WS_XRU,1.0",D.XM.EUR.A,D,XM,EUR,A,1999-05-28,0.95429,,A,F
"BIS,WS_XRU,1.0",D.XM.EUR.A,D,XM,EUR,A,1999-05-31,0.956389,,A,F
"BIS,WS_XRU,1.0",D.XM.EUR.A,D,XM,EUR,A,1999-06-01,0.958405,,A,F
"BIS,WS_XRU,1.0",D.XM.EUR.A,D,XM,EUR,A,1999-06-02,0.963206,,A,F
"BIS,WS_XRU,1.0",D.XM.EUR.A,D,XM,EUR,A,1999-06-03,0.963206,,A,F
"BIS,WS_XRU,1.0",D.XM.EUR.A,D,XM,EUR,A,1999-06-04,0.969462,,A,F
"BIS,WS_XRU,1.0",D.XM.EUR.A,D,XM,EUR,A,1999-06-07,0.969368,,A,F
"BIS,WS_XRU,1.0",D.XM.EUR.A,D,XM,EUR,A,1999-06-08,0.962927,,A,F
"BIS,WS_XRU,1.0",D.XM.EUR.A,D,XM,EUR,A,1999-06-09,0.955475,,A,F
"BIS,WS_XRU,1.0",D.XM.EUR.A,D,XM,EUR,A,1999-06-10,0.954745,,A,F
"BIS,WS_XRU,1.0",D.XM.EUR.A,D,XM,EUR,A,1999-06-11,0.954745,,A,F
"BIS,WS_XRU,1.0",D.XM.EUR.A,D,XM,EUR,A,1999-06-14,0.95813,,A,F
"BIS,WS_XRU,1.0",D.XM.EUR.A,D,XM,EUR,A,1999-06-15,0.962279,,A,F
"BIS,WS_XRU,1.0",D.XM.EUR.A,D,XM,EUR,A,1999-06-16,0.966651,,A,F
"BIS,WS_XRU,1.0",D.XM.EUR.A,D,XM,EUR,A,1999-06-17,0.967118,,A,F
"BIS,WS_XRU,1.0",D.XM.EUR.A,D,XM,EUR,A,1999-06-18,0.962649,,A,F
"BIS,WS_XRU,1.0",D.XM.EUR.A,D,XM,EUR,A,1999-06-21,0.967212,,A,F
"BIS,WS_XRU,1.0",D.XM.EUR.A,D,XM,EUR,A,1999-06-22,0.96965,,A,F
"BIS,WS_XRU,1.0",D.XM.EUR.A,D,XM,EUR,A,1999-06-23,0.972763,,A,F
"BIS,WS_XRU,1.0",D.XM.EUR.A,D,XM,EUR,A,1999-06-24,0.968898,,A,F
"BIS,WS_XRU,1.0",D.XM.EUR.A,D,XM,EUR,A,1999-06-25,0.957579,,A,F
"BIS,WS_XRU,1.0",D.XM.EUR.A,D,XM,EUR,A,1999-06-28,0.962649,,A,F
"BIS,WS_XRU,1.0",D.XM.EUR.A,D,XM,EUR,A,1999-06-29,0.964878,,A,F
"BIS,WS_XRU,1.0",D.XM.EUR.A,D,XM,EUR,A,1999-06-30,0.968242,,A,F
"BIS,WS_XRU,1.0",D.XM.EUR.A,D,XM,EUR,A,1999-07-01,0.974279,,A,F
"BIS,WS_XRU,1.0",D.XM.EUR.A,D,XM,EUR,A,1999-07-02,0.976467,,A,F
"BIS,WS_XRU,1.0",D.XM.EUR.A,D,XM,EUR,A,1999-07-05,0.977326,,A,F
"BIS,WS_XRU,1.0",D.XM.EUR.A,D,XM,EUR,A,1999-07-06,0.978378,,A,F
"BIS,WS_XRU,1.0",D.XM.EUR.A,D,XM,EUR,A,1999-07-07,0.978282,,A,F
"BIS,WS_XRU,1.0",D.XM.EUR.A,D,XM,EUR,A,1999-07-08,0.982125,,A,F
"BIS,WS_XRU,1.0",D.XM.EUR.A,D,XM,EUR,A,1999-07-09,0.980008,,A,F
"BIS,WS_XRU,1.0",D.XM.EUR.A,D,XM,EUR,A,1999-07-12,0.987752,,A,F
"BIS,WS_XRU,1.0",D.XM.EUR.A,D,XM,EUR,A,1999-07-13,0.982029,,A,F
"BIS,WS_XRU,1.0",D.XM.EUR.A,D,XM,EUR,A,1999-07-14,0.983478,,A,F
"BIS,WS_XRU,1.0",D.XM.EUR.A,D,XM,EUR,A,1999-07-15,0.980296,,A,F
"BIS,WS_XRU,1.0",D.XM.EUR.A,D,XM,EUR,A,1999-07-16,0.9802,,A,F
"BIS,WS_XRU,1.0",D.XM.EUR.A,D,XM,EUR,A,1999-07-19,0.98561,,A,F
"BIS,WS_XRU,1.0",D.XM.EUR.A,D,XM,EUR,A,1999-07-20,0.960615,,A,F
"BIS,WS_XRU,1.0",D.XM.EUR.A,D,XM,EUR,A,1999-07-21,0.95584,,A,F
"BIS,WS_XRU,1.0",D.XM.EUR.A,D,XM,EUR,A,1999-07-22,0.952472,,A,F
"BIS,WS_XRU,1.0",D.XM.EUR.A,D,XM,EUR,A,1999-07-23,0.952744,,A,F
"BIS,WS_XRU,1.0",D.XM.EUR.A,D,XM,EUR,A,1999-07-26,0.934754,,A,F
"BIS,WS_XRU,1.0",D.XM.EUR.A,D,XM,EUR,A,1999-07-27,0.940999,,A,F
"BIS,WS_XRU,1.0",D.XM.EUR.A,D,XM,EUR,A,1999-07-28,0.943129,,A,F
"BIS,WS_XRU,1.0",D.XM.EUR.A,D,XM,EUR,A,1999-07-29,0.93633,,A,F
"BIS,WS_XRU,1.0",D.XM.EUR.A,D,XM,EUR,A,1999-07-30,0.935104,,A,F
"BIS,WS_XRU,1.0",D.XM.EUR.A,D,XM,EUR,A,1999-08-02,0.937647,,A,F
"BIS,WS_XRU,1.0",D.XM.EUR.A,D,XM,EUR,A,1999-08-03,0.939408,,A,F
"BIS,WS_XRU,1.0",D.XM.EUR.A,D,XM,EUR,A,1999-08-04,0.929282,,A,F
"BIS,WS_XRU,1.0",D.XM.EUR.A,D,XM,EUR,A,1999-08-05,0.926698,,A,F
"BIS,WS_XRU,1.0",D.XM.EUR.A,D,XM,EUR,A,1999-08-06,0.931099,,A,F
"BIS,WS_XRU,1.0",D.XM.EUR.A,D,XM,EUR,A,1999-08-09,0.934143,,A,F
"BIS,WS_XRU,1.0",D.XM.EUR.A,D,XM,EUR,A,1999-08-10,0.931359,,A,F
"BIS,WS_XRU,1.0",D.XM.EUR.A,D,XM,EUR,A,1999-08-11,0.937383,,A,F
"BIS,WS_XRU,1.0",D.XM.EUR.A,D,XM,EUR,A,1999-08-12,0.940026,,A,F
"BIS,WS_XRU,1.0",D.XM.EUR.A,D,XM,EUR,A,1999-08-13,0.937471,,A,F
"BIS,WS_XRU,1.0",D.XM.EUR.A,D,XM,EUR,A,1999-08-16,0.947598,,A,F
"BIS,WS_XRU,1.0",D.XM.EUR.A,D,XM,EUR,A,1999-08-17,0.949938,,A,F
"BIS,WS_XRU,1.0",D.XM.EUR.A,D,XM,EUR,A,1999-08-18,0.950841,,A,F
"BIS,WS_XRU,1.0",D.XM.EUR.A,D,XM,EUR,A,1999-08-19,0.950841,,A,F
"BIS,WS_XRU,1.0",D.XM.EUR.A,D,XM,EUR,A,1999-08-20,0.937471,,A,F
"BIS,WS_XRU,1.0",D.XM.EUR.A,D,XM,EUR,A,1999-08-23,0.942863,,A,F
"BIS,WS_XRU,1.0",D.XM.EUR.A,D,XM,EUR,A,1999-08-24,0.951294,,A,F
"BIS,WS_XRU,1.0",D.XM.EUR.A,D,XM,EUR,A,1999-08-25,0.958497,,A,F
"BIS,WS_XRU,1.0",D.XM.EUR.A,D,XM,EUR,A,1999-08-26,0.956755,,A,F
"BIS,WS_XRU,1.0",D.XM.EUR.A,D,XM,EUR,A,1999-08-27,0.956938,,A,F
"BIS,WS_XRU,1.0",D.XM.EUR.A,D,XM,EUR,A,1999-08-30,0.956572,,A,F
"BIS,WS_XRU,1.0",D.XM.EUR.A,D,XM,EUR,A,1999-08-31,0.945805,,A,F
"BIS,WS_XRU,1.0",D.XM.EUR.A,D,XM,EUR,A,1999-09-01,0.942241,,A,F
"BIS,WS_XRU,1.0",D.XM.EUR.A,D,XM,EUR,A,1999-09-02,0.93791,,A,F
"BIS,WS_XRU,1.0",D.XM.EUR.A,D,XM,EUR,A,1999-09-03,0.936154,,A,F
"BIS,WS_XRU,1.0",D.XM.EUR.A,D,XM,EUR,A,1999-09-06,0.943931,,A,F
"BIS,WS_XRU,1.0",D.XM.EUR.A,D,XM,EUR,A,1999-09-07,0.946522,,A,F
"BIS,WS_XRU,1.0",D.XM.EUR.A,D,XM,EUR,A,1999-09-08,0.942241,,A,F
"BIS,WS_XRU,1.0",D.XM.EUR.A,D,XM,EUR,A,1999-09-09,0.944109,,A,F
"BIS,WS_XRU,1.0",D.XM.EUR.A,D,XM,EUR,A,1999-09-10,0.95057,,A,F
"BIS,WS_XRU,1.0",D.XM.EUR.A,D,XM,EUR,A,1999-09-13,0.966931,,A,F
"BIS,WS_XRU,1.0",D.XM.EUR.A,D,XM,EUR,A,1999-09-14,0.965065,,A,F
"BIS,WS_XRU,1.0",D.XM.EUR.A,D,XM,EUR,A,1999-09-15,0.964413,,A,F
"BIS,WS_XRU,1.0",D.XM.EUR.A,D,XM,EUR,A,1999-09-16,0.964134,,A,F
"BIS,WS_XRU,1.0",D.XM.EUR.A,D,XM,EUR,A,1999-09-17,0.961816,,A,F
"BIS,WS_XRU,1.0",D.XM.EUR.A,D,XM,EUR,A,1999-09-20,0.960984,,A,F
"BIS,WS_XRU,1.0",D.XM.EUR.A,D,XM,EUR,A,1999-09-21,0.962649,,A,F
"BIS,WS_XRU,1.0",D.XM.EUR.A,D,XM,EUR,A,1999-09-22,0.951565,,A,F
"BIS,WS_XRU,1.0",D.XM.EUR.A,D,XM,EUR,A,1999-09-23,0.958773,,A,F
"BIS,WS_XRU,1.0",D.XM.EUR.A,D,XM,EUR,A,1999-09-24,0.954563,,A,F
"BIS,WS_XRU,1.0",D.XM.EUR.A,D,XM,EUR,A,1999-09-27,0.960246,,A,F
"BIS,WS_XRU,1.0",D.XM.EUR.A,D,XM,EUR,A,1999-09-28,0.953925,,A,F
"BIS,WS_XRU,1.0",D.XM.EUR.A,D,XM,EUR,A,1999-09-29,0.946701,,A,F
"BIS,WS_XRU,1.0",D.XM.EUR.A,D,XM,EUR,A,1999-09-30,0.937647,,A,F
"BIS,WS_XRU,1.0",D.XM.EUR.A,D,XM,EUR,A,1999-10-01,0.93214,,A,F
"BIS,WS_XRU,1.0",D.XM.EUR.A,D,XM,EUR,A,1999-10-04,0.932923,,A,F
"BIS,WS_XRU,1.0",D.XM.EUR.A,D,XM,EUR,A,1999-10-05,0.935804,,A,F
"BIS,WS_XRU,1.0",D.XM.EUR.A,D,XM,EUR,A,1999-10-06,0.931359,,A,F
"BIS,WS_XRU,1.0",D.XM.EUR.A,D,XM,EUR,A,1999-10-07,0.932053,,A,F
"BIS,WS_XRU,1.0",D.XM.EUR.A,D,XM,EUR,A,1999-10-08,0.93835,,A,F
"BIS,WS_XRU,1.0",D.XM.EUR.A,D,XM,EUR,A,1999-10-11,0.940645,,A,F
"BIS,WS_XRU,1.0",D.XM.EUR.A,D,XM,EUR,A,1999-10-12,0.937383,,A,F
"BIS,WS_XRU,1.0",D.XM.EUR.A,D,XM,EUR,A,1999-10-13,0.927816,,A,F
"BIS,WS_XRU,1.0",D.XM.EUR.A,D,XM,EUR,A,1999-10-14,0.929541,,A,F
"BIS,WS_XRU,1.0",D.XM.EUR.A,D,XM,EUR,A,1999-10-15,0.920048,,A,F
"BIS,WS_XRU,1.0",D.XM.EUR.A,D,XM,EUR,A,1999-10-18,0.920133,,A,F
"BIS,WS_XRU,1.0",D.XM.EUR.A,D,XM,EUR,A,1999-10-19,0.924385,,A,F
"BIS,WS_XRU,1.0",D.XM.EUR.A,D,XM,EUR,A,1999-10-20,0.927902,,A,F
"BIS,WS_XRU,1.0",D.XM.EUR.A,D,XM,EUR,A,1999-10-21,0.926183,,A,F
"BIS,WS_XRU,1.0",D.XM.EUR.A,D,XM,EUR,A,1999-10-22,0.929541,,A,F
"BIS,WS_XRU,1.0",D.XM.EUR.A,D,XM,EUR,A,1999-10-25,0.936067,,A,F
"BIS,WS_XRU,1.0",D.XM.EUR.A,D,XM,EUR,A,1999-10-26,0.940468,,A,F
"BIS,WS_XRU,1.0",D.XM.EUR.A,D,XM,EUR,A,1999-10-27,0.947688,,A,F
"BIS,WS_XRU,1.0",D.XM.EUR.A,D,XM,EUR,A,1999-10-28,0.949307,,A,F
"BIS,WS_XRU,1.0",D.XM.EUR.A,D,XM,EUR,A,1999-10-29,0.956663,,A,F
"BIS,WS_XRU,1.0",D.XM.EUR.A,D,XM,EUR,A,1999-11-01,0.945895,,A,F
"BIS,WS_XRU,1.0",D.XM.EUR.A,D,XM,EUR,A,1999-11-02,0.951746,,A,F
"BIS,WS_XRU,1.0",D.XM.EUR.A,D,XM,EUR,A,1999-11-03,0.953198,,A,F
"BIS,WS_XRU,1.0",D.XM.EUR.A,D,XM,EUR,A,1999-11-04,0.952018,,A,F
"BIS,WS_XRU,1.0",D.XM.EUR.A,D,XM,EUR,A,1999-11-05,0.960799,,A,F
"BIS,WS_XRU,1.0",D.XM.EUR.A,D,XM,EUR,A,1999-11-08,0.961076,,A,F
"BIS,WS_XRU,1.0",D.XM.EUR.A,D,XM,EUR,A,1999-11-09,0.959325,,A,F
"BIS,WS_XRU,1.0",D.XM.EUR.A,D,XM,EUR,A,1999-11-10,0.961354,,A,F
"BIS,WS_XRU,1.0",D.XM.EUR.A,D,XM,EUR,A,1999-11-11,0.960984,,A,F
"BIS,WS_XRU,1.0",D.XM.EUR.A,D,XM,EUR,A,1999-11-12,0.97012,,A,F
"BIS,WS_XRU,1.0",D.XM.EUR.A,D,XM,EUR,A,1999-11-15,0.97078,,A,F
"BIS,WS_XRU,1.0",D.XM.EUR.A,D,XM,EUR,A,1999-11-16,0.967492,,A,F
"BIS,WS_XRU,1.0",D.XM.EUR.A,D,XM,EUR,A,1999-11-17,0.960799,,A,F
"BIS,WS_XRU,1.0",D.XM.EUR.A,D,XM,EUR,A,1999-11-18,0.963391,,A,F
"BIS,WS_XRU,1.0",D.XM.EUR.A,D,XM,EUR,A,1999-11-19,0.972857,,A,F
"BIS,WS_XRU,1.0",D.XM.EUR.A,D,XM,EUR,A,1999-11-22,0.969838,,A,F
"BIS,WS_XRU,1.0",D.XM.EUR.A,D,XM,EUR,A,1999-11-23,0.969462,,A,F
"BIS,WS_XRU,1.0",D.XM.EUR.A,D,XM,EUR,A,1999-11-24,0.978953,,A,F
"BIS,WS_XRU,1.0",D.XM.EUR.A,D,XM,EUR,A,1999-11-25,0.980969,,A,F
"BIS,WS_XRU,1.0",D.XM.EUR.A,D,XM,EUR,A,1999-11-26,0.990001,,A,F
"BIS,WS_XRU,1.0",D.XM.EUR.A,D,XM,EUR,A,1999-11-29,0.992359,,A,F
"BIS,WS_XRU,1.0",D.XM.EUR.A,D,XM,EUR,A,1999-11-30,0.990393,,A,F
"BIS,WS_XRU,1.0",D.XM.EUR.A,D,XM,EUR,A,1999-12-01,0.990982,,A,F
"BIS,WS_XRU,1.0",D.XM.EUR.A,D,XM,EUR,A,1999-12-02,0.994332,,A,F
"BIS,WS_XRU,1.0",D.XM.EUR.A,D,XM,EUR,A,1999-12-03,0.998502,,A,F
"BIS,WS_XRU,1.0",D.XM.EUR.A,D,XM,EUR,A,1999-12-06,0.982125,,A,F
"BIS,WS_XRU,1.0",D.XM.EUR.A,D,XM,EUR,A,1999-12-07,0.976658,,A,F
"BIS,WS_XRU,1.0",D.XM.EUR.A,D,XM,EUR,A,1999-12-08,0.976944,,A,F
"BIS,WS_XRU,1.0",D.XM.EUR.A,D,XM,EUR,A,1999-12-09,0.982801,,A,F
"BIS,WS_XRU,1.0",D.XM.EUR.A,D,XM,EUR,A,1999-12-10,0.986096,,A,F
"BIS,WS_XRU,1.0",D.XM.EUR.A,D,XM,EUR,A,1999-12-13,0.987362,,A,F
"BIS,WS_XRU,1.0",D.XM.EUR.A,D,XM,EUR,A,1999-12-14,0.996214,,A,F
"BIS,WS_XRU,1.0",D.XM.EUR.A,D,XM,EUR,A,1999-12-15,0.997904,,A,F
"BIS,WS_XRU,1.0",D.XM.EUR.A,D,XM,EUR,A,1999-12-16,0.98561,,A,F
"BIS,WS_XRU,1.0",D.XM.EUR.A,D,XM,EUR,A,1999-12-17,0.987362,,A,F
"BIS,WS_XRU,1.0",D.XM.EUR.A,D,XM,EUR,A,1999-12-20,0.990491,,A,F
"BIS,WS_XRU,1.0",D.XM.EUR.A,D,XM,EUR,A,1999-12-21,0.99167,,A,F
"BIS,WS_XRU,1.0",D.XM.EUR.A,D,XM,EUR,A,1999-12-22,0.992654,,A,F
"BIS,WS_XRU,1.0",D.XM.EUR.A,D,XM,EUR,A,1999-12-23,0.991179,,A,F
"BIS,WS_XRU,1.0",D.XM.EUR.A,D,XM,EUR,A,1999-12-24,0.985999,,A,F
"BIS,WS_XRU,1.0",D.XM.EUR.A,D,XM,EUR,A,1999-12-27,0.986777,,A,F
"BIS,WS_XRU,1.0",D.XM.EUR.A,D,XM,EUR,A,1999-12-28,0.991179,,A,F
"BIS,WS_XRU,1.0",D.XM.EUR.A,D,XM,EUR,A,1999-12-29,0.992851,,A,F
"BIS,WS_XRU,1.0",D.XM.EUR.A,D,XM,EUR,A,1999-12-30,0.995421,,A,F
"BIS,WS_XRU,1.0",D.XM.EUR.A,D,XM,EUR,A,1999-12-31,,,M,F
"BIS,WS_XRU,1.0",D.XM.EUR.A,D,XM,EUR,A,2000-01-03,0.99108,,A,F
"BIS,WS_XRU,1.0",D.XM.EUR.A,D,XM,EUR,A,2000-01-04,0.970403,,A,F
"BIS,WS_XRU,1.0",D.XM.EUR.A,D,XM,EUR,A,2000-01-05,0.964506,,A,F
"BIS,WS_XRU,1.0",D.XM.EUR.A,D,XM,EUR,A,2000-01-06,0.962649,,A,F
"BIS,WS_XRU,1.0",D.XM.EUR.A,D,XM,EUR,A,2000-01-07,0.972384,,A,F
"BIS,WS_XRU,1.0",D.XM.EUR.A,D,XM,EUR,A,2000-01-10,0.977613,,A,F
"BIS,WS_XRU,1.0",D.XM.EUR.A,D,XM,EUR,A,2000-01-11,0.975039,,A,F
"BIS,WS_XRU,1.0",D.XM.EUR.A,D,XM,EUR,A,2000-01-12,0.97012,,A,F
"BIS,WS_XRU,1.0",D.XM.EUR.A,D,XM,EUR,A,2000-01-13,0.973141,,A,F
"BIS,WS_XRU,1.0",D.XM.EUR.A,D,XM,EUR,A,2000-01-14,0.977995,,A,F
"BIS,WS_XRU,1.0",D.XM.EUR.A,D,XM,EUR,A,2000-01-17,0.990688,,A,F
"BIS,WS_XRU,1.0",D.XM.EUR.A,D,XM,EUR,A,2000-01-18,0.990786,,A,F
"BIS,WS_XRU,1.0",D.XM.EUR.A,D,XM,EUR,A,2000-01-19,0.989609,,A,F
"BIS,WS_XRU,1.0",D.XM.EUR.A,D,XM,EUR,A,2000-01-20,0.991179,,A,F
"BIS,WS_XRU,1.0",D.XM.EUR.A,D,XM,EUR,A,2000-01-21,0.990393,,A,F
"BIS,WS_XRU,1.0",D.XM.EUR.A,D,XM,EUR,A,2000-01-24,0.997307,,A,F
"BIS,WS_XRU,1.0",D.XM.EUR.A,D,XM,EUR,A,2000-01-25,0.999201,,A,F
"BIS,WS_XRU,1.0",D.XM.EUR.A,D,XM,EUR,A,2000-01-26,0.998104,,A,F
"BIS,WS_XRU,1.0",D.XM.EUR.A,D,XM,EUR,A,2000-01-27,1.002406,,A,F
"BIS,WS_XRU,1.0",D.XM.EUR.A,D,XM,EUR,A,2000-01-28,1.015435,,A,F
"BIS,WS_XRU,1.0",D.XM.EUR.A,D,XM,EUR,A,2000-01-31,1.021346,,A,F
"BIS,WS_XRU,1.0",D.XM.EUR.A,D,XM,EUR,A,2000-02-01,1.029866,,A,F
"BIS,WS_XRU,1.0",D.XM.EUR.A,D,XM,EUR,A,2000-02-02,1.029124,,A,F
"BIS,WS_XRU,1.0",D.XM.EUR.A,D,XM,EUR,A,2000-02-03,1.025851,,A,F
"BIS,WS_XRU,1.0",D.XM.EUR.A,D,XM,EUR,A,2000-02-04,1.016777,,A,F
"BIS,WS_XRU,1.0",D.XM.EUR.A,D,XM,EUR,A,2000-02-07,1.023856,,A,F
"BIS,WS_XRU,1.0",D.XM.EUR.A,D,XM,EUR,A,2000-02-08,1.009795,,A,F
"BIS,WS_XRU,1.0",D.XM.EUR.A,D,XM,EUR,A,2000-02-09,1.006644,,A,F
"BIS,WS_XRU,1.0",D.XM.EUR.A,D,XM,EUR,A,2000-02-10,1.013377,,A,F
"BIS,WS_XRU,1.0",D.XM.EUR.A,D,XM,EUR,A,2000-02-11,1.020304,,A,F
"BIS,WS_XRU,1.0",D.XM.EUR.A,D,XM,EUR,A,2000-02-14,1.013479,,A,F
"BIS,WS_XRU,1.0",D.XM.EUR.A,D,XM,EUR,A,2000-02-15,1.022704,,A,F
"BIS,WS_XRU,1.0",D.XM.EUR.A,D,XM,EUR,A,2000-02-16,1.019992,,A,F
"BIS,WS_XRU,1.0",D.XM.EUR.A,D,XM,EUR,A,2000-02-17,1.008166,,A,F
"BIS,WS_XRU,1.0",D.XM.EUR.A,D,XM,EUR,A,2000-02-18,1.014507,,A,F
"BIS,WS_XRU,1.0",D.XM.EUR.A,D,XM,EUR,A,2000-02-21,1.014507,,A,F
"BIS,WS_XRU,1.0",D.XM.EUR.A,D,XM,EUR,A,2000-02-22,0.997805,,A,F
"BIS,WS_XRU,1.0",D.XM.EUR.A,D,XM,EUR,A,2000-02-23,0.993246,,A,F
"BIS,WS_XRU,1.0",D.XM.EUR.A,D,XM,EUR,A,2000-02-24,1.010305,,A,F
"BIS,WS_XRU,1.0",D.XM.EUR.A,D,XM,EUR,A,2000-02-25,1.019056,,A,F
"BIS,WS_XRU,1.0",D.XM.EUR.A,D,XM,EUR,A,2000-02-28,1.037452,,A,F
"BIS,WS_XRU,1.0",D.XM.EUR.A,D,XM,EUR,A,2000-02-29,1.029442,,A,F
"BIS,WS_XRU,1.0",D.XM.EUR.A,D,XM,EUR,A,2000-03-01,1.034447,,A,F
"BIS,WS_XRU,1.0",D.XM.EUR.A,D,XM,EUR,A,2000-03-02,1.028278,,A,F
"BIS,WS_XRU,1.0",D.XM.EUR.A,D,XM,EUR,A,2000-03-03,1.035304,,A,F
"BIS,WS_XRU,1.0",D.XM.EUR.A,D,XM,EUR,A,2000-03-06,1.037344,,A,F
"BIS,WS_XRU,1.0",D.XM.EUR.A,D,XM,EUR,A,2000-03-07,1.042427,,A,F
"BIS,WS_XRU,1.0",D.XM.EUR.A,D,XM,EUR,A,2000-03-08,1.047889,,A,F
"BIS,WS_XRU,1.0",D.XM.EUR.A,D,XM,EUR,A,2000-03-09,1.039933,,A,F
"BIS,WS_XRU,1.0",D.XM.EUR.A,D,XM,EUR,A,2000-03-10,1.040258,,A,F
"BIS,WS_XRU,1.0",D.XM.EUR.A,D,XM,EUR,A,2000-03-13,1.02923,,A,F
"BIS,WS_XRU,1.0",D.XM.EUR.A,D,XM,EUR,A,2000-03-14,1.039501,,A,F
"BIS,WS_XRU,1.0",D.XM.EUR.A,D,XM,EUR,A,2000-03-15,1.036592,,A,F
"BIS,WS_XRU,1.0",D.XM.EUR.A,D,XM,EUR,A,2000-03-16,1.034875,,A,F
"BIS,WS_XRU,1.0",D.XM.EUR.A,D,XM,EUR,A,2000-03-17,1.033912,,A,F
"BIS,WS_XRU,1.0",D.XM.EUR.A,D,XM,EUR,A,2000-03-20,1.029336,,A,F
"BIS,WS_XRU,1.0",D.XM.EUR.A,D,XM,EUR,A,2000-03-21,1.030822,,A,F
"BIS,WS_XRU,1.0",D.XM.EUR.A,D,XM,EUR,A,2000-03-22,1.041341,,A,F
"BIS,WS_XRU,1.0",D.XM.EUR.A,D,XM,EUR,A,2000-03-23,1.035626,,A,F
"BIS,WS_XRU,1.0",D.XM.EUR.A,D,XM,EUR,A,2000-03-24,1.029336,,A,F
"BIS,WS_XRU,1.0",D.XM.EUR.A,D,XM,EUR,A,2000-03-27,1.029654,,A,F
"BIS,WS_XRU,1.0",D.XM.EUR.A,D,XM,EUR,A,2000-03-28,1.036592,,A,F
"BIS,WS_XRU,1.0",D.XM.EUR.A,D,XM,EUR,A,2000-03-29,1.045151,,A,F
"BIS,WS_XRU,1.0",D.XM.EUR.A,D,XM,EUR,A,2000-03-30,1.046572,,A,F
"BIS,WS_XRU,1.0",D.XM.EUR.A,D,XM,EUR,A,2000-03-31,1.046792,,A,F
"BIS,WS_XRU,1.0",D.XM.EUR.A,D,XM,EUR,A,2000-04-03,1.045588,,A,F
"BIS,WS_XRU,1.0",D.XM.EUR.A,D,XM,EUR,A,2000-04-04,1.048438,,A,F
"BIS,WS_XRU,1.0",D.XM.EUR.A,D,XM,EUR,A,2000-04-05,1.033805,,A,F
"BIS,WS_XRU,1.0",D.XM.EUR.A,D,XM,EUR,A,2000-04-06,1.038961,,A,F
"BIS,WS_XRU,1.0",D.XM.EUR.A,D,XM,EUR,A,2000-04-07,1.045588,,A,F
"BIS,WS_XRU,1.0",D.XM.EUR.A,D,XM,EUR,A,2000-04-10,1.042753,,A,F
"BIS,WS_XRU,1.0",D.XM.EUR.A,D,XM,EUR,A,2000-04-11,1.042318,,A,F
"BIS,WS_XRU,1.0",D.XM.EUR.A,D,XM,EUR,A,2000-04-12,1.044277,,A,F
"BIS,WS_XRU,1.0",D.XM.EUR.A,D,XM,EUR,A,2000-04-13,1.048548,,A,F
"BIS,WS_XRU,1.0",D.XM.EUR.A,D,XM,EUR,A,2000-04-14,1.048218,,A,F
"BIS,WS_XRU,1.0",D.XM.EUR.A,D,XM,EUR,A,2000-04-17,1.044605,,A,F
"BIS,WS_XRU,1.0",D.XM.EUR.A,D,XM,EUR,A,2000-04-18,1.052964,,A,F
"BIS,WS_XRU,1.0",D.XM.EUR.A,D,XM,EUR,A,2000-04-19,1.056971,,A,F
"BIS,WS_XRU,1.0",D.XM.EUR.A,D,XM,EUR,A,2000-04-20,1.066553,,A,F
"BIS,WS_XRU,1.0",D.XM.EUR.A,D,XM,EUR,A,2000-04-21,,,M,F
"BIS,WS_XRU,1.0",D.XM.EUR.A,D,XM,EUR,A,2000-04-24,,,M,F
"BIS,WS_XRU,1.0",D.XM.EUR.A,D,XM,EUR,A,2000-04-25,1.075038,,A,F
"BIS,WS_XRU,1.0",D.XM.EUR.A,D,XM,EUR,A,2000-04-26,1.087784,,A,F
"BIS,WS_XRU,1.0",D.XM.EUR.A,D,XM,EUR,A,2000-04-27,1.091346,,A,F
"BIS,WS_XRU,1.0",D.XM.EUR.A,D,XM,EUR,A,2000-04-28,1.100715,,A,F
"BIS,WS_XRU,1.0",D.XM.EUR.A,D,XM,EUR,A,2000-05-01,,,M,F
"BIS,WS_XRU,1.0",D.XM.EUR.A,D,XM,EUR,A,2000-05-02,1.096972,,A,F
"BIS,WS_XRU,1.0",D.XM.EUR.A,D,XM,EUR,A,2000-05-03,1.121957,,A,F
"BIS,WS_XRU,1.0",D.XM.EUR.A,D,XM,EUR,A,2000-05-04,1.117693,,A,F
"BIS,WS_XRU,1.0",D.XM.EUR.A,D,XM,EUR,A,2000-05-05,1.11309,,A,F
"BIS,WS_XRU,1.0",D.XM.EUR.A,D,XM,EUR,A,2000-05-08,1.117069,,A,F
"BIS,WS_XRU,1.0",D.XM.EUR.A,D,XM,EUR,A,2000-05-09,1.113834,,A,F
"BIS,WS_XRU,1.0",D.XM.EUR.A,D,XM,EUR,A,2000-05-10,1.098056,,A,F
"BIS,WS_XRU,1.0",D.XM.EUR.A,D,XM,EUR,A,2000-05-11,1.101443,,A,F
"BIS,WS_XRU,1.0",D.XM.EUR.A,D,XM,EUR,A,2000-05-12,1.107542,,A,F
"BIS,WS_XRU,1.0",D.XM.EUR.A,D,XM,EUR,A,2000-05-15,1.093255,,A,F
"BIS,WS_XRU,1.0",D.XM.EUR.A,D,XM,EUR,A,2000-05-16,1.103144,,A,F
"BIS,WS_XRU,1.0",D.XM.EUR.A,D,XM,EUR,A,2000-05-17,1.120825,,A,F
"BIS,WS_XRU,1.0",D.XM.EUR.A,D,XM,EUR,A,2000-05-18,1.118318,,A,F
"BIS,WS_XRU,1.0",D.XM.EUR.A,D,XM,EUR,A,2000-05-19,1.126761,,A,F
"BIS,WS_XRU,1.0",D.XM.EUR.A,D,XM,EUR,A,2000-05-22,1.111111,,A,F
"BIS,WS_XRU,1.0",D.XM.EUR.A,D,XM,EUR,A,2000-05-23,1.097574,,A,F
"BIS,WS_XRU,1.0",D.XM.EUR.A,D,XM,EUR,A,2000-05-24,1.099143,,A,F
"BIS,WS_XRU,1.0",D.XM.EUR.A,D,XM,EUR,A,2000-05-25,1.113462,,A,F
"BIS,WS_XRU,1.0",D.XM.EUR.A,D,XM,EUR,A,2000-05-26,1.093733,,A,F
"BIS,WS_XRU,1.0",D.XM.EUR.A,D,XM,EUR,A,2000-05-29,1.07968,,A,F
"BIS,WS_XRU,1.0",D.XM.EUR.A,D,XM,EUR,A,2000-05-30,1.06849,,A,F
"BIS,WS_XRU,1.0",D.XM.EUR.A,D,XM,EUR,A,2000-05-31,1.074922,,A,F
"BIS,WS_XRU,1.0",D.XM.EUR.A,D,XM,EUR,A,2000-06-01,1.071811,,A,F
"BIS,WS_XRU,1.0",D.XM.EUR.A,D,XM,EUR,A,2000-06-02,1.068947,,A,F
"BIS,WS_XRU,1.0",D.XM.EUR.A,D,XM,EUR,A,2000-06-05,1.060108,,A,F
"BIS,WS_XRU,1.0",D.XM.EUR.A,D,XM,EUR,A,2000-06-06,1.054296,,A,F
"BIS,WS_XRU,1.0",D.XM.EUR.A,D,XM,EUR,A,2000-06-07,1.046682,,A,F
"BIS,WS_XRU,1.0",D.XM.EUR.A,D,XM,EUR,A,2000-06-08,1.03434,,A,F
"BIS,WS_XRU,1.0",D.XM.EUR.A,D,XM,EUR,A,2000-06-09,1.053741,,A,F
"BIS,WS_XRU,1.0",D.XM.EUR.A,D,XM,EUR,A,2000-06-12,1.049648,,A,F
"BIS,WS_XRU,1.0",D.XM.EUR.A,D,XM,EUR,A,2000-06-13,1.043515,,A,F
"BIS,WS_XRU,1.0",D.XM.EUR.A,D,XM,EUR,A,2000-06-14,1.037775,,A,F
"BIS,WS_XRU,1.0",D.XM.EUR.A,D,XM,EUR,A,2000-06-15,1.049979,,A,F
"BIS,WS_XRU,1.0",D.XM.EUR.A,D,XM,EUR,A,2000-06-16,1.045478,,A,F
"BIS,WS_XRU,1.0",D.XM.EUR.A,D,XM,EUR,A,2000-06-19,1.037344,,A,F
"BIS,WS_XRU,1.0",D.XM.EUR.A,D,XM,EUR,A,2000-06-20,1.048438,,A,F
"BIS,WS_XRU,1.0",D.XM.EUR.A,D,XM,EUR,A,2000-06-21,1.055966,,A,F
"BIS,WS_XRU,1.0",D.XM.EUR.A,D,XM,EUR,A,2000-06-22,1.063264,,A,F
"BIS,WS_XRU,1.0",D.XM.EUR.A,D,XM,EUR,A,2000-06-23,1.062361,,A,F
"BIS,WS_XRU,1.0",D.XM.EUR.A,D,XM,EUR,A,2000-06-26,1.072156,,A,F
"BIS,WS_XRU,1.0",D.XM.EUR.A,D,XM,EUR,A,2000-06-27,1.063717,,A,F
"BIS,WS_XRU,1.0",D.XM.EUR.A,D,XM,EUR,A,2000-06-28,1.062135,,A,F
"BIS,WS_XRU,1.0",D.XM.EUR.A,D,XM,EUR,A,2000-06-29,1.052189,,A,F
"BIS,WS_XRU,1.0",D.XM.EUR.A,D,XM,EUR,A,2000-06-30,1.046463,,A,F
"BIS,WS_XRU,1.0",D.XM.EUR.A,D,XM,EUR,A,2000-07-03,1.053408,,A,F
"BIS,WS_XRU,1.0",D.XM.EUR.A,D,XM,EUR,A,2000-07-04,1.054074,,A,F
"BIS,WS_XRU,1.0",D.XM.EUR.A,D,XM,EUR,A,2000-07-05,1.048548,,A,F
"BIS,WS_XRU,1.0",D.XM.EUR.A,D,XM,EUR,A,2000-07-06,1.047998,,A,F
"BIS,WS_XRU,1.0",D.XM.EUR.A,D,XM,EUR,A,2000-07-07,1.054519,,A,F
"BIS,WS_XRU,1.0",D.XM.EUR.A,D,XM,EUR,A,2000-07-10,1.050089,,A,F
"BIS,WS_XRU,1.0",D.XM.EUR.A,D,XM,EUR,A,2000-07-11,1.049648,,A,F
"BIS,WS_XRU,1.0",D.XM.EUR.A,D,XM,EUR,A,2000-07-12,1.052742,,A,F
"BIS,WS_XRU,1.0",D.XM.EUR.A,D,XM,EUR,A,2000-07-13,1.069633,,A,F
"BIS,WS_XRU,1.0",D.XM.EUR.A,D,XM,EUR,A,2000-07-14,1.070205,,A,F
"BIS,WS_XRU,1.0",D.XM.EUR.A,D,XM,EUR,A,2000-07-17,1.06929,,A,F
"BIS,WS_XRU,1.0",D.XM.EUR.A,D,XM,EUR,A,2000-07-18,1.069176,,A,F
"BIS,WS_XRU,1.0",D.XM.EUR.A,D,XM,EUR,A,2000-07-19,1.085069,,A,F
"BIS,WS_XRU,1.0",D.XM.EUR.A,D,XM,EUR,A,2000-07-20,1.084599,,A,F
"BIS,WS_XRU,1.0",D.XM.EUR.A,D,XM,EUR,A,2000-07-21,1.068034,,A,F
"BIS,WS_XRU,1.0",D.XM.EUR.A,D,XM,EUR,A,2000-07-24,1.071582,,A,F
"BIS,WS_XRU,1.0",D.XM.EUR.A,D,XM,EUR,A,2000-07-25,1.062699,,A,F
"BIS,WS_XRU,1.0",D.XM.EUR.A,D,XM,EUR,A,2000-07-26,1.064963,,A,F
"BIS,WS_XRU,1.0",D.XM.EUR.A,D,XM,EUR,A,2000-07-27,1.065076,,A,F
"BIS,WS_XRU,1.0",D.XM.EUR.A,D,XM,EUR,A,2000-07-28,1.078051,,A,F
"BIS,WS_XRU,1.0",D.XM.EUR.A,D,XM,EUR,A,2000-07-31,1.0819,,A,F
"BIS,WS_XRU,1.0",D.XM.EUR.A,D,XM,EUR,A,2000-08-01,1.079447,,A,F
"BIS,WS_XRU,1.0",D.XM.EUR.A,D,XM,EUR,A,2000-08-02,1.093853,,A,F
"BIS,WS_XRU,1.0",D.XM.EUR.A,D,XM,EUR,A,2000-08-03,1.107665,,A,F
"BIS,WS_XRU,1.0",D.XM.EUR.A,D,XM,EUR,A,2000-08-04,1.107297,,A,F
"BIS,WS_XRU,1.0",D.XM.EUR.A,D,XM,EUR,A,2000-08-07,1.100837,,A,F
"BIS,WS_XRU,1.0",D.XM.EUR.A,D,XM,EUR,A,2000-08-08,1.105339,,A,F
"BIS,WS_XRU,1.0",D.XM.EUR.A,D,XM,EUR,A,2000-08-09,1.114454,,A,F
"BIS,WS_XRU,1.0",D.XM.EUR.A,D,XM,EUR,A,2000-08-10,1.107297,,A,F
"BIS,WS_XRU,1.0",D.XM.EUR.A,D,XM,EUR,A,2000-08-11,1.09505,,A,F
"BIS,WS_XRU,1.0",D.XM.EUR.A,D,XM,EUR,A,2000-08-14,1.109755,,A,F
"BIS,WS_XRU,1.0",D.XM.EUR.A,D,XM,EUR,A,2000-08-15,1.096732,,A,F
"BIS,WS_XRU,1.0",D.XM.EUR.A,D,XM,EUR,A,2000-08-16,1.102293,,A,F
"BIS,WS_XRU,1.0",D.XM.EUR.A,D,XM,EUR,A,2000-08-17,1.094092,,A,F
"BIS,WS_XRU,1.0",D.XM.EUR.A,D,XM,EUR,A,2000-08-18,1.09565,,A,F
"BIS,WS_XRU,1.0",D.XM.EUR.A,D,XM,EUR,A,2000-08-21,1.108279,,A,F
"BIS,WS_XRU,1.0",D.XM.EUR.A,D,XM,EUR,A,2000-08-22,1.114579,,A,F
"BIS,WS_XRU,1.0",D.XM.EUR.A,D,XM,EUR,A,2000-08-23,1.121328,,A,F
"BIS,WS_XRU,1.0",D.XM.EUR.A,D,XM,EUR,A,2000-08-24,1.109632,,A,F
"BIS,WS_XRU,1.0",D.XM.EUR.A,D,XM,EUR,A,2000-08-25,1.108525,,A,F
"BIS,WS_XRU,1.0",D.XM.EUR.A,D,XM,EUR,A,2000-08-28,1.110248,,A,F
"BIS,WS_XRU,1.0",D.XM.EUR.A,D,XM,EUR,A,2000-08-29,1.115449,,A,F
"BIS,WS_XRU,1.0",D.XM.EUR.A,D,XM,EUR,A,2000-08-30,1.12246,,A,F
"BIS,WS_XRU,1.0",D.XM.EUR.A,D,XM,EUR,A,2000-08-31,1.122839,,A,F
"BIS,WS_XRU,1.0",D.XM.EUR.A,D,XM,EUR,A,2000-09-01,1.123343,,A,F
"BIS,WS_XRU,1.0",D.XM.EUR.A,D,XM,EUR,A,2000-09-04,1.111111,,A,F
"BIS,WS_XRU,1.0",D.XM.EUR.A,D,XM,EUR,A,2000-09-05,1.125366,,A,F
"BIS,WS_XRU,1.0",D.XM.EUR.A,D,XM,EUR,A,2000-09-06,1.134044,,A,F
"BIS,WS_XRU,1.0",D.XM.EUR.A,D,XM,EUR,A,2000-09-07,1.152605,,A,F
"BIS,WS_XRU,1.0",D.XM.EUR.A,D,XM,EUR,A,2000-09-08,1.14482,,A,F
"BIS,WS_XRU,1.0",D.XM.EUR.A,D,XM,EUR,A,2000-09-11,1.161575,,A,F
"BIS,WS_XRU,1.0",D.XM.EUR.A,D,XM,EUR,A,2000-09-12,1.160901,,A,F
"BIS,WS_XRU,1.0",D.XM.EUR.A,D,XM,EUR,A,2000-09-13,1.155535,,A,F
"BIS,WS_XRU,1.0",D.XM.EUR.A,D,XM,EUR,A,2000-09-14,1.150351,,A,F
"BIS,WS_XRU,1.0",D.XM.EUR.A,D,XM,EUR,A,2000-09-15,1.160766,,A,F
"BIS,WS_XRU,1.0",D.XM.EUR.A,D,XM,EUR,A,2000-09-18,1.172883,,A,F
"BIS,WS_XRU,1.0",D.XM.EUR.A,D,XM,EUR,A,2000-09-19,1.170823,,A,F
"BIS,WS_XRU,1.0",D.XM.EUR.A,D,XM,EUR,A,2000-09-20,1.179802,,A,F
"BIS,WS_XRU,1.0",D.XM.EUR.A,D,XM,EUR,A,2000-09-21,1.173158,,A,F
"BIS,WS_XRU,1.0",D.XM.EUR.A,D,XM,EUR,A,2000-09-22,1.124859,,A,F
"BIS,WS_XRU,1.0",D.XM.EUR.A,D,XM,EUR,A,2000-09-25,1.140251,,A,F
"BIS,WS_XRU,1.0",D.XM.EUR.A,D,XM,EUR,A,2000-09-26,1.141944,,A,F
"BIS,WS_XRU,1.0",D.XM.EUR.A,D,XM,EUR,A,2000-09-27,1.128541,,A,F
"BIS,WS_XRU,1.0",D.XM.EUR.A,D,XM,EUR,A,2000-09-28,1.132246,,A,F
"BIS,WS_XRU,1.0",D.XM.EUR.A,D,XM,EUR,A,2000-09-29,1.140901,,A,F
"BIS,WS_XRU,1.0",D.XM.EUR.A,D,XM,EUR,A,2000-10-02,1.136105,,A,F
"BIS,WS_XRU,1.0",D.XM.EUR.A,D,XM,EUR,A,2000-10-03,1.141162,,A,F
"BIS,WS_XRU,1.0",D.XM.EUR.A,D,XM,EUR,A,2000-10-04,1.145475,,A,F
"BIS,WS_XRU,1.0",D.XM.EUR.A,D,XM,EUR,A,2000-10-05,1.138174,,A,F
"BIS,WS_XRU,1.0",D.XM.EUR.A,D,XM,EUR,A,2000-10-06,1.149029,,A,F
"BIS,WS_XRU,1.0",D.XM.EUR.A,D,XM,EUR,A,2000-10-09,1.150086,,A,F
"BIS,WS_XRU,1.0",D.XM.EUR.A,D,XM,EUR,A,2000-10-10,1.146657,,A,F
"BIS,WS_XRU,1.0",D.XM.EUR.A,D,XM,EUR,A,2000-10-11,1.146789,,A,F
"BIS,WS_XRU,1.0",D.XM.EUR.A,D,XM,EUR,A,2000-10-12,1.156337,,A,F
"BIS,WS_XRU,1.0",D.XM.EUR.A,D,XM,EUR,A,2000-10-13,1.159152,,A,F
"BIS,WS_XRU,1.0",D.XM.EUR.A,D,XM,EUR,A,2000-10-16,1.17495,,A,F
"BIS,WS_XRU,1.0",D.XM.EUR.A,D,XM,EUR,A,2000-10-17,1.177024,,A,F
"BIS,WS_XRU,1.0",D.XM.EUR.A,D,XM,EUR,A,2000-10-18,1.173021,,A,F
"BIS,WS_XRU,1.0",D.XM.EUR.A,D,XM,EUR,A,2000-10-19,1.188919,,A,F
"BIS,WS_XRU,1.0",D.XM.EUR.A,D,XM,EUR,A,2000-10-20,1.183152,,A,F
"BIS,WS_XRU,1.0",D.XM.EUR.A,D,XM,EUR,A,2000-10-23,1.193745,,A,F
"BIS,WS_XRU,1.0",D.XM.EUR.A,D,XM,EUR,A,2000-10-24,1.192464,,A,F
"BIS,WS_XRU,1.0",D.XM.EUR.A,D,XM,EUR,A,2000-10-25,1.203804,,A,F
"BIS,WS_XRU,1.0",D.XM.EUR.A,D,XM,EUR,A,2000-10-26,1.211827,,A,F
"BIS,WS_XRU,1.0",D.XM.EUR.A,D,XM,EUR,A,2000-10-27,1.201346,,A,F
"BIS,WS_XRU,1.0",D.XM.EUR.A,D,XM,EUR,A,2000-10-30,1.178967,,A,F
"BIS,WS_XRU,1.0",D.XM.EUR.A,D,XM,EUR,A,2000-10-31,1.188072,,A,F
"BIS,WS_XRU,1.0",D.XM.EUR.A,D,XM,EUR,A,2000-11-01,1.169044,,A,F
"BIS,WS_XRU,1.0",D.XM.EUR.A,D,XM,EUR,A,2000-11-02,1.156604,,A,F
"BIS,WS_XRU,1.0",D.XM.EUR.A,D,XM,EUR,A,2000-11-03,1.145475,,A,F
"BIS,WS_XRU,1.0",D.XM.EUR.A,D,XM,EUR,A,2000-11-06,1.153802,,A,F
"BIS,WS_XRU,1.0",D.XM.EUR.A,D,XM,EUR,A,2000-11-07,1.164551,,A,F
"BIS,WS_XRU,1.0",D.XM.EUR.A,D,XM,EUR,A,2000-11-08,1.168361,,A,F
"BIS,WS_XRU,1.0",D.XM.EUR.A,D,XM,EUR,A,2000-11-09,1.172196,,A,F
"BIS,WS_XRU,1.0",D.XM.EUR.A,D,XM,EUR,A,2000-11-10,1.153004,,A,F
"BIS,WS_XRU,1.0",D.XM.EUR.A,D,XM,EUR,A,2000-11-13,1.160093,,A,F
"BIS,WS_XRU,1.0",D.XM.EUR.A,D,XM,EUR,A,2000-11-14,1.165094,,A,F
"BIS,WS_XRU,1.0",D.XM.EUR.A,D,XM,EUR,A,2000-11-15,1.163332,,A,F
"BIS,WS_XRU,1.0",D.XM.EUR.A,D,XM,EUR,A,2000-11-16,1.166997,,A,F
"BIS,WS_XRU,1.0",D.XM.EUR.A,D,XM,EUR,A,2000-11-17,1.171646,,A,F
"BIS,WS_XRU,1.0",D.XM.EUR.A,D,XM,EUR,A,2000-11-20,1.178134,,A,F
"BIS,WS_XRU,1.0",D.XM.EUR.A,D,XM,EUR,A,2000-11-21,1.18008,,A,F
"BIS,WS_XRU,1.0",D.XM.EUR.A,D,XM,EUR,A,2000-11-22,1.18638,,A,F
"BIS,WS_XRU,1.0",D.XM.EUR.A,D,XM,EUR,A,2000-11-23,1.186662,,A,F
"BIS,WS_XRU,1.0",D.XM.EUR.A,D,XM,EUR,A,2000-11-24,1.185396,,A,F
"BIS,WS_XRU,1.0",D.XM.EUR.A,D,XM,EUR,A,2000-11-27,1.189626,,A,F
"BIS,WS_XRU,1.0",D.XM.EUR.A,D,XM,EUR,A,2000-11-28,1.168088,,A,F
"BIS,WS_XRU,1.0",D.XM.EUR.A,D,XM,EUR,A,2000-11-29,1.156069,,A,F
"BIS,WS_XRU,1.0",D.XM.EUR.A,D,XM,EUR,A,2000-11-30,1.151543,,A,F
"BIS,WS_XRU,1.0",D.XM.EUR.A,D,XM,EUR,A,2000-12-01,1.14482,,A,F
"BIS,WS_XRU,1.0",D.XM.EUR.A,D,XM,EUR,A,2000-12-04,1.122586,,A,F
"BIS,WS_XRU,1.0",D.XM.EUR.A,D,XM,EUR,A,2000-12-05,1.135074,,A,F
"BIS,WS_XRU,1.0",D.XM.EUR.A,D,XM,EUR,A,2000-12-06,1.132759,,A,F
"BIS,WS_XRU,1.0",D.XM.EUR.A,D,XM,EUR,A,2000-12-07,1.118193,,A,F
"BIS,WS_XRU,1.0",D.XM.EUR.A,D,XM,EUR,A,2000-12-08,1.124227,,A,F
"BIS,WS_XRU,1.0",D.XM.EUR.A,D,XM,EUR,A,2000-12-11,1.135847,,A,F
"BIS,WS_XRU,1.0",D.XM.EUR.A,D,XM,EUR,A,2000-12-12,1.138693,,A,F
"BIS,WS_XRU,1.0",D.XM.EUR.A,D,XM,EUR,A,2000-12-13,1.143118,,A,F
"BIS,WS_XRU,1.0",D.XM.EUR.A,D,XM,EUR,A,2000-12-14,1.13135,,A,F
"BIS,WS_XRU,1.0",D.XM.EUR.A,D,XM,EUR,A,2000-12-15,1.11309,,A,F
"BIS,WS_XRU,1.0",D.XM.EUR.A,D,XM,EUR,A,2000-12-18,1.115325,,A,F
"BIS,WS_XRU,1.0",D.XM.EUR.A,D,XM,EUR,A,2000-12-19,1.123217,,A,F
"BIS,WS_XRU,1.0",D.XM.EUR.A,D,XM,EUR,A,2000-12-20,1.103875,,A,F
"BIS,WS_XRU,1.0",D.XM.EUR.A,D,XM,EUR,A,2000-12-21,1.093374,,A,F
"BIS,WS_XRU,1.0",D.XM.EUR.A,D,XM,EUR,A,2000-12-22,1.082251,,A,F
"BIS,WS_XRU,1.0",D.XM.EUR.A,D,XM,EUR,A,2000-12-25,,,M,F
"BIS,WS_XRU,1.0",D.XM.EUR.A,D,XM,EUR,A,2000-12-26,,,M,F
"BIS,WS_XRU,1.0",D.XM.EUR.A,D,XM,EUR,A,2000-12-27,1.074114,,A,F
"BIS,WS_XRU,1.0",D.XM.EUR.A,D,XM,EUR,A,2000-12-28,1.077006,,A,F
"BIS,WS_XRU,1.0",D.XM.EUR.A,D,XM,EUR,A,2000-12-29,1.074691,,A,F
"BIS,WS_XRU,1.0",D.XM.EUR.A,D,XM,EUR,A,2001-01-01,,,M,F
"BIS,WS_XRU,1.0",D.XM.EUR.A,D,XM,EUR,A,2001-01-02,1.061233,,A,F
"BIS,WS_XRU,1.0",D.XM.EUR.A,D,XM,EUR,A,2001-01-03,1.049318,,A,F
"BIS,WS_XRU,1.0",D.XM.EUR.A,D,XM,EUR,A,2001-01-04,1.057306,,A,F
"BIS,WS_XRU,1.0",D.XM.EUR.A,D,XM,EUR,A,2001-01-05,1.047669,,A,F
"BIS,WS_XRU,1.0",D.XM.EUR.A,D,XM,EUR,A,2001-01-08,1.052964,,A,F
"BIS,WS_XRU,1.0",D.XM.EUR.A,D,XM,EUR,A,2001-01-09,1.063717,,A,F
"BIS,WS_XRU,1.0",D.XM.EUR.A,D,XM,EUR,A,2001-01-10,1.062473,,A,F
"BIS,WS_XRU,1.0",D.XM.EUR.A,D,XM,EUR,A,2001-01-11,1.050089,,A,F
"BIS,WS_XRU,1.0",D.XM.EUR.A,D,XM,EUR,A,2001-01-12,1.047669,,A,F
"BIS,WS_XRU,1.0",D.XM.EUR.A,D,XM,EUR,A,2001-01-15,1.06067,,A,F
"BIS,WS_XRU,1.0",D.XM.EUR.A,D,XM,EUR,A,2001-01-16,1.062473,,A,F
"BIS,WS_XRU,1.0",D.XM.EUR.A,D,XM,EUR,A,2001-01-17,1.064283,,A,F
"BIS,WS_XRU,1.0",D.XM.EUR.A,D,XM,EUR,A,2001-01-18,1.063377,,A,F
"BIS,WS_XRU,1.0",D.XM.EUR.A,D,XM,EUR,A,2001-01-19,1.06383,,A,F
"BIS,WS_XRU,1.0",D.XM.EUR.A,D,XM,EUR,A,2001-01-22,1.076426,,A,F
"BIS,WS_XRU,1.0",D.XM.EUR.A,D,XM,EUR,A,2001-01-23,1.063038,,A,F
"BIS,WS_XRU,1.0",D.XM.EUR.A,D,XM,EUR,A,2001-01-24,1.075963,,A,F
"BIS,WS_XRU,1.0",D.XM.EUR.A,D,XM,EUR,A,2001-01-25,1.093374,,A,F
"BIS,WS_XRU,1.0",D.XM.EUR.A,D,XM,EUR,A,2001-01-26,1.083658,,A,F
"BIS,WS_XRU,1.0",D.XM.EUR.A,D,XM,EUR,A,2001-01-29,1.087784,,A,F
"BIS,WS_XRU,1.0",D.XM.EUR.A,D,XM,EUR,A,2001-01-30,1.087311,,A,F
"BIS,WS_XRU,1.0",D.XM.EUR.A,D,XM,EUR,A,2001-01-31,1.076079,,A,F
"BIS,WS_XRU,1.0",D.XM.EUR.A,D,XM,EUR,A,2001-02-01,1.063151,,A,F
"BIS,WS_XRU,1.0",D.XM.EUR.A,D,XM,EUR,A,2001-02-02,1.063038,,A,F
"BIS,WS_XRU,1.0",D.XM.EUR.A,D,XM,EUR,A,2001-02-05,1.061008,,A,F
"BIS,WS_XRU,1.0",D.XM.EUR.A,D,XM,EUR,A,2001-02-06,1.072731,,A,F
"BIS,WS_XRU,1.0",D.XM.EUR.A,D,XM,EUR,A,2001-02-07,1.072386,,A,F
"BIS,WS_XRU,1.0",D.XM.EUR.A,D,XM,EUR,A,2001-02-08,1.084599,,A,F
"BIS,WS_XRU,1.0",D.XM.EUR.A,D,XM,EUR,A,2001-02-09,1.083776,,A,F
"BIS,WS_XRU,1.0",D.XM.EUR.A,D,XM,EUR,A,2001-02-12,1.076658,,A,F
"BIS,WS_XRU,1.0",D.XM.EUR.A,D,XM,EUR,A,2001-02-13,1.078167,,A,F
"BIS,WS_XRU,1.0",D.XM.EUR.A,D,XM,EUR,A,2001-02-14,1.089562,,A,F
"BIS,WS_XRU,1.0",D.XM.EUR.A,D,XM,EUR,A,2001-02-15,1.10011,,A,F
"BIS,WS_XRU,1.0",D.XM.EUR.A,D,XM,EUR,A,2001-02-16,1.097333,,A,F
"BIS,WS_XRU,1.0",D.XM.EUR.A,D,XM,EUR,A,2001-02-19,1.085423,,A,F
"BIS,WS_XRU,1.0",D.XM.EUR.A,D,XM,EUR,A,2001-02-20,1.102536,,A,F
"BIS,WS_XRU,1.0",D.XM.EUR.A,D,XM,EUR,A,2001-02-21,1.093374,,A,F
"BIS,WS_XRU,1.0",D.XM.EUR.A,D,XM,EUR,A,2001-02-22,1.10424,,A,F
"BIS,WS_XRU,1.0",D.XM.EUR.A,D,XM,EUR,A,2001-02-23,1.103266,,A,F
"BIS,WS_XRU,1.0",D.XM.EUR.A,D,XM,EUR,A,2001-02-26,1.098298,,A,F
"BIS,WS_XRU,1.0",D.XM.EUR.A,D,XM,EUR,A,2001-02-27,1.091346,,A,F
"BIS,WS_XRU,1.0",D.XM.EUR.A,D,XM,EUR,A,2001-02-28,1.081315,,A,F
"BIS,WS_XRU,1.0",D.XM.EUR.A,D,XM,EUR,A,2001-03-01,1.078865,,A,F
"BIS,WS_XRU,1.0",D.XM.EUR.A,D,XM,EUR,A,2001-03-02,1.068034,,A,F
"BIS,WS_XRU,1.0",D.XM.EUR.A,D,XM,EUR,A,2001-03-05,1.074691,,A,F
"BIS,WS_XRU,1.0",D.XM.EUR.A,D,XM,EUR,A,2001-03-06,1.077702,,A,F
"BIS,WS_XRU,1.0",D.XM.EUR.A,D,XM,EUR,A,2001-03-07,1.07446,,A,F
"BIS,WS_XRU,1.0",D.XM.EUR.A,D,XM,EUR,A,2001-03-08,1.073883,,A,F
"BIS,WS_XRU,1.0",D.XM.EUR.A,D,XM,EUR,A,2001-03-09,1.068719,,A,F
"BIS,WS_XRU,1.0",D.XM.EUR.A,D,XM,EUR,A,2001-03-12,1.078516,,A,F
"BIS,WS_XRU,1.0",D.XM.EUR.A,D,XM,EUR,A,2001-03-13,1.08672,,A,F
"BIS,WS_XRU,1.0",D.XM.EUR.A,D,XM,EUR,A,2001-03-14,1.089087,,A,F
"BIS,WS_XRU,1.0",D.XM.EUR.A,D,XM,EUR,A,2001-03-15,1.103266,,A,F
"BIS,WS_XRU,1.0",D.XM.EUR.A,D,XM,EUR,A,2001-03-16,1.117693,,A,F
"BIS,WS_XRU,1.0",D.XM.EUR.A,D,XM,EUR,A,2001-03-19,1.111605,,A,F
"BIS,WS_XRU,1.0",D.XM.EUR.A,D,XM,EUR,A,2001-03-20,1.108647,,A,F
"BIS,WS_XRU,1.0",D.XM.EUR.A,D,XM,EUR,A,2001-03-21,1.112347,,A,F
"BIS,WS_XRU,1.0",D.XM.EUR.A,D,XM,EUR,A,2001-03-22,1.124986,,A,F
"BIS,WS_XRU,1.0",D.XM.EUR.A,D,XM,EUR,A,2001-03-23,1.120825,,A,F
"BIS,WS_XRU,1.0",D.XM.EUR.A,D,XM,EUR,A,2001-03-26,1.119194,,A,F
"BIS,WS_XRU,1.0",D.XM.EUR.A,D,XM,EUR,A,2001-03-27,1.117069,,A,F
"BIS,WS_XRU,1.0",D.XM.EUR.A,D,XM,EUR,A,2001-03-28,1.128668,,A,F
"BIS,WS_XRU,1.0",D.XM.EUR.A,D,XM,EUR,A,2001-03-29,1.131222,,A,F
"BIS,WS_XRU,1.0",D.XM.EUR.A,D,XM,EUR,A,2001-03-30,1.132246,,A,F
"BIS,WS_XRU,1.0",D.XM.EUR.A,D,XM,EUR,A,2001-04-02,1.139991,,A,F
"BIS,WS_XRU,1.0",D.XM.EUR.A,D,XM,EUR,A,2001-04-03,1.130582,,A,F
"BIS,WS_XRU,1.0",D.XM.EUR.A,D,XM,EUR,A,2001-04-04,1.107174,,A,F
"BIS,WS_XRU,1.0",D.XM.EUR.A,D,XM,EUR,A,2001-04-05,1.108647,,A,F
"BIS,WS_XRU,1.0",D.XM.EUR.A,D,XM,EUR,A,2001-04-06,1.118568,,A,F
"BIS,WS_XRU,1.0",D.XM.EUR.A,D,XM,EUR,A,2001-04-09,1.108893,,A,F
"BIS,WS_XRU,1.0",D.XM.EUR.A,D,XM,EUR,A,2001-04-10,1.117943,,A,F
"BIS,WS_XRU,1.0",D.XM.EUR.A,D,XM,EUR,A,2001-04-11,1.131222,,A,F
"BIS,WS_XRU,1.0",D.XM.EUR.A,D,XM,EUR,A,2001-04-12,1.130071,,A,F
"BIS,WS_XRU,1.0",D.XM.EUR.A,D,XM,EUR,A,2001-04-13,,,M,F
"BIS,WS_XRU,1.0",D.XM.EUR.A,D,XM,EUR,A,2001-04-16,,,M,F
"BIS,WS_XRU,1.0",D.XM.EUR.A,D,XM,EUR,A,2001-04-17,1.137527,,A,F
"BIS,WS_XRU,1.0",D.XM.EUR.A,D,XM,EUR,A,2001-04-18,1.139212,,A,F
"BIS,WS_XRU,1.0",D.XM.EUR.A,D,XM,EUR,A,2001-04-19,1.132888,,A,F
"BIS,WS_XRU,1.0",D.XM.EUR.A,D,XM,EUR,A,2001-04-20,1.112471,,A,F
"BIS,WS_XRU,1.0",D.XM.EUR.A,D,XM,EUR,A,2001-04-23,1.110864,,A,F
"BIS,WS_XRU,1.0",D.XM.EUR.A,D,XM,EUR,A,2001-04-24,1.114454,,A,F
"BIS,WS_XRU,1.0",D.XM.EUR.A,D,XM,EUR,A,2001-04-25,1.117693,,A,F
"BIS,WS_XRU,1.0",D.XM.EUR.A,D,XM,EUR,A,2001-04-26,1.109508,,A,F
"BIS,WS_XRU,1.0",D.XM.EUR.A,D,XM,EUR,A,2001-04-27,1.108279,,A,F
"BIS,WS_XRU,1.0",D.XM.EUR.A,D,XM,EUR,A,2001-04-30,1.126634,,A,F
"BIS,WS_XRU,1.0",D.XM.EUR.A,D,XM,EUR,A,2001-05-01,,,M,F
"BIS,WS_XRU,1.0",D.XM.EUR.A,D,XM,EUR,A,2001-05-02,1.122712,,A,F
"BIS,WS_XRU,1.0",D.XM.EUR.A,D,XM,EUR,A,2001-05-03,1.123217,,A,F
"BIS,WS_XRU,1.0",D.XM.EUR.A,D,XM,EUR,A,2001-05-04,1.118693,,A,F
"BIS,WS_XRU,1.0",D.XM.EUR.A,D,XM,EUR,A,2001-05-07,1.121202,,A,F
"BIS,WS_XRU,1.0",D.XM.EUR.A,D,XM,EUR,A,2001-05-08,1.127904,,A,F
"BIS,WS_XRU,1.0",D.XM.EUR.A,D,XM,EUR,A,2001-05-09,1.132888,,A,F
"BIS,WS_XRU,1.0",D.XM.EUR.A,D,XM,EUR,A,2001-05-10,1.129944,,A,F
"BIS,WS_XRU,1.0",D.XM.EUR.A,D,XM,EUR,A,2001-05-11,1.139861,,A,F
"BIS,WS_XRU,1.0",D.XM.EUR.A,D,XM,EUR,A,2001-05-14,1.143511,,A,F
"BIS,WS_XRU,1.0",D.XM.EUR.A,D,XM,EUR,A,2001-05-15,1.140511,,A,F
"BIS,WS_XRU,1.0",D.XM.EUR.A,D,XM,EUR,A,2001-05-16,1.13199,,A,F
"BIS,WS_XRU,1.0",D.XM.EUR.A,D,XM,EUR,A,2001-05-17,1.13443,,A,F
"BIS,WS_XRU,1.0",D.XM.EUR.A,D,XM,EUR,A,2001-05-18,1.139341,,A,F
"BIS,WS_XRU,1.0",D.XM.EUR.A,D,XM,EUR,A,2001-05-21,1.142335,,A,F
"BIS,WS_XRU,1.0",D.XM.EUR.A,D,XM,EUR,A,2001-05-22,1.15141,,A,F
"BIS,WS_XRU,1.0",D.XM.EUR.A,D,XM,EUR,A,2001-05-23,1.164822,,A,F
"BIS,WS_XRU,1.0",D.XM.EUR.A,D,XM,EUR,A,2001-05-24,1.16225,,A,F
"BIS,WS_XRU,1.0",D.XM.EUR.A,D,XM,EUR,A,2001-05-25,1.164009,,A,F
"BIS,WS_XRU,1.0",D.XM.EUR.A,D,XM,EUR,A,2001-05-28,1.164958,,A,F
"BIS,WS_XRU,1.0",D.XM.EUR.A,D,XM,EUR,A,2001-05-29,1.169317,,A,F
"BIS,WS_XRU,1.0",D.XM.EUR.A,D,XM,EUR,A,2001-05-30,1.168497,,A,F
"BIS,WS_XRU,1.0",D.XM.EUR.A,D,XM,EUR,A,2001-05-31,1.179245,,A,F
"BIS,WS_XRU,1.0",D.XM.EUR.A,D,XM,EUR,A,2001-06-01,1.179523,,A,F
"BIS,WS_XRU,1.0",D.XM.EUR.A,D,XM,EUR,A,2001-06-04,1.174674,,A,F
"BIS,WS_XRU,1.0",D.XM.EUR.A,D,XM,EUR,A,2001-06-05,1.181335,,A,F
"BIS,WS_XRU,1.0",D.XM.EUR.A,D,XM,EUR,A,2001-06-06,1.170549,,A,F
"BIS,WS_XRU,1.0",D.XM.EUR.A,D,XM,EUR,A,2001-06-07,1.181195,,A,F
"BIS,WS_XRU,1.0",D.XM.EUR.A,D,XM,EUR,A,2001-06-08,1.180916,,A,F
"BIS,WS_XRU,1.0",D.XM.EUR.A,D,XM,EUR,A,2001-06-11,1.177302,,A,F
"BIS,WS_XRU,1.0",D.XM.EUR.A,D,XM,EUR,A,2001-06-12,1.18008,,A,F
"BIS,WS_XRU,1.0",D.XM.EUR.A,D,XM,EUR,A,2001-06-13,1.170686,,A,F
"BIS,WS_XRU,1.0",D.XM.EUR.A,D,XM,EUR,A,2001-06-14,1.177579,,A,F
"BIS,WS_XRU,1.0",D.XM.EUR.A,D,XM,EUR,A,2001-06-15,1.154468,,A,F
"BIS,WS_XRU,1.0",D.XM.EUR.A,D,XM,EUR,A,2001-06-18,1.165365,,A,F
"BIS,WS_XRU,1.0",D.XM.EUR.A,D,XM,EUR,A,2001-06-19,1.167815,,A,F
"BIS,WS_XRU,1.0",D.XM.EUR.A,D,XM,EUR,A,2001-06-20,1.174674,,A,F
"BIS,WS_XRU,1.0",D.XM.EUR.A,D,XM,EUR,A,2001-06-21,1.169317,,A,F
"BIS,WS_XRU,1.0",D.XM.EUR.A,D,XM,EUR,A,2001-06-22,1.172608,,A,F
"BIS,WS_XRU,1.0",D.XM.EUR.A,D,XM,EUR,A,2001-06-25,1.161845,,A,F
"BIS,WS_XRU,1.0",D.XM.EUR.A,D,XM,EUR,A,2001-06-26,1.161305,,A,F
"BIS,WS_XRU,1.0",D.XM.EUR.A,D,XM,EUR,A,2001-06-27,1.159824,,A,F
"BIS,WS_XRU,1.0",D.XM.EUR.A,D,XM,EUR,A,2001-06-28,1.17495,,A,F
"BIS,WS_XRU,1.0",D.XM.EUR.A,D,XM,EUR,A,2001-06-29,1.179245,,A,F
"BIS,WS_XRU,1.0",D.XM.EUR.A,D,XM,EUR,A,2001-07-02,1.182732,,A,F
"BIS,WS_XRU,1.0",D.XM.EUR.A,D,XM,EUR,A,2001-07-03,1.176886,,A,F
"BIS,WS_XRU,1.0",D.XM.EUR.A,D,XM,EUR,A,2001-07-04,1.183012,,A,F
"BIS,WS_XRU,1.0",D.XM.EUR.A,D,XM,EUR,A,2001-07-05,1.187366,,A,F
"BIS,WS_XRU,1.0",D.XM.EUR.A,D,XM,EUR,A,2001-07-06,1.192748,,A,F
"BIS,WS_XRU,1.0",D.XM.EUR.A,D,XM,EUR,A,2001-07-09,1.182173,,A,F
"BIS,WS_XRU,1.0",D.XM.EUR.A,D,XM,EUR,A,2001-07-10,1.170275,,A,F
"BIS,WS_XRU,1.0",D.XM.EUR.A,D,XM,EUR,A,2001-07-11,1.161305,,A,F
"BIS,WS_XRU,1.0",D.XM.EUR.A,D,XM,EUR,A,2001-07-12,1.171234,,A,F
"BIS,WS_XRU,1.0",D.XM.EUR.A,D,XM,EUR,A,2001-07-13,1.171097,,A,F
"BIS,WS_XRU,1.0",D.XM.EUR.A,D,XM,EUR,A,2001-07-16,1.165094,,A,F
"BIS,WS_XRU,1.0",D.XM.EUR.A,D,XM,EUR,A,2001-07-17,1.17426,,A,F
"BIS,WS_XRU,1.0",D.XM.EUR.A,D,XM,EUR,A,2001-07-18,1.158749,,A,F
"BIS,WS_XRU,1.0",D.XM.EUR.A,D,XM,EUR,A,2001-07-19,1.146395,,A,F
"BIS,WS_XRU,1.0",D.XM.EUR.A,D,XM,EUR,A,2001-07-20,1.139471,,A,F
"BIS,WS_XRU,1.0",D.XM.EUR.A,D,XM,EUR,A,2001-07-23,1.152605,,A,F
"BIS,WS_XRU,1.0",D.XM.EUR.A,D,XM,EUR,A,2001-07-24,1.148369,,A,F
"BIS,WS_XRU,1.0",D.XM.EUR.A,D,XM,EUR,A,2001-07-25,1.137268,,A,F
"BIS,WS_XRU,1.0",D.XM.EUR.A,D,XM,EUR,A,2001-07-26,1.141031,,A,F
"BIS,WS_XRU,1.0",D.XM.EUR.A,D,XM,EUR,A,2001-07-27,1.140511,,A,F
"BIS,WS_XRU,1.0",D.XM.EUR.A,D,XM,EUR,A,2001-07-30,1.142727,,A,F
"BIS,WS_XRU,1.0",D.XM.EUR.A,D,XM,EUR,A,2001-07-31,1.142204,,A,F
"BIS,WS_XRU,1.0",D.XM.EUR.A,D,XM,EUR,A,2001-08-01,1.134173,,A,F
"BIS,WS_XRU,1.0",D.XM.EUR.A,D,XM,EUR,A,2001-08-02,1.137915,,A,F
"BIS,WS_XRU,1.0",D.XM.EUR.A,D,XM,EUR,A,2001-08-03,1.135589,,A,F
"BIS,WS_XRU,1.0",D.XM.EUR.A,D,XM,EUR,A,2001-08-06,1.135718,,A,F
"BIS,WS_XRU,1.0",D.XM.EUR.A,D,XM,EUR,A,2001-08-07,1.140511,,A,F
"BIS,WS_XRU,1.0",D.XM.EUR.A,D,XM,EUR,A,2001-08-08,1.141162,,A,F
"BIS,WS_XRU,1.0",D.XM.EUR.A,D,XM,EUR,A,2001-08-09,1.129561,,A,F
"BIS,WS_XRU,1.0",D.XM.EUR.A,D,XM,EUR,A,2001-08-10,1.119069,,A,F
"BIS,WS_XRU,1.0",D.XM.EUR.A,D,XM,EUR,A,2001-08-13,1.112223,,A,F
"BIS,WS_XRU,1.0",D.XM.EUR.A,D,XM,EUR,A,2001-08-14,1.115076,,A,F
"BIS,WS_XRU,1.0",D.XM.EUR.A,D,XM,EUR,A,2001-08-15,1.097213,,A,F
"BIS,WS_XRU,1.0",D.XM.EUR.A,D,XM,EUR,A,2001-08-16,1.093613,,A,F
"BIS,WS_XRU,1.0",D.XM.EUR.A,D,XM,EUR,A,2001-08-17,1.094331,,A,F
"BIS,WS_XRU,1.0",D.XM.EUR.A,D,XM,EUR,A,2001-08-20,1.093016,,A,F
"BIS,WS_XRU,1.0",D.XM.EUR.A,D,XM,EUR,A,2001-08-21,1.09553,,A,F
"BIS,WS_XRU,1.0",D.XM.EUR.A,D,XM,EUR,A,2001-08-22,1.085069,,A,F
"BIS,WS_XRU,1.0",D.XM.EUR.A,D,XM,EUR,A,2001-08-23,1.097454,,A,F
"BIS,WS_XRU,1.0",D.XM.EUR.A,D,XM,EUR,A,2001-08-24,1.097936,,A,F
"BIS,WS_XRU,1.0",D.XM.EUR.A,D,XM,EUR,A,2001-08-27,1.10011,,A,F
"BIS,WS_XRU,1.0",D.XM.EUR.A,D,XM,EUR,A,2001-08-28,1.10595,,A,F
"BIS,WS_XRU,1.0",D.XM.EUR.A,D,XM,EUR,A,2001-08-29,1.096251,,A,F
"BIS,WS_XRU,1.0",D.XM.EUR.A,D,XM,EUR,A,2001-08-30,1.099505,,A,F
"BIS,WS_XRU,1.0",D.XM.EUR.A,D,XM,EUR,A,2001-08-31,1.091941,,A,F
"BIS,WS_XRU,1.0",D.XM.EUR.A,D,XM,EUR,A,2001-09-03,1.102293,,A,F
"BIS,WS_XRU,1.0",D.XM.EUR.A,D,XM,EUR,A,2001-09-04,1.114827,,A,F
"BIS,WS_XRU,1.0",D.XM.EUR.A,D,XM,EUR,A,2001-09-05,1.124733,,A,F
"BIS,WS_XRU,1.0",D.XM.EUR.A,D,XM,EUR,A,2001-09-06,1.129305,,A,F
"BIS,WS_XRU,1.0",D.XM.EUR.A,D,XM,EUR,A,2001-09-07,1.117069,,A,F
"BIS,WS_XRU,1.0",D.XM.EUR.A,D,XM,EUR,A,2001-09-10,1.105339,,A,F
"BIS,WS_XRU,1.0",D.XM.EUR.A,D,XM,EUR,A,2001-09-11,1.115573,,A,F
"BIS,WS_XRU,1.0",D.XM.EUR.A,D,XM,EUR,A,2001-09-12,1.104728,,A,F
"BIS,WS_XRU,1.0",D.XM.EUR.A,D,XM,EUR,A,2001-09-13,1.103753,,A,F
"BIS,WS_XRU,1.0",D.XM.EUR.A,D,XM,EUR,A,2001-09-14,1.084716,,A,F
"BIS,WS_XRU,1.0",D.XM.EUR.A,D,XM,EUR,A,2001-09-17,1.078865,,A,F
"BIS,WS_XRU,1.0",D.XM.EUR.A,D,XM,EUR,A,2001-09-18,1.08038,,A,F
"BIS,WS_XRU,1.0",D.XM.EUR.A,D,XM,EUR,A,2001-09-19,1.080147,,A,F
"BIS,WS_XRU,1.0",D.XM.EUR.A,D,XM,EUR,A,2001-09-20,1.08003,,A,F
"BIS,WS_XRU,1.0",D.XM.EUR.A,D,XM,EUR,A,2001-09-21,1.086957,,A,F
"BIS,WS_XRU,1.0",D.XM.EUR.A,D,XM,EUR,A,2001-09-24,1.091227,,A,F
"BIS,WS_XRU,1.0",D.XM.EUR.A,D,XM,EUR,A,2001-09-25,1.089799,,A,F
"BIS,WS_XRU,1.0",D.XM.EUR.A,D,XM,EUR,A,2001-09-26,1.084716,,A,F
"BIS,WS_XRU,1.0",D.XM.EUR.A,D,XM,EUR,A,2001-09-27,1.086366,,A,F
"BIS,WS_XRU,1.0",D.XM.EUR.A,D,XM,EUR,A,2001-09-28,1.09517,,A,F
"BIS,WS_XRU,1.0",D.XM.EUR.A,D,XM,EUR,A,2001-10-01,1.09589,,A,F
"BIS,WS_XRU,1.0",D.XM.EUR.A,D,XM,EUR,A,2001-10-02,1.088258,,A,F
"BIS,WS_XRU,1.0",D.XM.EUR.A,D,XM,EUR,A,2001-10-03,1.085894,,A,F
"BIS,WS_XRU,1.0",D.XM.EUR.A,D,XM,EUR,A,2001-10-04,1.096852,,A,F
"BIS,WS_XRU,1.0",D.XM.EUR.A,D,XM,EUR,A,2001-10-05,1.090037,,A,F
"BIS,WS_XRU,1.0",D.XM.EUR.A,D,XM,EUR,A,2001-10-08,1.085305,,A,F
"BIS,WS_XRU,1.0",D.XM.EUR.A,D,XM,EUR,A,2001-10-09,1.087784,,A,F
"BIS,WS_XRU,1.0",D.XM.EUR.A,D,XM,EUR,A,2001-10-10,1.094571,,A,F
"BIS,WS_XRU,1.0",D.XM.EUR.A,D,XM,EUR,A,2001-10-11,1.103509,,A,F
"BIS,WS_XRU,1.0",D.XM.EUR.A,D,XM,EUR,A,2001-10-12,1.106195,,A,F
"BIS,WS_XRU,1.0",D.XM.EUR.A,D,XM,EUR,A,2001-10-15,1.099263,,A,F
"BIS,WS_XRU,1.0",D.XM.EUR.A,D,XM,EUR,A,2001-10-16,1.104728,,A,F
"BIS,WS_XRU,1.0",D.XM.EUR.A,D,XM,EUR,A,2001-10-17,1.108402,,A,F
"BIS,WS_XRU,1.0",D.XM.EUR.A,D,XM,EUR,A,2001-10-18,1.10791,,A,F
"BIS,WS_XRU,1.0",D.XM.EUR.A,D,XM,EUR,A,2001-10-19,1.110001,,A,F
"BIS,WS_XRU,1.0",D.XM.EUR.A,D,XM,EUR,A,2001-10-22,1.114952,,A,F
"BIS,WS_XRU,1.0",D.XM.EUR.A,D,XM,EUR,A,2001-10-23,1.125239,,A,F
"BIS,WS_XRU,1.0",D.XM.EUR.A,D,XM,EUR,A,2001-10-24,1.121453,,A,F
"BIS,WS_XRU,1.0",D.XM.EUR.A,D,XM,EUR,A,2001-10-25,1.124986,,A,F
"BIS,WS_XRU,1.0",D.XM.EUR.A,D,XM,EUR,A,2001-10-26,1.122209,,A,F
"BIS,WS_XRU,1.0",D.XM.EUR.A,D,XM,EUR,A,2001-10-29,1.110494,,A,F
"BIS,WS_XRU,1.0",D.XM.EUR.A,D,XM,EUR,A,2001-10-30,1.103266,,A,F
"BIS,WS_XRU,1.0",D.XM.EUR.A,D,XM,EUR,A,2001-10-31,1.10595,,A,F
"BIS,WS_XRU,1.0",D.XM.EUR.A,D,XM,EUR,A,2001-11-01,1.099263,,A,F
"BIS,WS_XRU,1.0",D.XM.EUR.A,D,XM,EUR,A,2001-11-02,1.10424,,A,F
"BIS,WS_XRU,1.0",D.XM.EUR.A,D,XM,EUR,A,2001-11-05,1.115947,,A,F
"BIS,WS_XRU,1.0",D.XM.EUR.A,D,XM,EUR,A,2001-11-06,1.115947,,A,F
"BIS,WS_XRU,1.0",D.XM.EUR.A,D,XM,EUR,A,2001-11-07,1.109385,,A,F
"BIS,WS_XRU,1.0",D.XM.EUR.A,D,XM,EUR,A,2001-11-08,1.114579,,A,F
"BIS,WS_XRU,1.0",D.XM.EUR.A,D,XM,EUR,A,2001-11-09,1.119821,,A,F
"BIS,WS_XRU,1.0",D.XM.EUR.A,D,XM,EUR,A,2001-11-12,1.121202,,A,F
"BIS,WS_XRU,1.0",D.XM.EUR.A,D,XM,EUR,A,2001-11-13,1.130966,,A,F
"BIS,WS_XRU,1.0",D.XM.EUR.A,D,XM,EUR,A,2001-11-14,1.135976,,A,F
"BIS,WS_XRU,1.0",D.XM.EUR.A,D,XM,EUR,A,2001-11-15,1.133144,,A,F
"BIS,WS_XRU,1.0",D.XM.EUR.A,D,XM,EUR,A,2001-11-16,1.130582,,A,F
"BIS,WS_XRU,1.0",D.XM.EUR.A,D,XM,EUR,A,2001-11-19,1.137268,,A,F
"BIS,WS_XRU,1.0",D.XM.EUR.A,D,XM,EUR,A,2001-11-20,1.133273,,A,F
"BIS,WS_XRU,1.0",D.XM.EUR.A,D,XM,EUR,A,2001-11-21,1.137527,,A,F
"BIS,WS_XRU,1.0",D.XM.EUR.A,D,XM,EUR,A,2001-11-22,1.139212,,A,F
"BIS,WS_XRU,1.0",D.XM.EUR.A,D,XM,EUR,A,2001-11-23,1.13701,,A,F
"BIS,WS_XRU,1.0",D.XM.EUR.A,D,XM,EUR,A,2001-11-26,1.134044,,A,F
"BIS,WS_XRU,1.0",D.XM.EUR.A,D,XM,EUR,A,2001-11-27,1.137915,,A,F
"BIS,WS_XRU,1.0",D.XM.EUR.A,D,XM,EUR,A,2001-11-28,1.132375,,A,F
"BIS,WS_XRU,1.0",D.XM.EUR.A,D,XM,EUR,A,2001-11-29,1.125239,,A,F
"BIS,WS_XRU,1.0",D.XM.EUR.A,D,XM,EUR,A,2001-11-30,1.123848,,A,F
"BIS,WS_XRU,1.0",D.XM.EUR.A,D,XM,EUR,A,2001-12-03,1.120448,,A,F
"BIS,WS_XRU,1.0",D.XM.EUR.A,D,XM,EUR,A,2001-12-04,1.123343,,A,F
"BIS,WS_XRU,1.0",D.XM.EUR.A,D,XM,EUR,A,2001-12-05,1.121202,,A,F
"BIS,WS_XRU,1.0",D.XM.EUR.A,D,XM,EUR,A,2001-12-06,1.124986,,A,F
"BIS,WS_XRU,1.0",D.XM.EUR.A,D,XM,EUR,A,2001-12-07,1.122209,,A,F
"BIS,WS_XRU,1.0",D.XM.EUR.A,D,XM,EUR,A,2001-12-10,1.129944,,A,F
"BIS,WS_XRU,1.0",D.XM.EUR.A,D,XM,EUR,A,2001-12-11,1.122586,,A,F
"BIS,WS_XRU,1.0",D.XM.EUR.A,D,XM,EUR,A,2001-12-12,1.118819,,A,F
"BIS,WS_XRU,1.0",D.XM.EUR.A,D,XM,EUR,A,2001-12-13,1.114206,,A,F
"BIS,WS_XRU,1.0",D.XM.EUR.A,D,XM,EUR,A,2001-12-14,1.109139,,A,F
"BIS,WS_XRU,1.0",D.XM.EUR.A,D,XM,EUR,A,2001-12-17,1.105094,,A,F
"BIS,WS_XRU,1.0",D.XM.EUR.A,D,XM,EUR,A,2001-12-18,1.109632,,A,F
"BIS,WS_XRU,1.0",D.XM.EUR.A,D,XM,EUR,A,2001-12-19,1.113214,,A,F
"BIS,WS_XRU,1.0",D.XM.EUR.A,D,XM,EUR,A,2001-12-20,1.114454,,A,F
"BIS,WS_XRU,1.0",D.XM.EUR.A,D,XM,EUR,A,2001-12-21,1.118193,,A,F
"BIS,WS_XRU,1.0",D.XM.EUR.A,D,XM,EUR,A,2001-12-24,1.136622,,A,F
"BIS,WS_XRU,1.0",D.XM.EUR.A,D,XM,EUR,A,2001-12-25,,,M,F
"BIS,WS_XRU,1.0",D.XM.EUR.A,D,XM,EUR,A,2001-12-26,,,M,F
"BIS,WS_XRU,1.0",D.XM.EUR.A,D,XM,EUR,A,2001-12-27,1.133401,,A,F
"BIS,WS_XRU,1.0",D.XM.EUR.A,D,XM,EUR,A,2001-12-28,1.134687,,A,F
"BIS,WS_XRU,1.0",D.XM.EUR.A,D,XM,EUR,A,2001-12-31,,,M,F
"BIS,WS_XRU,1.0",D.XM.EUR.A,D,XM,EUR,A,2002-01-01,,,M,F
"BIS,WS_XRU,1.0",D.XM.EUR.A,D,XM,EUR,A,2002-01-02,1.106439,,A,F
"BIS,WS_XRU,1.0",D.XM.EUR.A,D,XM,EUR,A,2002-01-03,1.106684,,A,F
"BIS,WS_XRU,1.0",D.XM.EUR.A,D,XM,EUR,A,2002-01-04,1.116819,,A,F
"BIS,WS_XRU,1.0",D.XM.EUR.A,D,XM,EUR,A,2002-01-07,1.122965,,A,F
"BIS,WS_XRU,1.0",D.XM.EUR.A,D,XM,EUR,A,2002-01-08,1.12246,,A,F
"BIS,WS_XRU,1.0",D.XM.EUR.A,D,XM,EUR,A,2002-01-09,1.120951,,A,F
"BIS,WS_XRU,1.0",D.XM.EUR.A,D,XM,EUR,A,2002-01-10,1.12246,,A,F
"BIS,WS_XRU,1.0",D.XM.EUR.A,D,XM,EUR,A,2002-01-11,1.121202,,A,F
"BIS,WS_XRU,1.0",D.XM.EUR.A,D,XM,EUR,A,2002-01-14,1.120197,,A,F
"BIS,WS_XRU,1.0",D.XM.EUR.A,D,XM,EUR,A,2002-01-15,1.120825,,A,F
"BIS,WS_XRU,1.0",D.XM.EUR.A,D,XM,EUR,A,2002-01-16,1.134173,,A,F
"BIS,WS_XRU,1.0",D.XM.EUR.A,D,XM,EUR,A,2002-01-17,1.133915,,A,F
"BIS,WS_XRU,1.0",D.XM.EUR.A,D,XM,EUR,A,2002-01-18,1.135074,,A,F
"BIS,WS_XRU,1.0",D.XM.EUR.A,D,XM,EUR,A,2002-01-21,1.131222,,A,F
"BIS,WS_XRU,1.0",D.XM.EUR.A,D,XM,EUR,A,2002-01-22,1.132503,,A,F
"BIS,WS_XRU,1.0",D.XM.EUR.A,D,XM,EUR,A,2002-01-23,1.129178,,A,F
"BIS,WS_XRU,1.0",D.XM.EUR.A,D,XM,EUR,A,2002-01-24,1.140641,,A,F
"BIS,WS_XRU,1.0",D.XM.EUR.A,D,XM,EUR,A,2002-01-25,1.154335,,A,F
"BIS,WS_XRU,1.0",D.XM.EUR.A,D,XM,EUR,A,2002-01-28,1.165773,,A,F
"BIS,WS_XRU,1.0",D.XM.EUR.A,D,XM,EUR,A,2002-01-29,1.159555,,A,F
"BIS,WS_XRU,1.0",D.XM.EUR.A,D,XM,EUR,A,2002-01-30,1.15714,,A,F
"BIS,WS_XRU,1.0",D.XM.EUR.A,D,XM,EUR,A,2002-01-31,1.157809,,A,F
"BIS,WS_XRU,1.0",D.XM.EUR.A,D,XM,EUR,A,2002-02-01,1.15848,,A,F
"BIS,WS_XRU,1.0",D.XM.EUR.A,D,XM,EUR,A,2002-02-04,1.156872,,A,F
"BIS,WS_XRU,1.0",D.XM.EUR.A,D,XM,EUR,A,2002-02-05,1.151676,,A,F
"BIS,WS_XRU,1.0",D.XM.EUR.A,D,XM,EUR,A,2002-02-06,1.154201,,A,F
"BIS,WS_XRU,1.0",D.XM.EUR.A,D,XM,EUR,A,2002-02-07,1.154201,,A,F
"BIS,WS_XRU,1.0",D.XM.EUR.A,D,XM,EUR,A,2002-02-08,1.144165,,A,F
"BIS,WS_XRU,1.0",D.XM.EUR.A,D,XM,EUR,A,2002-02-11,1.137139,,A,F
"BIS,WS_XRU,1.0",D.XM.EUR.A,D,XM,EUR,A,2002-02-12,1.142465,,A,F
"BIS,WS_XRU,1.0",D.XM.EUR.A,D,XM,EUR,A,2002-02-13,1.145344,,A,F
"BIS,WS_XRU,1.0",D.XM.EUR.A,D,XM,EUR,A,2002-02-14,1.150351,,A,F
"BIS,WS_XRU,1.0",D.XM.EUR.A,D,XM,EUR,A,2002-02-15,1.148765,,A,F
"BIS,WS_XRU,1.0",D.XM.EUR.A,D,XM,EUR,A,2002-02-18,1.147447,,A,F
"BIS,WS_XRU,1.0",D.XM.EUR.A,D,XM,EUR,A,2002-02-19,1.150483,,A,F
"BIS,WS_XRU,1.0",D.XM.EUR.A,D,XM,EUR,A,2002-02-20,1.143772,,A,F
"BIS,WS_XRU,1.0",D.XM.EUR.A,D,XM,EUR,A,2002-02-21,1.149293,,A,F
"BIS,WS_XRU,1.0",D.XM.EUR.A,D,XM,EUR,A,2002-02-22,1.143249,,A,F
"BIS,WS_XRU,1.0",D.XM.EUR.A,D,XM,EUR,A,2002-02-25,1.146263,,A,F
"BIS,WS_XRU,1.0",D.XM.EUR.A,D,XM,EUR,A,2002-02-26,1.151808,,A,F
"BIS,WS_XRU,1.0",D.XM.EUR.A,D,XM,EUR,A,2002-02-27,1.156203,,A,F
"BIS,WS_XRU,1.0",D.XM.EUR.A,D,XM,EUR,A,2002-02-28,1.155936,,A,F
"BIS,WS_XRU,1.0",D.XM.EUR.A,D,XM,EUR,A,2002-03-01,1.152206,,A,F
"BIS,WS_XRU,1.0",D.XM.EUR.A,D,XM,EUR,A,2002-03-04,1.156203,,A,F
"BIS,WS_XRU,1.0",D.XM.EUR.A,D,XM,EUR,A,2002-03-05,1.151808,,A,F
"BIS,WS_XRU,1.0",D.XM.EUR.A,D,XM,EUR,A,2002-03-06,1.147842,,A,F
"BIS,WS_XRU,1.0",D.XM.EUR.A,D,XM,EUR,A,2002-03-07,1.141031,,A,F
"BIS,WS_XRU,1.0",D.XM.EUR.A,D,XM,EUR,A,2002-03-08,1.136751,,A,F
"BIS,WS_XRU,1.0",D.XM.EUR.A,D,XM,EUR,A,2002-03-11,1.144034,,A,F
"BIS,WS_XRU,1.0",D.XM.EUR.A,D,XM,EUR,A,2002-03-12,1.145082,,A,F
"BIS,WS_XRU,1.0",D.XM.EUR.A,D,XM,EUR,A,2002-03-13,1.144951,,A,F
"BIS,WS_XRU,1.0",D.XM.EUR.A,D,XM,EUR,A,2002-03-14,1.135976,,A,F
"BIS,WS_XRU,1.0",D.XM.EUR.A,D,XM,EUR,A,2002-03-15,1.129561,,A,F
"BIS,WS_XRU,1.0",D.XM.EUR.A,D,XM,EUR,A,2002-03-18,1.137398,,A,F
"BIS,WS_XRU,1.0",D.XM.EUR.A,D,XM,EUR,A,2002-03-19,1.132631,,A,F
"BIS,WS_XRU,1.0",D.XM.EUR.A,D,XM,EUR,A,2002-03-20,1.134559,,A,F
"BIS,WS_XRU,1.0",D.XM.EUR.A,D,XM,EUR,A,2002-03-21,1.134173,,A,F
"BIS,WS_XRU,1.0",D.XM.EUR.A,D,XM,EUR,A,2002-03-22,1.13701,,A,F
"BIS,WS_XRU,1.0",D.XM.EUR.A,D,XM,EUR,A,2002-03-25,1.141683,,A,F
"BIS,WS_XRU,1.0",D.XM.EUR.A,D,XM,EUR,A,2002-03-26,1.144558,,A,F
"BIS,WS_XRU,1.0",D.XM.EUR.A,D,XM,EUR,A,2002-03-27,1.14338,,A,F
"BIS,WS_XRU,1.0",D.XM.EUR.A,D,XM,EUR,A,2002-03-28,1.146263,,A,F
"BIS,WS_XRU,1.0",D.XM.EUR.A,D,XM,EUR,A,2002-03-29,,,M,F
"BIS,WS_XRU,1.0",D.XM.EUR.A,D,XM,EUR,A,2002-04-01,,,M,F
"BIS,WS_XRU,1.0",D.XM.EUR.A,D,XM,EUR,A,2002-04-02,1.138174,,A,F
"BIS,WS_XRU,1.0",D.XM.EUR.A,D,XM,EUR,A,2002-04-03,1.135976,,A,F
"BIS,WS_XRU,1.0",D.XM.EUR.A,D,XM,EUR,A,2002-04-04,1.134044,,A,F
"BIS,WS_XRU,1.0",D.XM.EUR.A,D,XM,EUR,A,2002-04-05,1.138174,,A,F
"BIS,WS_XRU,1.0",D.XM.EUR.A,D,XM,EUR,A,2002-04-08,1.139212,,A,F
"BIS,WS_XRU,1.0",D.XM.EUR.A,D,XM,EUR,A,2002-04-09,1.141162,,A,F
"BIS,WS_XRU,1.0",D.XM.EUR.A,D,XM,EUR,A,2002-04-10,1.136622,,A,F
"BIS,WS_XRU,1.0",D.XM.EUR.A,D,XM,EUR,A,2002-04-11,1.137139,,A,F
"BIS,WS_XRU,1.0",D.XM.EUR.A,D,XM,EUR,A,2002-04-12,1.135976,,A,F
"BIS,WS_XRU,1.0",D.XM.EUR.A,D,XM,EUR,A,2002-04-15,1.136105,,A,F
"BIS,WS_XRU,1.0",D.XM.EUR.A,D,XM,EUR,A,2002-04-16,1.135976,,A,F
"BIS,WS_XRU,1.0",D.XM.EUR.A,D,XM,EUR,A,2002-04-17,1.126126,,A,F
"BIS,WS_XRU,1.0",D.XM.EUR.A,D,XM,EUR,A,2002-04-18,1.124227,,A,F
"BIS,WS_XRU,1.0",D.XM.EUR.A,D,XM,EUR,A,2002-04-19,1.125366,,A,F
"BIS,WS_XRU,1.0",D.XM.EUR.A,D,XM,EUR,A,2002-04-22,1.125873,,A,F
"BIS,WS_XRU,1.0",D.XM.EUR.A,D,XM,EUR,A,2002-04-23,1.127142,,A,F
"BIS,WS_XRU,1.0",D.XM.EUR.A,D,XM,EUR,A,2002-04-24,1.124606,,A,F
"BIS,WS_XRU,1.0",D.XM.EUR.A,D,XM,EUR,A,2002-04-25,1.114952,,A,F
"BIS,WS_XRU,1.0",D.XM.EUR.A,D,XM,EUR,A,2002-04-26,1.114703,,A,F
"BIS,WS_XRU,1.0",D.XM.EUR.A,D,XM,EUR,A,2002-04-29,1.106439,,A,F
"BIS,WS_XRU,1.0",D.XM.EUR.A,D,XM,EUR,A,2002-04-30,1.110124,,A,F
"BIS,WS_XRU,1.0",D.XM.EUR.A,D,XM,EUR,A,2002-05-01,,,M,F
"BIS,WS_XRU,1.0",D.XM.EUR.A,D,XM,EUR,A,2002-05-02,1.107174,,A,F
"BIS,WS_XRU,1.0",D.XM.EUR.A,D,XM,EUR,A,2002-05-03,1.100958,,A,F
"BIS,WS_XRU,1.0",D.XM.EUR.A,D,XM,EUR,A,2002-05-06,1.093613,,A,F
"BIS,WS_XRU,1.0",D.XM.EUR.A,D,XM,EUR,A,2002-05-07,1.09589,,A,F
"BIS,WS_XRU,1.0",D.XM.EUR.A,D,XM,EUR,A,2002-05-08,1.100352,,A,F
"BIS,WS_XRU,1.0",D.XM.EUR.A,D,XM,EUR,A,2002-05-09,1.103631,,A,F
"BIS,WS_XRU,1.0",D.XM.EUR.A,D,XM,EUR,A,2002-05-10,1.096732,,A,F
"BIS,WS_XRU,1.0",D.XM.EUR.A,D,XM,EUR,A,2002-05-13,1.096732,,A,F
"BIS,WS_XRU,1.0",D.XM.EUR.A,D,XM,EUR,A,2002-05-14,1.103509,,A,F
"BIS,WS_XRU,1.0",D.XM.EUR.A,D,XM,EUR,A,2002-05-15,1.10742,,A,F
"BIS,WS_XRU,1.0",D.XM.EUR.A,D,XM,EUR,A,2002-05-16,1.096011,,A,F
"BIS,WS_XRU,1.0",D.XM.EUR.A,D,XM,EUR,A,2002-05-17,1.092657,,A,F
"BIS,WS_XRU,1.0",D.XM.EUR.A,D,XM,EUR,A,2002-05-20,1.08672,,A,F
"BIS,WS_XRU,1.0",D.XM.EUR.A,D,XM,EUR,A,2002-05-21,1.085423,,A,F
"BIS,WS_XRU,1.0",D.XM.EUR.A,D,XM,EUR,A,2002-05-22,1.079914,,A,F
"BIS,WS_XRU,1.0",D.XM.EUR.A,D,XM,EUR,A,2002-05-23,1.085423,,A,F
"BIS,WS_XRU,1.0",D.XM.EUR.A,D,XM,EUR,A,2002-05-24,1.088376,,A,F
"BIS,WS_XRU,1.0",D.XM.EUR.A,D,XM,EUR,A,2002-05-27,1.088139,,A,F
"BIS,WS_XRU,1.0",D.XM.EUR.A,D,XM,EUR,A,2002-05-28,1.080497,,A,F
"BIS,WS_XRU,1.0",D.XM.EUR.A,D,XM,EUR,A,2002-05-29,1.072961,,A,F
"BIS,WS_XRU,1.0",D.XM.EUR.A,D,XM,EUR,A,2002-05-30,1.066667,,A,F
"BIS,WS_XRU,1.0",D.XM.EUR.A,D,XM,EUR,A,2002-05-31,1.065303,,A,F
"BIS,WS_XRU,1.0",D.XM.EUR.A,D,XM,EUR,A,2002-06-03,1.073768,,A,F
"BIS,WS_XRU,1.0",D.XM.EUR.A,D,XM,EUR,A,2002-06-04,1.059883,,A,F
"BIS,WS_XRU,1.0",D.XM.EUR.A,D,XM,EUR,A,2002-06-05,1.067122,,A,F
"BIS,WS_XRU,1.0",D.XM.EUR.A,D,XM,EUR,A,2002-06-06,1.065417,,A,F
"BIS,WS_XRU,1.0",D.XM.EUR.A,D,XM,EUR,A,2002-06-07,1.057977,,A,F
"BIS,WS_XRU,1.0",D.XM.EUR.A,D,XM,EUR,A,2002-06-10,1.057194,,A,F
"BIS,WS_XRU,1.0",D.XM.EUR.A,D,XM,EUR,A,2002-06-11,1.061909,,A,F
"BIS,WS_XRU,1.0",D.XM.EUR.A,D,XM,EUR,A,2002-06-12,1.057977,,A,F
"BIS,WS_XRU,1.0",D.XM.EUR.A,D,XM,EUR,A,2002-06-13,1.061909,,A,F
"BIS,WS_XRU,1.0",D.XM.EUR.A,D,XM,EUR,A,2002-06-14,1.055075,,A,F
"BIS,WS_XRU,1.0",D.XM.EUR.A,D,XM,EUR,A,2002-06-17,1.060895,,A,F
"BIS,WS_XRU,1.0",D.XM.EUR.A,D,XM,EUR,A,2002-06-18,1.054407,,A,F
"BIS,WS_XRU,1.0",D.XM.EUR.A,D,XM,EUR,A,2002-06-19,1.045916,,A,F
"BIS,WS_XRU,1.0",D.XM.EUR.A,D,XM,EUR,A,2002-06-20,1.042535,,A,F
"BIS,WS_XRU,1.0",D.XM.EUR.A,D,XM,EUR,A,2002-06-21,1.037775,,A,F
"BIS,WS_XRU,1.0",D.XM.EUR.A,D,XM,EUR,A,2002-06-24,1.02239,,A,F
"BIS,WS_XRU,1.0",D.XM.EUR.A,D,XM,EUR,A,2002-06-25,1.029654,,A,F
"BIS,WS_XRU,1.0",D.XM.EUR.A,D,XM,EUR,A,2002-06-26,1.008369,,A,F
"BIS,WS_XRU,1.0",D.XM.EUR.A,D,XM,EUR,A,2002-06-27,1.017915,,A,F
"BIS,WS_XRU,1.0",D.XM.EUR.A,D,XM,EUR,A,2002-06-28,1.002506,,A,F
"BIS,WS_XRU,1.0",D.XM.EUR.A,D,XM,EUR,A,2002-07-01,1.008776,,A,F
"BIS,WS_XRU,1.0",D.XM.EUR.A,D,XM,EUR,A,2002-07-02,1.016467,,A,F
"BIS,WS_XRU,1.0",D.XM.EUR.A,D,XM,EUR,A,2002-07-03,1.022495,,A,F
"BIS,WS_XRU,1.0",D.XM.EUR.A,D,XM,EUR,A,2002-07-04,1.02145,,A,F
"BIS,WS_XRU,1.0",D.XM.EUR.A,D,XM,EUR,A,2002-07-05,1.028278,,A,F
"BIS,WS_XRU,1.0",D.XM.EUR.A,D,XM,EUR,A,2002-07-08,1.017501,,A,F
"BIS,WS_XRU,1.0",D.XM.EUR.A,D,XM,EUR,A,2002-07-09,1.007049,,A,F
"BIS,WS_XRU,1.0",D.XM.EUR.A,D,XM,EUR,A,2002-07-10,1.010305,,A,F
"BIS,WS_XRU,1.0",D.XM.EUR.A,D,XM,EUR,A,2002-07-11,1.016673,,A,F
"BIS,WS_XRU,1.0",D.XM.EUR.A,D,XM,EUR,A,2002-07-12,1.012863,,A,F
"BIS,WS_XRU,1.0",D.XM.EUR.A,D,XM,EUR,A,2002-07-15,0.997606,,A,F
"BIS,WS_XRU,1.0",D.XM.EUR.A,D,XM,EUR,A,2002-07-16,0.987459,,A,F
"BIS,WS_XRU,1.0",D.XM.EUR.A,D,XM,EUR,A,2002-07-17,0.993641,,A,F
"BIS,WS_XRU,1.0",D.XM.EUR.A,D,XM,EUR,A,2002-07-18,0.994233,,A,F
"BIS,WS_XRU,1.0",D.XM.EUR.A,D,XM,EUR,A,2002-07-19,0.98561,,A,F
"BIS,WS_XRU,1.0",D.XM.EUR.A,D,XM,EUR,A,2002-07-22,0.991473,,A,F
"BIS,WS_XRU,1.0",D.XM.EUR.A,D,XM,EUR,A,2002-07-23,1.009082,,A,F
"BIS,WS_XRU,1.0",D.XM.EUR.A,D,XM,EUR,A,2002-07-24,1.008573,,A,F
"BIS,WS_XRU,1.0",D.XM.EUR.A,D,XM,EUR,A,2002-07-25,0.998602,,A,F
"BIS,WS_XRU,1.0",D.XM.EUR.A,D,XM,EUR,A,2002-07-26,0.999201,,A,F
"BIS,WS_XRU,1.0",D.XM.EUR.A,D,XM,EUR,A,2002-07-29,1.018226,,A,F
"BIS,WS_XRU,1.0",D.XM.EUR.A,D,XM,EUR,A,2002-07-30,1.016777,,A,F
"BIS,WS_XRU,1.0",D.XM.EUR.A,D,XM,EUR,A,2002-07-31,1.022181,,A,F
"BIS,WS_XRU,1.0",D.XM.EUR.A,D,XM,EUR,A,2002-08-01,1.02459,,A,F
"BIS,WS_XRU,1.0",D.XM.EUR.A,D,XM,EUR,A,2002-08-02,1.012863,,A,F
"BIS,WS_XRU,1.0",D.XM.EUR.A,D,XM,EUR,A,2002-08-05,1.016673,,A,F
"BIS,WS_XRU,1.0",D.XM.EUR.A,D,XM,EUR,A,2002-08-06,1.032098,,A,F
"BIS,WS_XRU,1.0",D.XM.EUR.A,D,XM,EUR,A,2002-08-07,1.03114,,A,F
"BIS,WS_XRU,1.0",D.XM.EUR.A,D,XM,EUR,A,2002-08-08,1.032311,,A,F
"BIS,WS_XRU,1.0",D.XM.EUR.A,D,XM,EUR,A,2002-08-09,1.027855,,A,F
"BIS,WS_XRU,1.0",D.XM.EUR.A,D,XM,EUR,A,2002-08-12,1.022495,,A,F
"BIS,WS_XRU,1.0",D.XM.EUR.A,D,XM,EUR,A,2002-08-13,1.020512,,A,F
"BIS,WS_XRU,1.0",D.XM.EUR.A,D,XM,EUR,A,2002-08-14,1.014507,,A,F
"BIS,WS_XRU,1.0",D.XM.EUR.A,D,XM,EUR,A,2002-08-15,1.022809,,A,F
"BIS,WS_XRU,1.0",D.XM.EUR.A,D,XM,EUR,A,2002-08-16,1.017812,,A,F
"BIS,WS_XRU,1.0",D.XM.EUR.A,D,XM,EUR,A,2002-08-19,1.020512,,A,F
"BIS,WS_XRU,1.0",D.XM.EUR.A,D,XM,EUR,A,2002-08-20,1.021242,,A,F
"BIS,WS_XRU,1.0",D.XM.EUR.A,D,XM,EUR,A,2002-08-21,1.02438,,A,F
"BIS,WS_XRU,1.0",D.XM.EUR.A,D,XM,EUR,A,2002-08-22,1.023541,,A,F
"BIS,WS_XRU,1.0",D.XM.EUR.A,D,XM,EUR,A,2002-08-23,1.031247,,A,F
"BIS,WS_XRU,1.0",D.XM.EUR.A,D,XM,EUR,A,2002-08-26,1.030822,,A,F
"BIS,WS_XRU,1.0",D.XM.EUR.A,D,XM,EUR,A,2002-08-27,1.023123,,A,F
"BIS,WS_XRU,1.0",D.XM.EUR.A,D,XM,EUR,A,2002-08-28,1.017708,,A,F
"BIS,WS_XRU,1.0",D.XM.EUR.A,D,XM,EUR,A,2002-08-29,1.01595,,A,F
"BIS,WS_XRU,1.0",D.XM.EUR.A,D,XM,EUR,A,2002-08-30,1.016984,,A,F
"BIS,WS_XRU,1.0",D.XM.EUR.A,D,XM,EUR,A,2002-09-02,1.018226,,A,F
"BIS,WS_XRU,1.0",D.XM.EUR.A,D,XM,EUR,A,2002-09-03,1.009082,,A,F
"BIS,WS_XRU,1.0",D.XM.EUR.A,D,XM,EUR,A,2002-09-04,1.005328,,A,F
"BIS,WS_XRU,1.0",D.XM.EUR.A,D,XM,EUR,A,2002-09-05,1.002506,,A,F
"BIS,WS_XRU,1.0",D.XM.EUR.A,D,XM,EUR,A,2002-09-06,1.008268,,A,F
"BIS,WS_XRU,1.0",D.XM.EUR.A,D,XM,EUR,A,2002-09-09,1.021033,,A,F
"BIS,WS_XRU,1.0",D.XM.EUR.A,D,XM,EUR,A,2002-09-10,1.02459,,A,F
"BIS,WS_XRU,1.0",D.XM.EUR.A,D,XM,EUR,A,2002-09-11,1.025746,,A,F
"BIS,WS_XRU,1.0",D.XM.EUR.A,D,XM,EUR,A,2002-09-12,1.024905,,A,F
"BIS,WS_XRU,1.0",D.XM.EUR.A,D,XM,EUR,A,2002-09-13,1.019368,,A,F
"BIS,WS_XRU,1.0",D.XM.EUR.A,D,XM,EUR,A,2002-09-16,1.032738,,A,F
"BIS,WS_XRU,1.0",D.XM.EUR.A,D,XM,EUR,A,2002-09-17,1.036377,,A,F
"BIS,WS_XRU,1.0",D.XM.EUR.A,D,XM,EUR,A,2002-09-18,1.028278,,A,F
"BIS,WS_XRU,1.0",D.XM.EUR.A,D,XM,EUR,A,2002-09-19,1.018953,,A,F
"BIS,WS_XRU,1.0",D.XM.EUR.A,D,XM,EUR,A,2002-09-20,1.02145,,A,F
"BIS,WS_XRU,1.0",D.XM.EUR.A,D,XM,EUR,A,2002-09-23,1.017191,,A,F
"BIS,WS_XRU,1.0",D.XM.EUR.A,D,XM,EUR,A,2002-09-24,1.017501,,A,F
"BIS,WS_XRU,1.0",D.XM.EUR.A,D,XM,EUR,A,2002-09-25,1.023437,,A,F
"BIS,WS_XRU,1.0",D.XM.EUR.A,D,XM,EUR,A,2002-09-26,1.020825,,A,F
"BIS,WS_XRU,1.0",D.XM.EUR.A,D,XM,EUR,A,2002-09-27,1.022599,,A,F
"BIS,WS_XRU,1.0",D.XM.EUR.A,D,XM,EUR,A,2002-09-30,1.014199,,A,F
"BIS,WS_XRU,1.0",D.XM.EUR.A,D,XM,EUR,A,2002-10-01,1.014096,,A,F
"BIS,WS_XRU,1.0",D.XM.EUR.A,D,XM,EUR,A,2002-10-02,1.016777,,A,F
"BIS,WS_XRU,1.0",D.XM.EUR.A,D,XM,EUR,A,2002-10-03,1.011122,,A,F
"BIS,WS_XRU,1.0",D.XM.EUR.A,D,XM,EUR,A,2002-10-04,1.013685,,A,F
"BIS,WS_XRU,1.0",D.XM.EUR.A,D,XM,EUR,A,2002-10-07,1.019576,,A,F
"BIS,WS_XRU,1.0",D.XM.EUR.A,D,XM,EUR,A,2002-10-08,1.020408,,A,F
"BIS,WS_XRU,1.0",D.XM.EUR.A,D,XM,EUR,A,2002-10-09,1.018953,,A,F
"BIS,WS_XRU,1.0",D.XM.EUR.A,D,XM,EUR,A,2002-10-10,1.012658,,A,F
"BIS,WS_XRU,1.0",D.XM.EUR.A,D,XM,EUR,A,2002-10-11,1.014507,,A,F
"BIS,WS_XRU,1.0",D.XM.EUR.A,D,XM,EUR,A,2002-10-14,1.012863,,A,F
"BIS,WS_XRU,1.0",D.XM.EUR.A,D,XM,EUR,A,2002-10-15,1.019368,,A,F
"BIS,WS_XRU,1.0",D.XM.EUR.A,D,XM,EUR,A,2002-10-16,1.018019,,A,F
"BIS,WS_XRU,1.0",D.XM.EUR.A,D,XM,EUR,A,2002-10-17,1.024275,,A,F
"BIS,WS_XRU,1.0",D.XM.EUR.A,D,XM,EUR,A,2002-10-18,1.027221,,A,F
"BIS,WS_XRU,1.0",D.XM.EUR.A,D,XM,EUR,A,2002-10-21,1.025851,,A,F
"BIS,WS_XRU,1.0",D.XM.EUR.A,D,XM,EUR,A,2002-10-22,1.023751,,A,F
"BIS,WS_XRU,1.0",D.XM.EUR.A,D,XM,EUR,A,2002-10-23,1.023018,,A,F
"BIS,WS_XRU,1.0",D.XM.EUR.A,D,XM,EUR,A,2002-10-24,1.026905,,A,F
"BIS,WS_XRU,1.0",D.XM.EUR.A,D,XM,EUR,A,2002-10-25,1.024275,,A,F
"BIS,WS_XRU,1.0",D.XM.EUR.A,D,XM,EUR,A,2002-10-28,1.026167,,A,F
"BIS,WS_XRU,1.0",D.XM.EUR.A,D,XM,EUR,A,2002-10-29,1.01833,,A,F
"BIS,WS_XRU,1.0",D.XM.EUR.A,D,XM,EUR,A,2002-10-30,1.017812,,A,F
"BIS,WS_XRU,1.0",D.XM.EUR.A,D,XM,EUR,A,2002-10-31,1.013788,,A,F
"BIS,WS_XRU,1.0",D.XM.EUR.A,D,XM,EUR,A,2002-11-01,1.002607,,A,F
"BIS,WS_XRU,1.0",D.XM.EUR.A,D,XM,EUR,A,2002-11-04,1.005632,,A,F
"BIS,WS_XRU,1.0",D.XM.EUR.A,D,XM,EUR,A,2002-11-05,0.997606,,A,F
"BIS,WS_XRU,1.0",D.XM.EUR.A,D,XM,EUR,A,2002-11-06,1.00452,,A,F
"BIS,WS_XRU,1.0",D.XM.EUR.A,D,XM,EUR,A,2002-11-07,0.998702,,A,F
"BIS,WS_XRU,1.0",D.XM.EUR.A,D,XM,EUR,A,2002-11-08,0.989413,,A,F
"BIS,WS_XRU,1.0",D.XM.EUR.A,D,XM,EUR,A,2002-11-11,0.987557,,A,F
"BIS,WS_XRU,1.0",D.XM.EUR.A,D,XM,EUR,A,2002-11-12,0.991965,,A,F
"BIS,WS_XRU,1.0",D.XM.EUR.A,D,XM,EUR,A,2002-11-13,0.993246,,A,F
"BIS,WS_XRU,1.0",D.XM.EUR.A,D,XM,EUR,A,2002-11-14,0.990589,,A,F
"BIS,WS_XRU,1.0",D.XM.EUR.A,D,XM,EUR,A,2002-11-15,0.997108,,A,F
"BIS,WS_XRU,1.0",D.XM.EUR.A,D,XM,EUR,A,2002-11-18,0.993542,,A,F
"BIS,WS_XRU,1.0",D.XM.EUR.A,D,XM,EUR,A,2002-11-19,0.987654,,A,F
"BIS,WS_XRU,1.0",D.XM.EUR.A,D,XM,EUR,A,2002-11-20,0.998104,,A,F
"BIS,WS_XRU,1.0",D.XM.EUR.A,D,XM,EUR,A,2002-11-21,0.996612,,A,F
"BIS,WS_XRU,1.0",D.XM.EUR.A,D,XM,EUR,A,2002-11-22,0.997606,,A,F
"BIS,WS_XRU,1.0",D.XM.EUR.A,D,XM,EUR,A,2002-11-25,1.009591,,A,F
"BIS,WS_XRU,1.0",D.XM.EUR.A,D,XM,EUR,A,2002-11-26,1.009082,,A,F
"BIS,WS_XRU,1.0",D.XM.EUR.A,D,XM,EUR,A,2002-11-27,1.007354,,A,F
"BIS,WS_XRU,1.0",D.XM.EUR.A,D,XM,EUR,A,2002-11-28,1.006644,,A,F
"BIS,WS_XRU,1.0",D.XM.EUR.A,D,XM,EUR,A,2002-11-29,1.007354,,A,F
"BIS,WS_XRU,1.0",D.XM.EUR.A,D,XM,EUR,A,2002-12-02,1.013069,,A,F
"BIS,WS_XRU,1.0",D.XM.EUR.A,D,XM,EUR,A,2002-12-03,1.003311,,A,F
"BIS,WS_XRU,1.0",D.XM.EUR.A,D,XM,EUR,A,2002-12-04,0.998203,,A,F
"BIS,WS_XRU,1.0",D.XM.EUR.A,D,XM,EUR,A,2002-12-05,1.000901,,A,F
"BIS,WS_XRU,1.0",D.XM.EUR.A,D,XM,EUR,A,2002-12-06,0.9994,,A,F
"BIS,WS_XRU,1.0",D.XM.EUR.A,D,XM,EUR,A,2002-12-09,0.990786,,A,F
"BIS,WS_XRU,1.0",D.XM.EUR.A,D,XM,EUR,A,2002-12-10,0.989022,,A,F
"BIS,WS_XRU,1.0",D.XM.EUR.A,D,XM,EUR,A,2002-12-11,0.993345,,A,F
"BIS,WS_XRU,1.0",D.XM.EUR.A,D,XM,EUR,A,2002-12-12,0.98464,,A,F
"BIS,WS_XRU,1.0",D.XM.EUR.A,D,XM,EUR,A,2002-12-13,0.978378,,A,F
"BIS,WS_XRU,1.0",D.XM.EUR.A,D,XM,EUR,A,2002-12-16,0.97924,,A,F
"BIS,WS_XRU,1.0",D.XM.EUR.A,D,XM,EUR,A,2002-12-17,0.970214,,A,F
"BIS,WS_XRU,1.0",D.XM.EUR.A,D,XM,EUR,A,2002-12-18,0.976563,,A,F
"BIS,WS_XRU,1.0",D.XM.EUR.A,D,XM,EUR,A,2002-12-19,0.973425,,A,F
"BIS,WS_XRU,1.0",D.XM.EUR.A,D,XM,EUR,A,2002-12-20,0.975134,,A,F
"BIS,WS_XRU,1.0",D.XM.EUR.A,D,XM,EUR,A,2002-12-23,0.972573,,A,F
"BIS,WS_XRU,1.0",D.XM.EUR.A,D,XM,EUR,A,2002-12-24,0.971251,,A,F
"BIS,WS_XRU,1.0",D.XM.EUR.A,D,XM,EUR,A,2002-12-25,,,M,F
"BIS,WS_XRU,1.0",D.XM.EUR.A,D,XM,EUR,A,2002-12-26,,,M,F
"BIS,WS_XRU,1.0",D.XM.EUR.A,D,XM,EUR,A,2002-12-27,0.963763,,A,F
"BIS,WS_XRU,1.0",D.XM.EUR.A,D,XM,EUR,A,2002-12-30,0.959509,,A,F
"BIS,WS_XRU,1.0",D.XM.EUR.A,D,XM,EUR,A,2002-12-31,0.953562,,A,F
"BIS,WS_XRU,1.0",D.XM.EUR.A,D,XM,EUR,A,2003-01-01,,,M,F
"BIS,WS_XRU,1.0",D.XM.EUR.A,D,XM,EUR,A,2003-01-02,0.957304,,A,F
"BIS,WS_XRU,1.0",D.XM.EUR.A,D,XM,EUR,A,2003-01-03,0.962279,,A,F
"BIS,WS_XRU,1.0",D.XM.EUR.A,D,XM,EUR,A,2003-01-06,0.953471,,A,F
"BIS,WS_XRU,1.0",D.XM.EUR.A,D,XM,EUR,A,2003-01-07,0.959233,,A,F
"BIS,WS_XRU,1.0",D.XM.EUR.A,D,XM,EUR,A,2003-01-08,0.96367,,A,F
"BIS,WS_XRU,1.0",D.XM.EUR.A,D,XM,EUR,A,2003-01-09,0.951746,,A,F
"BIS,WS_XRU,1.0",D.XM.EUR.A,D,XM,EUR,A,2003-01-10,0.952109,,A,F
"BIS,WS_XRU,1.0",D.XM.EUR.A,D,XM,EUR,A,2003-01-13,0.947957,,A,F
"BIS,WS_XRU,1.0",D.XM.EUR.A,D,XM,EUR,A,2003-01-14,0.945448,,A,F
"BIS,WS_XRU,1.0",D.XM.EUR.A,D,XM,EUR,A,2003-01-15,0.950029,,A,F
"BIS,WS_XRU,1.0",D.XM.EUR.A,D,XM,EUR,A,2003-01-16,0.946611,,A,F
"BIS,WS_XRU,1.0",D.XM.EUR.A,D,XM,EUR,A,2003-01-17,0.938791,,A,F
"BIS,WS_XRU,1.0",D.XM.EUR.A,D,XM,EUR,A,2003-01-20,0.938703,,A,F
"BIS,WS_XRU,1.0",D.XM.EUR.A,D,XM,EUR,A,2003-01-21,0.938703,,A,F
"BIS,WS_XRU,1.0",D.XM.EUR.A,D,XM,EUR,A,2003-01-22,0.93301,,A,F
"BIS,WS_XRU,1.0",D.XM.EUR.A,D,XM,EUR,A,2003-01-23,0.929627,,A,F
"BIS,WS_XRU,1.0",D.XM.EUR.A,D,XM,EUR,A,2003-01-24,0.9273,,A,F
"BIS,WS_XRU,1.0",D.XM.EUR.A,D,XM,EUR,A,2003-01-27,0.919963,,A,F
"BIS,WS_XRU,1.0",D.XM.EUR.A,D,XM,EUR,A,2003-01-28,0.925241,,A,F
"BIS,WS_XRU,1.0",D.XM.EUR.A,D,XM,EUR,A,2003-01-29,0.920133,,A,F
"BIS,WS_XRU,1.0",D.XM.EUR.A,D,XM,EUR,A,2003-01-30,0.930406,,A,F
"BIS,WS_XRU,1.0",D.XM.EUR.A,D,XM,EUR,A,2003-01-31,0.924556,,A,F
"BIS,WS_XRU,1.0",D.XM.EUR.A,D,XM,EUR,A,2003-02-03,0.932053,,A,F
"BIS,WS_XRU,1.0",D.XM.EUR.A,D,XM,EUR,A,2003-02-04,0.924044,,A,F
"BIS,WS_XRU,1.0",D.XM.EUR.A,D,XM,EUR,A,2003-02-05,0.91659,,A,F
"BIS,WS_XRU,1.0",D.XM.EUR.A,D,XM,EUR,A,2003-02-06,0.924813,,A,F
"BIS,WS_XRU,1.0",D.XM.EUR.A,D,XM,EUR,A,2003-02-07,0.92687,,A,F
"BIS,WS_XRU,1.0",D.XM.EUR.A,D,XM,EUR,A,2003-02-10,0.925241,,A,F
"BIS,WS_XRU,1.0",D.XM.EUR.A,D,XM,EUR,A,2003-02-11,0.934056,,A,F
"BIS,WS_XRU,1.0",D.XM.EUR.A,D,XM,EUR,A,2003-02-12,0.93188,,A,F
"BIS,WS_XRU,1.0",D.XM.EUR.A,D,XM,EUR,A,2003-02-13,0.929541,,A,F
"BIS,WS_XRU,1.0",D.XM.EUR.A,D,XM,EUR,A,2003-02-14,0.926526,,A,F
"BIS,WS_XRU,1.0",D.XM.EUR.A,D,XM,EUR,A,2003-02-17,0.933184,,A,F
"BIS,WS_XRU,1.0",D.XM.EUR.A,D,XM,EUR,A,2003-02-18,0.933358,,A,F
"BIS,WS_XRU,1.0",D.XM.EUR.A,D,XM,EUR,A,2003-02-19,0.933097,,A,F
"BIS,WS_XRU,1.0",D.XM.EUR.A,D,XM,EUR,A,2003-02-20,0.929109,,A,F
"BIS,WS_XRU,1.0",D.XM.EUR.A,D,XM,EUR,A,2003-02-21,0.922679,,A,F
"BIS,WS_XRU,1.0",D.XM.EUR.A,D,XM,EUR,A,2003-02-24,0.932749,,A,F
"BIS,WS_XRU,1.0",D.XM.EUR.A,D,XM,EUR,A,2003-02-25,0.92816,,A,F
"BIS,WS_XRU,1.0",D.XM.EUR.A,D,XM,EUR,A,2003-02-26,0.929973,,A,F
"BIS,WS_XRU,1.0",D.XM.EUR.A,D,XM,EUR,A,2003-02-27,0.924044,,A,F
"BIS,WS_XRU,1.0",D.XM.EUR.A,D,XM,EUR,A,2003-02-28,0.927472,,A,F
"BIS,WS_XRU,1.0",D.XM.EUR.A,D,XM,EUR,A,2003-03-03,0.925926,,A,F
"BIS,WS_XRU,1.0",D.XM.EUR.A,D,XM,EUR,A,2003-03-04,0.915835,,A,F
"BIS,WS_XRU,1.0",D.XM.EUR.A,D,XM,EUR,A,2003-03-05,0.91191,,A,F
"BIS,WS_XRU,1.0",D.XM.EUR.A,D,XM,EUR,A,2003-03-06,0.912159,,A,F
"BIS,WS_XRU,1.0",D.XM.EUR.A,D,XM,EUR,A,2003-03-07,0.905879,,A,F
"BIS,WS_XRU,1.0",D.XM.EUR.A,D,XM,EUR,A,2003-03-10,0.905633,,A,F
"BIS,WS_XRU,1.0",D.XM.EUR.A,D,XM,EUR,A,2003-03-11,0.902527,,A,F
"BIS,WS_XRU,1.0",D.XM.EUR.A,D,XM,EUR,A,2003-03-12,0.906783,,A,F
"BIS,WS_XRU,1.0",D.XM.EUR.A,D,XM,EUR,A,2003-03-13,0.920471,,A,F
"BIS,WS_XRU,1.0",D.XM.EUR.A,D,XM,EUR,A,2003-03-14,0.928074,,A,F
"BIS,WS_XRU,1.0",D.XM.EUR.A,D,XM,EUR,A,2003-03-17,0.92584,,A,F
"BIS,WS_XRU,1.0",D.XM.EUR.A,D,XM,EUR,A,2003-03-18,0.944644,,A,F
"BIS,WS_XRU,1.0",D.XM.EUR.A,D,XM,EUR,A,2003-03-19,0.946074,,A,F
"BIS,WS_XRU,1.0",D.XM.EUR.A,D,XM,EUR,A,2003-03-20,0.944109,,A,F
"BIS,WS_XRU,1.0",D.XM.EUR.A,D,XM,EUR,A,2003-03-21,0.945895,,A,F
"BIS,WS_XRU,1.0",D.XM.EUR.A,D,XM,EUR,A,2003-03-24,0.94038,,A,F
"BIS,WS_XRU,1.0",D.XM.EUR.A,D,XM,EUR,A,2003-03-25,0.935366,,A,F
"BIS,WS_XRU,1.0",D.XM.EUR.A,D,XM,EUR,A,2003-03-26,0.937471,,A,F
"BIS,WS_XRU,1.0",D.XM.EUR.A,D,XM,EUR,A,2003-03-27,0.932575,,A,F
"BIS,WS_XRU,1.0",D.XM.EUR.A,D,XM,EUR,A,2003-03-28,0.931966,,A,F
"BIS,WS_XRU,1.0",D.XM.EUR.A,D,XM,EUR,A,2003-03-31,0.917852,,A,F
"BIS,WS_XRU,1.0",D.XM.EUR.A,D,XM,EUR,A,2003-04-01,0.918189,,A,F
"BIS,WS_XRU,1.0",D.XM.EUR.A,D,XM,EUR,A,2003-04-02,0.923361,,A,F
"BIS,WS_XRU,1.0",D.XM.EUR.A,D,XM,EUR,A,2003-04-03,0.934405,,A,F
"BIS,WS_XRU,1.0",D.XM.EUR.A,D,XM,EUR,A,2003-04-04,0.932836,,A,F
"BIS,WS_XRU,1.0",D.XM.EUR.A,D,XM,EUR,A,2003-04-07,0.945001,,A,F
"BIS,WS_XRU,1.0",D.XM.EUR.A,D,XM,EUR,A,2003-04-08,0.938086,,A,F
"BIS,WS_XRU,1.0",D.XM.EUR.A,D,XM,EUR,A,2003-04-09,0.930925,,A,F
"BIS,WS_XRU,1.0",D.XM.EUR.A,D,XM,EUR,A,2003-04-10,0.925497,,A,F
"BIS,WS_XRU,1.0",D.XM.EUR.A,D,XM,EUR,A,2003-04-11,0.931532,,A,F
"BIS,WS_XRU,1.0",D.XM.EUR.A,D,XM,EUR,A,2003-04-14,0.931359,,A,F
"BIS,WS_XRU,1.0",D.XM.EUR.A,D,XM,EUR,A,2003-04-15,0.9273,,A,F
"BIS,WS_XRU,1.0",D.XM.EUR.A,D,XM,EUR,A,2003-04-16,0.92285,,A,F
"BIS,WS_XRU,1.0",D.XM.EUR.A,D,XM,EUR,A,2003-04-17,0.915751,,A,F
"BIS,WS_XRU,1.0",D.XM.EUR.A,D,XM,EUR,A,2003-04-18,,,M,F
"BIS,WS_XRU,1.0",D.XM.EUR.A,D,XM,EUR,A,2003-04-21,,,M,F
"BIS,WS_XRU,1.0",D.XM.EUR.A,D,XM,EUR,A,2003-04-22,0.911494,,A,F
"BIS,WS_XRU,1.0",D.XM.EUR.A,D,XM,EUR,A,2003-04-23,0.913743,,A,F
"BIS,WS_XRU,1.0",D.XM.EUR.A,D,XM,EUR,A,2003-04-24,0.90843,,A,F
"BIS,WS_XRU,1.0",D.XM.EUR.A,D,XM,EUR,A,2003-04-25,0.911328,,A,F
"BIS,WS_XRU,1.0",D.XM.EUR.A,D,XM,EUR,A,2003-04-28,0.907029,,A,F
"BIS,WS_XRU,1.0",D.XM.EUR.A,D,XM,EUR,A,2003-04-29,0.912742,,A,F
"BIS,WS_XRU,1.0",D.XM.EUR.A,D,XM,EUR,A,2003-04-30,0.898392,,A,F
"BIS,WS_XRU,1.0",D.XM.EUR.A,D,XM,EUR,A,2003-05-01,,,M,F
"BIS,WS_XRU,1.0",D.XM.EUR.A,D,XM,EUR,A,2003-05-02,0.889759,,A,F
"BIS,WS_XRU,1.0",D.XM.EUR.A,D,XM,EUR,A,2003-05-05,0.891424,,A,F
"BIS,WS_XRU,1.0",D.XM.EUR.A,D,XM,EUR,A,2003-05-06,0.881523,,A,F
"BIS,WS_XRU,1.0",D.XM.EUR.A,D,XM,EUR,A,2003-05-07,0.87512,,A,F
"BIS,WS_XRU,1.0",D.XM.EUR.A,D,XM,EUR,A,2003-05-08,0.874508,,A,F
"BIS,WS_XRU,1.0",D.XM.EUR.A,D,XM,EUR,A,2003-05-09,0.872144,,A,F
"BIS,WS_XRU,1.0",D.XM.EUR.A,D,XM,EUR,A,2003-05-12,0.862292,,A,F
"BIS,WS_XRU,1.0",D.XM.EUR.A,D,XM,EUR,A,2003-05-13,0.868206,,A,F
"BIS,WS_XRU,1.0",D.XM.EUR.A,D,XM,EUR,A,2003-05-14,0.869641,,A,F
"BIS,WS_XRU,1.0",D.XM.EUR.A,D,XM,EUR,A,2003-05-15,0.872753,,A,F
"BIS,WS_XRU,1.0",D.XM.EUR.A,D,XM,EUR,A,2003-05-16,0.870171,,A,F
"BIS,WS_XRU,1.0",D.XM.EUR.A,D,XM,EUR,A,2003-05-19,0.858222,,A,F
"BIS,WS_XRU,1.0",D.XM.EUR.A,D,XM,EUR,A,2003-05-20,0.858811,,A,F
"BIS,WS_XRU,1.0",D.XM.EUR.A,D,XM,EUR,A,2003-05-21,0.855505,,A,F
"BIS,WS_XRU,1.0",D.XM.EUR.A,D,XM,EUR,A,2003-05-22,0.853242,,A,F
"BIS,WS_XRU,1.0",D.XM.EUR.A,D,XM,EUR,A,2003-05-23,0.848176,,A,F
"BIS,WS_XRU,1.0",D.XM.EUR.A,D,XM,EUR,A,2003-05-26,0.846525,,A,F
"BIS,WS_XRU,1.0",D.XM.EUR.A,D,XM,EUR,A,2003-05-27,0.840266,,A,F
"BIS,WS_XRU,1.0",D.XM.EUR.A,D,XM,EUR,A,2003-05-28,0.851934,,A,F
"BIS,WS_XRU,1.0",D.XM.EUR.A,D,XM,EUR,A,2003-05-29,0.850629,,A,F
"BIS,WS_XRU,1.0",D.XM.EUR.A,D,XM,EUR,A,2003-05-30,0.845881,,A,F
"BIS,WS_XRU,1.0",D.XM.EUR.A,D,XM,EUR,A,2003-06-02,0.856751,,A,F
"BIS,WS_XRU,1.0",D.XM.EUR.A,D,XM,EUR,A,2003-06-03,0.853024,,A,F
"BIS,WS_XRU,1.0",D.XM.EUR.A,D,XM,EUR,A,2003-06-04,0.855359,,A,F
"BIS,WS_XRU,1.0",D.XM.EUR.A,D,XM,EUR,A,2003-06-05,0.849257,,A,F
"BIS,WS_XRU,1.0",D.XM.EUR.A,D,XM,EUR,A,2003-06-06,0.846525,,A,F
"BIS,WS_XRU,1.0",D.XM.EUR.A,D,XM,EUR,A,2003-06-09,0.852806,,A,F
"BIS,WS_XRU,1.0",D.XM.EUR.A,D,XM,EUR,A,2003-06-10,0.854774,,A,F
"BIS,WS_XRU,1.0",D.XM.EUR.A,D,XM,EUR,A,2003-06-11,0.851209,,A,F
"BIS,WS_XRU,1.0",D.XM.EUR.A,D,XM,EUR,A,2003-06-12,0.852224,,A,F
"BIS,WS_XRU,1.0",D.XM.EUR.A,D,XM,EUR,A,2003-06-13,0.850991,,A,F
"BIS,WS_XRU,1.0",D.XM.EUR.A,D,XM,EUR,A,2003-06-16,0.843597,,A,F
"BIS,WS_XRU,1.0",D.XM.EUR.A,D,XM,EUR,A,2003-06-17,0.847673,,A,F
"BIS,WS_XRU,1.0",D.XM.EUR.A,D,XM,EUR,A,2003-06-18,0.854774,,A,F
"BIS,WS_XRU,1.0",D.XM.EUR.A,D,XM,EUR,A,2003-06-19,0.858001,,A,F
"BIS,WS_XRU,1.0",D.XM.EUR.A,D,XM,EUR,A,2003-06-20,0.858001,,A,F
"BIS,WS_XRU,1.0",D.XM.EUR.A,D,XM,EUR,A,2003-06-23,0.866626,,A,F
"BIS,WS_XRU,1.0",D.XM.EUR.A,D,XM,EUR,A,2003-06-24,0.864678,,A,F
"BIS,WS_XRU,1.0",D.XM.EUR.A,D,XM,EUR,A,2003-06-25,0.865726,,A,F
"BIS,WS_XRU,1.0",D.XM.EUR.A,D,XM,EUR,A,2003-06-26,0.874738,,A,F
"BIS,WS_XRU,1.0",D.XM.EUR.A,D,XM,EUR,A,2003-06-27,0.876194,,A,F
"BIS,WS_XRU,1.0",D.XM.EUR.A,D,XM,EUR,A,2003-06-30,0.87512,,A,F
"BIS,WS_XRU,1.0",D.XM.EUR.A,D,XM,EUR,A,2003-07-01,0.866326,,A,F
"BIS,WS_XRU,1.0",D.XM.EUR.A,D,XM,EUR,A,2003-07-02,0.866927,,A,F
"BIS,WS_XRU,1.0",D.XM.EUR.A,D,XM,EUR,A,2003-07-03,0.872829,,A,F
"BIS,WS_XRU,1.0",D.XM.EUR.A,D,XM,EUR,A,2003-07-04,0.872144,,A,F
"BIS,WS_XRU,1.0",D.XM.EUR.A,D,XM,EUR,A,2003-07-07,0.880282,,A,F
"BIS,WS_XRU,1.0",D.XM.EUR.A,D,XM,EUR,A,2003-07-08,0.882924,,A,F
"BIS,WS_XRU,1.0",D.XM.EUR.A,D,XM,EUR,A,2003-07-09,0.880669,,A,F
"BIS,WS_XRU,1.0",D.XM.EUR.A,D,XM,EUR,A,2003-07-10,0.881679,,A,F
"BIS,WS_XRU,1.0",D.XM.EUR.A,D,XM,EUR,A,2003-07-11,0.883783,,A,F
"BIS,WS_XRU,1.0",D.XM.EUR.A,D,XM,EUR,A,2003-07-14,0.885034,,A,F
"BIS,WS_XRU,1.0",D.XM.EUR.A,D,XM,EUR,A,2003-07-15,0.88347,,A,F
"BIS,WS_XRU,1.0",D.XM.EUR.A,D,XM,EUR,A,2003-07-16,0.897827,,A,F
"BIS,WS_XRU,1.0",D.XM.EUR.A,D,XM,EUR,A,2003-07-17,0.890393,,A,F
"BIS,WS_XRU,1.0",D.XM.EUR.A,D,XM,EUR,A,2003-07-18,0.892459,,A,F
"BIS,WS_XRU,1.0",D.XM.EUR.A,D,XM,EUR,A,2003-07-21,0.886211,,A,F
"BIS,WS_XRU,1.0",D.XM.EUR.A,D,XM,EUR,A,2003-07-22,0.881601,,A,F
"BIS,WS_XRU,1.0",D.XM.EUR.A,D,XM,EUR,A,2003-07-23,0.877116,,A,F
"BIS,WS_XRU,1.0",D.XM.EUR.A,D,XM,EUR,A,2003-07-24,0.872068,,A,F
"BIS,WS_XRU,1.0",D.XM.EUR.A,D,XM,EUR,A,2003-07-25,0.871308,,A,F
"BIS,WS_XRU,1.0",D.XM.EUR.A,D,XM,EUR,A,2003-07-28,0.870398,,A,F
"BIS,WS_XRU,1.0",D.XM.EUR.A,D,XM,EUR,A,2003-07-29,0.872448,,A,F
"BIS,WS_XRU,1.0",D.XM.EUR.A,D,XM,EUR,A,2003-07-30,0.875657,,A,F
"BIS,WS_XRU,1.0",D.XM.EUR.A,D,XM,EUR,A,2003-07-31,0.883548,,A,F
"BIS,WS_XRU,1.0",D.XM.EUR.A,D,XM,EUR,A,2003-08-01,0.895335,,A,F
"BIS,WS_XRU,1.0",D.XM.EUR.A,D,XM,EUR,A,2003-08-04,0.884408,,A,F
"BIS,WS_XRU,1.0",D.XM.EUR.A,D,XM,EUR,A,2003-08-05,0.882379,,A,F
"BIS,WS_XRU,1.0",D.XM.EUR.A,D,XM,EUR,A,2003-08-06,0.877809,,A,F
"BIS,WS_XRU,1.0",D.XM.EUR.A,D,XM,EUR,A,2003-08-07,0.880824,,A,F
"BIS,WS_XRU,1.0",D.XM.EUR.A,D,XM,EUR,A,2003-08-08,0.882924,,A,F
"BIS,WS_XRU,1.0",D.XM.EUR.A,D,XM,EUR,A,2003-08-11,0.885347,,A,F
"BIS,WS_XRU,1.0",D.XM.EUR.A,D,XM,EUR,A,2003-08-12,0.884017,,A,F
"BIS,WS_XRU,1.0",D.XM.EUR.A,D,XM,EUR,A,2003-08-13,0.886761,,A,F
"BIS,WS_XRU,1.0",D.XM.EUR.A,D,XM,EUR,A,2003-08-14,0.887311,,A,F
"BIS,WS_XRU,1.0",D.XM.EUR.A,D,XM,EUR,A,2003-08-15,0.889126,,A,F
"BIS,WS_XRU,1.0",D.XM.EUR.A,D,XM,EUR,A,2003-08-18,0.893815,,A,F
"BIS,WS_XRU,1.0",D.XM.EUR.A,D,XM,EUR,A,2003-08-19,0.903751,,A,F
"BIS,WS_XRU,1.0",D.XM.EUR.A,D,XM,EUR,A,2003-08-20,0.900171,,A,F
"BIS,WS_XRU,1.0",D.XM.EUR.A,D,XM,EUR,A,2003-08-21,0.908348,,A,F
"BIS,WS_XRU,1.0",D.XM.EUR.A,D,XM,EUR,A,2003-08-22,0.917936,,A,F
"BIS,WS_XRU,1.0",D.XM.EUR.A,D,XM,EUR,A,2003-08-25,0.918442,,A,F
"BIS,WS_XRU,1.0",D.XM.EUR.A,D,XM,EUR,A,2003-08-26,0.924556,,A,F
"BIS,WS_XRU,1.0",D.XM.EUR.A,D,XM,EUR,A,2003-08-27,0.916842,,A,F
"BIS,WS_XRU,1.0",D.XM.EUR.A,D,XM,EUR,A,2003-08-28,0.923532,,A,F
"BIS,WS_XRU,1.0",D.XM.EUR.A,D,XM,EUR,A,2003-08-29,0.915164,,A,F
"BIS,WS_XRU,1.0",D.XM.EUR.A,D,XM,EUR,A,2003-09-01,0.911993,,A,F
"BIS,WS_XRU,1.0",D.XM.EUR.A,D,XM,EUR,A,2003-09-02,0.921744,,A,F
"BIS,WS_XRU,1.0",D.XM.EUR.A,D,XM,EUR,A,2003-09-03,0.927386,,A,F
"BIS,WS_XRU,1.0",D.XM.EUR.A,D,XM,EUR,A,2003-09-04,0.924385,,A,F
"BIS,WS_XRU,1.0",D.XM.EUR.A,D,XM,EUR,A,2003-09-05,0.915499,,A,F
"BIS,WS_XRU,1.0",D.XM.EUR.A,D,XM,EUR,A,2003-09-08,0.903261,,A,F
"BIS,WS_XRU,1.0",D.XM.EUR.A,D,XM,EUR,A,2003-09-09,0.898069,,A,F
"BIS,WS_XRU,1.0",D.XM.EUR.A,D,XM,EUR,A,2003-09-10,0.895095,,A,F
"BIS,WS_XRU,1.0",D.XM.EUR.A,D,XM,EUR,A,2003-09-11,0.891504,,A,F
"BIS,WS_XRU,1.0",D.XM.EUR.A,D,XM,EUR,A,2003-09-12,0.895095,,A,F
"BIS,WS_XRU,1.0",D.XM.EUR.A,D,XM,EUR,A,2003-09-15,0.886446,,A,F
"BIS,WS_XRU,1.0",D.XM.EUR.A,D,XM,EUR,A,2003-09-16,0.890076,,A,F
"BIS,WS_XRU,1.0",D.XM.EUR.A,D,XM,EUR,A,2003-09-17,0.891902,,A,F
"BIS,WS_XRU,1.0",D.XM.EUR.A,D,XM,EUR,A,2003-09-18,0.88574,,A,F
"BIS,WS_XRU,1.0",D.XM.EUR.A,D,XM,EUR,A,2003-09-19,0.884017,,A,F
"BIS,WS_XRU,1.0",D.XM.EUR.A,D,XM,EUR,A,2003-09-22,0.871992,,A,F
"BIS,WS_XRU,1.0",D.XM.EUR.A,D,XM,EUR,A,2003-09-23,0.872296,,A,F
"BIS,WS_XRU,1.0",D.XM.EUR.A,D,XM,EUR,A,2003-09-24,0.872144,,A,F
"BIS,WS_XRU,1.0",D.XM.EUR.A,D,XM,EUR,A,2003-09-25,0.870095,,A,F
"BIS,WS_XRU,1.0",D.XM.EUR.A,D,XM,EUR,A,2003-09-26,0.870549,,A,F
"BIS,WS_XRU,1.0",D.XM.EUR.A,D,XM,EUR,A,2003-09-29,0.876194,,A,F
"BIS,WS_XRU,1.0",D.XM.EUR.A,D,XM,EUR,A,2003-09-30,0.858222,,A,F
"BIS,WS_XRU,1.0",D.XM.EUR.A,D,XM,EUR,A,2003-10-01,0.856825,,A,F
"BIS,WS_XRU,1.0",D.XM.EUR.A,D,XM,EUR,A,2003-10-02,0.855286,,A,F
"BIS,WS_XRU,1.0",D.XM.EUR.A,D,XM,EUR,A,2003-10-03,0.855725,,A,F
"BIS,WS_XRU,1.0",D.XM.EUR.A,D,XM,EUR,A,2003-10-06,0.863632,,A,F
"BIS,WS_XRU,1.0",D.XM.EUR.A,D,XM,EUR,A,2003-10-07,0.849762,,A,F
"BIS,WS_XRU,1.0",D.XM.EUR.A,D,XM,EUR,A,2003-10-08,0.848824,,A,F
"BIS,WS_XRU,1.0",D.XM.EUR.A,D,XM,EUR,A,2003-10-09,0.84832,,A,F
"BIS,WS_XRU,1.0",D.XM.EUR.A,D,XM,EUR,A,2003-10-10,0.84832,,A,F
"BIS,WS_XRU,1.0",D.XM.EUR.A,D,XM,EUR,A,2003-10-13,0.855578,,A,F
"BIS,WS_XRU,1.0",D.XM.EUR.A,D,XM,EUR,A,2003-10-14,0.85955,,A,F
"BIS,WS_XRU,1.0",D.XM.EUR.A,D,XM,EUR,A,2003-10-15,0.856971,,A,F
"BIS,WS_XRU,1.0",D.XM.EUR.A,D,XM,EUR,A,2003-10-16,0.860956,,A,F
"BIS,WS_XRU,1.0",D.XM.EUR.A,D,XM,EUR,A,2003-10-17,0.863632,,A,F
"BIS,WS_XRU,1.0",D.XM.EUR.A,D,XM,EUR,A,2003-10-20,0.859919,,A,F
"BIS,WS_XRU,1.0",D.XM.EUR.A,D,XM,EUR,A,2003-10-21,0.860363,,A,F
"BIS,WS_XRU,1.0",D.XM.EUR.A,D,XM,EUR,A,2003-10-22,0.855139,,A,F
"BIS,WS_XRU,1.0",D.XM.EUR.A,D,XM,EUR,A,2003-10-23,0.848464,,A,F
"BIS,WS_XRU,1.0",D.XM.EUR.A,D,XM,EUR,A,2003-10-24,0.848824,,A,F
"BIS,WS_XRU,1.0",D.XM.EUR.A,D,XM,EUR,A,2003-10-27,0.851209,,A,F
"BIS,WS_XRU,1.0",D.XM.EUR.A,D,XM,EUR,A,2003-10-28,0.856678,,A,F
"BIS,WS_XRU,1.0",D.XM.EUR.A,D,XM,EUR,A,2003-10-29,0.855871,,A,F
"BIS,WS_XRU,1.0",D.XM.EUR.A,D,XM,EUR,A,2003-10-30,0.852079,,A,F
"BIS,WS_XRU,1.0",D.XM.EUR.A,D,XM,EUR,A,2003-10-31,0.860437,,A,F
"BIS,WS_XRU,1.0",D.XM.EUR.A,D,XM,EUR,A,2003-11-03,0.862887,,A,F
"BIS,WS_XRU,1.0",D.XM.EUR.A,D,XM,EUR,A,2003-11-04,0.871992,,A,F
"BIS,WS_XRU,1.0",D.XM.EUR.A,D,XM,EUR,A,2003-11-05,0.871612,,A,F
"BIS,WS_XRU,1.0",D.XM.EUR.A,D,XM,EUR,A,2003-11-06,0.873439,,A,F
"BIS,WS_XRU,1.0",D.XM.EUR.A,D,XM,EUR,A,2003-11-07,0.87535,,A,F
"BIS,WS_XRU,1.0",D.XM.EUR.A,D,XM,EUR,A,2003-11-10,0.870853,,A,F
"BIS,WS_XRU,1.0",D.XM.EUR.A,D,XM,EUR,A,2003-11-11,0.869792,,A,F
"BIS,WS_XRU,1.0",D.XM.EUR.A,D,XM,EUR,A,2003-11-12,0.862069,,A,F
"BIS,WS_XRU,1.0",D.XM.EUR.A,D,XM,EUR,A,2003-11-13,0.856164,,A,F
"BIS,WS_XRU,1.0",D.XM.EUR.A,D,XM,EUR,A,2003-11-14,0.849979,,A,F
"BIS,WS_XRU,1.0",D.XM.EUR.A,D,XM,EUR,A,2003-11-17,0.847314,,A,F
"BIS,WS_XRU,1.0",D.XM.EUR.A,D,XM,EUR,A,2003-11-18,0.849041,,A,F
"BIS,WS_XRU,1.0",D.XM.EUR.A,D,XM,EUR,A,2003-11-19,0.839631,,A,F
"BIS,WS_XRU,1.0",D.XM.EUR.A,D,XM,EUR,A,2003-11-20,0.839701,,A,F
"BIS,WS_XRU,1.0",D.XM.EUR.A,D,XM,EUR,A,2003-11-21,0.840407,,A,F
"BIS,WS_XRU,1.0",D.XM.EUR.A,D,XM,EUR,A,2003-11-24,0.845809,,A,F
"BIS,WS_XRU,1.0",D.XM.EUR.A,D,XM,EUR,A,2003-11-25,0.849907,,A,F
"BIS,WS_XRU,1.0",D.XM.EUR.A,D,XM,EUR,A,2003-11-26,0.845451,,A,F
"BIS,WS_XRU,1.0",D.XM.EUR.A,D,XM,EUR,A,2003-11-27,0.840195,,A,F
"BIS,WS_XRU,1.0",D.XM.EUR.A,D,XM,EUR,A,2003-11-28,0.83375,,A,F
"BIS,WS_XRU,1.0",D.XM.EUR.A,D,XM,EUR,A,2003-12-01,0.832016,,A,F
"BIS,WS_XRU,1.0",D.XM.EUR.A,D,XM,EUR,A,2003-12-02,0.835073,,A,F
"BIS,WS_XRU,1.0",D.XM.EUR.A,D,XM,EUR,A,2003-12-03,0.82631,,A,F
"BIS,WS_XRU,1.0",D.XM.EUR.A,D,XM,EUR,A,2003-12-04,0.828226,,A,F
"BIS,WS_XRU,1.0",D.XM.EUR.A,D,XM,EUR,A,2003-12-05,0.827335,,A,F
"BIS,WS_XRU,1.0",D.XM.EUR.A,D,XM,EUR,A,2003-12-08,0.818465,,A,F
"BIS,WS_XRU,1.0",D.XM.EUR.A,D,XM,EUR,A,2003-12-09,0.815794,,A,F
"BIS,WS_XRU,1.0",D.XM.EUR.A,D,XM,EUR,A,2003-12-10,0.81706,,A,F
"BIS,WS_XRU,1.0",D.XM.EUR.A,D,XM,EUR,A,2003-12-11,0.820546,,A,F
"BIS,WS_XRU,1.0",D.XM.EUR.A,D,XM,EUR,A,2003-12-12,0.81606,,A,F
"BIS,WS_XRU,1.0",D.XM.EUR.A,D,XM,EUR,A,2003-12-15,0.817661,,A,F
"BIS,WS_XRU,1.0",D.XM.EUR.A,D,XM,EUR,A,2003-12-16,0.810438,,A,F
"BIS,WS_XRU,1.0",D.XM.EUR.A,D,XM,EUR,A,2003-12-17,0.81057,,A,F
"BIS,WS_XRU,1.0",D.XM.EUR.A,D,XM,EUR,A,2003-12-18,0.806257,,A,F
"BIS,WS_XRU,1.0",D.XM.EUR.A,D,XM,EUR,A,2003-12-19,0.805283,,A,F
"BIS,WS_XRU,1.0",D.XM.EUR.A,D,XM,EUR,A,2003-12-22,0.804246,,A,F
"BIS,WS_XRU,1.0",D.XM.EUR.A,D,XM,EUR,A,2003-12-23,0.806972,,A,F
"BIS,WS_XRU,1.0",D.XM.EUR.A,D,XM,EUR,A,2003-12-24,0.805997,,A,F
"BIS,WS_XRU,1.0",D.XM.EUR.A,D,XM,EUR,A,2003-12-25,,,M,F
"BIS,WS_XRU,1.0",D.XM.EUR.A,D,XM,EUR,A,2003-12-26,,,M,F
"BIS,WS_XRU,1.0",D.XM.EUR.A,D,XM,EUR,A,2003-12-29,0.800064,,A,F
"BIS,WS_XRU,1.0",D.XM.EUR.A,D,XM,EUR,A,2003-12-30,0.800256,,A,F
"BIS,WS_XRU,1.0",D.XM.EUR.A,D,XM,EUR,A,2003-12-31,0.791766,,A,F
"BIS,WS_XRU,1.0",D.XM.EUR.A,D,XM,EUR,A,2004-01-01,,,M,F
"BIS,WS_XRU,1.0",D.XM.EUR.A,D,XM,EUR,A,2004-01-02,0.794155,,A,F
"BIS,WS_XRU,1.0",D.XM.EUR.A,D,XM,EUR,A,2004-01-05,0.790077,,A,F
"BIS,WS_XRU,1.0",D.XM.EUR.A,D,XM,EUR,A,2004-01-06,0.783945,,A,F
"BIS,WS_XRU,1.0",D.XM.EUR.A,D,XM,EUR,A,2004-01-07,0.788706,,A,F
"BIS,WS_XRU,1.0",D.XM.EUR.A,D,XM,EUR,A,2004-01-08,0.791515,,A,F
"BIS,WS_XRU,1.0",D.XM.EUR.A,D,XM,EUR,A,2004-01-09,0.785114,,A,F
"BIS,WS_XRU,1.0",D.XM.EUR.A,D,XM,EUR,A,2004-01-12,0.779545,,A,F
"BIS,WS_XRU,1.0",D.XM.EUR.A,D,XM,EUR,A,2004-01-13,0.784375,,A,F
"BIS,WS_XRU,1.0",D.XM.EUR.A,D,XM,EUR,A,2004-01-14,0.787898,,A,F
"BIS,WS_XRU,1.0",D.XM.EUR.A,D,XM,EUR,A,2004-01-15,0.791452,,A,F
"BIS,WS_XRU,1.0",D.XM.EUR.A,D,XM,EUR,A,2004-01-16,0.800448,,A,F
"BIS,WS_XRU,1.0",D.XM.EUR.A,D,XM,EUR,A,2004-01-19,0.808211,,A,F
"BIS,WS_XRU,1.0",D.XM.EUR.A,D,XM,EUR,A,2004-01-20,0.797703,,A,F
"BIS,WS_XRU,1.0",D.XM.EUR.A,D,XM,EUR,A,2004-01-21,0.79321,,A,F
"BIS,WS_XRU,1.0",D.XM.EUR.A,D,XM,EUR,A,2004-01-22,0.786782,,A,F
"BIS,WS_XRU,1.0",D.XM.EUR.A,D,XM,EUR,A,2004-01-23,0.787898,,A,F
"BIS,WS_XRU,1.0",D.XM.EUR.A,D,XM,EUR,A,2004-01-26,0.795229,,A,F
"BIS,WS_XRU,1.0",D.XM.EUR.A,D,XM,EUR,A,2004-01-27,0.798913,,A,F
"BIS,WS_XRU,1.0",D.XM.EUR.A,D,XM,EUR,A,2004-01-28,0.795988,,A,F
"BIS,WS_XRU,1.0",D.XM.EUR.A,D,XM,EUR,A,2004-01-29,0.802053,,A,F
"BIS,WS_XRU,1.0",D.XM.EUR.A,D,XM,EUR,A,2004-01-30,0.807494,,A,F
"BIS,WS_XRU,1.0",D.XM.EUR.A,D,XM,EUR,A,2004-02-02,0.802504,,A,F
"BIS,WS_XRU,1.0",D.XM.EUR.A,D,XM,EUR,A,2004-02-03,0.794597,,A,F
"BIS,WS_XRU,1.0",D.XM.EUR.A,D,XM,EUR,A,2004-02-04,0.798467,,A,F
"BIS,WS_XRU,1.0",D.XM.EUR.A,D,XM,EUR,A,2004-02-05,0.794723,,A,F
"BIS,WS_XRU,1.0",D.XM.EUR.A,D,XM,EUR,A,2004-02-06,0.798148,,A,F
"BIS,WS_XRU,1.0",D.XM.EUR.A,D,XM,EUR,A,2004-02-09,0.786596,,A,F
"BIS,WS_XRU,1.0",D.XM.EUR.A,D,XM,EUR,A,2004-02-10,0.783453,,A,F
"BIS,WS_XRU,1.0",D.XM.EUR.A,D,XM,EUR,A,2004-02-11,0.788644,,A,F
"BIS,WS_XRU,1.0",D.XM.EUR.A,D,XM,EUR,A,2004-02-12,0.781128,,A,F
"BIS,WS_XRU,1.0",D.XM.EUR.A,D,XM,EUR,A,2004-02-13,0.780275,,A,F
"BIS,WS_XRU,1.0",D.XM.EUR.A,D,XM,EUR,A,2004-02-16,0.784868,,A,F
"BIS,WS_XRU,1.0",D.XM.EUR.A,D,XM,EUR,A,2004-02-17,0.777726,,A,F
"BIS,WS_XRU,1.0",D.XM.EUR.A,D,XM,EUR,A,2004-02-18,0.779788,,A,F
"BIS,WS_XRU,1.0",D.XM.EUR.A,D,XM,EUR,A,2004-02-19,0.785916,,A,F
"BIS,WS_XRU,1.0",D.XM.EUR.A,D,XM,EUR,A,2004-02-20,0.789702,,A,F
"BIS,WS_XRU,1.0",D.XM.EUR.A,D,XM,EUR,A,2004-02-23,0.795165,,A,F
"BIS,WS_XRU,1.0",D.XM.EUR.A,D,XM,EUR,A,2004-02-24,0.793966,,A,F
"BIS,WS_XRU,1.0",D.XM.EUR.A,D,XM,EUR,A,2004-02-25,0.791828,,A,F
"BIS,WS_XRU,1.0",D.XM.EUR.A,D,XM,EUR,A,2004-02-26,0.8036,,A,F
"BIS,WS_XRU,1.0",D.XM.EUR.A,D,XM,EUR,A,2004-02-27,0.805283,,A,F
"BIS,WS_XRU,1.0",D.XM.EUR.A,D,XM,EUR,A,2004-03-01,0.801025,,A,F
"BIS,WS_XRU,1.0",D.XM.EUR.A,D,XM,EUR,A,2004-03-02,0.806322,,A,F
"BIS,WS_XRU,1.0",D.XM.EUR.A,D,XM,EUR,A,2004-03-03,0.82352,,A,F
"BIS,WS_XRU,1.0",D.XM.EUR.A,D,XM,EUR,A,2004-03-04,0.823249,,A,F
"BIS,WS_XRU,1.0",D.XM.EUR.A,D,XM,EUR,A,2004-03-05,0.82021,,A,F
"BIS,WS_XRU,1.0",D.XM.EUR.A,D,XM,EUR,A,2004-03-08,0.809323,,A,F
"BIS,WS_XRU,1.0",D.XM.EUR.A,D,XM,EUR,A,2004-03-09,0.808996,,A,F
"BIS,WS_XRU,1.0",D.XM.EUR.A,D,XM,EUR,A,2004-03-10,0.813074,,A,F
"BIS,WS_XRU,1.0",D.XM.EUR.A,D,XM,EUR,A,2004-03-11,0.815927,,A,F
"BIS,WS_XRU,1.0",D.XM.EUR.A,D,XM,EUR,A,2004-03-12,0.817327,,A,F
"BIS,WS_XRU,1.0",D.XM.EUR.A,D,XM,EUR,A,2004-03-15,0.814465,,A,F
"BIS,WS_XRU,1.0",D.XM.EUR.A,D,XM,EUR,A,2004-03-16,0.809717,,A,F
"BIS,WS_XRU,1.0",D.XM.EUR.A,D,XM,EUR,A,2004-03-17,0.81626,,A,F
"BIS,WS_XRU,1.0",D.XM.EUR.A,D,XM,EUR,A,2004-03-18,0.815594,,A,F
"BIS,WS_XRU,1.0",D.XM.EUR.A,D,XM,EUR,A,2004-03-19,0.81011,,A,F
"BIS,WS_XRU,1.0",D.XM.EUR.A,D,XM,EUR,A,2004-03-22,0.80952,,A,F
"BIS,WS_XRU,1.0",D.XM.EUR.A,D,XM,EUR,A,2004-03-23,0.814598,,A,F
"BIS,WS_XRU,1.0",D.XM.EUR.A,D,XM,EUR,A,2004-03-24,0.819941,,A,F
"BIS,WS_XRU,1.0",D.XM.EUR.A,D,XM,EUR,A,2004-03-25,0.824266,,A,F
"BIS,WS_XRU,1.0",D.XM.EUR.A,D,XM,EUR,A,2004-03-26,0.82149,,A,F
"BIS,WS_XRU,1.0",D.XM.EUR.A,D,XM,EUR,A,2004-03-29,0.825219,,A,F
"BIS,WS_XRU,1.0",D.XM.EUR.A,D,XM,EUR,A,2004-03-30,0.820546,,A,F
"BIS,WS_XRU,1.0",D.XM.EUR.A,D,XM,EUR,A,2004-03-31,0.818063,,A,F
"BIS,WS_XRU,1.0",D.XM.EUR.A,D,XM,EUR,A,2004-04-01,0.811688,,A,F
"BIS,WS_XRU,1.0",D.XM.EUR.A,D,XM,EUR,A,2004-04-02,0.81182,,A,F
"BIS,WS_XRU,1.0",D.XM.EUR.A,D,XM,EUR,A,2004-04-05,0.829325,,A,F
"BIS,WS_XRU,1.0",D.XM.EUR.A,D,XM,EUR,A,2004-04-06,0.82713,,A,F
"BIS,WS_XRU,1.0",D.XM.EUR.A,D,XM,EUR,A,2004-04-07,0.826378,,A,F
"BIS,WS_XRU,1.0",D.XM.EUR.A,D,XM,EUR,A,2004-04-08,0.82672,,A,F
"BIS,WS_XRU,1.0",D.XM.EUR.A,D,XM,EUR,A,2004-04-09,,,M,F
"BIS,WS_XRU,1.0",D.XM.EUR.A,D,XM,EUR,A,2004-04-12,,,M,F
"BIS,WS_XRU,1.0",D.XM.EUR.A,D,XM,EUR,A,2004-04-13,0.835073,,A,F
"BIS,WS_XRU,1.0",D.XM.EUR.A,D,XM,EUR,A,2004-04-14,0.838645,,A,F
"BIS,WS_XRU,1.0",D.XM.EUR.A,D,XM,EUR,A,2004-04-15,0.83949,,A,F
"BIS,WS_XRU,1.0",D.XM.EUR.A,D,XM,EUR,A,2004-04-16,0.838082,,A,F
"BIS,WS_XRU,1.0",D.XM.EUR.A,D,XM,EUR,A,2004-04-19,0.830289,,A,F
"BIS,WS_XRU,1.0",D.XM.EUR.A,D,XM,EUR,A,2004-04-20,0.838504,,A,F
"BIS,WS_XRU,1.0",D.XM.EUR.A,D,XM,EUR,A,2004-04-21,0.84488,,A,F
"BIS,WS_XRU,1.0",D.XM.EUR.A,D,XM,EUR,A,2004-04-22,0.842247,,A,F
"BIS,WS_XRU,1.0",D.XM.EUR.A,D,XM,EUR,A,2004-04-23,0.841397,,A,F
"BIS,WS_XRU,1.0",D.XM.EUR.A,D,XM,EUR,A,2004-04-26,0.843811,,A,F
"BIS,WS_XRU,1.0",D.XM.EUR.A,D,XM,EUR,A,2004-04-27,0.841255,,A,F
"BIS,WS_XRU,1.0",D.XM.EUR.A,D,XM,EUR,A,2004-04-28,0.839842,,A,F
"BIS,WS_XRU,1.0",D.XM.EUR.A,D,XM,EUR,A,2004-04-29,0.845594,,A,F
"BIS,WS_XRU,1.0",D.XM.EUR.A,D,XM,EUR,A,2004-04-30,0.83703,,A,F
"BIS,WS_XRU,1.0",D.XM.EUR.A,D,XM,EUR,A,2004-05-03,0.83661,,A,F
"BIS,WS_XRU,1.0",D.XM.EUR.A,D,XM,EUR,A,2004-05-04,0.829119,,A,F
"BIS,WS_XRU,1.0",D.XM.EUR.A,D,XM,EUR,A,2004-05-05,0.824674,,A,F
"BIS,WS_XRU,1.0",D.XM.EUR.A,D,XM,EUR,A,2004-05-06,0.825355,,A,F
"BIS,WS_XRU,1.0",D.XM.EUR.A,D,XM,EUR,A,2004-05-07,0.828295,,A,F
"BIS,WS_XRU,1.0",D.XM.EUR.A,D,XM,EUR,A,2004-05-10,0.844381,,A,F
"BIS,WS_XRU,1.0",D.XM.EUR.A,D,XM,EUR,A,2004-05-11,0.84717,,A,F
"BIS,WS_XRU,1.0",D.XM.EUR.A,D,XM,EUR,A,2004-05-12,0.843384,,A,F
"BIS,WS_XRU,1.0",D.XM.EUR.A,D,XM,EUR,A,2004-05-13,0.845809,,A,F
"BIS,WS_XRU,1.0",D.XM.EUR.A,D,XM,EUR,A,2004-05-14,0.847314,,A,F
"BIS,WS_XRU,1.0",D.XM.EUR.A,D,XM,EUR,A,2004-05-17,0.831739,,A,F
"BIS,WS_XRU,1.0",D.XM.EUR.A,D,XM,EUR,A,2004-05-18,0.834516,,A,F
"BIS,WS_XRU,1.0",D.XM.EUR.A,D,XM,EUR,A,2004-05-19,0.834098,,A,F
"BIS,WS_XRU,1.0",D.XM.EUR.A,D,XM,EUR,A,2004-05-20,0.838785,,A,F
"BIS,WS_XRU,1.0",D.XM.EUR.A,D,XM,EUR,A,2004-05-21,0.831186,,A,F
"BIS,WS_XRU,1.0",D.XM.EUR.A,D,XM,EUR,A,2004-05-24,0.835561,,A,F
"BIS,WS_XRU,1.0",D.XM.EUR.A,D,XM,EUR,A,2004-05-25,0.828981,,A,F
"BIS,WS_XRU,1.0",D.XM.EUR.A,D,XM,EUR,A,2004-05-26,0.826037,,A,F
"BIS,WS_XRU,1.0",D.XM.EUR.A,D,XM,EUR,A,2004-05-27,0.82203,,A,F
"BIS,WS_XRU,1.0",D.XM.EUR.A,D,XM,EUR,A,2004-05-28,0.816593,,A,F
"BIS,WS_XRU,1.0",D.XM.EUR.A,D,XM,EUR,A,2004-05-31,0.819807,,A,F
"BIS,WS_XRU,1.0",D.XM.EUR.A,D,XM,EUR,A,2004-06-01,0.817595,,A,F
"BIS,WS_XRU,1.0",D.XM.EUR.A,D,XM,EUR,A,2004-06-02,0.814598,,A,F
"BIS,WS_XRU,1.0",D.XM.EUR.A,D,XM,EUR,A,2004-06-03,0.817929,,A,F
"BIS,WS_XRU,1.0",D.XM.EUR.A,D,XM,EUR,A,2004-06-04,0.819471,,A,F
"BIS,WS_XRU,1.0",D.XM.EUR.A,D,XM,EUR,A,2004-06-07,0.811754,,A,F
"BIS,WS_XRU,1.0",D.XM.EUR.A,D,XM,EUR,A,2004-06-08,0.813405,,A,F
"BIS,WS_XRU,1.0",D.XM.EUR.A,D,XM,EUR,A,2004-06-09,0.822571,,A,F
"BIS,WS_XRU,1.0",D.XM.EUR.A,D,XM,EUR,A,2004-06-10,0.829738,,A,F
"BIS,WS_XRU,1.0",D.XM.EUR.A,D,XM,EUR,A,2004-06-11,0.832917,,A,F
"BIS,WS_XRU,1.0",D.XM.EUR.A,D,XM,EUR,A,2004-06-14,0.833264,,A,F
"BIS,WS_XRU,1.0",D.XM.EUR.A,D,XM,EUR,A,2004-06-15,0.829807,,A,F
"BIS,WS_XRU,1.0",D.XM.EUR.A,D,XM,EUR,A,2004-06-16,0.829325,,A,F
"BIS,WS_XRU,1.0",D.XM.EUR.A,D,XM,EUR,A,2004-06-17,0.83022,,A,F
"BIS,WS_XRU,1.0",D.XM.EUR.A,D,XM,EUR,A,2004-06-18,0.830427,,A,F
"BIS,WS_XRU,1.0",D.XM.EUR.A,D,XM,EUR,A,2004-06-21,0.825627,,A,F
"BIS,WS_XRU,1.0",D.XM.EUR.A,D,XM,EUR,A,2004-06-22,0.827061,,A,F
"BIS,WS_XRU,1.0",D.XM.EUR.A,D,XM,EUR,A,2004-06-23,0.827335,,A,F
"BIS,WS_XRU,1.0",D.XM.EUR.A,D,XM,EUR,A,2004-06-24,0.824946,,A,F
"BIS,WS_XRU,1.0",D.XM.EUR.A,D,XM,EUR,A,2004-06-25,0.823859,,A,F
"BIS,WS_XRU,1.0",D.XM.EUR.A,D,XM,EUR,A,2004-06-28,0.819135,,A,F
"BIS,WS_XRU,1.0",D.XM.EUR.A,D,XM,EUR,A,2004-06-29,0.82176,,A,F
"BIS,WS_XRU,1.0",D.XM.EUR.A,D,XM,EUR,A,2004-06-30,0.822707,,A,F
"BIS,WS_XRU,1.0",D.XM.EUR.A,D,XM,EUR,A,2004-07-01,0.821828,,A,F
"BIS,WS_XRU,1.0",D.XM.EUR.A,D,XM,EUR,A,2004-07-02,0.823181,,A,F
"BIS,WS_XRU,1.0",D.XM.EUR.A,D,XM,EUR,A,2004-07-05,0.813802,,A,F
"BIS,WS_XRU,1.0",D.XM.EUR.A,D,XM,EUR,A,2004-07-06,0.812414,,A,F
"BIS,WS_XRU,1.0",D.XM.EUR.A,D,XM,EUR,A,2004-07-07,0.809258,,A,F
"BIS,WS_XRU,1.0",D.XM.EUR.A,D,XM,EUR,A,2004-07-08,0.809848,,A,F
"BIS,WS_XRU,1.0",D.XM.EUR.A,D,XM,EUR,A,2004-07-09,0.808277,,A,F
"BIS,WS_XRU,1.0",D.XM.EUR.A,D,XM,EUR,A,2004-07-12,0.806647,,A,F
"BIS,WS_XRU,1.0",D.XM.EUR.A,D,XM,EUR,A,2004-07-13,0.808277,,A,F
"BIS,WS_XRU,1.0",D.XM.EUR.A,D,XM,EUR,A,2004-07-14,0.807689,,A,F
"BIS,WS_XRU,1.0",D.XM.EUR.A,D,XM,EUR,A,2004-07-15,0.808146,,A,F
"BIS,WS_XRU,1.0",D.XM.EUR.A,D,XM,EUR,A,2004-07-16,0.80952,,A,F
"BIS,WS_XRU,1.0",D.XM.EUR.A,D,XM,EUR,A,2004-07-19,0.805672,,A,F
"BIS,WS_XRU,1.0",D.XM.EUR.A,D,XM,EUR,A,2004-07-20,0.807428,,A,F
"BIS,WS_XRU,1.0",D.XM.EUR.A,D,XM,EUR,A,2004-07-21,0.813273,,A,F
"BIS,WS_XRU,1.0",D.XM.EUR.A,D,XM,EUR,A,2004-07-22,0.815129,,A,F
"BIS,WS_XRU,1.0",D.XM.EUR.A,D,XM,EUR,A,2004-07-23,0.820277,,A,F
"BIS,WS_XRU,1.0",D.XM.EUR.A,D,XM,EUR,A,2004-07-26,0.822166,,A,F
"BIS,WS_XRU,1.0",D.XM.EUR.A,D,XM,EUR,A,2004-07-27,0.821828,,A,F
"BIS,WS_XRU,1.0",D.XM.EUR.A,D,XM,EUR,A,2004-07-28,0.830979,,A,F
"BIS,WS_XRU,1.0",D.XM.EUR.A,D,XM,EUR,A,2004-07-29,0.831532,,A,F
"BIS,WS_XRU,1.0",D.XM.EUR.A,D,XM,EUR,A,2004-07-30,0.830634,,A,F
"BIS,WS_XRU,1.0",D.XM.EUR.A,D,XM,EUR,A,2004-08-02,0.829531,,A,F
"BIS,WS_XRU,1.0",D.XM.EUR.A,D,XM,EUR,A,2004-08-03,0.831808,,A,F
"BIS,WS_XRU,1.0",D.XM.EUR.A,D,XM,EUR,A,2004-08-04,0.834516,,A,F
"BIS,WS_XRU,1.0",D.XM.EUR.A,D,XM,EUR,A,2004-08-05,0.830427,,A,F
"BIS,WS_XRU,1.0",D.XM.EUR.A,D,XM,EUR,A,2004-08-06,0.828912,,A,F
"BIS,WS_XRU,1.0",D.XM.EUR.A,D,XM,EUR,A,2004-08-09,0.816526,,A,F
"BIS,WS_XRU,1.0",D.XM.EUR.A,D,XM,EUR,A,2004-08-10,0.814399,,A,F
"BIS,WS_XRU,1.0",D.XM.EUR.A,D,XM,EUR,A,2004-08-11,0.817461,,A,F
"BIS,WS_XRU,1.0",D.XM.EUR.A,D,XM,EUR,A,2004-08-12,0.815927,,A,F
"BIS,WS_XRU,1.0",D.XM.EUR.A,D,XM,EUR,A,2004-08-13,0.818398,,A,F
"BIS,WS_XRU,1.0",D.XM.EUR.A,D,XM,EUR,A,2004-08-16,0.81057,,A,F
"BIS,WS_XRU,1.0",D.XM.EUR.A,D,XM,EUR,A,2004-08-17,0.810504,,A,F
"BIS,WS_XRU,1.0",D.XM.EUR.A,D,XM,EUR,A,2004-08-18,0.810964,,A,F
"BIS,WS_XRU,1.0",D.XM.EUR.A,D,XM,EUR,A,2004-08-19,0.809127,,A,F
"BIS,WS_XRU,1.0",D.XM.EUR.A,D,XM,EUR,A,2004-08-20,0.813471,,A,F
"BIS,WS_XRU,1.0",D.XM.EUR.A,D,XM,EUR,A,2004-08-23,0.816327,,A,F
"BIS,WS_XRU,1.0",D.XM.EUR.A,D,XM,EUR,A,2004-08-24,0.823791,,A,F
"BIS,WS_XRU,1.0",D.XM.EUR.A,D,XM,EUR,A,2004-08-25,0.827746,,A,F
"BIS,WS_XRU,1.0",D.XM.EUR.A,D,XM,EUR,A,2004-08-26,0.826446,,A,F
"BIS,WS_XRU,1.0",D.XM.EUR.A,D,XM,EUR,A,2004-08-27,0.827472,,A,F
"BIS,WS_XRU,1.0",D.XM.EUR.A,D,XM,EUR,A,2004-08-30,0.830082,,A,F
"BIS,WS_XRU,1.0",D.XM.EUR.A,D,XM,EUR,A,2004-08-31,0.825696,,A,F
"BIS,WS_XRU,1.0",D.XM.EUR.A,D,XM,EUR,A,2004-09-01,0.821828,,A,F
"BIS,WS_XRU,1.0",D.XM.EUR.A,D,XM,EUR,A,2004-09-02,0.821558,,A,F
"BIS,WS_XRU,1.0",D.XM.EUR.A,D,XM,EUR,A,2004-09-03,0.821355,,A,F
"BIS,WS_XRU,1.0",D.XM.EUR.A,D,XM,EUR,A,2004-09-06,0.828432,,A,F
"BIS,WS_XRU,1.0",D.XM.EUR.A,D,XM,EUR,A,2004-09-07,0.827883,,A,F
"BIS,WS_XRU,1.0",D.XM.EUR.A,D,XM,EUR,A,2004-09-08,0.830634,,A,F
"BIS,WS_XRU,1.0",D.XM.EUR.A,D,XM,EUR,A,2004-09-09,0.820277,,A,F
"BIS,WS_XRU,1.0",D.XM.EUR.A,D,XM,EUR,A,2004-09-10,0.818398,,A,F
"BIS,WS_XRU,1.0",D.XM.EUR.A,D,XM,EUR,A,2004-09-13,0.817261,,A,F
"BIS,WS_XRU,1.0",D.XM.EUR.A,D,XM,EUR,A,2004-09-14,0.817194,,A,F
"BIS,WS_XRU,1.0",D.XM.EUR.A,D,XM,EUR,A,2004-09-15,0.817127,,A,F
"BIS,WS_XRU,1.0",D.XM.EUR.A,D,XM,EUR,A,2004-09-16,0.822504,,A,F
"BIS,WS_XRU,1.0",D.XM.EUR.A,D,XM,EUR,A,2004-09-17,0.818934,,A,F
"BIS,WS_XRU,1.0",D.XM.EUR.A,D,XM,EUR,A,2004-09-20,0.824266,,A,F
"BIS,WS_XRU,1.0",D.XM.EUR.A,D,XM,EUR,A,2004-09-21,0.814598,,A,F
"BIS,WS_XRU,1.0",D.XM.EUR.A,D,XM,EUR,A,2004-09-22,0.81666,,A,F
"BIS,WS_XRU,1.0",D.XM.EUR.A,D,XM,EUR,A,2004-09-23,0.812018,,A,F
"BIS,WS_XRU,1.0",D.XM.EUR.A,D,XM,EUR,A,2004-09-24,0.812414,,A,F
"BIS,WS_XRU,1.0",D.XM.EUR.A,D,XM,EUR,A,2004-09-27,0.81606,,A,F
"BIS,WS_XRU,1.0",D.XM.EUR.A,D,XM,EUR,A,2004-09-28,0.810701,,A,F
"BIS,WS_XRU,1.0",D.XM.EUR.A,D,XM,EUR,A,2004-09-29,0.811491,,A,F
"BIS,WS_XRU,1.0",D.XM.EUR.A,D,XM,EUR,A,2004-09-30,0.805867,,A,F
"BIS,WS_XRU,1.0",D.XM.EUR.A,D,XM,EUR,A,2004-10-01,0.805607,,A,F
"BIS,WS_XRU,1.0",D.XM.EUR.A,D,XM,EUR,A,2004-10-04,0.812678,,A,F
"BIS,WS_XRU,1.0",D.XM.EUR.A,D,XM,EUR,A,2004-10-05,0.812744,,A,F
"BIS,WS_XRU,1.0",D.XM.EUR.A,D,XM,EUR,A,2004-10-06,0.8142,,A,F
"BIS,WS_XRU,1.0",D.XM.EUR.A,D,XM,EUR,A,2004-10-07,0.812942,,A,F
"BIS,WS_XRU,1.0",D.XM.EUR.A,D,XM,EUR,A,2004-10-08,0.812018,,A,F
"BIS,WS_XRU,1.0",D.XM.EUR.A,D,XM,EUR,A,2004-10-11,0.806972,,A,F
"BIS,WS_XRU,1.0",D.XM.EUR.A,D,XM,EUR,A,2004-10-12,0.812216,,A,F
"BIS,WS_XRU,1.0",D.XM.EUR.A,D,XM,EUR,A,2004-10-13,0.815195,,A,F
"BIS,WS_XRU,1.0",D.XM.EUR.A,D,XM,EUR,A,2004-10-14,0.80795,,A,F
"BIS,WS_XRU,1.0",D.XM.EUR.A,D,XM,EUR,A,2004-10-15,0.805542,,A,F
"BIS,WS_XRU,1.0",D.XM.EUR.A,D,XM,EUR,A,2004-10-18,0.801667,,A,F
"BIS,WS_XRU,1.0",D.XM.EUR.A,D,XM,EUR,A,2004-10-19,0.799424,,A,F
"BIS,WS_XRU,1.0",D.XM.EUR.A,D,XM,EUR,A,2004-10-20,0.794281,,A,F
"BIS,WS_XRU,1.0",D.XM.EUR.A,D,XM,EUR,A,2004-10-21,0.793273,,A,F
"BIS,WS_XRU,1.0",D.XM.EUR.A,D,XM,EUR,A,2004-10-22,0.793273,,A,F
"BIS,WS_XRU,1.0",D.XM.EUR.A,D,XM,EUR,A,2004-10-25,0.781739,,A,F
"BIS,WS_XRU,1.0",D.XM.EUR.A,D,XM,EUR,A,2004-10-26,0.782228,,A,F
"BIS,WS_XRU,1.0",D.XM.EUR.A,D,XM,EUR,A,2004-10-27,0.781739,,A,F
"BIS,WS_XRU,1.0",D.XM.EUR.A,D,XM,EUR,A,2004-10-28,0.78672,,A,F
"BIS,WS_XRU,1.0",D.XM.EUR.A,D,XM,EUR,A,2004-10-29,0.785114,,A,F
"BIS,WS_XRU,1.0",D.XM.EUR.A,D,XM,EUR,A,2004-11-01,0.784437,,A,F
"BIS,WS_XRU,1.0",D.XM.EUR.A,D,XM,EUR,A,2004-11-02,0.787092,,A,F
"BIS,WS_XRU,1.0",D.XM.EUR.A,D,XM,EUR,A,2004-11-03,0.784068,,A,F
"BIS,WS_XRU,1.0",D.XM.EUR.A,D,XM,EUR,A,2004-11-04,0.776759,,A,F
"BIS,WS_XRU,1.0",D.XM.EUR.A,D,XM,EUR,A,2004-11-05,0.777847,,A,F
"BIS,WS_XRU,1.0",D.XM.EUR.A,D,XM,EUR,A,2004-11-08,0.774174,,A,F
"BIS,WS_XRU,1.0",D.XM.EUR.A,D,XM,EUR,A,2004-11-09,0.774533,,A,F
"BIS,WS_XRU,1.0",D.XM.EUR.A,D,XM,EUR,A,2004-11-10,0.770594,,A,F
"BIS,WS_XRU,1.0",D.XM.EUR.A,D,XM,EUR,A,2004-11-11,0.775795,,A,F
"BIS,WS_XRU,1.0",D.XM.EUR.A,D,XM,EUR,A,2004-11-12,0.773934,,A,F
"BIS,WS_XRU,1.0",D.XM.EUR.A,D,XM,EUR,A,2004-11-15,0.771903,,A,F
"BIS,WS_XRU,1.0",D.XM.EUR.A,D,XM,EUR,A,2004-11-16,0.770951,,A,F
"BIS,WS_XRU,1.0",D.XM.EUR.A,D,XM,EUR,A,2004-11-17,0.767695,,A,F
"BIS,WS_XRU,1.0",D.XM.EUR.A,D,XM,EUR,A,2004-11-18,0.767813,,A,F
"BIS,WS_XRU,1.0",D.XM.EUR.A,D,XM,EUR,A,2004-11-19,0.768049,,A,F
"BIS,WS_XRU,1.0",D.XM.EUR.A,D,XM,EUR,A,2004-11-22,0.767283,,A,F
"BIS,WS_XRU,1.0",D.XM.EUR.A,D,XM,EUR,A,2004-11-23,0.764,,A,F
"BIS,WS_XRU,1.0",D.XM.EUR.A,D,XM,EUR,A,2004-11-24,0.760688,,A,F
"BIS,WS_XRU,1.0",D.XM.EUR.A,D,XM,EUR,A,2004-11-25,0.75683,,A,F
"BIS,WS_XRU,1.0",D.XM.EUR.A,D,XM,EUR,A,2004-11-26,0.755401,,A,F
"BIS,WS_XRU,1.0",D.XM.EUR.A,D,XM,EUR,A,2004-11-29,0.754888,,A,F
"BIS,WS_XRU,1.0",D.XM.EUR.A,D,XM,EUR,A,2004-11-30,0.752162,,A,F
"BIS,WS_XRU,1.0",D.XM.EUR.A,D,XM,EUR,A,2004-12-01,0.752219,,A,F
"BIS,WS_XRU,1.0",D.XM.EUR.A,D,XM,EUR,A,2004-12-02,0.751089,,A,F
"BIS,WS_XRU,1.0",D.XM.EUR.A,D,XM,EUR,A,2004-12-03,0.75188,,A,F
"BIS,WS_XRU,1.0",D.XM.EUR.A,D,XM,EUR,A,2004-12-06,0.744325,,A,F
"BIS,WS_XRU,1.0",D.XM.EUR.A,D,XM,EUR,A,2004-12-07,0.743163,,A,F
"BIS,WS_XRU,1.0",D.XM.EUR.A,D,XM,EUR,A,2004-12-08,0.75188,,A,F
"BIS,WS_XRU,1.0",D.XM.EUR.A,D,XM,EUR,A,2004-12-09,0.751597,,A,F
"BIS,WS_XRU,1.0",D.XM.EUR.A,D,XM,EUR,A,2004-12-10,0.758093,,A,F
"BIS,WS_XRU,1.0",D.XM.EUR.A,D,XM,EUR,A,2004-12-13,0.753693,,A,F
"BIS,WS_XRU,1.0",D.XM.EUR.A,D,XM,EUR,A,2004-12-14,0.75092,,A,F
"BIS,WS_XRU,1.0",D.XM.EUR.A,D,XM,EUR,A,2004-12-15,0.747217,,A,F
"BIS,WS_XRU,1.0",D.XM.EUR.A,D,XM,EUR,A,2004-12-16,0.746213,,A,F
"BIS,WS_XRU,1.0",D.XM.EUR.A,D,XM,EUR,A,2004-12-17,0.75392,,A,F
"BIS,WS_XRU,1.0",D.XM.EUR.A,D,XM,EUR,A,2004-12-20,0.747496,,A,F
"BIS,WS_XRU,1.0",D.XM.EUR.A,D,XM,EUR,A,2004-12-21,0.746603,,A,F
"BIS,WS_XRU,1.0",D.XM.EUR.A,D,XM,EUR,A,2004-12-22,0.747161,,A,F
"BIS,WS_XRU,1.0",D.XM.EUR.A,D,XM,EUR,A,2004-12-23,0.743163,,A,F
"BIS,WS_XRU,1.0",D.XM.EUR.A,D,XM,EUR,A,2004-12-24,0.738443,,A,F
"BIS,WS_XRU,1.0",D.XM.EUR.A,D,XM,EUR,A,2004-12-27,0.739262,,A,F
"BIS,WS_XRU,1.0",D.XM.EUR.A,D,XM,EUR,A,2004-12-28,0.733514,,A,F
"BIS,WS_XRU,1.0",D.XM.EUR.A,D,XM,EUR,A,2004-12-29,0.734862,,A,F
"BIS,WS_XRU,1.0",D.XM.EUR.A,D,XM,EUR,A,2004-12-30,0.735078,,A,F
"BIS,WS_XRU,1.0",D.XM.EUR.A,D,XM,EUR,A,2004-12-31,0.73416,,A,F
"BIS,WS_XRU,1.0",D.XM.EUR.A,D,XM,EUR,A,2005-01-03,0.740357,,A,F
"BIS,WS_XRU,1.0",D.XM.EUR.A,D,XM,EUR,A,2005-01-04,0.748223,,A,F
"BIS,WS_XRU,1.0",D.XM.EUR.A,D,XM,EUR,A,2005-01-05,0.756201,,A,F
"BIS,WS_XRU,1.0",D.XM.EUR.A,D,XM,EUR,A,2005-01-06,0.758553,,A,F
"BIS,WS_XRU,1.0",D.XM.EUR.A,D,XM,EUR,A,2005-01-07,0.757576,,A,F
"BIS,WS_XRU,1.0",D.XM.EUR.A,D,XM,EUR,A,2005-01-10,0.763184,,A,F
"BIS,WS_XRU,1.0",D.XM.EUR.A,D,XM,EUR,A,2005-01-11,0.760861,,A,F
"BIS,WS_XRU,1.0",D.XM.EUR.A,D,XM,EUR,A,2005-01-12,0.761093,,A,F
"BIS,WS_XRU,1.0",D.XM.EUR.A,D,XM,EUR,A,2005-01-13,0.755744,,A,F
"BIS,WS_XRU,1.0",D.XM.EUR.A,D,XM,EUR,A,2005-01-14,0.763884,,A,F
"BIS,WS_XRU,1.0",D.XM.EUR.A,D,XM,EUR,A,2005-01-17,0.764234,,A,F
"BIS,WS_XRU,1.0",D.XM.EUR.A,D,XM,EUR,A,2005-01-18,0.765697,,A,F
"BIS,WS_XRU,1.0",D.XM.EUR.A,D,XM,EUR,A,2005-01-19,0.764351,,A,F
"BIS,WS_XRU,1.0",D.XM.EUR.A,D,XM,EUR,A,2005-01-20,0.773036,,A,F
"BIS,WS_XRU,1.0",D.XM.EUR.A,D,XM,EUR,A,2005-01-21,0.771426,,A,F
"BIS,WS_XRU,1.0",D.XM.EUR.A,D,XM,EUR,A,2005-01-24,0.765404,,A,F
"BIS,WS_XRU,1.0",D.XM.EUR.A,D,XM,EUR,A,2005-01-25,0.767754,,A,F
"BIS,WS_XRU,1.0",D.XM.EUR.A,D,XM,EUR,A,2005-01-26,0.768935,,A,F
"BIS,WS_XRU,1.0",D.XM.EUR.A,D,XM,EUR,A,2005-01-27,0.767695,,A,F
"BIS,WS_XRU,1.0",D.XM.EUR.A,D,XM,EUR,A,2005-01-28,0.767165,,A,F
"BIS,WS_XRU,1.0",D.XM.EUR.A,D,XM,EUR,A,2005-01-31,0.767165,,A,F
"BIS,WS_XRU,1.0",D.XM.EUR.A,D,XM,EUR,A,2005-02-01,0.767636,,A,F
"BIS,WS_XRU,1.0",D.XM.EUR.A,D,XM,EUR,A,2005-02-02,0.765638,,A,F
"BIS,WS_XRU,1.0",D.XM.EUR.A,D,XM,EUR,A,2005-02-03,0.769172,,A,F
"BIS,WS_XRU,1.0",D.XM.EUR.A,D,XM,EUR,A,2005-02-04,0.771724,,A,F
"BIS,WS_XRU,1.0",D.XM.EUR.A,D,XM,EUR,A,2005-02-07,0.778574,,A,F
"BIS,WS_XRU,1.0",D.XM.EUR.A,D,XM,EUR,A,2005-02-08,0.783453,,A,F
"BIS,WS_XRU,1.0",D.XM.EUR.A,D,XM,EUR,A,2005-02-09,0.783576,,A,F
"BIS,WS_XRU,1.0",D.XM.EUR.A,D,XM,EUR,A,2005-02-10,0.782656,,A,F
"BIS,WS_XRU,1.0",D.XM.EUR.A,D,XM,EUR,A,2005-02-11,0.777907,,A,F
"BIS,WS_XRU,1.0",D.XM.EUR.A,D,XM,EUR,A,2005-02-14,0.771188,,A,F
"BIS,WS_XRU,1.0",D.XM.EUR.A,D,XM,EUR,A,2005-02-15,0.768285,,A,F
"BIS,WS_XRU,1.0",D.XM.EUR.A,D,XM,EUR,A,2005-02-16,0.766871,,A,F
"BIS,WS_XRU,1.0",D.XM.EUR.A,D,XM,EUR,A,2005-02-17,0.766812,,A,F
"BIS,WS_XRU,1.0",D.XM.EUR.A,D,XM,EUR,A,2005-02-18,0.76693,,A,F
"BIS,WS_XRU,1.0",D.XM.EUR.A,D,XM,EUR,A,2005-02-21,0.76599,,A,F
"BIS,WS_XRU,1.0",D.XM.EUR.A,D,XM,EUR,A,2005-02-22,0.757978,,A,F
"BIS,WS_XRU,1.0",D.XM.EUR.A,D,XM,EUR,A,2005-02-23,0.757404,,A,F
"BIS,WS_XRU,1.0",D.XM.EUR.A,D,XM,EUR,A,2005-02-24,0.754148,,A,F
"BIS,WS_XRU,1.0",D.XM.EUR.A,D,XM,EUR,A,2005-02-25,0.75959,,A,F
"BIS,WS_XRU,1.0",D.XM.EUR.A,D,XM,EUR,A,2005-02-28,0.754318,,A,F
"BIS,WS_XRU,1.0",D.XM.EUR.A,D,XM,EUR,A,2005-03-01,0.756659,,A,F
"BIS,WS_XRU,1.0",D.XM.EUR.A,D,XM,EUR,A,2005-03-02,0.763301,,A,F
"BIS,WS_XRU,1.0",D.XM.EUR.A,D,XM,EUR,A,2005-03-03,0.760803,,A,F
"BIS,WS_XRU,1.0",D.XM.EUR.A,D,XM,EUR,A,2005-03-04,0.762486,,A,F
"BIS,WS_XRU,1.0",D.XM.EUR.A,D,XM,EUR,A,2005-03-07,0.757748,,A,F
"BIS,WS_XRU,1.0",D.XM.EUR.A,D,XM,EUR,A,2005-03-08,0.754945,,A,F
"BIS,WS_XRU,1.0",D.XM.EUR.A,D,XM,EUR,A,2005-03-09,0.749288,,A,F
"BIS,WS_XRU,1.0",D.XM.EUR.A,D,XM,EUR,A,2005-03-10,0.745768,,A,F
"BIS,WS_XRU,1.0",D.XM.EUR.A,D,XM,EUR,A,2005-03-11,0.745379,,A,F
"BIS,WS_XRU,1.0",D.XM.EUR.A,D,XM,EUR,A,2005-03-14,0.747831,,A,F
"BIS,WS_XRU,1.0",D.XM.EUR.A,D,XM,EUR,A,2005-03-15,0.747217,,A,F
"BIS,WS_XRU,1.0",D.XM.EUR.A,D,XM,EUR,A,2005-03-16,0.747775,,A,F
"BIS,WS_XRU,1.0",D.XM.EUR.A,D,XM,EUR,A,2005-03-17,0.747496,,A,F
"BIS,WS_XRU,1.0",D.XM.EUR.A,D,XM,EUR,A,2005-03-18,0.753069,,A,F
"BIS,WS_XRU,1.0",D.XM.EUR.A,D,XM,EUR,A,2005-03-21,0.757633,,A,F
"BIS,WS_XRU,1.0",D.XM.EUR.A,D,XM,EUR,A,2005-03-22,0.759013,,A,F
"BIS,WS_XRU,1.0",D.XM.EUR.A,D,XM,EUR,A,2005-03-23,0.766284,,A,F
"BIS,WS_XRU,1.0",D.XM.EUR.A,D,XM,EUR,A,2005-03-24,0.770297,,A,F
"BIS,WS_XRU,1.0",D.XM.EUR.A,D,XM,EUR,A,2005-03-25,,,M,F
"BIS,WS_XRU,1.0",D.XM.EUR.A,D,XM,EUR,A,2005-03-28,,,M,F
"BIS,WS_XRU,1.0",D.XM.EUR.A,D,XM,EUR,A,2005-03-29,0.773635,,A,F
"BIS,WS_XRU,1.0",D.XM.EUR.A,D,XM,EUR,A,2005-03-30,0.772618,,A,F
"BIS,WS_XRU,1.0",D.XM.EUR.A,D,XM,EUR,A,2005-03-31,0.771367,,A,F
"BIS,WS_XRU,1.0",D.XM.EUR.A,D,XM,EUR,A,2005-04-01,0.771664,,A,F
"BIS,WS_XRU,1.0",D.XM.EUR.A,D,XM,EUR,A,2005-04-04,0.776217,,A,F
"BIS,WS_XRU,1.0",D.XM.EUR.A,D,XM,EUR,A,2005-04-05,0.78064,,A,F
"BIS,WS_XRU,1.0",D.XM.EUR.A,D,XM,EUR,A,2005-04-06,0.777605,,A,F
"BIS,WS_XRU,1.0",D.XM.EUR.A,D,XM,EUR,A,2005-04-07,0.773814,,A,F
"BIS,WS_XRU,1.0",D.XM.EUR.A,D,XM,EUR,A,2005-04-08,0.780092,,A,F
"BIS,WS_XRU,1.0",D.XM.EUR.A,D,XM,EUR,A,2005-04-11,0.770951,,A,F
"BIS,WS_XRU,1.0",D.XM.EUR.A,D,XM,EUR,A,2005-04-12,0.770119,,A,F
"BIS,WS_XRU,1.0",D.XM.EUR.A,D,XM,EUR,A,2005-04-13,0.773874,,A,F
"BIS,WS_XRU,1.0",D.XM.EUR.A,D,XM,EUR,A,2005-04-14,0.780031,,A,F
"BIS,WS_XRU,1.0",D.XM.EUR.A,D,XM,EUR,A,2005-04-15,0.777122,,A,F
"BIS,WS_XRU,1.0",D.XM.EUR.A,D,XM,EUR,A,2005-04-18,0.771188,,A,F
"BIS,WS_XRU,1.0",D.XM.EUR.A,D,XM,EUR,A,2005-04-19,0.769468,,A,F
"BIS,WS_XRU,1.0",D.XM.EUR.A,D,XM,EUR,A,2005-04-20,0.766342,,A,F
"BIS,WS_XRU,1.0",D.XM.EUR.A,D,XM,EUR,A,2005-04-21,0.765814,,A,F
"BIS,WS_XRU,1.0",D.XM.EUR.A,D,XM,EUR,A,2005-04-22,0.764701,,A,F
"BIS,WS_XRU,1.0",D.XM.EUR.A,D,XM,EUR,A,2005-04-25,0.771248,,A,F
"BIS,WS_XRU,1.0",D.XM.EUR.A,D,XM,EUR,A,2005-04-26,0.770357,,A,F
"BIS,WS_XRU,1.0",D.XM.EUR.A,D,XM,EUR,A,2005-04-27,0.773994,,A,F
"BIS,WS_XRU,1.0",D.XM.EUR.A,D,XM,EUR,A,2005-04-28,0.774893,,A,F
"BIS,WS_XRU,1.0",D.XM.EUR.A,D,XM,EUR,A,2005-04-29,0.771784,,A,F
"BIS,WS_XRU,1.0",D.XM.EUR.A,D,XM,EUR,A,2005-05-02,0.777424,,A,F
"BIS,WS_XRU,1.0",D.XM.EUR.A,D,XM,EUR,A,2005-05-03,0.777847,,A,F
"BIS,WS_XRU,1.0",D.XM.EUR.A,D,XM,EUR,A,2005-05-04,0.772022,,A,F
"BIS,WS_XRU,1.0",D.XM.EUR.A,D,XM,EUR,A,2005-05-05,0.771962,,A,F
"BIS,WS_XRU,1.0",D.XM.EUR.A,D,XM,EUR,A,2005-05-06,0.77238,,A,F
"BIS,WS_XRU,1.0",D.XM.EUR.A,D,XM,EUR,A,2005-05-09,0.779788,,A,F
"BIS,WS_XRU,1.0",D.XM.EUR.A,D,XM,EUR,A,2005-05-10,0.777968,,A,F
"BIS,WS_XRU,1.0",D.XM.EUR.A,D,XM,EUR,A,2005-05-11,0.776277,,A,F
"BIS,WS_XRU,1.0",D.XM.EUR.A,D,XM,EUR,A,2005-05-12,0.783024,,A,F
"BIS,WS_XRU,1.0",D.XM.EUR.A,D,XM,EUR,A,2005-05-13,0.791452,,A,F
"BIS,WS_XRU,1.0",D.XM.EUR.A,D,XM,EUR,A,2005-05-16,0.792644,,A,F
"BIS,WS_XRU,1.0",D.XM.EUR.A,D,XM,EUR,A,2005-05-17,0.79139,,A,F
"BIS,WS_XRU,1.0",D.XM.EUR.A,D,XM,EUR,A,2005-05-18,0.79233,,A,F
"BIS,WS_XRU,1.0",D.XM.EUR.A,D,XM,EUR,A,2005-05-19,0.791014,,A,F
"BIS,WS_XRU,1.0",D.XM.EUR.A,D,XM,EUR,A,2005-05-20,0.79321,,A,F
"BIS,WS_XRU,1.0",D.XM.EUR.A,D,XM,EUR,A,2005-05-23,0.79694,,A,F
"BIS,WS_XRU,1.0",D.XM.EUR.A,D,XM,EUR,A,2005-05-24,0.792581,,A,F
"BIS,WS_XRU,1.0",D.XM.EUR.A,D,XM,EUR,A,2005-05-25,0.795925,,A,F
"BIS,WS_XRU,1.0",D.XM.EUR.A,D,XM,EUR,A,2005-05-26,0.798531,,A,F
"BIS,WS_XRU,1.0",D.XM.EUR.A,D,XM,EUR,A,2005-05-27,0.796749,,A,F
"BIS,WS_XRU,1.0",D.XM.EUR.A,D,XM,EUR,A,2005-05-30,0.801796,,A,F
"BIS,WS_XRU,1.0",D.XM.EUR.A,D,XM,EUR,A,2005-05-31,0.810964,,A,F
"BIS,WS_XRU,1.0",D.XM.EUR.A,D,XM,EUR,A,2005-06-01,0.817795,,A,F
"BIS,WS_XRU,1.0",D.XM.EUR.A,D,XM,EUR,A,2005-06-02,0.815461,,A,F
"BIS,WS_XRU,1.0",D.XM.EUR.A,D,XM,EUR,A,2005-06-03,0.813736,,A,F
"BIS,WS_XRU,1.0",D.XM.EUR.A,D,XM,EUR,A,2005-06-06,0.814863,,A,F
"BIS,WS_XRU,1.0",D.XM.EUR.A,D,XM,EUR,A,2005-06-07,0.814001,,A,F
"BIS,WS_XRU,1.0",D.XM.EUR.A,D,XM,EUR,A,2005-06-08,0.811425,,A,F
"BIS,WS_XRU,1.0",D.XM.EUR.A,D,XM,EUR,A,2005-06-09,0.81706,,A,F
"BIS,WS_XRU,1.0",D.XM.EUR.A,D,XM,EUR,A,2005-06-10,0.817728,,A,F
"BIS,WS_XRU,1.0",D.XM.EUR.A,D,XM,EUR,A,2005-06-13,0.82905,,A,F
"BIS,WS_XRU,1.0",D.XM.EUR.A,D,XM,EUR,A,2005-06-14,0.825764,,A,F
"BIS,WS_XRU,1.0",D.XM.EUR.A,D,XM,EUR,A,2005-06-15,0.828569,,A,F
"BIS,WS_XRU,1.0",D.XM.EUR.A,D,XM,EUR,A,2005-06-16,0.825423,,A,F
"BIS,WS_XRU,1.0",D.XM.EUR.A,D,XM,EUR,A,2005-06-17,0.82122,,A,F
"BIS,WS_XRU,1.0",D.XM.EUR.A,D,XM,EUR,A,2005-06-20,0.819001,,A,F
"BIS,WS_XRU,1.0",D.XM.EUR.A,D,XM,EUR,A,2005-06-21,0.826993,,A,F
"BIS,WS_XRU,1.0",D.XM.EUR.A,D,XM,EUR,A,2005-06-22,0.825696,,A,F
"BIS,WS_XRU,1.0",D.XM.EUR.A,D,XM,EUR,A,2005-06-23,0.828775,,A,F
"BIS,WS_XRU,1.0",D.XM.EUR.A,D,XM,EUR,A,2005-06-24,0.827678,,A,F
"BIS,WS_XRU,1.0",D.XM.EUR.A,D,XM,EUR,A,2005-06-27,0.822098,,A,F
"BIS,WS_XRU,1.0",D.XM.EUR.A,D,XM,EUR,A,2005-06-28,0.826788,,A,F
"BIS,WS_XRU,1.0",D.XM.EUR.A,D,XM,EUR,A,2005-06-29,0.8296,,A,F
"BIS,WS_XRU,1.0",D.XM.EUR.A,D,XM,EUR,A,2005-06-30,0.826993,,A,F
"BIS,WS_XRU,1.0",D.XM.EUR.A,D,XM,EUR,A,2005-07-01,0.827335,,A,F
"BIS,WS_XRU,1.0",D.XM.EUR.A,D,XM,EUR,A,2005-07-04,0.84076,,A,F
"BIS,WS_XRU,1.0",D.XM.EUR.A,D,XM,EUR,A,2005-07-05,0.841538,,A,F
"BIS,WS_XRU,1.0",D.XM.EUR.A,D,XM,EUR,A,2005-07-06,0.839419,,A,F
"BIS,WS_XRU,1.0",D.XM.EUR.A,D,XM,EUR,A,2005-07-07,0.83633,,A,F
"BIS,WS_XRU,1.0",D.XM.EUR.A,D,XM,EUR,A,2005-07-08,0.840054,,A,F
"BIS,WS_XRU,1.0",D.XM.EUR.A,D,XM,EUR,A,2005-07-11,0.832917,,A,F
"BIS,WS_XRU,1.0",D.XM.EUR.A,D,XM,EUR,A,2005-07-12,0.821963,,A,F
"BIS,WS_XRU,1.0",D.XM.EUR.A,D,XM,EUR,A,2005-07-13,0.820749,,A,F
"BIS,WS_XRU,1.0",D.XM.EUR.A,D,XM,EUR,A,2005-07-14,0.828706,,A,F
"BIS,WS_XRU,1.0",D.XM.EUR.A,D,XM,EUR,A,2005-07-15,0.828295,,A,F
"BIS,WS_XRU,1.0",D.XM.EUR.A,D,XM,EUR,A,2005-07-18,0.8296,,A,F
"BIS,WS_XRU,1.0",D.XM.EUR.A,D,XM,EUR,A,2005-07-19,0.835771,,A,F
"BIS,WS_XRU,1.0",D.XM.EUR.A,D,XM,EUR,A,2005-07-20,0.828981,,A,F
"BIS,WS_XRU,1.0",D.XM.EUR.A,D,XM,EUR,A,2005-07-21,0.820546,,A,F
"BIS,WS_XRU,1.0",D.XM.EUR.A,D,XM,EUR,A,2005-07-22,0.82352,,A,F
"BIS,WS_XRU,1.0",D.XM.EUR.A,D,XM,EUR,A,2005-07-25,0.828844,,A,F
"BIS,WS_XRU,1.0",D.XM.EUR.A,D,XM,EUR,A,2005-07-26,0.834237,,A,F
"BIS,WS_XRU,1.0",D.XM.EUR.A,D,XM,EUR,A,2005-07-27,0.834028,,A,F
"BIS,WS_XRU,1.0",D.XM.EUR.A,D,XM,EUR,A,2005-07-28,0.826446,,A,F
"BIS,WS_XRU,1.0",D.XM.EUR.A,D,XM,EUR,A,2005-07-29,0.826925,,A,F
"BIS,WS_XRU,1.0",D.XM.EUR.A,D,XM,EUR,A,2005-08-01,0.818398,,A,F
"BIS,WS_XRU,1.0",D.XM.EUR.A,D,XM,EUR,A,2005-08-02,0.818532,,A,F
"BIS,WS_XRU,1.0",D.XM.EUR.A,D,XM,EUR,A,2005-08-03,0.81248,,A,F
"BIS,WS_XRU,1.0",D.XM.EUR.A,D,XM,EUR,A,2005-08-04,0.811754,,A,F
"BIS,WS_XRU,1.0",D.XM.EUR.A,D,XM,EUR,A,2005-08-05,0.807363,,A,F
"BIS,WS_XRU,1.0",D.XM.EUR.A,D,XM,EUR,A,2005-08-08,0.808407,,A,F
"BIS,WS_XRU,1.0",D.XM.EUR.A,D,XM,EUR,A,2005-08-09,0.808604,,A,F
"BIS,WS_XRU,1.0",D.XM.EUR.A,D,XM,EUR,A,2005-08-10,0.80795,,A,F
"BIS,WS_XRU,1.0",D.XM.EUR.A,D,XM,EUR,A,2005-08-11,0.806127,,A,F
"BIS,WS_XRU,1.0",D.XM.EUR.A,D,XM,EUR,A,2005-08-12,0.802762,,A,F
"BIS,WS_XRU,1.0",D.XM.EUR.A,D,XM,EUR,A,2005-08-15,0.808146,,A,F
"BIS,WS_XRU,1.0",D.XM.EUR.A,D,XM,EUR,A,2005-08-16,0.81215,,A,F
"BIS,WS_XRU,1.0",D.XM.EUR.A,D,XM,EUR,A,2005-08-17,0.813273,,A,F
"BIS,WS_XRU,1.0",D.XM.EUR.A,D,XM,EUR,A,2005-08-18,0.8188,,A,F
"BIS,WS_XRU,1.0",D.XM.EUR.A,D,XM,EUR,A,2005-08-19,0.820816,,A,F
"BIS,WS_XRU,1.0",D.XM.EUR.A,D,XM,EUR,A,2005-08-22,0.817595,,A,F
"BIS,WS_XRU,1.0",D.XM.EUR.A,D,XM,EUR,A,2005-08-23,0.817461,,A,F
"BIS,WS_XRU,1.0",D.XM.EUR.A,D,XM,EUR,A,2005-08-24,0.818934,,A,F
"BIS,WS_XRU,1.0",D.XM.EUR.A,D,XM,EUR,A,2005-08-25,0.814863,,A,F
"BIS,WS_XRU,1.0",D.XM.EUR.A,D,XM,EUR,A,2005-08-26,0.812546,,A,F
"BIS,WS_XRU,1.0",D.XM.EUR.A,D,XM,EUR,A,2005-08-29,0.813736,,A,F
"BIS,WS_XRU,1.0",D.XM.EUR.A,D,XM,EUR,A,2005-08-30,0.820951,,A,F
"BIS,WS_XRU,1.0",D.XM.EUR.A,D,XM,EUR,A,2005-08-31,0.819807,,A,F
"BIS,WS_XRU,1.0",D.XM.EUR.A,D,XM,EUR,A,2005-09-01,0.807233,,A,F
"BIS,WS_XRU,1.0",D.XM.EUR.A,D,XM,EUR,A,2005-09-02,0.797385,,A,F
"BIS,WS_XRU,1.0",D.XM.EUR.A,D,XM,EUR,A,2005-09-05,0.797575,,A,F
"BIS,WS_XRU,1.0",D.XM.EUR.A,D,XM,EUR,A,2005-09-06,0.801089,,A,F
"BIS,WS_XRU,1.0",D.XM.EUR.A,D,XM,EUR,A,2005-09-07,0.803148,,A,F
"BIS,WS_XRU,1.0",D.XM.EUR.A,D,XM,EUR,A,2005-09-08,0.805283,,A,F
"BIS,WS_XRU,1.0",D.XM.EUR.A,D,XM,EUR,A,2005-09-09,0.805477,,A,F
"BIS,WS_XRU,1.0",D.XM.EUR.A,D,XM,EUR,A,2005-09-12,0.81215,,A,F
"BIS,WS_XRU,1.0",D.XM.EUR.A,D,XM,EUR,A,2005-09-13,0.814598,,A,F
"BIS,WS_XRU,1.0",D.XM.EUR.A,D,XM,EUR,A,2005-09-14,0.812084,,A,F
"BIS,WS_XRU,1.0",D.XM.EUR.A,D,XM,EUR,A,2005-09-15,0.81813,,A,F
"BIS,WS_XRU,1.0",D.XM.EUR.A,D,XM,EUR,A,2005-09-16,0.816793,,A,F
"BIS,WS_XRU,1.0",D.XM.EUR.A,D,XM,EUR,A,2005-09-19,0.823791,,A,F
"BIS,WS_XRU,1.0",D.XM.EUR.A,D,XM,EUR,A,2005-09-20,0.822774,,A,F
"BIS,WS_XRU,1.0",D.XM.EUR.A,D,XM,EUR,A,2005-09-21,0.817996,,A,F
"BIS,WS_XRU,1.0",D.XM.EUR.A,D,XM,EUR,A,2005-09-22,0.818063,,A,F
"BIS,WS_XRU,1.0",D.XM.EUR.A,D,XM,EUR,A,2005-09-23,0.825219,,A,F
"BIS,WS_XRU,1.0",D.XM.EUR.A,D,XM,EUR,A,2005-09-26,0.831186,,A,F
"BIS,WS_XRU,1.0",D.XM.EUR.A,D,XM,EUR,A,2005-09-27,0.832986,,A,F
"BIS,WS_XRU,1.0",D.XM.EUR.A,D,XM,EUR,A,2005-09-28,0.830772,,A,F
"BIS,WS_XRU,1.0",D.XM.EUR.A,D,XM,EUR,A,2005-09-29,0.828981,,A,F
"BIS,WS_XRU,1.0",D.XM.EUR.A,D,XM,EUR,A,2005-09-30,0.830427,,A,F
"BIS,WS_XRU,1.0",D.XM.EUR.A,D,XM,EUR,A,2005-10-03,0.838012,,A,F
"BIS,WS_XRU,1.0",D.XM.EUR.A,D,XM,EUR,A,2005-10-04,0.837661,,A,F
"BIS,WS_XRU,1.0",D.XM.EUR.A,D,XM,EUR,A,2005-10-05,0.83703,,A,F
"BIS,WS_XRU,1.0",D.XM.EUR.A,D,XM,EUR,A,2005-10-06,0.829119,,A,F
"BIS,WS_XRU,1.0",D.XM.EUR.A,D,XM,EUR,A,2005-10-07,0.823452,,A,F
"BIS,WS_XRU,1.0",D.XM.EUR.A,D,XM,EUR,A,2005-10-10,0.827267,,A,F
"BIS,WS_XRU,1.0",D.XM.EUR.A,D,XM,EUR,A,2005-10-11,0.831808,,A,F
"BIS,WS_XRU,1.0",D.XM.EUR.A,D,XM,EUR,A,2005-10-12,0.832778,,A,F
"BIS,WS_XRU,1.0",D.XM.EUR.A,D,XM,EUR,A,2005-10-13,0.834725,,A,F
"BIS,WS_XRU,1.0",D.XM.EUR.A,D,XM,EUR,A,2005-10-14,0.833403,,A,F
"BIS,WS_XRU,1.0",D.XM.EUR.A,D,XM,EUR,A,2005-10-17,0.831808,,A,F
"BIS,WS_XRU,1.0",D.XM.EUR.A,D,XM,EUR,A,2005-10-18,0.837731,,A,F
"BIS,WS_XRU,1.0",D.XM.EUR.A,D,XM,EUR,A,2005-10-19,0.83682,,A,F
"BIS,WS_XRU,1.0",D.XM.EUR.A,D,XM,EUR,A,2005-10-20,0.83661,,A,F
"BIS,WS_XRU,1.0",D.XM.EUR.A,D,XM,EUR,A,2005-10-21,0.832501,,A,F
"BIS,WS_XRU,1.0",D.XM.EUR.A,D,XM,EUR,A,2005-10-24,0.83724,,A,F
"BIS,WS_XRU,1.0",D.XM.EUR.A,D,XM,EUR,A,2005-10-25,0.832154,,A,F
"BIS,WS_XRU,1.0",D.XM.EUR.A,D,XM,EUR,A,2005-10-26,0.829256,,A,F
"BIS,WS_XRU,1.0",D.XM.EUR.A,D,XM,EUR,A,2005-10-27,0.824402,,A,F
"BIS,WS_XRU,1.0",D.XM.EUR.A,D,XM,EUR,A,2005-10-28,0.823859,,A,F
"BIS,WS_XRU,1.0",D.XM.EUR.A,D,XM,EUR,A,2005-10-31,0.831739,,A,F
"BIS,WS_XRU,1.0",D.XM.EUR.A,D,XM,EUR,A,2005-11-01,0.832778,,A,F
"BIS,WS_XRU,1.0",D.XM.EUR.A,D,XM,EUR,A,2005-11-02,0.833889,,A,F
"BIS,WS_XRU,1.0",D.XM.EUR.A,D,XM,EUR,A,2005-11-03,0.830496,,A,F
"BIS,WS_XRU,1.0",D.XM.EUR.A,D,XM,EUR,A,2005-11-04,0.838012,,A,F
"BIS,WS_XRU,1.0",D.XM.EUR.A,D,XM,EUR,A,2005-11-07,0.845737,,A,F
"BIS,WS_XRU,1.0",D.XM.EUR.A,D,XM,EUR,A,2005-11-08,0.851716,,A,F
"BIS,WS_XRU,1.0",D.XM.EUR.A,D,XM,EUR,A,2005-11-09,0.851934,,A,F
"BIS,WS_XRU,1.0",D.XM.EUR.A,D,XM,EUR,A,2005-11-10,0.850196,,A,F
"BIS,WS_XRU,1.0",D.XM.EUR.A,D,XM,EUR,A,2005-11-11,0.85492,,A,F
"BIS,WS_XRU,1.0",D.XM.EUR.A,D,XM,EUR,A,2005-11-14,0.853752,,A,F
"BIS,WS_XRU,1.0",D.XM.EUR.A,D,XM,EUR,A,2005-11-15,0.857118,,A,F
"BIS,WS_XRU,1.0",D.XM.EUR.A,D,XM,EUR,A,2005-11-16,0.856384,,A,F
"BIS,WS_XRU,1.0",D.XM.EUR.A,D,XM,EUR,A,2005-11-17,0.855286,,A,F
"BIS,WS_XRU,1.0",D.XM.EUR.A,D,XM,EUR,A,2005-11-18,0.856238,,A,F
"BIS,WS_XRU,1.0",D.XM.EUR.A,D,XM,EUR,A,2005-11-21,0.846668,,A,F
"BIS,WS_XRU,1.0",D.XM.EUR.A,D,XM,EUR,A,2005-11-22,0.854628,,A,F
"BIS,WS_XRU,1.0",D.XM.EUR.A,D,XM,EUR,A,2005-11-23,0.849185,,A,F
"BIS,WS_XRU,1.0",D.XM.EUR.A,D,XM,EUR,A,2005-11-24,0.84868,,A,F
"BIS,WS_XRU,1.0",D.XM.EUR.A,D,XM,EUR,A,2005-11-25,0.850123,,A,F
"BIS,WS_XRU,1.0",D.XM.EUR.A,D,XM,EUR,A,2005-11-28,0.852806,,A,F
"BIS,WS_XRU,1.0",D.XM.EUR.A,D,XM,EUR,A,2005-11-29,0.847961,,A,F
"BIS,WS_XRU,1.0",D.XM.EUR.A,D,XM,EUR,A,2005-11-30,0.84969,,A,F
"BIS,WS_XRU,1.0",D.XM.EUR.A,D,XM,EUR,A,2005-12-01,0.851426,,A,F
"BIS,WS_XRU,1.0",D.XM.EUR.A,D,XM,EUR,A,2005-12-02,0.85492,,A,F
"BIS,WS_XRU,1.0",D.XM.EUR.A,D,XM,EUR,A,2005-12-05,0.849834,,A,F
"BIS,WS_XRU,1.0",D.XM.EUR.A,D,XM,EUR,A,2005-12-06,0.84868,,A,F
"BIS,WS_XRU,1.0",D.XM.EUR.A,D,XM,EUR,A,2005-12-07,0.853971,,A,F
"BIS,WS_XRU,1.0",D.XM.EUR.A,D,XM,EUR,A,2005-12-08,0.850051,,A,F
"BIS,WS_XRU,1.0",D.XM.EUR.A,D,XM,EUR,A,2005-12-09,0.848536,,A,F
"BIS,WS_XRU,1.0",D.XM.EUR.A,D,XM,EUR,A,2005-12-12,0.838574,,A,F
"BIS,WS_XRU,1.0",D.XM.EUR.A,D,XM,EUR,A,2005-12-13,0.838574,,A,F
"BIS,WS_XRU,1.0",D.XM.EUR.A,D,XM,EUR,A,2005-12-14,0.831947,,A,F
"BIS,WS_XRU,1.0",D.XM.EUR.A,D,XM,EUR,A,2005-12-15,0.833403,,A,F
"BIS,WS_XRU,1.0",D.XM.EUR.A,D,XM,EUR,A,2005-12-16,0.834516,,A,F
"BIS,WS_XRU,1.0",D.XM.EUR.A,D,XM,EUR,A,2005-12-19,0.834934,,A,F
"BIS,WS_XRU,1.0",D.XM.EUR.A,D,XM,EUR,A,2005-12-20,0.83647,,A,F
"BIS,WS_XRU,1.0",D.XM.EUR.A,D,XM,EUR,A,2005-12-21,0.842318,,A,F
"BIS,WS_XRU,1.0",D.XM.EUR.A,D,XM,EUR,A,2005-12-22,0.845881,,A,F
"BIS,WS_XRU,1.0",D.XM.EUR.A,D,XM,EUR,A,2005-12-23,0.843241,,A,F
"BIS,WS_XRU,1.0",D.XM.EUR.A,D,XM,EUR,A,2005-12-26,,,M,F
"BIS,WS_XRU,1.0",D.XM.EUR.A,D,XM,EUR,A,2005-12-27,0.843739,,A,F
"BIS,WS_XRU,1.0",D.XM.EUR.A,D,XM,EUR,A,2005-12-28,0.839208,,A,F
"BIS,WS_XRU,1.0",D.XM.EUR.A,D,XM,EUR,A,2005-12-29,0.845666,,A,F
"BIS,WS_XRU,1.0",D.XM.EUR.A,D,XM,EUR,A,2005-12-30,0.847673,,A,F
"BIS,WS_XRU,1.0",D.XM.EUR.A,D,XM,EUR,A,2006-01-02,0.845594,,A,F
"BIS,WS_XRU,1.0",D.XM.EUR.A,D,XM,EUR,A,2006-01-03,0.842105,,A,F
"BIS,WS_XRU,1.0",D.XM.EUR.A,D,XM,EUR,A,2006-01-04,0.827609,,A,F
"BIS,WS_XRU,1.0",D.XM.EUR.A,D,XM,EUR,A,2006-01-05,0.827267,,A,F
"BIS,WS_XRU,1.0",D.XM.EUR.A,D,XM,EUR,A,2006-01-06,0.826925,,A,F
"BIS,WS_XRU,1.0",D.XM.EUR.A,D,XM,EUR,A,2006-01-09,0.827952,,A,F
"BIS,WS_XRU,1.0",D.XM.EUR.A,D,XM,EUR,A,2006-01-10,0.828912,,A,F
"BIS,WS_XRU,1.0",D.XM.EUR.A,D,XM,EUR,A,2006-01-11,0.827267,,A,F
"BIS,WS_XRU,1.0",D.XM.EUR.A,D,XM,EUR,A,2006-01-12,0.825559,,A,F
"BIS,WS_XRU,1.0",D.XM.EUR.A,D,XM,EUR,A,2006-01-13,0.830634,,A,F
"BIS,WS_XRU,1.0",D.XM.EUR.A,D,XM,EUR,A,2006-01-16,0.825627,,A,F
"BIS,WS_XRU,1.0",D.XM.EUR.A,D,XM,EUR,A,2006-01-17,0.828157,,A,F
"BIS,WS_XRU,1.0",D.XM.EUR.A,D,XM,EUR,A,2006-01-18,0.824742,,A,F
"BIS,WS_XRU,1.0",D.XM.EUR.A,D,XM,EUR,A,2006-01-19,0.828295,,A,F
"BIS,WS_XRU,1.0",D.XM.EUR.A,D,XM,EUR,A,2006-01-20,0.828638,,A,F
"BIS,WS_XRU,1.0",D.XM.EUR.A,D,XM,EUR,A,2006-01-23,0.814531,,A,F
"BIS,WS_XRU,1.0",D.XM.EUR.A,D,XM,EUR,A,2006-01-24,0.814863,,A,F
"BIS,WS_XRU,1.0",D.XM.EUR.A,D,XM,EUR,A,2006-01-25,0.813405,,A,F
"BIS,WS_XRU,1.0",D.XM.EUR.A,D,XM,EUR,A,2006-01-26,0.81606,,A,F
"BIS,WS_XRU,1.0",D.XM.EUR.A,D,XM,EUR,A,2006-01-27,0.821558,,A,F
"BIS,WS_XRU,1.0",D.XM.EUR.A,D,XM,EUR,A,2006-01-30,0.827678,,A,F
"BIS,WS_XRU,1.0",D.XM.EUR.A,D,XM,EUR,A,2006-01-31,0.825219,,A,F
"BIS,WS_XRU,1.0",D.XM.EUR.A,D,XM,EUR,A,2006-02-01,0.826993,,A,F
"BIS,WS_XRU,1.0",D.XM.EUR.A,D,XM,EUR,A,2006-02-02,0.828775,,A,F
"BIS,WS_XRU,1.0",D.XM.EUR.A,D,XM,EUR,A,2006-02-03,0.829119,,A,F
"BIS,WS_XRU,1.0",D.XM.EUR.A,D,XM,EUR,A,2006-02-06,0.834655,,A,F
"BIS,WS_XRU,1.0",D.XM.EUR.A,D,XM,EUR,A,2006-02-07,0.835213,,A,F
"BIS,WS_XRU,1.0",D.XM.EUR.A,D,XM,EUR,A,2006-02-08,0.83696,,A,F
"BIS,WS_XRU,1.0",D.XM.EUR.A,D,XM,EUR,A,2006-02-09,0.835282,,A,F
"BIS,WS_XRU,1.0",D.XM.EUR.A,D,XM,EUR,A,2006-02-10,0.835422,,A,F
"BIS,WS_XRU,1.0",D.XM.EUR.A,D,XM,EUR,A,2006-02-13,0.841184,,A,F
"BIS,WS_XRU,1.0",D.XM.EUR.A,D,XM,EUR,A,2006-02-14,0.840477,,A,F
"BIS,WS_XRU,1.0",D.XM.EUR.A,D,XM,EUR,A,2006-02-15,0.840054,,A,F
"BIS,WS_XRU,1.0",D.XM.EUR.A,D,XM,EUR,A,2006-02-16,0.843313,,A,F
"BIS,WS_XRU,1.0",D.XM.EUR.A,D,XM,EUR,A,2006-02-17,0.842957,,A,F
"BIS,WS_XRU,1.0",D.XM.EUR.A,D,XM,EUR,A,2006-02-20,0.838082,,A,F
"BIS,WS_XRU,1.0",D.XM.EUR.A,D,XM,EUR,A,2006-02-21,0.839913,,A,F
"BIS,WS_XRU,1.0",D.XM.EUR.A,D,XM,EUR,A,2006-02-22,0.842105,,A,F
"BIS,WS_XRU,1.0",D.XM.EUR.A,D,XM,EUR,A,2006-02-23,0.83633,,A,F
"BIS,WS_XRU,1.0",D.XM.EUR.A,D,XM,EUR,A,2006-02-24,0.840619,,A,F
"BIS,WS_XRU,1.0",D.XM.EUR.A,D,XM,EUR,A,2006-02-27,0.843739,,A,F
"BIS,WS_XRU,1.0",D.XM.EUR.A,D,XM,EUR,A,2006-02-28,0.842105,,A,F
"BIS,WS_XRU,1.0",D.XM.EUR.A,D,XM,EUR,A,2006-03-01,0.83654,,A,F
"BIS,WS_XRU,1.0",D.XM.EUR.A,D,XM,EUR,A,2006-03-02,0.838856,,A,F
"BIS,WS_XRU,1.0",D.XM.EUR.A,D,XM,EUR,A,2006-03-03,0.831947,,A,F
"BIS,WS_XRU,1.0",D.XM.EUR.A,D,XM,EUR,A,2006-03-06,0.832154,,A,F
"BIS,WS_XRU,1.0",D.XM.EUR.A,D,XM,EUR,A,2006-03-07,0.839419,,A,F
"BIS,WS_XRU,1.0",D.XM.EUR.A,D,XM,EUR,A,2006-03-08,0.839349,,A,F
"BIS,WS_XRU,1.0",D.XM.EUR.A,D,XM,EUR,A,2006-03-09,0.838926,,A,F
"BIS,WS_XRU,1.0",D.XM.EUR.A,D,XM,EUR,A,2006-03-10,0.838997,,A,F
"BIS,WS_XRU,1.0",D.XM.EUR.A,D,XM,EUR,A,2006-03-13,0.838785,,A,F
"BIS,WS_XRU,1.0",D.XM.EUR.A,D,XM,EUR,A,2006-03-14,0.83696,,A,F
"BIS,WS_XRU,1.0",D.XM.EUR.A,D,XM,EUR,A,2006-03-15,0.831532,,A,F
"BIS,WS_XRU,1.0",D.XM.EUR.A,D,XM,EUR,A,2006-03-16,0.828569,,A,F
"BIS,WS_XRU,1.0",D.XM.EUR.A,D,XM,EUR,A,2006-03-17,0.820681,,A,F
"BIS,WS_XRU,1.0",D.XM.EUR.A,D,XM,EUR,A,2006-03-20,0.821423,,A,F
"BIS,WS_XRU,1.0",D.XM.EUR.A,D,XM,EUR,A,2006-03-21,0.823452,,A,F
"BIS,WS_XRU,1.0",D.XM.EUR.A,D,XM,EUR,A,2006-03-22,0.828569,,A,F
"BIS,WS_XRU,1.0",D.XM.EUR.A,D,XM,EUR,A,2006-03-23,0.829531,,A,F
"BIS,WS_XRU,1.0",D.XM.EUR.A,D,XM,EUR,A,2006-03-24,0.835492,,A,F
"BIS,WS_XRU,1.0",D.XM.EUR.A,D,XM,EUR,A,2006-03-27,0.831601,,A,F
"BIS,WS_XRU,1.0",D.XM.EUR.A,D,XM,EUR,A,2006-03-28,0.827541,,A,F
"BIS,WS_XRU,1.0",D.XM.EUR.A,D,XM,EUR,A,2006-03-29,0.832501,,A,F
"BIS,WS_XRU,1.0",D.XM.EUR.A,D,XM,EUR,A,2006-03-30,0.82672,,A,F
"BIS,WS_XRU,1.0",D.XM.EUR.A,D,XM,EUR,A,2006-03-31,0.826173,,A,F
"BIS,WS_XRU,1.0",D.XM.EUR.A,D,XM,EUR,A,2006-04-03,0.828981,,A,F
"BIS,WS_XRU,1.0",D.XM.EUR.A,D,XM,EUR,A,2006-04-04,0.818532,,A,F
"BIS,WS_XRU,1.0",D.XM.EUR.A,D,XM,EUR,A,2006-04-05,0.815528,,A,F
"BIS,WS_XRU,1.0",D.XM.EUR.A,D,XM,EUR,A,2006-04-06,0.812216,,A,F
"BIS,WS_XRU,1.0",D.XM.EUR.A,D,XM,EUR,A,2006-04-07,0.821085,,A,F
"BIS,WS_XRU,1.0",D.XM.EUR.A,D,XM,EUR,A,2006-04-10,0.826515,,A,F
"BIS,WS_XRU,1.0",D.XM.EUR.A,D,XM,EUR,A,2006-04-11,0.826105,,A,F
"BIS,WS_XRU,1.0",D.XM.EUR.A,D,XM,EUR,A,2006-04-12,0.824742,,A,F
"BIS,WS_XRU,1.0",D.XM.EUR.A,D,XM,EUR,A,2006-04-13,0.826856,,A,F
"BIS,WS_XRU,1.0",D.XM.EUR.A,D,XM,EUR,A,2006-04-14,,,M,F
"BIS,WS_XRU,1.0",D.XM.EUR.A,D,XM,EUR,A,2006-04-17,,,M,F
"BIS,WS_XRU,1.0",D.XM.EUR.A,D,XM,EUR,A,2006-04-18,0.816193,,A,F
"BIS,WS_XRU,1.0",D.XM.EUR.A,D,XM,EUR,A,2006-04-19,0.809979,,A,F
"BIS,WS_XRU,1.0",D.XM.EUR.A,D,XM,EUR,A,2006-04-20,0.809979,,A,F
"BIS,WS_XRU,1.0",D.XM.EUR.A,D,XM,EUR,A,2006-04-21,0.812018,,A,F
"BIS,WS_XRU,1.0",D.XM.EUR.A,D,XM,EUR,A,2006-04-24,0.808734,,A,F
"BIS,WS_XRU,1.0",D.XM.EUR.A,D,XM,EUR,A,2006-04-25,0.804829,,A,F
"BIS,WS_XRU,1.0",D.XM.EUR.A,D,XM,EUR,A,2006-04-26,0.804829,,A,F
"BIS,WS_XRU,1.0",D.XM.EUR.A,D,XM,EUR,A,2006-04-27,0.805542,,A,F
"BIS,WS_XRU,1.0",D.XM.EUR.A,D,XM,EUR,A,2006-04-28,0.797639,,A,F
"BIS,WS_XRU,1.0",D.XM.EUR.A,D,XM,EUR,A,2006-05-01,,,M,F
"BIS,WS_XRU,1.0",D.XM.EUR.A,D,XM,EUR,A,2006-05-02,0.790952,,A,F
"BIS,WS_XRU,1.0",D.XM.EUR.A,D,XM,EUR,A,2006-05-03,0.792267,,A,F
"BIS,WS_XRU,1.0",D.XM.EUR.A,D,XM,EUR,A,2006-05-04,0.794155,,A,F
"BIS,WS_XRU,1.0",D.XM.EUR.A,D,XM,EUR,A,2006-05-05,0.788146,,A,F
"BIS,WS_XRU,1.0",D.XM.EUR.A,D,XM,EUR,A,2006-05-08,0.783945,,A,F
"BIS,WS_XRU,1.0",D.XM.EUR.A,D,XM,EUR,A,2006-05-09,0.787588,,A,F
"BIS,WS_XRU,1.0",D.XM.EUR.A,D,XM,EUR,A,2006-05-10,0.782534,,A,F
"BIS,WS_XRU,1.0",D.XM.EUR.A,D,XM,EUR,A,2006-05-11,0.786411,,A,F
"BIS,WS_XRU,1.0",D.XM.EUR.A,D,XM,EUR,A,2006-05-12,0.774353,,A,F
"BIS,WS_XRU,1.0",D.XM.EUR.A,D,XM,EUR,A,2006-05-15,0.779666,,A,F
"BIS,WS_XRU,1.0",D.XM.EUR.A,D,XM,EUR,A,2006-05-16,0.780214,,A,F
"BIS,WS_XRU,1.0",D.XM.EUR.A,D,XM,EUR,A,2006-05-17,0.776277,,A,F
"BIS,WS_XRU,1.0",D.XM.EUR.A,D,XM,EUR,A,2006-05-18,0.783085,,A,F
"BIS,WS_XRU,1.0",D.XM.EUR.A,D,XM,EUR,A,2006-05-19,0.783269,,A,F
"BIS,WS_XRU,1.0",D.XM.EUR.A,D,XM,EUR,A,2006-05-22,0.784129,,A,F
"BIS,WS_XRU,1.0",D.XM.EUR.A,D,XM,EUR,A,2006-05-23,0.778756,,A,F
"BIS,WS_XRU,1.0",D.XM.EUR.A,D,XM,EUR,A,2006-05-24,0.77815,,A,F
"BIS,WS_XRU,1.0",D.XM.EUR.A,D,XM,EUR,A,2006-05-25,0.784006,,A,F
"BIS,WS_XRU,1.0",D.XM.EUR.A,D,XM,EUR,A,2006-05-26,0.781433,,A,F
"BIS,WS_XRU,1.0",D.XM.EUR.A,D,XM,EUR,A,2006-05-29,0.783822,,A,F
"BIS,WS_XRU,1.0",D.XM.EUR.A,D,XM,EUR,A,2006-05-30,0.778877,,A,F
"BIS,WS_XRU,1.0",D.XM.EUR.A,D,XM,EUR,A,2006-05-31,0.777122,,A,F
"BIS,WS_XRU,1.0",D.XM.EUR.A,D,XM,EUR,A,2006-06-01,0.785176,,A,F
"BIS,WS_XRU,1.0",D.XM.EUR.A,D,XM,EUR,A,2006-06-02,0.780336,,A,F
"BIS,WS_XRU,1.0",D.XM.EUR.A,D,XM,EUR,A,2006-06-05,0.771724,,A,F
"BIS,WS_XRU,1.0",D.XM.EUR.A,D,XM,EUR,A,2006-06-06,0.778392,,A,F
"BIS,WS_XRU,1.0",D.XM.EUR.A,D,XM,EUR,A,2006-06-07,0.781922,,A,F
"BIS,WS_XRU,1.0",D.XM.EUR.A,D,XM,EUR,A,2006-06-08,0.785238,,A,F
"BIS,WS_XRU,1.0",D.XM.EUR.A,D,XM,EUR,A,2006-06-09,0.789952,,A,F
"BIS,WS_XRU,1.0",D.XM.EUR.A,D,XM,EUR,A,2006-06-12,0.795418,,A,F
"BIS,WS_XRU,1.0",D.XM.EUR.A,D,XM,EUR,A,2006-06-13,0.795482,,A,F
"BIS,WS_XRU,1.0",D.XM.EUR.A,D,XM,EUR,A,2006-06-14,0.795988,,A,F
"BIS,WS_XRU,1.0",D.XM.EUR.A,D,XM,EUR,A,2006-06-15,0.793021,,A,F
"BIS,WS_XRU,1.0",D.XM.EUR.A,D,XM,EUR,A,2006-06-16,0.790451,,A,F
"BIS,WS_XRU,1.0",D.XM.EUR.A,D,XM,EUR,A,2006-06-19,0.794218,,A,F
"BIS,WS_XRU,1.0",D.XM.EUR.A,D,XM,EUR,A,2006-06-20,0.797067,,A,F
"BIS,WS_XRU,1.0",D.XM.EUR.A,D,XM,EUR,A,2006-06-21,0.79164,,A,F
"BIS,WS_XRU,1.0",D.XM.EUR.A,D,XM,EUR,A,2006-06-22,0.794786,,A,F
"BIS,WS_XRU,1.0",D.XM.EUR.A,D,XM,EUR,A,2006-06-23,0.799872,,A,F
"BIS,WS_XRU,1.0",D.XM.EUR.A,D,XM,EUR,A,2006-06-26,0.796115,,A,F
"BIS,WS_XRU,1.0",D.XM.EUR.A,D,XM,EUR,A,2006-06-27,0.795735,,A,F
"BIS,WS_XRU,1.0",D.XM.EUR.A,D,XM,EUR,A,2006-06-28,0.795545,,A,F
"BIS,WS_XRU,1.0",D.XM.EUR.A,D,XM,EUR,A,2006-06-29,0.798148,,A,F
"BIS,WS_XRU,1.0",D.XM.EUR.A,D,XM,EUR,A,2006-06-30,0.786596,,A,F
"BIS,WS_XRU,1.0",D.XM.EUR.A,D,XM,EUR,A,2006-07-03,0.781861,,A,F
"BIS,WS_XRU,1.0",D.XM.EUR.A,D,XM,EUR,A,2006-07-04,0.7818,,A,F
"BIS,WS_XRU,1.0",D.XM.EUR.A,D,XM,EUR,A,2006-07-05,0.781616,,A,F
"BIS,WS_XRU,1.0",D.XM.EUR.A,D,XM,EUR,A,2006-07-06,0.785238,,A,F
"BIS,WS_XRU,1.0",D.XM.EUR.A,D,XM,EUR,A,2006-07-07,0.782595,,A,F
"BIS,WS_XRU,1.0",D.XM.EUR.A,D,XM,EUR,A,2006-07-10,0.784191,,A,F
"BIS,WS_XRU,1.0",D.XM.EUR.A,D,XM,EUR,A,2006-07-11,0.785176,,A,F
"BIS,WS_XRU,1.0",D.XM.EUR.A,D,XM,EUR,A,2006-07-12,0.78604,,A,F
"BIS,WS_XRU,1.0",D.XM.EUR.A,D,XM,EUR,A,2006-07-13,0.787898,,A,F
"BIS,WS_XRU,1.0",D.XM.EUR.A,D,XM,EUR,A,2006-07-14,0.789515,,A,F
"BIS,WS_XRU,1.0",D.XM.EUR.A,D,XM,EUR,A,2006-07-17,0.797385,,A,F
"BIS,WS_XRU,1.0",D.XM.EUR.A,D,XM,EUR,A,2006-07-18,0.798021,,A,F
"BIS,WS_XRU,1.0",D.XM.EUR.A,D,XM,EUR,A,2006-07-19,0.801154,,A,F
"BIS,WS_XRU,1.0",D.XM.EUR.A,D,XM,EUR,A,2006-07-20,0.790952,,A,F
"BIS,WS_XRU,1.0",D.XM.EUR.A,D,XM,EUR,A,2006-07-21,0.788644,,A,F
"BIS,WS_XRU,1.0",D.XM.EUR.A,D,XM,EUR,A,2006-07-24,0.791578,,A,F
"BIS,WS_XRU,1.0",D.XM.EUR.A,D,XM,EUR,A,2006-07-25,0.79139,,A,F
"BIS,WS_XRU,1.0",D.XM.EUR.A,D,XM,EUR,A,2006-07-26,0.79447,,A,F
"BIS,WS_XRU,1.0",D.XM.EUR.A,D,XM,EUR,A,2006-07-27,0.785114,,A,F
"BIS,WS_XRU,1.0",D.XM.EUR.A,D,XM,EUR,A,2006-07-28,0.78964,,A,F
"BIS,WS_XRU,1.0",D.XM.EUR.A,D,XM,EUR,A,2006-07-31,0.783269,,A,F
"BIS,WS_XRU,1.0",D.XM.EUR.A,D,XM,EUR,A,2006-08-01,0.78376,,A,F
"BIS,WS_XRU,1.0",D.XM.EUR.A,D,XM,EUR,A,2006-08-02,0.781372,,A,F
"BIS,WS_XRU,1.0",D.XM.EUR.A,D,XM,EUR,A,2006-08-03,0.782411,,A,F
"BIS,WS_XRU,1.0",D.XM.EUR.A,D,XM,EUR,A,2006-08-04,0.781739,,A,F
"BIS,WS_XRU,1.0",D.XM.EUR.A,D,XM,EUR,A,2006-08-07,0.77821,,A,F
"BIS,WS_XRU,1.0",D.XM.EUR.A,D,XM,EUR,A,2006-08-08,0.778877,,A,F
"BIS,WS_XRU,1.0",D.XM.EUR.A,D,XM,EUR,A,2006-08-09,0.776458,,A,F
"BIS,WS_XRU,1.0",D.XM.EUR.A,D,XM,EUR,A,2006-08-10,0.777786,,A,F
"BIS,WS_XRU,1.0",D.XM.EUR.A,D,XM,EUR,A,2006-08-11,0.782779,,A,F
"BIS,WS_XRU,1.0",D.XM.EUR.A,D,XM,EUR,A,2006-08-14,0.786287,,A,F
"BIS,WS_XRU,1.0",D.XM.EUR.A,D,XM,EUR,A,2006-08-15,0.785855,,A,F
"BIS,WS_XRU,1.0",D.XM.EUR.A,D,XM,EUR,A,2006-08-16,0.781677,,A,F
"BIS,WS_XRU,1.0",D.XM.EUR.A,D,XM,EUR,A,2006-08-17,0.776458,,A,F
"BIS,WS_XRU,1.0",D.XM.EUR.A,D,XM,EUR,A,2006-08-18,0.781128,,A,F
"BIS,WS_XRU,1.0",D.XM.EUR.A,D,XM,EUR,A,2006-08-21,0.774054,,A,F
"BIS,WS_XRU,1.0",D.XM.EUR.A,D,XM,EUR,A,2006-08-22,0.780518,,A,F
"BIS,WS_XRU,1.0",D.XM.EUR.A,D,XM,EUR,A,2006-08-23,0.780518,,A,F
"BIS,WS_XRU,1.0",D.XM.EUR.A,D,XM,EUR,A,2006-08-24,0.779362,,A,F
"BIS,WS_XRU,1.0",D.XM.EUR.A,D,XM,EUR,A,2006-08-25,0.783576,,A,F
"BIS,WS_XRU,1.0",D.XM.EUR.A,D,XM,EUR,A,2006-08-28,0.78125,,A,F
"BIS,WS_XRU,1.0",D.XM.EUR.A,D,XM,EUR,A,2006-08-29,0.780762,,A,F
"BIS,WS_XRU,1.0",D.XM.EUR.A,D,XM,EUR,A,2006-08-30,0.780153,,A,F
"BIS,WS_XRU,1.0",D.XM.EUR.A,D,XM,EUR,A,2006-08-31,0.77815,,A,F
"BIS,WS_XRU,1.0",D.XM.EUR.A,D,XM,EUR,A,2006-09-01,0.780214,,A,F
"BIS,WS_XRU,1.0",D.XM.EUR.A,D,XM,EUR,A,2006-09-04,0.778089,,A,F
"BIS,WS_XRU,1.0",D.XM.EUR.A,D,XM,EUR,A,2006-09-05,0.78064,,A,F
"BIS,WS_XRU,1.0",D.XM.EUR.A,D,XM,EUR,A,2006-09-06,0.781677,,A,F
"BIS,WS_XRU,1.0",D.XM.EUR.A,D,XM,EUR,A,2006-09-07,0.785484,,A,F
"BIS,WS_XRU,1.0",D.XM.EUR.A,D,XM,EUR,A,2006-09-08,0.786596,,A,F
"BIS,WS_XRU,1.0",D.XM.EUR.A,D,XM,EUR,A,2006-09-11,0.786596,,A,F
"BIS,WS_XRU,1.0",D.XM.EUR.A,D,XM,EUR,A,2006-09-12,0.786844,,A,F
"BIS,WS_XRU,1.0",D.XM.EUR.A,D,XM,EUR,A,2006-09-13,0.78883,,A,F
"BIS,WS_XRU,1.0",D.XM.EUR.A,D,XM,EUR,A,2006-09-14,0.785978,,A,F
"BIS,WS_XRU,1.0",D.XM.EUR.A,D,XM,EUR,A,2006-09-15,0.788955,,A,F
"BIS,WS_XRU,1.0",D.XM.EUR.A,D,XM,EUR,A,2006-09-18,0.789578,,A,F
"BIS,WS_XRU,1.0",D.XM.EUR.A,D,XM,EUR,A,2006-09-19,0.790264,,A,F
"BIS,WS_XRU,1.0",D.XM.EUR.A,D,XM,EUR,A,2006-09-20,0.788892,,A,F
"BIS,WS_XRU,1.0",D.XM.EUR.A,D,XM,EUR,A,2006-09-21,0.785484,,A,F
"BIS,WS_XRU,1.0",D.XM.EUR.A,D,XM,EUR,A,2006-09-22,0.780214,,A,F
"BIS,WS_XRU,1.0",D.XM.EUR.A,D,XM,EUR,A,2006-09-25,0.783208,,A,F
"BIS,WS_XRU,1.0",D.XM.EUR.A,D,XM,EUR,A,2006-09-26,0.787712,,A,F
"BIS,WS_XRU,1.0",D.XM.EUR.A,D,XM,EUR,A,2006-09-27,0.788395,,A,F
"BIS,WS_XRU,1.0",D.XM.EUR.A,D,XM,EUR,A,2006-09-28,0.786596,,A,F
"BIS,WS_XRU,1.0",D.XM.EUR.A,D,XM,EUR,A,2006-09-29,0.789889,,A,F
"BIS,WS_XRU,1.0",D.XM.EUR.A,D,XM,EUR,A,2006-10-02,0.788333,,A,F
"BIS,WS_XRU,1.0",D.XM.EUR.A,D,XM,EUR,A,2006-10-03,0.785114,,A,F
"BIS,WS_XRU,1.0",D.XM.EUR.A,D,XM,EUR,A,2006-10-04,0.788395,,A,F
"BIS,WS_XRU,1.0",D.XM.EUR.A,D,XM,EUR,A,2006-10-05,0.786102,,A,F
"BIS,WS_XRU,1.0",D.XM.EUR.A,D,XM,EUR,A,2006-10-06,0.78964,,A,F
"BIS,WS_XRU,1.0",D.XM.EUR.A,D,XM,EUR,A,2006-10-09,0.793462,,A,F
"BIS,WS_XRU,1.0",D.XM.EUR.A,D,XM,EUR,A,2006-10-10,0.797575,,A,F
"BIS,WS_XRU,1.0",D.XM.EUR.A,D,XM,EUR,A,2006-10-11,0.797257,,A,F
"BIS,WS_XRU,1.0",D.XM.EUR.A,D,XM,EUR,A,2006-10-12,0.798021,,A,F
"BIS,WS_XRU,1.0",D.XM.EUR.A,D,XM,EUR,A,2006-10-13,0.796813,,A,F
"BIS,WS_XRU,1.0",D.XM.EUR.A,D,XM,EUR,A,2006-10-16,0.799041,,A,F
"BIS,WS_XRU,1.0",D.XM.EUR.A,D,XM,EUR,A,2006-10-17,0.798467,,A,F
"BIS,WS_XRU,1.0",D.XM.EUR.A,D,XM,EUR,A,2006-10-18,0.797257,,A,F
"BIS,WS_XRU,1.0",D.XM.EUR.A,D,XM,EUR,A,2006-10-19,0.796115,,A,F
"BIS,WS_XRU,1.0",D.XM.EUR.A,D,XM,EUR,A,2006-10-20,0.792519,,A,F
"BIS,WS_XRU,1.0",D.XM.EUR.A,D,XM,EUR,A,2006-10-23,0.796432,,A,F
"BIS,WS_XRU,1.0",D.XM.EUR.A,D,XM,EUR,A,2006-10-24,0.797385,,A,F
"BIS,WS_XRU,1.0",D.XM.EUR.A,D,XM,EUR,A,2006-10-25,0.794913,,A,F
"BIS,WS_XRU,1.0",D.XM.EUR.A,D,XM,EUR,A,2006-10-26,0.790326,,A,F
"BIS,WS_XRU,1.0",D.XM.EUR.A,D,XM,EUR,A,2006-10-27,0.788457,,A,F
"BIS,WS_XRU,1.0",D.XM.EUR.A,D,XM,EUR,A,2006-10-30,0.786349,,A,F
"BIS,WS_XRU,1.0",D.XM.EUR.A,D,XM,EUR,A,2006-10-31,0.78765,,A,F
"BIS,WS_XRU,1.0",D.XM.EUR.A,D,XM,EUR,A,2006-11-01,0.783883,,A,F
"BIS,WS_XRU,1.0",D.XM.EUR.A,D,XM,EUR,A,2006-11-02,0.783269,,A,F
"BIS,WS_XRU,1.0",D.XM.EUR.A,D,XM,EUR,A,2006-11-03,0.783699,,A,F
"BIS,WS_XRU,1.0",D.XM.EUR.A,D,XM,EUR,A,2006-11-06,0.787278,,A,F
"BIS,WS_XRU,1.0",D.XM.EUR.A,D,XM,EUR,A,2006-11-07,0.784006,,A,F
"BIS,WS_XRU,1.0",D.XM.EUR.A,D,XM,EUR,A,2006-11-08,0.782718,,A,F
"BIS,WS_XRU,1.0",D.XM.EUR.A,D,XM,EUR,A,2006-11-09,0.781494,,A,F
"BIS,WS_XRU,1.0",D.XM.EUR.A,D,XM,EUR,A,2006-11-10,0.777363,,A,F
"BIS,WS_XRU,1.0",D.XM.EUR.A,D,XM,EUR,A,2006-11-13,0.779423,,A,F
"BIS,WS_XRU,1.0",D.XM.EUR.A,D,XM,EUR,A,2006-11-14,0.779788,,A,F
"BIS,WS_XRU,1.0",D.XM.EUR.A,D,XM,EUR,A,2006-11-15,0.781739,,A,F
"BIS,WS_XRU,1.0",D.XM.EUR.A,D,XM,EUR,A,2006-11-16,0.781006,,A,F
"BIS,WS_XRU,1.0",D.XM.EUR.A,D,XM,EUR,A,2006-11-17,0.78284,,A,F
"BIS,WS_XRU,1.0",D.XM.EUR.A,D,XM,EUR,A,2006-11-20,0.778756,,A,F
"BIS,WS_XRU,1.0",D.XM.EUR.A,D,XM,EUR,A,2006-11-21,0.780396,,A,F
"BIS,WS_XRU,1.0",D.XM.EUR.A,D,XM,EUR,A,2006-11-22,0.776036,,A,F
"BIS,WS_XRU,1.0",D.XM.EUR.A,D,XM,EUR,A,2006-11-23,0.772022,,A,F
"BIS,WS_XRU,1.0",D.XM.EUR.A,D,XM,EUR,A,2006-11-24,0.764643,,A,F
"BIS,WS_XRU,1.0",D.XM.EUR.A,D,XM,EUR,A,2006-11-27,0.762544,,A,F
"BIS,WS_XRU,1.0",D.XM.EUR.A,D,XM,EUR,A,2006-11-28,0.76063,,A,F
"BIS,WS_XRU,1.0",D.XM.EUR.A,D,XM,EUR,A,2006-11-29,0.760052,,A,F
"BIS,WS_XRU,1.0",D.XM.EUR.A,D,XM,EUR,A,2006-11-30,0.757576,,A,F
"BIS,WS_XRU,1.0",D.XM.EUR.A,D,XM,EUR,A,2006-12-01,0.755059,,A,F
"BIS,WS_XRU,1.0",D.XM.EUR.A,D,XM,EUR,A,2006-12-04,0.751371,,A,F
"BIS,WS_XRU,1.0",D.XM.EUR.A,D,XM,EUR,A,2006-12-05,0.750131,,A,F
"BIS,WS_XRU,1.0",D.XM.EUR.A,D,XM,EUR,A,2006-12-06,0.753352,,A,F
"BIS,WS_XRU,1.0",D.XM.EUR.A,D,XM,EUR,A,2006-12-07,0.752049,,A,F
"BIS,WS_XRU,1.0",D.XM.EUR.A,D,XM,EUR,A,2006-12-08,0.753239,,A,F
"BIS,WS_XRU,1.0",D.XM.EUR.A,D,XM,EUR,A,2006-12-11,0.758898,,A,F
"BIS,WS_XRU,1.0",D.XM.EUR.A,D,XM,EUR,A,2006-12-12,0.755059,,A,F
"BIS,WS_XRU,1.0",D.XM.EUR.A,D,XM,EUR,A,2006-12-13,0.753864,,A,F
"BIS,WS_XRU,1.0",D.XM.EUR.A,D,XM,EUR,A,2006-12-14,0.758035,,A,F
"BIS,WS_XRU,1.0",D.XM.EUR.A,D,XM,EUR,A,2006-12-15,0.763009,,A,F
"BIS,WS_XRU,1.0",D.XM.EUR.A,D,XM,EUR,A,2006-12-18,0.76365,,A,F
"BIS,WS_XRU,1.0",D.XM.EUR.A,D,XM,EUR,A,2006-12-19,0.759994,,A,F
"BIS,WS_XRU,1.0",D.XM.EUR.A,D,XM,EUR,A,2006-12-20,0.757404,,A,F
"BIS,WS_XRU,1.0",D.XM.EUR.A,D,XM,EUR,A,2006-12-21,0.75884,,A,F
"BIS,WS_XRU,1.0",D.XM.EUR.A,D,XM,EUR,A,2006-12-22,0.758035,,A,F
"BIS,WS_XRU,1.0",D.XM.EUR.A,D,XM,EUR,A,2006-12-25,,,M,F
"BIS,WS_XRU,1.0",D.XM.EUR.A,D,XM,EUR,A,2006-12-26,,,M,F
"BIS,WS_XRU,1.0",D.XM.EUR.A,D,XM,EUR,A,2006-12-27,0.759936,,A,F
"BIS,WS_XRU,1.0",D.XM.EUR.A,D,XM,EUR,A,2006-12-28,0.759129,,A,F
"BIS,WS_XRU,1.0",D.XM.EUR.A,D,XM,EUR,A,2006-12-29,0.759301,,A,F
"BIS,WS_XRU,1.0",D.XM.EUR.A,D,XM,EUR,A,2007-01-01,,,M,F
"BIS,WS_XRU,1.0",D.XM.EUR.A,D,XM,EUR,A,2007-01-02,0.75358,,A,F
"BIS,WS_XRU,1.0",D.XM.EUR.A,D,XM,EUR,A,2007-01-03,0.755801,,A,F
"BIS,WS_XRU,1.0",D.XM.EUR.A,D,XM,EUR,A,2007-01-04,0.763009,,A,F
"BIS,WS_XRU,1.0",D.XM.EUR.A,D,XM,EUR,A,2007-01-05,0.764292,,A,F
"BIS,WS_XRU,1.0",D.XM.EUR.A,D,XM,EUR,A,2007-01-08,0.768876,,A,F
"BIS,WS_XRU,1.0",D.XM.EUR.A,D,XM,EUR,A,2007-01-09,0.768167,,A,F
"BIS,WS_XRU,1.0",D.XM.EUR.A,D,XM,EUR,A,2007-01-10,0.769941,,A,F
"BIS,WS_XRU,1.0",D.XM.EUR.A,D,XM,EUR,A,2007-01-11,0.770179,,A,F
"BIS,WS_XRU,1.0",D.XM.EUR.A,D,XM,EUR,A,2007-01-12,0.775615,,A,F
"BIS,WS_XRU,1.0",D.XM.EUR.A,D,XM,EUR,A,2007-01-15,0.772738,,A,F
"BIS,WS_XRU,1.0",D.XM.EUR.A,D,XM,EUR,A,2007-01-16,0.772022,,A,F
"BIS,WS_XRU,1.0",D.XM.EUR.A,D,XM,EUR,A,2007-01-17,0.774653,,A,F
"BIS,WS_XRU,1.0",D.XM.EUR.A,D,XM,EUR,A,2007-01-18,0.773874,,A,F
"BIS,WS_XRU,1.0",D.XM.EUR.A,D,XM,EUR,A,2007-01-19,0.771724,,A,F
"BIS,WS_XRU,1.0",D.XM.EUR.A,D,XM,EUR,A,2007-01-22,0.773036,,A,F
"BIS,WS_XRU,1.0",D.XM.EUR.A,D,XM,EUR,A,2007-01-23,0.766871,,A,F
"BIS,WS_XRU,1.0",D.XM.EUR.A,D,XM,EUR,A,2007-01-24,0.768935,,A,F
"BIS,WS_XRU,1.0",D.XM.EUR.A,D,XM,EUR,A,2007-01-25,0.770535,,A,F
"BIS,WS_XRU,1.0",D.XM.EUR.A,D,XM,EUR,A,2007-01-26,0.775134,,A,F
"BIS,WS_XRU,1.0",D.XM.EUR.A,D,XM,EUR,A,2007-01-29,0.773934,,A,F
"BIS,WS_XRU,1.0",D.XM.EUR.A,D,XM,EUR,A,2007-01-30,0.770891,,A,F
"BIS,WS_XRU,1.0",D.XM.EUR.A,D,XM,EUR,A,2007-01-31,0.771962,,A,F
"BIS,WS_XRU,1.0",D.XM.EUR.A,D,XM,EUR,A,2007-02-01,0.768049,,A,F
"BIS,WS_XRU,1.0",D.XM.EUR.A,D,XM,EUR,A,2007-02-02,0.768049,,A,F
"BIS,WS_XRU,1.0",D.XM.EUR.A,D,XM,EUR,A,2007-02-05,0.773694,,A,F
"BIS,WS_XRU,1.0",D.XM.EUR.A,D,XM,EUR,A,2007-02-06,0.771903,,A,F
"BIS,WS_XRU,1.0",D.XM.EUR.A,D,XM,EUR,A,2007-02-07,0.770001,,A,F
"BIS,WS_XRU,1.0",D.XM.EUR.A,D,XM,EUR,A,2007-02-08,0.769764,,A,F
"BIS,WS_XRU,1.0",D.XM.EUR.A,D,XM,EUR,A,2007-02-09,0.768817,,A,F
"BIS,WS_XRU,1.0",D.XM.EUR.A,D,XM,EUR,A,2007-02-12,0.771843,,A,F
"BIS,WS_XRU,1.0",D.XM.EUR.A,D,XM,EUR,A,2007-02-13,0.767931,,A,F
"BIS,WS_XRU,1.0",D.XM.EUR.A,D,XM,EUR,A,2007-02-14,0.764409,,A,F
"BIS,WS_XRU,1.0",D.XM.EUR.A,D,XM,EUR,A,2007-02-15,0.761209,,A,F
"BIS,WS_XRU,1.0",D.XM.EUR.A,D,XM,EUR,A,2007-02-16,0.762253,,A,F
"BIS,WS_XRU,1.0",D.XM.EUR.A,D,XM,EUR,A,2007-02-19,0.761499,,A,F
"BIS,WS_XRU,1.0",D.XM.EUR.A,D,XM,EUR,A,2007-02-20,0.760746,,A,F
"BIS,WS_XRU,1.0",D.XM.EUR.A,D,XM,EUR,A,2007-02-21,0.760746,,A,F
"BIS,WS_XRU,1.0",D.XM.EUR.A,D,XM,EUR,A,2007-02-22,0.763009,,A,F
"BIS,WS_XRU,1.0",D.XM.EUR.A,D,XM,EUR,A,2007-02-23,0.761383,,A,F
"BIS,WS_XRU,1.0",D.XM.EUR.A,D,XM,EUR,A,2007-02-26,0.759878,,A,F
"BIS,WS_XRU,1.0",D.XM.EUR.A,D,XM,EUR,A,2007-02-27,0.755858,,A,F
"BIS,WS_XRU,1.0",D.XM.EUR.A,D,XM,EUR,A,2007-02-28,0.756945,,A,F
"BIS,WS_XRU,1.0",D.XM.EUR.A,D,XM,EUR,A,2007-03-01,0.756144,,A,F
"BIS,WS_XRU,1.0",D.XM.EUR.A,D,XM,EUR,A,2007-03-02,0.759705,,A,F
"BIS,WS_XRU,1.0",D.XM.EUR.A,D,XM,EUR,A,2007-03-05,0.764351,,A,F
"BIS,WS_XRU,1.0",D.XM.EUR.A,D,XM,EUR,A,2007-03-06,0.763359,,A,F
"BIS,WS_XRU,1.0",D.XM.EUR.A,D,XM,EUR,A,2007-03-07,0.761325,,A,F
"BIS,WS_XRU,1.0",D.XM.EUR.A,D,XM,EUR,A,2007-03-08,0.760341,,A,F
"BIS,WS_XRU,1.0",D.XM.EUR.A,D,XM,EUR,A,2007-03-09,0.760167,,A,F
"BIS,WS_XRU,1.0",D.XM.EUR.A,D,XM,EUR,A,2007-03-12,0.760109,,A,F
"BIS,WS_XRU,1.0",D.XM.EUR.A,D,XM,EUR,A,2007-03-13,0.756544,,A,F
"BIS,WS_XRU,1.0",D.XM.EUR.A,D,XM,EUR,A,2007-03-14,0.758553,,A,F
"BIS,WS_XRU,1.0",D.XM.EUR.A,D,XM,EUR,A,2007-03-15,0.756086,,A,F
"BIS,WS_XRU,1.0",D.XM.EUR.A,D,XM,EUR,A,2007-03-16,0.750469,,A,F
"BIS,WS_XRU,1.0",D.XM.EUR.A,D,XM,EUR,A,2007-03-19,0.75171,,A,F
"BIS,WS_XRU,1.0",D.XM.EUR.A,D,XM,EUR,A,2007-03-20,0.752106,,A,F
"BIS,WS_XRU,1.0",D.XM.EUR.A,D,XM,EUR,A,2007-03-21,0.752276,,A,F
"BIS,WS_XRU,1.0",D.XM.EUR.A,D,XM,EUR,A,2007-03-22,0.749008,,A,F
"BIS,WS_XRU,1.0",D.XM.EUR.A,D,XM,EUR,A,2007-03-23,0.750356,,A,F
"BIS,WS_XRU,1.0",D.XM.EUR.A,D,XM,EUR,A,2007-03-26,0.753864,,A,F
"BIS,WS_XRU,1.0",D.XM.EUR.A,D,XM,EUR,A,2007-03-27,0.749232,,A,F
"BIS,WS_XRU,1.0",D.XM.EUR.A,D,XM,EUR,A,2007-03-28,0.749176,,A,F
"BIS,WS_XRU,1.0",D.XM.EUR.A,D,XM,EUR,A,2007-03-29,0.748951,,A,F
"BIS,WS_XRU,1.0",D.XM.EUR.A,D,XM,EUR,A,2007-03-30,0.750863,,A,F
"BIS,WS_XRU,1.0",D.XM.EUR.A,D,XM,EUR,A,2007-04-02,0.748167,,A,F
"BIS,WS_XRU,1.0",D.XM.EUR.A,D,XM,EUR,A,2007-04-03,0.748615,,A,F
"BIS,WS_XRU,1.0",D.XM.EUR.A,D,XM,EUR,A,2007-04-04,0.748951,,A,F
"BIS,WS_XRU,1.0",D.XM.EUR.A,D,XM,EUR,A,2007-04-05,0.747775,,A,F
"BIS,WS_XRU,1.0",D.XM.EUR.A,D,XM,EUR,A,2007-04-06,,,M,F
"BIS,WS_XRU,1.0",D.XM.EUR.A,D,XM,EUR,A,2007-04-09,,,M,F
"BIS,WS_XRU,1.0",D.XM.EUR.A,D,XM,EUR,A,2007-04-10,0.744823,,A,F
"BIS,WS_XRU,1.0",D.XM.EUR.A,D,XM,EUR,A,2007-04-11,0.745268,,A,F
"BIS,WS_XRU,1.0",D.XM.EUR.A,D,XM,EUR,A,2007-04-12,0.742556,,A,F
"BIS,WS_XRU,1.0",D.XM.EUR.A,D,XM,EUR,A,2007-04-13,0.738989,,A,F
"BIS,WS_XRU,1.0",D.XM.EUR.A,D,XM,EUR,A,2007-04-16,0.738007,,A,F
"BIS,WS_XRU,1.0",D.XM.EUR.A,D,XM,EUR,A,2007-04-17,0.738062,,A,F
"BIS,WS_XRU,1.0",D.XM.EUR.A,D,XM,EUR,A,2007-04-18,0.73654,,A,F
"BIS,WS_XRU,1.0",D.XM.EUR.A,D,XM,EUR,A,2007-04-19,0.73524,,A,F
"BIS,WS_XRU,1.0",D.XM.EUR.A,D,XM,EUR,A,2007-04-20,0.73497,,A,F
"BIS,WS_XRU,1.0",D.XM.EUR.A,D,XM,EUR,A,2007-04-23,0.737626,,A,F
"BIS,WS_XRU,1.0",D.XM.EUR.A,D,XM,EUR,A,2007-04-24,0.736269,,A,F
"BIS,WS_XRU,1.0",D.XM.EUR.A,D,XM,EUR,A,2007-04-25,0.732654,,A,F
"BIS,WS_XRU,1.0",D.XM.EUR.A,D,XM,EUR,A,2007-04-26,0.73551,,A,F
"BIS,WS_XRU,1.0",D.XM.EUR.A,D,XM,EUR,A,2007-04-27,0.732977,,A,F
"BIS,WS_XRU,1.0",D.XM.EUR.A,D,XM,EUR,A,2007-04-30,0.735024,,A,F
"BIS,WS_XRU,1.0",D.XM.EUR.A,D,XM,EUR,A,2007-05-01,,,M,F
"BIS,WS_XRU,1.0",D.XM.EUR.A,D,XM,EUR,A,2007-05-02,0.735943,,A,F
"BIS,WS_XRU,1.0",D.XM.EUR.A,D,XM,EUR,A,2007-05-03,0.734592,,A,F
"BIS,WS_XRU,1.0",D.XM.EUR.A,D,XM,EUR,A,2007-05-04,0.737409,,A,F
"BIS,WS_XRU,1.0",D.XM.EUR.A,D,XM,EUR,A,2007-05-07,0.734484,,A,F
"BIS,WS_XRU,1.0",D.XM.EUR.A,D,XM,EUR,A,2007-05-08,0.737572,,A,F
"BIS,WS_XRU,1.0",D.XM.EUR.A,D,XM,EUR,A,2007-05-09,0.738825,,A,F
"BIS,WS_XRU,1.0",D.XM.EUR.A,D,XM,EUR,A,2007-05-10,0.739262,,A,F
"BIS,WS_XRU,1.0",D.XM.EUR.A,D,XM,EUR,A,2007-05-11,0.74151,,A,F
"BIS,WS_XRU,1.0",D.XM.EUR.A,D,XM,EUR,A,2007-05-14,0.738062,,A,F
"BIS,WS_XRU,1.0",D.XM.EUR.A,D,XM,EUR,A,2007-05-15,0.738662,,A,F
"BIS,WS_XRU,1.0",D.XM.EUR.A,D,XM,EUR,A,2007-05-16,0.736703,,A,F
"BIS,WS_XRU,1.0",D.XM.EUR.A,D,XM,EUR,A,2007-05-17,0.739864,,A,F
"BIS,WS_XRU,1.0",D.XM.EUR.A,D,XM,EUR,A,2007-05-18,0.742005,,A,F
"BIS,WS_XRU,1.0",D.XM.EUR.A,D,XM,EUR,A,2007-05-21,0.743826,,A,F
"BIS,WS_XRU,1.0",D.XM.EUR.A,D,XM,EUR,A,2007-05-22,0.743273,,A,F
"BIS,WS_XRU,1.0",D.XM.EUR.A,D,XM,EUR,A,2007-05-23,0.74129,,A,F
"BIS,WS_XRU,1.0",D.XM.EUR.A,D,XM,EUR,A,2007-05-24,0.743605,,A,F
"BIS,WS_XRU,1.0",D.XM.EUR.A,D,XM,EUR,A,2007-05-25,0.743992,,A,F
"BIS,WS_XRU,1.0",D.XM.EUR.A,D,XM,EUR,A,2007-05-28,0.743329,,A,F
"BIS,WS_XRU,1.0",D.XM.EUR.A,D,XM,EUR,A,2007-05-29,0.740247,,A,F
"BIS,WS_XRU,1.0",D.XM.EUR.A,D,XM,EUR,A,2007-05-30,0.745156,,A,F
"BIS,WS_XRU,1.0",D.XM.EUR.A,D,XM,EUR,A,2007-05-31,0.743329,,A,F
"BIS,WS_XRU,1.0",D.XM.EUR.A,D,XM,EUR,A,2007-06-01,0.744269,,A,F
"BIS,WS_XRU,1.0",D.XM.EUR.A,D,XM,EUR,A,2007-06-04,0.74173,,A,F
"BIS,WS_XRU,1.0",D.XM.EUR.A,D,XM,EUR,A,2007-06-05,0.738989,,A,F
"BIS,WS_XRU,1.0",D.XM.EUR.A,D,XM,EUR,A,2007-06-06,0.740028,,A,F
"BIS,WS_XRU,1.0",D.XM.EUR.A,D,XM,EUR,A,2007-06-07,0.74239,,A,F
"BIS,WS_XRU,1.0",D.XM.EUR.A,D,XM,EUR,A,2007-06-08,0.74912,,A,F
"BIS,WS_XRU,1.0",D.XM.EUR.A,D,XM,EUR,A,2007-06-11,0.748783,,A,F
"BIS,WS_XRU,1.0",D.XM.EUR.A,D,XM,EUR,A,2007-06-12,0.749344,,A,F
"BIS,WS_XRU,1.0",D.XM.EUR.A,D,XM,EUR,A,2007-06-13,0.752615,,A,F
"BIS,WS_XRU,1.0",D.XM.EUR.A,D,XM,EUR,A,2007-06-14,0.751654,,A,F
"BIS,WS_XRU,1.0",D.XM.EUR.A,D,XM,EUR,A,2007-06-15,0.751089,,A,F
"BIS,WS_XRU,1.0",D.XM.EUR.A,D,XM,EUR,A,2007-06-18,0.746046,,A,F
"BIS,WS_XRU,1.0",D.XM.EUR.A,D,XM,EUR,A,2007-06-19,0.746102,,A,F
"BIS,WS_XRU,1.0",D.XM.EUR.A,D,XM,EUR,A,2007-06-20,0.744768,,A,F
"BIS,WS_XRU,1.0",D.XM.EUR.A,D,XM,EUR,A,2007-06-21,0.746436,,A,F
"BIS,WS_XRU,1.0",D.XM.EUR.A,D,XM,EUR,A,2007-06-22,0.743992,,A,F
"BIS,WS_XRU,1.0",D.XM.EUR.A,D,XM,EUR,A,2007-06-25,0.742887,,A,F
"BIS,WS_XRU,1.0",D.XM.EUR.A,D,XM,EUR,A,2007-06-26,0.742942,,A,F
"BIS,WS_XRU,1.0",D.XM.EUR.A,D,XM,EUR,A,2007-06-27,0.744158,,A,F
"BIS,WS_XRU,1.0",D.XM.EUR.A,D,XM,EUR,A,2007-06-28,0.742556,,A,F
"BIS,WS_XRU,1.0",D.XM.EUR.A,D,XM,EUR,A,2007-06-29,0.740466,,A,F
"BIS,WS_XRU,1.0",D.XM.EUR.A,D,XM,EUR,A,2007-07-02,0.735943,,A,F
"BIS,WS_XRU,1.0",D.XM.EUR.A,D,XM,EUR,A,2007-07-03,0.73524,,A,F
"BIS,WS_XRU,1.0",D.XM.EUR.A,D,XM,EUR,A,2007-07-04,0.734322,,A,F
"BIS,WS_XRU,1.0",D.XM.EUR.A,D,XM,EUR,A,2007-07-05,0.733138,,A,F
"BIS,WS_XRU,1.0",D.XM.EUR.A,D,XM,EUR,A,2007-07-06,0.73551,,A,F
"BIS,WS_XRU,1.0",D.XM.EUR.A,D,XM,EUR,A,2007-07-09,0.73416,,A,F
"BIS,WS_XRU,1.0",D.XM.EUR.A,D,XM,EUR,A,2007-07-10,0.731743,,A,F
"BIS,WS_XRU,1.0",D.XM.EUR.A,D,XM,EUR,A,2007-07-11,0.727114,,A,F
"BIS,WS_XRU,1.0",D.XM.EUR.A,D,XM,EUR,A,2007-07-12,0.725268,,A,F
"BIS,WS_XRU,1.0",D.XM.EUR.A,D,XM,EUR,A,2007-07-13,0.725584,,A,F
"BIS,WS_XRU,1.0",D.XM.EUR.A,D,XM,EUR,A,2007-07-16,0.725637,,A,F
"BIS,WS_XRU,1.0",D.XM.EUR.A,D,XM,EUR,A,2007-07-17,0.726164,,A,F
"BIS,WS_XRU,1.0",D.XM.EUR.A,D,XM,EUR,A,2007-07-18,0.725742,,A,F
"BIS,WS_XRU,1.0",D.XM.EUR.A,D,XM,EUR,A,2007-07-19,0.723589,,A,F
"BIS,WS_XRU,1.0",D.XM.EUR.A,D,XM,EUR,A,2007-07-20,0.72448,,A,F
"BIS,WS_XRU,1.0",D.XM.EUR.A,D,XM,EUR,A,2007-07-23,0.723537,,A,F
"BIS,WS_XRU,1.0",D.XM.EUR.A,D,XM,EUR,A,2007-07-24,0.722909,,A,F
"BIS,WS_XRU,1.0",D.XM.EUR.A,D,XM,EUR,A,2007-07-25,0.727643,,A,F
"BIS,WS_XRU,1.0",D.XM.EUR.A,D,XM,EUR,A,2007-07-26,0.728757,,A,F
"BIS,WS_XRU,1.0",D.XM.EUR.A,D,XM,EUR,A,2007-07-27,0.732547,,A,F
"BIS,WS_XRU,1.0",D.XM.EUR.A,D,XM,EUR,A,2007-07-30,0.732118,,A,F
"BIS,WS_XRU,1.0",D.XM.EUR.A,D,XM,EUR,A,2007-07-31,0.729554,,A,F
"BIS,WS_XRU,1.0",D.XM.EUR.A,D,XM,EUR,A,2007-08-01,0.731904,,A,F
"BIS,WS_XRU,1.0",D.XM.EUR.A,D,XM,EUR,A,2007-08-02,0.73185,,A,F
"BIS,WS_XRU,1.0",D.XM.EUR.A,D,XM,EUR,A,2007-08-03,0.730247,,A,F
"BIS,WS_XRU,1.0",D.XM.EUR.A,D,XM,EUR,A,2007-08-06,0.723694,,A,F
"BIS,WS_XRU,1.0",D.XM.EUR.A,D,XM,EUR,A,2007-08-07,0.724953,,A,F
"BIS,WS_XRU,1.0",D.XM.EUR.A,D,XM,EUR,A,2007-08-08,0.724953,,A,F
"BIS,WS_XRU,1.0",D.XM.EUR.A,D,XM,EUR,A,2007-08-09,0.728385,,A,F
"BIS,WS_XRU,1.0",D.XM.EUR.A,D,XM,EUR,A,2007-08-10,0.732601,,A,F
"BIS,WS_XRU,1.0",D.XM.EUR.A,D,XM,EUR,A,2007-08-13,0.732547,,A,F
"BIS,WS_XRU,1.0",D.XM.EUR.A,D,XM,EUR,A,2007-08-14,0.735781,,A,F
"BIS,WS_XRU,1.0",D.XM.EUR.A,D,XM,EUR,A,2007-08-15,0.74206,,A,F
"BIS,WS_XRU,1.0",D.XM.EUR.A,D,XM,EUR,A,2007-08-16,0.74599,,A,F
"BIS,WS_XRU,1.0",D.XM.EUR.A,D,XM,EUR,A,2007-08-17,0.743273,,A,F
"BIS,WS_XRU,1.0",D.XM.EUR.A,D,XM,EUR,A,2007-08-20,0.74206,,A,F
"BIS,WS_XRU,1.0",D.XM.EUR.A,D,XM,EUR,A,2007-08-21,0.740302,,A,F
"BIS,WS_XRU,1.0",D.XM.EUR.A,D,XM,EUR,A,2007-08-22,0.741125,,A,F
"BIS,WS_XRU,1.0",D.XM.EUR.A,D,XM,EUR,A,2007-08-23,0.736703,,A,F
"BIS,WS_XRU,1.0",D.XM.EUR.A,D,XM,EUR,A,2007-08-24,0.734484,,A,F
"BIS,WS_XRU,1.0",D.XM.EUR.A,D,XM,EUR,A,2007-08-27,0.732172,,A,F
"BIS,WS_XRU,1.0",D.XM.EUR.A,D,XM,EUR,A,2007-08-28,0.73185,,A,F
"BIS,WS_XRU,1.0",D.XM.EUR.A,D,XM,EUR,A,2007-08-29,0.733622,,A,F
"BIS,WS_XRU,1.0",D.XM.EUR.A,D,XM,EUR,A,2007-08-30,0.734754,,A,F
"BIS,WS_XRU,1.0",D.XM.EUR.A,D,XM,EUR,A,2007-08-31,0.729661,,A,F
"BIS,WS_XRU,1.0",D.XM.EUR.A,D,XM,EUR,A,2007-09-03,0.733568,,A,F
"BIS,WS_XRU,1.0",D.XM.EUR.A,D,XM,EUR,A,2007-09-04,0.736377,,A,F
"BIS,WS_XRU,1.0",D.XM.EUR.A,D,XM,EUR,A,2007-09-05,0.735943,,A,F
"BIS,WS_XRU,1.0",D.XM.EUR.A,D,XM,EUR,A,2007-09-06,0.731582,,A,F
"BIS,WS_XRU,1.0",D.XM.EUR.A,D,XM,EUR,A,2007-09-07,0.73014,,A,F
"BIS,WS_XRU,1.0",D.XM.EUR.A,D,XM,EUR,A,2007-09-10,0.7249,,A,F
"BIS,WS_XRU,1.0",D.XM.EUR.A,D,XM,EUR,A,2007-09-11,0.72338,,A,F
"BIS,WS_XRU,1.0",D.XM.EUR.A,D,XM,EUR,A,2007-09-12,0.720202,,A,F
"BIS,WS_XRU,1.0",D.XM.EUR.A,D,XM,EUR,A,2007-09-13,0.71958,,A,F
"BIS,WS_XRU,1.0",D.XM.EUR.A,D,XM,EUR,A,2007-09-14,0.721501,,A,F
"BIS,WS_XRU,1.0",D.XM.EUR.A,D,XM,EUR,A,2007-09-17,0.720617,,A,F
"BIS,WS_XRU,1.0",D.XM.EUR.A,D,XM,EUR,A,2007-09-18,0.721137,,A,F
"BIS,WS_XRU,1.0",D.XM.EUR.A,D,XM,EUR,A,2007-09-19,0.715564,,A,F
"BIS,WS_XRU,1.0",D.XM.EUR.A,D,XM,EUR,A,2007-09-20,0.712758,,A,F
"BIS,WS_XRU,1.0",D.XM.EUR.A,D,XM,EUR,A,2007-09-21,0.711794,,A,F
"BIS,WS_XRU,1.0",D.XM.EUR.A,D,XM,EUR,A,2007-09-24,0.708567,,A,F
"BIS,WS_XRU,1.0",D.XM.EUR.A,D,XM,EUR,A,2007-09-25,0.708918,,A,F
"BIS,WS_XRU,1.0",D.XM.EUR.A,D,XM,EUR,A,2007-09-26,0.707864,,A,F
"BIS,WS_XRU,1.0",D.XM.EUR.A,D,XM,EUR,A,2007-09-27,0.705219,,A,F
"BIS,WS_XRU,1.0",D.XM.EUR.A,D,XM,EUR,A,2007-09-28,0.705268,,A,F
"BIS,WS_XRU,1.0",D.XM.EUR.A,D,XM,EUR,A,2007-10-01,0.702642,,A,F
"BIS,WS_XRU,1.0",D.XM.EUR.A,D,XM,EUR,A,2007-10-02,0.705965,,A,F
"BIS,WS_XRU,1.0",D.XM.EUR.A,D,XM,EUR,A,2007-10-03,0.704473,,A,F
"BIS,WS_XRU,1.0",D.XM.EUR.A,D,XM,EUR,A,2007-10-04,0.708767,,A,F
"BIS,WS_XRU,1.0",D.XM.EUR.A,D,XM,EUR,A,2007-10-05,0.707414,,A,F
"BIS,WS_XRU,1.0",D.XM.EUR.A,D,XM,EUR,A,2007-10-08,0.709774,,A,F
"BIS,WS_XRU,1.0",D.XM.EUR.A,D,XM,EUR,A,2007-10-09,0.712403,,A,F
"BIS,WS_XRU,1.0",D.XM.EUR.A,D,XM,EUR,A,2007-10-10,0.706914,,A,F
"BIS,WS_XRU,1.0",D.XM.EUR.A,D,XM,EUR,A,2007-10-11,0.704275,,A,F
"BIS,WS_XRU,1.0",D.XM.EUR.A,D,XM,EUR,A,2007-10-12,0.705567,,A,F
"BIS,WS_XRU,1.0",D.XM.EUR.A,D,XM,EUR,A,2007-10-15,0.702938,,A,F
"BIS,WS_XRU,1.0",D.XM.EUR.A,D,XM,EUR,A,2007-10-16,0.706714,,A,F
"BIS,WS_XRU,1.0",D.XM.EUR.A,D,XM,EUR,A,2007-10-17,0.704225,,A,F
"BIS,WS_XRU,1.0",D.XM.EUR.A,D,XM,EUR,A,2007-10-18,0.69935,,A,F
"BIS,WS_XRU,1.0",D.XM.EUR.A,D,XM,EUR,A,2007-10-19,0.699888,,A,F
"BIS,WS_XRU,1.0",D.XM.EUR.A,D,XM,EUR,A,2007-10-22,0.705916,,A,F
"BIS,WS_XRU,1.0",D.XM.EUR.A,D,XM,EUR,A,2007-10-23,0.701557,,A,F
"BIS,WS_XRU,1.0",D.XM.EUR.A,D,XM,EUR,A,2007-10-24,0.702741,,A,F
"BIS,WS_XRU,1.0",D.XM.EUR.A,D,XM,EUR,A,2007-10-25,0.698861,,A,F
"BIS,WS_XRU,1.0",D.XM.EUR.A,D,XM,EUR,A,2007-10-26,0.695217,,A,F
"BIS,WS_XRU,1.0",D.XM.EUR.A,D,XM,EUR,A,2007-10-29,0.694879,,A,F
"BIS,WS_XRU,1.0",D.XM.EUR.A,D,XM,EUR,A,2007-10-30,0.694107,,A,F
"BIS,WS_XRU,1.0",D.XM.EUR.A,D,XM,EUR,A,2007-10-31,0.692185,,A,F
"BIS,WS_XRU,1.0",D.XM.EUR.A,D,XM,EUR,A,2007-11-01,0.693337,,A,F
"BIS,WS_XRU,1.0",D.XM.EUR.A,D,XM,EUR,A,2007-11-02,0.690655,,A,F
"BIS,WS_XRU,1.0",D.XM.EUR.A,D,XM,EUR,A,2007-11-05,0.690226,,A,F
"BIS,WS_XRU,1.0",D.XM.EUR.A,D,XM,EUR,A,2007-11-06,0.687427,,A,F
"BIS,WS_XRU,1.0",D.XM.EUR.A,D,XM,EUR,A,2007-11-07,0.679256,,A,F
"BIS,WS_XRU,1.0",D.XM.EUR.A,D,XM,EUR,A,2007-11-08,0.681849,,A,F
"BIS,WS_XRU,1.0",D.XM.EUR.A,D,XM,EUR,A,2007-11-09,0.68106,,A,F
"BIS,WS_XRU,1.0",D.XM.EUR.A,D,XM,EUR,A,2007-11-12,0.685918,,A,F
"BIS,WS_XRU,1.0",D.XM.EUR.A,D,XM,EUR,A,2007-11-13,0.684603,,A,F
"BIS,WS_XRU,1.0",D.XM.EUR.A,D,XM,EUR,A,2007-11-14,0.680272,,A,F
"BIS,WS_XRU,1.0",D.XM.EUR.A,D,XM,EUR,A,2007-11-15,0.683107,,A,F
"BIS,WS_XRU,1.0",D.XM.EUR.A,D,XM,EUR,A,2007-11-16,0.682547,,A,F
"BIS,WS_XRU,1.0",D.XM.EUR.A,D,XM,EUR,A,2007-11-19,0.682408,,A,F
"BIS,WS_XRU,1.0",D.XM.EUR.A,D,XM,EUR,A,2007-11-20,0.676361,,A,F
"BIS,WS_XRU,1.0",D.XM.EUR.A,D,XM,EUR,A,2007-11-21,0.675037,,A,F
"BIS,WS_XRU,1.0",D.XM.EUR.A,D,XM,EUR,A,2007-11-22,0.674354,,A,F
"BIS,WS_XRU,1.0",D.XM.EUR.A,D,XM,EUR,A,2007-11-23,0.675265,,A,F
"BIS,WS_XRU,1.0",D.XM.EUR.A,D,XM,EUR,A,2007-11-26,0.673627,,A,F
"BIS,WS_XRU,1.0",D.XM.EUR.A,D,XM,EUR,A,2007-11-27,0.672314,,A,F
"BIS,WS_XRU,1.0",D.XM.EUR.A,D,XM,EUR,A,2007-11-28,0.678104,,A,F
"BIS,WS_XRU,1.0",D.XM.EUR.A,D,XM,EUR,A,2007-11-29,0.678518,,A,F
"BIS,WS_XRU,1.0",D.XM.EUR.A,D,XM,EUR,A,2007-11-30,0.677461,,A,F
"BIS,WS_XRU,1.0",D.XM.EUR.A,D,XM,EUR,A,2007-12-03,0.681849,,A,F
"BIS,WS_XRU,1.0",D.XM.EUR.A,D,XM,EUR,A,2007-12-04,0.67838,,A,F
"BIS,WS_XRU,1.0",D.XM.EUR.A,D,XM,EUR,A,2007-12-05,0.679348,,A,F
"BIS,WS_XRU,1.0",D.XM.EUR.A,D,XM,EUR,A,2007-12-06,0.687096,,A,F
"BIS,WS_XRU,1.0",D.XM.EUR.A,D,XM,EUR,A,2007-12-07,0.68264,,A,F
"BIS,WS_XRU,1.0",D.XM.EUR.A,D,XM,EUR,A,2007-12-10,0.67944,,A,F
"BIS,WS_XRU,1.0",D.XM.EUR.A,D,XM,EUR,A,2007-12-11,0.68157,,A,F
"BIS,WS_XRU,1.0",D.XM.EUR.A,D,XM,EUR,A,2007-12-12,0.681431,,A,F
"BIS,WS_XRU,1.0",D.XM.EUR.A,D,XM,EUR,A,2007-12-13,0.68106,,A,F
"BIS,WS_XRU,1.0",D.XM.EUR.A,D,XM,EUR,A,2007-12-14,0.689227,,A,F
"BIS,WS_XRU,1.0",D.XM.EUR.A,D,XM,EUR,A,2007-12-17,0.694782,,A,F
"BIS,WS_XRU,1.0",D.XM.EUR.A,D,XM,EUR,A,2007-12-18,0.693674,,A,F
"BIS,WS_XRU,1.0",D.XM.EUR.A,D,XM,EUR,A,2007-12-19,0.695169,,A,F
"BIS,WS_XRU,1.0",D.XM.EUR.A,D,XM,EUR,A,2007-12-20,0.696913,,A,F
"BIS,WS_XRU,1.0",D.XM.EUR.A,D,XM,EUR,A,2007-12-21,0.69541,,A,F
"BIS,WS_XRU,1.0",D.XM.EUR.A,D,XM,EUR,A,2007-12-24,0.694541,,A,F
"BIS,WS_XRU,1.0",D.XM.EUR.A,D,XM,EUR,A,2007-12-25,,,M,F
"BIS,WS_XRU,1.0",D.XM.EUR.A,D,XM,EUR,A,2007-12-26,,,M,F
"BIS,WS_XRU,1.0",D.XM.EUR.A,D,XM,EUR,A,2007-12-27,0.688895,,A,F
"BIS,WS_XRU,1.0",D.XM.EUR.A,D,XM,EUR,A,2007-12-28,0.680643,,A,F
"BIS,WS_XRU,1.0",D.XM.EUR.A,D,XM,EUR,A,2007-12-31,0.679302,,A,F
"BIS,WS_XRU,1.0",D.XM.EUR.A,D,XM,EUR,A,2008-01-01,,,M,F
"BIS,WS_XRU,1.0",D.XM.EUR.A,D,XM,EUR,A,2008-01-02,0.680828,,A,F
"BIS,WS_XRU,1.0",D.XM.EUR.A,D,XM,EUR,A,2008-01-03,0.677828,,A,F
"BIS,WS_XRU,1.0",D.XM.EUR.A,D,XM,EUR,A,2008-01-04,0.679025,,A,F
"BIS,WS_XRU,1.0",D.XM.EUR.A,D,XM,EUR,A,2008-01-07,0.679209,,A,F
"BIS,WS_XRU,1.0",D.XM.EUR.A,D,XM,EUR,A,2008-01-08,0.680041,,A,F
"BIS,WS_XRU,1.0",D.XM.EUR.A,D,XM,EUR,A,2008-01-09,0.681199,,A,F
"BIS,WS_XRU,1.0",D.XM.EUR.A,D,XM,EUR,A,2008-01-10,0.682035,,A,F
"BIS,WS_XRU,1.0",D.XM.EUR.A,D,XM,EUR,A,2008-01-11,0.676041,,A,F
"BIS,WS_XRU,1.0",D.XM.EUR.A,D,XM,EUR,A,2008-01-14,0.671366,,A,F
"BIS,WS_XRU,1.0",D.XM.EUR.A,D,XM,EUR,A,2008-01-15,0.671772,,A,F
"BIS,WS_XRU,1.0",D.XM.EUR.A,D,XM,EUR,A,2008-01-16,0.676041,,A,F
"BIS,WS_XRU,1.0",D.XM.EUR.A,D,XM,EUR,A,2008-01-17,0.680689,,A,F
"BIS,WS_XRU,1.0",D.XM.EUR.A,D,XM,EUR,A,2008-01-18,0.681477,,A,F
"BIS,WS_XRU,1.0",D.XM.EUR.A,D,XM,EUR,A,2008-01-21,0.690512,,A,F
"BIS,WS_XRU,1.0",D.XM.EUR.A,D,XM,EUR,A,2008-01-22,0.689941,,A,F
"BIS,WS_XRU,1.0",D.XM.EUR.A,D,XM,EUR,A,2008-01-23,0.686153,,A,F
"BIS,WS_XRU,1.0",D.XM.EUR.A,D,XM,EUR,A,2008-01-24,0.681989,,A,F
"BIS,WS_XRU,1.0",D.XM.EUR.A,D,XM,EUR,A,2008-01-25,0.680041,,A,F
"BIS,WS_XRU,1.0",D.XM.EUR.A,D,XM,EUR,A,2008-01-28,0.677736,,A,F
"BIS,WS_XRU,1.0",D.XM.EUR.A,D,XM,EUR,A,2008-01-29,0.676911,,A,F
"BIS,WS_XRU,1.0",D.XM.EUR.A,D,XM,EUR,A,2008-01-30,0.675219,,A,F
"BIS,WS_XRU,1.0",D.XM.EUR.A,D,XM,EUR,A,2008-01-31,0.672495,,A,F
"BIS,WS_XRU,1.0",D.XM.EUR.A,D,XM,EUR,A,2008-02-01,0.671637,,A,F
"BIS,WS_XRU,1.0",D.XM.EUR.A,D,XM,EUR,A,2008-02-04,0.674354,,A,F
"BIS,WS_XRU,1.0",D.XM.EUR.A,D,XM,EUR,A,2008-02-05,0.680828,,A,F
"BIS,WS_XRU,1.0",D.XM.EUR.A,D,XM,EUR,A,2008-02-06,0.683948,,A,F
"BIS,WS_XRU,1.0",D.XM.EUR.A,D,XM,EUR,A,2008-02-07,0.686389,,A,F
"BIS,WS_XRU,1.0",D.XM.EUR.A,D,XM,EUR,A,2008-02-08,0.689037,,A,F
"BIS,WS_XRU,1.0",D.XM.EUR.A,D,XM,EUR,A,2008-02-11,0.687663,,A,F
"BIS,WS_XRU,1.0",D.XM.EUR.A,D,XM,EUR,A,2008-02-12,0.687853,,A,F
"BIS,WS_XRU,1.0",D.XM.EUR.A,D,XM,EUR,A,2008-02-13,0.685589,,A,F
"BIS,WS_XRU,1.0",D.XM.EUR.A,D,XM,EUR,A,2008-02-14,0.683714,,A,F
"BIS,WS_XRU,1.0",D.XM.EUR.A,D,XM,EUR,A,2008-02-15,0.681477,,A,F
"BIS,WS_XRU,1.0",D.XM.EUR.A,D,XM,EUR,A,2008-02-18,0.683247,,A,F
"BIS,WS_XRU,1.0",D.XM.EUR.A,D,XM,EUR,A,2008-02-19,0.678334,,A,F
"BIS,WS_XRU,1.0",D.XM.EUR.A,D,XM,EUR,A,2008-02-20,0.682314,,A,F
"BIS,WS_XRU,1.0",D.XM.EUR.A,D,XM,EUR,A,2008-02-21,0.67861,,A,F
"BIS,WS_XRU,1.0",D.XM.EUR.A,D,XM,EUR,A,2008-02-22,0.673491,,A,F
"BIS,WS_XRU,1.0",D.XM.EUR.A,D,XM,EUR,A,2008-02-25,0.6749,,A,F
"BIS,WS_XRU,1.0",D.XM.EUR.A,D,XM,EUR,A,2008-02-26,0.672314,,A,F
"BIS,WS_XRU,1.0",D.XM.EUR.A,D,XM,EUR,A,2008-02-27,0.664717,,A,F
"BIS,WS_XRU,1.0",D.XM.EUR.A,D,XM,EUR,A,2008-02-28,0.661332,,A,F
"BIS,WS_XRU,1.0",D.XM.EUR.A,D,XM,EUR,A,2008-02-29,0.659326,,A,F
"BIS,WS_XRU,1.0",D.XM.EUR.A,D,XM,EUR,A,2008-03-03,0.657765,,A,F
"BIS,WS_XRU,1.0",D.XM.EUR.A,D,XM,EUR,A,2008-03-04,0.657635,,A,F
"BIS,WS_XRU,1.0",D.XM.EUR.A,D,XM,EUR,A,2008-03-05,0.658068,,A,F
"BIS,WS_XRU,1.0",D.XM.EUR.A,D,XM,EUR,A,2008-03-06,0.652784,,A,F
"BIS,WS_XRU,1.0",D.XM.EUR.A,D,XM,EUR,A,2008-03-07,0.648635,,A,F
"BIS,WS_XRU,1.0",D.XM.EUR.A,D,XM,EUR,A,2008-03-10,0.65189,,A,F
"BIS,WS_XRU,1.0",D.XM.EUR.A,D,XM,EUR,A,2008-03-11,0.650237,,A,F
"BIS,WS_XRU,1.0",D.XM.EUR.A,D,XM,EUR,A,2008-03-12,0.64612,,A,F
"BIS,WS_XRU,1.0",D.XM.EUR.A,D,XM,EUR,A,2008-03-13,0.641972,,A,F
"BIS,WS_XRU,1.0",D.XM.EUR.A,D,XM,EUR,A,2008-03-14,0.642632,,A,F
"BIS,WS_XRU,1.0",D.XM.EUR.A,D,XM,EUR,A,2008-03-17,0.634115,,A,F
"BIS,WS_XRU,1.0",D.XM.EUR.A,D,XM,EUR,A,2008-03-18,0.634075,,A,F
"BIS,WS_XRU,1.0",D.XM.EUR.A,D,XM,EUR,A,2008-03-19,0.637267,,A,F
"BIS,WS_XRU,1.0",D.XM.EUR.A,D,XM,EUR,A,2008-03-20,0.648382,,A,F
"BIS,WS_XRU,1.0",D.XM.EUR.A,D,XM,EUR,A,2008-03-21,,,M,F
"BIS,WS_XRU,1.0",D.XM.EUR.A,D,XM,EUR,A,2008-03-24,,,M,F
"BIS,WS_XRU,1.0",D.XM.EUR.A,D,XM,EUR,A,2008-03-25,0.642302,,A,F
"BIS,WS_XRU,1.0",D.XM.EUR.A,D,XM,EUR,A,2008-03-26,0.636537,,A,F
"BIS,WS_XRU,1.0",D.XM.EUR.A,D,XM,EUR,A,2008-03-27,0.633473,,A,F
"BIS,WS_XRU,1.0",D.XM.EUR.A,D,XM,EUR,A,2008-03-28,0.633072,,A,F
"BIS,WS_XRU,1.0",D.XM.EUR.A,D,XM,EUR,A,2008-03-31,0.632431,,A,F
"BIS,WS_XRU,1.0",D.XM.EUR.A,D,XM,EUR,A,2008-04-01,0.63857,,A,F
"BIS,WS_XRU,1.0",D.XM.EUR.A,D,XM,EUR,A,2008-04-02,0.639713,,A,F
"BIS,WS_XRU,1.0",D.XM.EUR.A,D,XM,EUR,A,2008-04-03,0.644081,,A,F
"BIS,WS_XRU,1.0",D.XM.EUR.A,D,XM,EUR,A,2008-04-04,0.636051,,A,F
"BIS,WS_XRU,1.0",D.XM.EUR.A,D,XM,EUR,A,2008-04-07,0.637227,,A,F
"BIS,WS_XRU,1.0",D.XM.EUR.A,D,XM,EUR,A,2008-04-08,0.637186,,A,F
"BIS,WS_XRU,1.0",D.XM.EUR.A,D,XM,EUR,A,2008-04-09,0.63589,,A,F
"BIS,WS_XRU,1.0",D.XM.EUR.A,D,XM,EUR,A,2008-04-10,0.629921,,A,F
"BIS,WS_XRU,1.0",D.XM.EUR.A,D,XM,EUR,A,2008-04-11,0.631592,,A,F
"BIS,WS_XRU,1.0",D.XM.EUR.A,D,XM,EUR,A,2008-04-14,0.630159,,A,F
"BIS,WS_XRU,1.0",D.XM.EUR.A,D,XM,EUR,A,2008-04-15,0.631792,,A,F
"BIS,WS_XRU,1.0",D.XM.EUR.A,D,XM,EUR,A,2008-04-16,0.627825,,A,F
"BIS,WS_XRU,1.0",D.XM.EUR.A,D,XM,EUR,A,2008-04-17,0.63004,,A,F
"BIS,WS_XRU,1.0",D.XM.EUR.A,D,XM,EUR,A,2008-04-18,0.633714,,A,F
"BIS,WS_XRU,1.0",D.XM.EUR.A,D,XM,EUR,A,2008-04-21,0.62901,,A,F
"BIS,WS_XRU,1.0",D.XM.EUR.A,D,XM,EUR,A,2008-04-22,0.627707,,A,F
"BIS,WS_XRU,1.0",D.XM.EUR.A,D,XM,EUR,A,2008-04-23,0.627353,,A,F
"BIS,WS_XRU,1.0",D.XM.EUR.A,D,XM,EUR,A,2008-04-24,0.634156,,A,F
"BIS,WS_XRU,1.0",D.XM.EUR.A,D,XM,EUR,A,2008-04-25,0.64119,,A,F
"BIS,WS_XRU,1.0",D.XM.EUR.A,D,XM,EUR,A,2008-04-28,0.639877,,A,F
"BIS,WS_XRU,1.0",D.XM.EUR.A,D,XM,EUR,A,2008-04-29,0.64222,,A,F
"BIS,WS_XRU,1.0",D.XM.EUR.A,D,XM,EUR,A,2008-04-30,0.643501,,A,F
"BIS,WS_XRU,1.0",D.XM.EUR.A,D,XM,EUR,A,2008-05-01,,,M,F
"BIS,WS_XRU,1.0",D.XM.EUR.A,D,XM,EUR,A,2008-05-02,0.646914,,A,F
"BIS,WS_XRU,1.0",D.XM.EUR.A,D,XM,EUR,A,2008-05-05,0.646831,,A,F
"BIS,WS_XRU,1.0",D.XM.EUR.A,D,XM,EUR,A,2008-05-06,0.643998,,A,F
"BIS,WS_XRU,1.0",D.XM.EUR.A,D,XM,EUR,A,2008-05-07,0.648088,,A,F
"BIS,WS_XRU,1.0",D.XM.EUR.A,D,XM,EUR,A,2008-05-08,0.651593,,A,F
"BIS,WS_XRU,1.0",D.XM.EUR.A,D,XM,EUR,A,2008-05-09,0.646914,,A,F
"BIS,WS_XRU,1.0",D.XM.EUR.A,D,XM,EUR,A,2008-05-12,0.648088,,A,F
"BIS,WS_XRU,1.0",D.XM.EUR.A,D,XM,EUR,A,2008-05-13,0.646287,,A,F
"BIS,WS_XRU,1.0",D.XM.EUR.A,D,XM,EUR,A,2008-05-14,0.64771,,A,F
"BIS,WS_XRU,1.0",D.XM.EUR.A,D,XM,EUR,A,2008-05-15,0.646245,,A,F
"BIS,WS_XRU,1.0",D.XM.EUR.A,D,XM,EUR,A,2008-05-16,0.645245,,A,F
"BIS,WS_XRU,1.0",D.XM.EUR.A,D,XM,EUR,A,2008-05-19,0.641972,,A,F
"BIS,WS_XRU,1.0",D.XM.EUR.A,D,XM,EUR,A,2008-05-20,0.639427,,A,F
"BIS,WS_XRU,1.0",D.XM.EUR.A,D,XM,EUR,A,2008-05-21,0.6348,,A,F
"BIS,WS_XRU,1.0",D.XM.EUR.A,D,XM,EUR,A,2008-05-22,0.634719,,A,F
"BIS,WS_XRU,1.0",D.XM.EUR.A,D,XM,EUR,A,2008-05-23,0.635243,,A,F
"BIS,WS_XRU,1.0",D.XM.EUR.A,D,XM,EUR,A,2008-05-26,0.634478,,A,F
"BIS,WS_XRU,1.0",D.XM.EUR.A,D,XM,EUR,A,2008-05-27,0.634518,,A,F
"BIS,WS_XRU,1.0",D.XM.EUR.A,D,XM,EUR,A,2008-05-28,0.638733,,A,F
"BIS,WS_XRU,1.0",D.XM.EUR.A,D,XM,EUR,A,2008-05-29,0.643045,,A,F
"BIS,WS_XRU,1.0",D.XM.EUR.A,D,XM,EUR,A,2008-05-30,0.644828,,A,F
"BIS,WS_XRU,1.0",D.XM.EUR.A,D,XM,EUR,A,2008-06-02,0.644288,,A,F
"BIS,WS_XRU,1.0",D.XM.EUR.A,D,XM,EUR,A,2008-06-03,0.641313,,A,F
"BIS,WS_XRU,1.0",D.XM.EUR.A,D,XM,EUR,A,2008-06-04,0.64658,,A,F
"BIS,WS_XRU,1.0",D.XM.EUR.A,D,XM,EUR,A,2008-06-05,0.649266,,A,F
"BIS,WS_XRU,1.0",D.XM.EUR.A,D,XM,EUR,A,2008-06-06,0.641149,,A,F
"BIS,WS_XRU,1.0",D.XM.EUR.A,D,XM,EUR,A,2008-06-09,0.633553,,A,F
"BIS,WS_XRU,1.0",D.XM.EUR.A,D,XM,EUR,A,2008-06-10,0.644081,,A,F
"BIS,WS_XRU,1.0",D.XM.EUR.A,D,XM,EUR,A,2008-06-11,0.644538,,A,F
"BIS,WS_XRU,1.0",D.XM.EUR.A,D,XM,EUR,A,2008-06-12,0.648635,,A,F
"BIS,WS_XRU,1.0",D.XM.EUR.A,D,XM,EUR,A,2008-06-13,0.652061,,A,F
"BIS,WS_XRU,1.0",D.XM.EUR.A,D,XM,EUR,A,2008-06-16,0.646872,,A,F
"BIS,WS_XRU,1.0",D.XM.EUR.A,D,XM,EUR,A,2008-06-17,0.64612,,A,F
"BIS,WS_XRU,1.0",D.XM.EUR.A,D,XM,EUR,A,2008-06-18,0.645453,,A,F
"BIS,WS_XRU,1.0",D.XM.EUR.A,D,XM,EUR,A,2008-06-19,0.645953,,A,F
"BIS,WS_XRU,1.0",D.XM.EUR.A,D,XM,EUR,A,2008-06-20,0.640615,,A,F
"BIS,WS_XRU,1.0",D.XM.EUR.A,D,XM,EUR,A,2008-06-23,0.644288,,A,F
"BIS,WS_XRU,1.0",D.XM.EUR.A,D,XM,EUR,A,2008-06-24,0.642343,,A,F
"BIS,WS_XRU,1.0",D.XM.EUR.A,D,XM,EUR,A,2008-06-25,0.641067,,A,F
"BIS,WS_XRU,1.0",D.XM.EUR.A,D,XM,EUR,A,2008-06-26,0.635687,,A,F
"BIS,WS_XRU,1.0",D.XM.EUR.A,D,XM,EUR,A,2008-06-27,0.635001,,A,F
"BIS,WS_XRU,1.0",D.XM.EUR.A,D,XM,EUR,A,2008-06-30,0.634357,,A,F
"BIS,WS_XRU,1.0",D.XM.EUR.A,D,XM,EUR,A,2008-07-01,0.633914,,A,F
"BIS,WS_XRU,1.0",D.XM.EUR.A,D,XM,EUR,A,2008-07-02,0.632671,,A,F
"BIS,WS_XRU,1.0",D.XM.EUR.A,D,XM,EUR,A,2008-07-03,0.629525,,A,F
"BIS,WS_XRU,1.0",D.XM.EUR.A,D,XM,EUR,A,2008-07-04,0.638121,,A,F
"BIS,WS_XRU,1.0",D.XM.EUR.A,D,XM,EUR,A,2008-07-07,0.638937,,A,F
"BIS,WS_XRU,1.0",D.XM.EUR.A,D,XM,EUR,A,2008-07-08,0.637471,,A,F
"BIS,WS_XRU,1.0",D.XM.EUR.A,D,XM,EUR,A,2008-07-09,0.636335,,A,F
"BIS,WS_XRU,1.0",D.XM.EUR.A,D,XM,EUR,A,2008-07-10,0.636618,,A,F
"BIS,WS_XRU,1.0",D.XM.EUR.A,D,XM,EUR,A,2008-07-11,0.631512,,A,F
"BIS,WS_XRU,1.0",D.XM.EUR.A,D,XM,EUR,A,2008-07-14,0.631034,,A,F
"BIS,WS_XRU,1.0",D.XM.EUR.A,D,XM,EUR,A,2008-07-15,0.625391,,A,F
"BIS,WS_XRU,1.0",D.XM.EUR.A,D,XM,EUR,A,2008-07-16,0.629406,,A,F
"BIS,WS_XRU,1.0",D.XM.EUR.A,D,XM,EUR,A,2008-07-17,0.630955,,A,F
"BIS,WS_XRU,1.0",D.XM.EUR.A,D,XM,EUR,A,2008-07-18,0.632271,,A,F
"BIS,WS_XRU,1.0",D.XM.EUR.A,D,XM,EUR,A,2008-07-21,0.630597,,A,F
"BIS,WS_XRU,1.0",D.XM.EUR.A,D,XM,EUR,A,2008-07-22,0.62818,,A,F
"BIS,WS_XRU,1.0",D.XM.EUR.A,D,XM,EUR,A,2008-07-23,0.635284,,A,F
"BIS,WS_XRU,1.0",D.XM.EUR.A,D,XM,EUR,A,2008-07-24,0.637877,,A,F
"BIS,WS_XRU,1.0",D.XM.EUR.A,D,XM,EUR,A,2008-07-25,0.635566,,A,F
"BIS,WS_XRU,1.0",D.XM.EUR.A,D,XM,EUR,A,2008-07-28,0.635082,,A,F
"BIS,WS_XRU,1.0",D.XM.EUR.A,D,XM,EUR,A,2008-07-29,0.63674,,A,F
"BIS,WS_XRU,1.0",D.XM.EUR.A,D,XM,EUR,A,2008-07-30,0.641478,,A,F
"BIS,WS_XRU,1.0",D.XM.EUR.A,D,XM,EUR,A,2008-07-31,0.640574,,A,F
"BIS,WS_XRU,1.0",D.XM.EUR.A,D,XM,EUR,A,2008-08-01,0.642096,,A,F
"BIS,WS_XRU,1.0",D.XM.EUR.A,D,XM,EUR,A,2008-08-04,0.642426,,A,F
"BIS,WS_XRU,1.0",D.XM.EUR.A,D,XM,EUR,A,2008-08-05,0.645703,,A,F
"BIS,WS_XRU,1.0",D.XM.EUR.A,D,XM,EUR,A,2008-08-06,0.646078,,A,F
"BIS,WS_XRU,1.0",D.XM.EUR.A,D,XM,EUR,A,2008-08-07,0.646371,,A,F
"BIS,WS_XRU,1.0",D.XM.EUR.A,D,XM,EUR,A,2008-08-08,0.663394,,A,F
"BIS,WS_XRU,1.0",D.XM.EUR.A,D,XM,EUR,A,2008-08-11,0.666134,,A,F
"BIS,WS_XRU,1.0",D.XM.EUR.A,D,XM,EUR,A,2008-08-12,0.670826,,A,F
"BIS,WS_XRU,1.0",D.XM.EUR.A,D,XM,EUR,A,2008-08-13,0.671006,,A,F
"BIS,WS_XRU,1.0",D.XM.EUR.A,D,XM,EUR,A,2008-08-14,0.670826,,A,F
"BIS,WS_XRU,1.0",D.XM.EUR.A,D,XM,EUR,A,2008-08-15,0.678933,,A,F
"BIS,WS_XRU,1.0",D.XM.EUR.A,D,XM,EUR,A,2008-08-18,0.680087,,A,F
"BIS,WS_XRU,1.0",D.XM.EUR.A,D,XM,EUR,A,2008-08-19,0.681338,,A,F
"BIS,WS_XRU,1.0",D.XM.EUR.A,D,XM,EUR,A,2008-08-20,0.678702,,A,F
"BIS,WS_XRU,1.0",D.XM.EUR.A,D,XM,EUR,A,2008-08-21,0.675037,,A,F
"BIS,WS_XRU,1.0",D.XM.EUR.A,D,XM,EUR,A,2008-08-22,0.675311,,A,F
"BIS,WS_XRU,1.0",D.XM.EUR.A,D,XM,EUR,A,2008-08-25,0.677186,,A,F
"BIS,WS_XRU,1.0",D.XM.EUR.A,D,XM,EUR,A,2008-08-26,0.685025,,A,F
"BIS,WS_XRU,1.0",D.XM.EUR.A,D,XM,EUR,A,2008-08-27,0.677186,,A,F
"BIS,WS_XRU,1.0",D.XM.EUR.A,D,XM,EUR,A,2008-08-28,0.677002,,A,F
"BIS,WS_XRU,1.0",D.XM.EUR.A,D,XM,EUR,A,2008-08-29,0.678656,,A,F
"BIS,WS_XRU,1.0",D.XM.EUR.A,D,XM,EUR,A,2008-09-01,0.683948,,A,F
"BIS,WS_XRU,1.0",D.XM.EUR.A,D,XM,EUR,A,2008-09-02,0.688895,,A,F
"BIS,WS_XRU,1.0",D.XM.EUR.A,D,XM,EUR,A,2008-09-03,0.692473,,A,F
"BIS,WS_XRU,1.0",D.XM.EUR.A,D,XM,EUR,A,2008-09-04,0.690226,,A,F
"BIS,WS_XRU,1.0",D.XM.EUR.A,D,XM,EUR,A,2008-09-05,0.701902,,A,F
"BIS,WS_XRU,1.0",D.XM.EUR.A,D,XM,EUR,A,2008-09-08,0.703532,,A,F
"BIS,WS_XRU,1.0",D.XM.EUR.A,D,XM,EUR,A,2008-09-09,0.707014,,A,F
"BIS,WS_XRU,1.0",D.XM.EUR.A,D,XM,EUR,A,2008-09-10,0.709522,,A,F
"BIS,WS_XRU,1.0",D.XM.EUR.A,D,XM,EUR,A,2008-09-11,0.717669,,A,F
"BIS,WS_XRU,1.0",D.XM.EUR.A,D,XM,EUR,A,2008-09-12,0.710934,,A,F
"BIS,WS_XRU,1.0",D.XM.EUR.A,D,XM,EUR,A,2008-09-15,0.706664,,A,F
"BIS,WS_XRU,1.0",D.XM.EUR.A,D,XM,EUR,A,2008-09-16,0.700918,,A,F
"BIS,WS_XRU,1.0",D.XM.EUR.A,D,XM,EUR,A,2008-09-17,0.703037,,A,F
"BIS,WS_XRU,1.0",D.XM.EUR.A,D,XM,EUR,A,2008-09-18,0.68956,,A,F
"BIS,WS_XRU,1.0",D.XM.EUR.A,D,XM,EUR,A,2008-09-19,0.702445,,A,F
"BIS,WS_XRU,1.0",D.XM.EUR.A,D,XM,EUR,A,2008-09-22,0.686295,,A,F
"BIS,WS_XRU,1.0",D.XM.EUR.A,D,XM,EUR,A,2008-09-23,0.678841,,A,F
"BIS,WS_XRU,1.0",D.XM.EUR.A,D,XM,EUR,A,2008-09-24,0.680735,,A,F
"BIS,WS_XRU,1.0",D.XM.EUR.A,D,XM,EUR,A,2008-09-25,0.680272,,A,F
"BIS,WS_XRU,1.0",D.XM.EUR.A,D,XM,EUR,A,2008-09-26,0.68306,,A,F
"BIS,WS_XRU,1.0",D.XM.EUR.A,D,XM,EUR,A,2008-09-29,0.696913,,A,F
"BIS,WS_XRU,1.0",D.XM.EUR.A,D,XM,EUR,A,2008-09-30,0.699154,,A,F
"BIS,WS_XRU,1.0",D.XM.EUR.A,D,XM,EUR,A,2008-10-01,0.710177,,A,F
"BIS,WS_XRU,1.0",D.XM.EUR.A,D,XM,EUR,A,2008-10-02,0.719269,,A,F
"BIS,WS_XRU,1.0",D.XM.EUR.A,D,XM,EUR,A,2008-10-03,0.722857,,A,F
"BIS,WS_XRU,1.0",D.XM.EUR.A,D,XM,EUR,A,2008-10-06,0.73346,,A,F
"BIS,WS_XRU,1.0",D.XM.EUR.A,D,XM,EUR,A,2008-10-07,0.733568,,A,F
"BIS,WS_XRU,1.0",D.XM.EUR.A,D,XM,EUR,A,2008-10-08,0.728279,,A,F
"BIS,WS_XRU,1.0",D.XM.EUR.A,D,XM,EUR,A,2008-10-09,0.730887,,A,F
"BIS,WS_XRU,1.0",D.XM.EUR.A,D,XM,EUR,A,2008-10-10,0.736431,,A,F
"BIS,WS_XRU,1.0",D.XM.EUR.A,D,XM,EUR,A,2008-10-13,0.733192,,A,F
"BIS,WS_XRU,1.0",D.XM.EUR.A,D,XM,EUR,A,2008-10-14,0.727167,,A,F
"BIS,WS_XRU,1.0",D.XM.EUR.A,D,XM,EUR,A,2008-10-15,0.733945,,A,F
"BIS,WS_XRU,1.0",D.XM.EUR.A,D,XM,EUR,A,2008-10-16,0.740357,,A,F
"BIS,WS_XRU,1.0",D.XM.EUR.A,D,XM,EUR,A,2008-10-17,0.746046,,A,F
"BIS,WS_XRU,1.0",D.XM.EUR.A,D,XM,EUR,A,2008-10-20,0.744934,,A,F
"BIS,WS_XRU,1.0",D.XM.EUR.A,D,XM,EUR,A,2008-10-21,0.758495,,A,F
"BIS,WS_XRU,1.0",D.XM.EUR.A,D,XM,EUR,A,2008-10-22,0.778634,,A,F
"BIS,WS_XRU,1.0",D.XM.EUR.A,D,XM,EUR,A,2008-10-23,0.78064,,A,F
"BIS,WS_XRU,1.0",D.XM.EUR.A,D,XM,EUR,A,2008-10-24,0.793903,,A,F
"BIS,WS_XRU,1.0",D.XM.EUR.A,D,XM,EUR,A,2008-10-27,0.802568,,A,F
"BIS,WS_XRU,1.0",D.XM.EUR.A,D,XM,EUR,A,2008-10-28,0.798339,,A,F
"BIS,WS_XRU,1.0",D.XM.EUR.A,D,XM,EUR,A,2008-10-29,0.783085,,A,F
"BIS,WS_XRU,1.0",D.XM.EUR.A,D,XM,EUR,A,2008-10-30,0.767165,,A,F
"BIS,WS_XRU,1.0",D.XM.EUR.A,D,XM,EUR,A,2008-10-31,0.783883,,A,F
"BIS,WS_XRU,1.0",D.XM.EUR.A,D,XM,EUR,A,2008-11-03,0.77991,,A,F
"BIS,WS_XRU,1.0",D.XM.EUR.A,D,XM,EUR,A,2008-11-04,0.780031,,A,F
"BIS,WS_XRU,1.0",D.XM.EUR.A,D,XM,EUR,A,2008-11-05,0.777001,,A,F
"BIS,WS_XRU,1.0",D.XM.EUR.A,D,XM,EUR,A,2008-11-06,0.783085,,A,F
"BIS,WS_XRU,1.0",D.XM.EUR.A,D,XM,EUR,A,2008-11-07,0.783945,,A,F
"BIS,WS_XRU,1.0",D.XM.EUR.A,D,XM,EUR,A,2008-11-10,0.775735,,A,F
"BIS,WS_XRU,1.0",D.XM.EUR.A,D,XM,EUR,A,2008-11-11,0.784498,,A,F
"BIS,WS_XRU,1.0",D.XM.EUR.A,D,XM,EUR,A,2008-11-12,0.798085,,A,F
"BIS,WS_XRU,1.0",D.XM.EUR.A,D,XM,EUR,A,2008-11-13,0.798403,,A,F
"BIS,WS_XRU,1.0",D.XM.EUR.A,D,XM,EUR,A,2008-11-14,0.788955,,A,F
"BIS,WS_XRU,1.0",D.XM.EUR.A,D,XM,EUR,A,2008-11-17,0.789889,,A,F
"BIS,WS_XRU,1.0",D.XM.EUR.A,D,XM,EUR,A,2008-11-18,0.790326,,A,F
"BIS,WS_XRU,1.0",D.XM.EUR.A,D,XM,EUR,A,2008-11-19,0.791515,,A,F
"BIS,WS_XRU,1.0",D.XM.EUR.A,D,XM,EUR,A,2008-11-20,0.797321,,A,F
"BIS,WS_XRU,1.0",D.XM.EUR.A,D,XM,EUR,A,2008-11-21,0.793525,,A,F
"BIS,WS_XRU,1.0",D.XM.EUR.A,D,XM,EUR,A,2008-11-24,0.782901,,A,F
"BIS,WS_XRU,1.0",D.XM.EUR.A,D,XM,EUR,A,2008-11-25,0.780579,,A,F
"BIS,WS_XRU,1.0",D.XM.EUR.A,D,XM,EUR,A,2008-11-26,0.773096,,A,F
"BIS,WS_XRU,1.0",D.XM.EUR.A,D,XM,EUR,A,2008-11-27,0.775194,,A,F
"BIS,WS_XRU,1.0",D.XM.EUR.A,D,XM,EUR,A,2008-11-28,0.785731,,A,F
"BIS,WS_XRU,1.0",D.XM.EUR.A,D,XM,EUR,A,2008-12-01,0.793147,,A,F
"BIS,WS_XRU,1.0",D.XM.EUR.A,D,XM,EUR,A,2008-12-02,0.787588,,A,F
"BIS,WS_XRU,1.0",D.XM.EUR.A,D,XM,EUR,A,2008-12-03,0.792205,,A,F
"BIS,WS_XRU,1.0",D.XM.EUR.A,D,XM,EUR,A,2008-12-04,0.792393,,A,F
"BIS,WS_XRU,1.0",D.XM.EUR.A,D,XM,EUR,A,2008-12-05,0.789578,,A,F
"BIS,WS_XRU,1.0",D.XM.EUR.A,D,XM,EUR,A,2008-12-08,0.777968,,A,F
"BIS,WS_XRU,1.0",D.XM.EUR.A,D,XM,EUR,A,2008-12-09,0.778938,,A,F
"BIS,WS_XRU,1.0",D.XM.EUR.A,D,XM,EUR,A,2008-12-10,0.773694,,A,F
"BIS,WS_XRU,1.0",D.XM.EUR.A,D,XM,EUR,A,2008-12-11,0.756716,,A,F
"BIS,WS_XRU,1.0",D.XM.EUR.A,D,XM,EUR,A,2008-12-12,0.749625,,A,F
"BIS,WS_XRU,1.0",D.XM.EUR.A,D,XM,EUR,A,2008-12-15,0.740192,,A,F
"BIS,WS_XRU,1.0",D.XM.EUR.A,D,XM,EUR,A,2008-12-16,0.73046,,A,F
"BIS,WS_XRU,1.0",D.XM.EUR.A,D,XM,EUR,A,2008-12-17,0.711288,,A,F
"BIS,WS_XRU,1.0",D.XM.EUR.A,D,XM,EUR,A,2008-12-18,0.684182,,A,F
"BIS,WS_XRU,1.0",D.XM.EUR.A,D,XM,EUR,A,2008-12-19,0.71736,,A,F
"BIS,WS_XRU,1.0",D.XM.EUR.A,D,XM,EUR,A,2008-12-22,0.71582,,A,F
"BIS,WS_XRU,1.0",D.XM.EUR.A,D,XM,EUR,A,2008-12-23,0.71541,,A,F
"BIS,WS_XRU,1.0",D.XM.EUR.A,D,XM,EUR,A,2008-12-24,0.714031,,A,F
"BIS,WS_XRU,1.0",D.XM.EUR.A,D,XM,EUR,A,2008-12-25,,,M,F
"BIS,WS_XRU,1.0",D.XM.EUR.A,D,XM,EUR,A,2008-12-26,,,M,F
"BIS,WS_XRU,1.0",D.XM.EUR.A,D,XM,EUR,A,2008-12-29,0.700771,,A,F
"BIS,WS_XRU,1.0",D.XM.EUR.A,D,XM,EUR,A,2008-12-30,0.70932,,A,F
"BIS,WS_XRU,1.0",D.XM.EUR.A,D,XM,EUR,A,2008-12-31,0.718546,,A,F
"BIS,WS_XRU,1.0",D.XM.EUR.A,D,XM,EUR,A,2009-01-01,,,M,F
"BIS,WS_XRU,1.0",D.XM.EUR.A,D,XM,EUR,A,2009-01-02,0.721189,,A,F
"BIS,WS_XRU,1.0",D.XM.EUR.A,D,XM,EUR,A,2009-01-05,0.736269,,A,F
"BIS,WS_XRU,1.0",D.XM.EUR.A,D,XM,EUR,A,2009-01-06,0.750075,,A,F
"BIS,WS_XRU,1.0",D.XM.EUR.A,D,XM,EUR,A,2009-01-07,0.735565,,A,F
"BIS,WS_XRU,1.0",D.XM.EUR.A,D,XM,EUR,A,2009-01-08,0.734376,,A,F
"BIS,WS_XRU,1.0",D.XM.EUR.A,D,XM,EUR,A,2009-01-09,0.73078,,A,F
"BIS,WS_XRU,1.0",D.XM.EUR.A,D,XM,EUR,A,2009-01-12,0.746603,,A,F
"BIS,WS_XRU,1.0",D.XM.EUR.A,D,XM,EUR,A,2009-01-13,0.754034,,A,F
"BIS,WS_XRU,1.0",D.XM.EUR.A,D,XM,EUR,A,2009-01-14,0.759129,,A,F
"BIS,WS_XRU,1.0",D.XM.EUR.A,D,XM,EUR,A,2009-01-15,0.764234,,A,F
"BIS,WS_XRU,1.0",D.XM.EUR.A,D,XM,EUR,A,2009-01-16,0.75358,,A,F
"BIS,WS_XRU,1.0",D.XM.EUR.A,D,XM,EUR,A,2009-01-19,0.75861,,A,F
"BIS,WS_XRU,1.0",D.XM.EUR.A,D,XM,EUR,A,2009-01-20,0.773395,,A,F
"BIS,WS_XRU,1.0",D.XM.EUR.A,D,XM,EUR,A,2009-01-21,0.774593,,A,F
"BIS,WS_XRU,1.0",D.XM.EUR.A,D,XM,EUR,A,2009-01-22,0.770179,,A,F
"BIS,WS_XRU,1.0",D.XM.EUR.A,D,XM,EUR,A,2009-01-23,0.781555,,A,F
"BIS,WS_XRU,1.0",D.XM.EUR.A,D,XM,EUR,A,2009-01-26,0.769823,,A,F
"BIS,WS_XRU,1.0",D.XM.EUR.A,D,XM,EUR,A,2009-01-27,0.759071,,A,F
"BIS,WS_XRU,1.0",D.XM.EUR.A,D,XM,EUR,A,2009-01-28,0.754148,,A,F
"BIS,WS_XRU,1.0",D.XM.EUR.A,D,XM,EUR,A,2009-01-29,0.762718,,A,F
"BIS,WS_XRU,1.0",D.XM.EUR.A,D,XM,EUR,A,2009-01-30,0.780275,,A,F
"BIS,WS_XRU,1.0",D.XM.EUR.A,D,XM,EUR,A,2009-02-02,0.783699,,A,F
"BIS,WS_XRU,1.0",D.XM.EUR.A,D,XM,EUR,A,2009-02-03,0.778271,,A,F
"BIS,WS_XRU,1.0",D.XM.EUR.A,D,XM,EUR,A,2009-02-04,0.780153,,A,F
"BIS,WS_XRU,1.0",D.XM.EUR.A,D,XM,EUR,A,2009-02-05,0.779484,,A,F
"BIS,WS_XRU,1.0",D.XM.EUR.A,D,XM,EUR,A,2009-02-06,0.781494,,A,F
"BIS,WS_XRU,1.0",D.XM.EUR.A,D,XM,EUR,A,2009-02-09,0.768758,,A,F
"BIS,WS_XRU,1.0",D.XM.EUR.A,D,XM,EUR,A,2009-02-10,0.771188,,A,F
"BIS,WS_XRU,1.0",D.XM.EUR.A,D,XM,EUR,A,2009-02-11,0.772917,,A,F
"BIS,WS_XRU,1.0",D.XM.EUR.A,D,XM,EUR,A,2009-02-12,0.779241,,A,F
"BIS,WS_XRU,1.0",D.XM.EUR.A,D,XM,EUR,A,2009-02-13,0.779849,,A,F
"BIS,WS_XRU,1.0",D.XM.EUR.A,D,XM,EUR,A,2009-02-16,0.783392,,A,F
"BIS,WS_XRU,1.0",D.XM.EUR.A,D,XM,EUR,A,2009-02-17,0.791515,,A,F
"BIS,WS_XRU,1.0",D.XM.EUR.A,D,XM,EUR,A,2009-02-18,0.793903,,A,F
"BIS,WS_XRU,1.0",D.XM.EUR.A,D,XM,EUR,A,2009-02-19,0.787092,,A,F
"BIS,WS_XRU,1.0",D.XM.EUR.A,D,XM,EUR,A,2009-02-20,0.794218,,A,F
"BIS,WS_XRU,1.0",D.XM.EUR.A,D,XM,EUR,A,2009-02-23,0.781372,,A,F
"BIS,WS_XRU,1.0",D.XM.EUR.A,D,XM,EUR,A,2009-02-24,0.783515,,A,F
"BIS,WS_XRU,1.0",D.XM.EUR.A,D,XM,EUR,A,2009-02-25,0.781555,,A,F
"BIS,WS_XRU,1.0",D.XM.EUR.A,D,XM,EUR,A,2009-02-26,0.78235,,A,F
"BIS,WS_XRU,1.0",D.XM.EUR.A,D,XM,EUR,A,2009-02-27,0.790889,,A,F
"BIS,WS_XRU,1.0",D.XM.EUR.A,D,XM,EUR,A,2009-03-02,0.793903,,A,F
"BIS,WS_XRU,1.0",D.XM.EUR.A,D,XM,EUR,A,2009-03-03,0.792707,,A,F
"BIS,WS_XRU,1.0",D.XM.EUR.A,D,XM,EUR,A,2009-03-04,0.796495,,A,F
"BIS,WS_XRU,1.0",D.XM.EUR.A,D,XM,EUR,A,2009-03-05,0.796495,,A,F
"BIS,WS_XRU,1.0",D.XM.EUR.A,D,XM,EUR,A,2009-03-06,0.790014,,A,F
"BIS,WS_XRU,1.0",D.XM.EUR.A,D,XM,EUR,A,2009-03-09,0.795862,,A,F
"BIS,WS_XRU,1.0",D.XM.EUR.A,D,XM,EUR,A,2009-03-10,0.782289,,A,F
"BIS,WS_XRU,1.0",D.XM.EUR.A,D,XM,EUR,A,2009-03-11,0.782105,,A,F
"BIS,WS_XRU,1.0",D.XM.EUR.A,D,XM,EUR,A,2009-03-12,0.78235,,A,F
"BIS,WS_XRU,1.0",D.XM.EUR.A,D,XM,EUR,A,2009-03-13,0.774893,,A,F
"BIS,WS_XRU,1.0",D.XM.EUR.A,D,XM,EUR,A,2009-03-16,0.766754,,A,F
"BIS,WS_XRU,1.0",D.XM.EUR.A,D,XM,EUR,A,2009-03-17,0.772678,,A,F
"BIS,WS_XRU,1.0",D.XM.EUR.A,D,XM,EUR,A,2009-03-18,0.761615,,A,F
"BIS,WS_XRU,1.0",D.XM.EUR.A,D,XM,EUR,A,2009-03-19,0.731475,,A,F
"BIS,WS_XRU,1.0",D.XM.EUR.A,D,XM,EUR,A,2009-03-20,0.738062,,A,F
"BIS,WS_XRU,1.0",D.XM.EUR.A,D,XM,EUR,A,2009-03-23,0.737572,,A,F
"BIS,WS_XRU,1.0",D.XM.EUR.A,D,XM,EUR,A,2009-03-24,0.740357,,A,F
"BIS,WS_XRU,1.0",D.XM.EUR.A,D,XM,EUR,A,2009-03-25,0.74107,,A,F
"BIS,WS_XRU,1.0",D.XM.EUR.A,D,XM,EUR,A,2009-03-26,0.734916,,A,F
"BIS,WS_XRU,1.0",D.XM.EUR.A,D,XM,EUR,A,2009-03-27,0.752162,,A,F
"BIS,WS_XRU,1.0",D.XM.EUR.A,D,XM,EUR,A,2009-03-30,0.757978,,A,F
"BIS,WS_XRU,1.0",D.XM.EUR.A,D,XM,EUR,A,2009-03-31,0.751428,,A,F
"BIS,WS_XRU,1.0",D.XM.EUR.A,D,XM,EUR,A,2009-04-01,0.754945,,A,F
"BIS,WS_XRU,1.0",D.XM.EUR.A,D,XM,EUR,A,2009-04-02,0.746714,,A,F
"BIS,WS_XRU,1.0",D.XM.EUR.A,D,XM,EUR,A,2009-04-03,0.744879,,A,F
"BIS,WS_XRU,1.0",D.XM.EUR.A,D,XM,EUR,A,2009-04-06,0.74096,,A,F
"BIS,WS_XRU,1.0",D.XM.EUR.A,D,XM,EUR,A,2009-04-07,0.754432,,A,F
"BIS,WS_XRU,1.0",D.XM.EUR.A,D,XM,EUR,A,2009-04-08,0.755801,,A,F
"BIS,WS_XRU,1.0",D.XM.EUR.A,D,XM,EUR,A,2009-04-09,0.753409,,A,F
"BIS,WS_XRU,1.0",D.XM.EUR.A,D,XM,EUR,A,2009-04-10,,,M,F
"BIS,WS_XRU,1.0",D.XM.EUR.A,D,XM,EUR,A,2009-04-13,,,M,F
"BIS,WS_XRU,1.0",D.XM.EUR.A,D,XM,EUR,A,2009-04-14,0.753239,,A,F
"BIS,WS_XRU,1.0",D.XM.EUR.A,D,XM,EUR,A,2009-04-15,0.759129,,A,F
"BIS,WS_XRU,1.0",D.XM.EUR.A,D,XM,EUR,A,2009-04-16,0.757805,,A,F
"BIS,WS_XRU,1.0",D.XM.EUR.A,D,XM,EUR,A,2009-04-17,0.765814,,A,F
"BIS,WS_XRU,1.0",D.XM.EUR.A,D,XM,EUR,A,2009-04-20,0.771248,,A,F
"BIS,WS_XRU,1.0",D.XM.EUR.A,D,XM,EUR,A,2009-04-21,0.773276,,A,F
"BIS,WS_XRU,1.0",D.XM.EUR.A,D,XM,EUR,A,2009-04-22,0.77238,,A,F
"BIS,WS_XRU,1.0",D.XM.EUR.A,D,XM,EUR,A,2009-04-23,0.766284,,A,F
"BIS,WS_XRU,1.0",D.XM.EUR.A,D,XM,EUR,A,2009-04-24,0.755744,,A,F
"BIS,WS_XRU,1.0",D.XM.EUR.A,D,XM,EUR,A,2009-04-27,0.761905,,A,F
"BIS,WS_XRU,1.0",D.XM.EUR.A,D,XM,EUR,A,2009-04-28,0.769704,,A,F
"BIS,WS_XRU,1.0",D.XM.EUR.A,D,XM,EUR,A,2009-04-29,0.753807,,A,F
"BIS,WS_XRU,1.0",D.XM.EUR.A,D,XM,EUR,A,2009-04-30,0.753296,,A,F
"BIS,WS_XRU,1.0",D.XM.EUR.A,D,XM,EUR,A,2009-05-01,,,M,F
"BIS,WS_XRU,1.0",D.XM.EUR.A,D,XM,EUR,A,2009-05-04,0.756258,,A,F
"BIS,WS_XRU,1.0",D.XM.EUR.A,D,XM,EUR,A,2009-05-05,0.746102,,A,F
"BIS,WS_XRU,1.0",D.XM.EUR.A,D,XM,EUR,A,2009-05-06,0.750638,,A,F
"BIS,WS_XRU,1.0",D.XM.EUR.A,D,XM,EUR,A,2009-05-07,0.748335,,A,F
"BIS,WS_XRU,1.0",D.XM.EUR.A,D,XM,EUR,A,2009-05-08,0.744879,,A,F
"BIS,WS_XRU,1.0",D.XM.EUR.A,D,XM,EUR,A,2009-05-11,0.736703,,A,F
"BIS,WS_XRU,1.0",D.XM.EUR.A,D,XM,EUR,A,2009-05-12,0.730834,,A,F
"BIS,WS_XRU,1.0",D.XM.EUR.A,D,XM,EUR,A,2009-05-13,0.734053,,A,F
"BIS,WS_XRU,1.0",D.XM.EUR.A,D,XM,EUR,A,2009-05-14,0.7373,,A,F
"BIS,WS_XRU,1.0",D.XM.EUR.A,D,XM,EUR,A,2009-05-15,0.739754,,A,F
"BIS,WS_XRU,1.0",D.XM.EUR.A,D,XM,EUR,A,2009-05-18,0.74107,,A,F
"BIS,WS_XRU,1.0",D.XM.EUR.A,D,XM,EUR,A,2009-05-19,0.734646,,A,F
"BIS,WS_XRU,1.0",D.XM.EUR.A,D,XM,EUR,A,2009-05-20,0.73046,,A,F
"BIS,WS_XRU,1.0",D.XM.EUR.A,D,XM,EUR,A,2009-05-21,0.726164,,A,F
"BIS,WS_XRU,1.0",D.XM.EUR.A,D,XM,EUR,A,2009-05-22,0.715717,,A,F
"BIS,WS_XRU,1.0",D.XM.EUR.A,D,XM,EUR,A,2009-05-25,0.713776,,A,F
"BIS,WS_XRU,1.0",D.XM.EUR.A,D,XM,EUR,A,2009-05-26,0.719011,,A,F
"BIS,WS_XRU,1.0",D.XM.EUR.A,D,XM,EUR,A,2009-05-27,0.719373,,A,F
"BIS,WS_XRU,1.0",D.XM.EUR.A,D,XM,EUR,A,2009-05-28,0.721709,,A,F
"BIS,WS_XRU,1.0",D.XM.EUR.A,D,XM,EUR,A,2009-05-29,0.70932,,A,F
"BIS,WS_XRU,1.0",D.XM.EUR.A,D,XM,EUR,A,2009-06-01,0.703235,,A,F
"BIS,WS_XRU,1.0",D.XM.EUR.A,D,XM,EUR,A,2009-06-02,0.702346,,A,F
"BIS,WS_XRU,1.0",D.XM.EUR.A,D,XM,EUR,A,2009-06-03,0.703878,,A,F
"BIS,WS_XRU,1.0",D.XM.EUR.A,D,XM,EUR,A,2009-06-04,0.709471,,A,F
"BIS,WS_XRU,1.0",D.XM.EUR.A,D,XM,EUR,A,2009-06-05,0.705368,,A,F
"BIS,WS_XRU,1.0",D.XM.EUR.A,D,XM,EUR,A,2009-06-08,0.721189,,A,F
"BIS,WS_XRU,1.0",D.XM.EUR.A,D,XM,EUR,A,2009-06-09,0.716384,,A,F
"BIS,WS_XRU,1.0",D.XM.EUR.A,D,XM,EUR,A,2009-06-10,0.709119,,A,F
"BIS,WS_XRU,1.0",D.XM.EUR.A,D,XM,EUR,A,2009-06-11,0.715871,,A,F
"BIS,WS_XRU,1.0",D.XM.EUR.A,D,XM,EUR,A,2009-06-12,0.714082,,A,F
"BIS,WS_XRU,1.0",D.XM.EUR.A,D,XM,EUR,A,2009-06-15,0.722022,,A,F
"BIS,WS_XRU,1.0",D.XM.EUR.A,D,XM,EUR,A,2009-06-16,0.719942,,A,F
"BIS,WS_XRU,1.0",D.XM.EUR.A,D,XM,EUR,A,2009-06-17,0.722543,,A,F
"BIS,WS_XRU,1.0",D.XM.EUR.A,D,XM,EUR,A,2009-06-18,0.718391,,A,F
"BIS,WS_XRU,1.0",D.XM.EUR.A,D,XM,EUR,A,2009-06-19,0.717772,,A,F
"BIS,WS_XRU,1.0",D.XM.EUR.A,D,XM,EUR,A,2009-06-22,0.721605,,A,F
"BIS,WS_XRU,1.0",D.XM.EUR.A,D,XM,EUR,A,2009-06-23,0.71541,,A,F
"BIS,WS_XRU,1.0",D.XM.EUR.A,D,XM,EUR,A,2009-06-24,0.712809,,A,F
"BIS,WS_XRU,1.0",D.XM.EUR.A,D,XM,EUR,A,2009-06-25,0.71736,,A,F
"BIS,WS_XRU,1.0",D.XM.EUR.A,D,XM,EUR,A,2009-06-26,0.709421,,A,F
"BIS,WS_XRU,1.0",D.XM.EUR.A,D,XM,EUR,A,2009-06-29,0.711339,,A,F
"BIS,WS_XRU,1.0",D.XM.EUR.A,D,XM,EUR,A,2009-06-30,0.707514,,A,F
"BIS,WS_XRU,1.0",D.XM.EUR.A,D,XM,EUR,A,2009-07-01,0.709421,,A,F
"BIS,WS_XRU,1.0",D.XM.EUR.A,D,XM,EUR,A,2009-07-02,0.711794,,A,F
"BIS,WS_XRU,1.0",D.XM.EUR.A,D,XM,EUR,A,2009-07-03,0.713827,,A,F
"BIS,WS_XRU,1.0",D.XM.EUR.A,D,XM,EUR,A,2009-07-06,0.71958,,A,F
"BIS,WS_XRU,1.0",D.XM.EUR.A,D,XM,EUR,A,2009-07-07,0.713318,,A,F
"BIS,WS_XRU,1.0",D.XM.EUR.A,D,XM,EUR,A,2009-07-08,0.719373,,A,F
"BIS,WS_XRU,1.0",D.XM.EUR.A,D,XM,EUR,A,2009-07-09,0.714796,,A,F
"BIS,WS_XRU,1.0",D.XM.EUR.A,D,XM,EUR,A,2009-07-10,0.719373,,A,F
"BIS,WS_XRU,1.0",D.XM.EUR.A,D,XM,EUR,A,2009-07-13,0.715564,,A,F
"BIS,WS_XRU,1.0",D.XM.EUR.A,D,XM,EUR,A,2009-07-14,0.714745,,A,F
"BIS,WS_XRU,1.0",D.XM.EUR.A,D,XM,EUR,A,2009-07-15,0.709774,,A,F
"BIS,WS_XRU,1.0",D.XM.EUR.A,D,XM,EUR,A,2009-07-16,0.707714,,A,F
"BIS,WS_XRU,1.0",D.XM.EUR.A,D,XM,EUR,A,2009-07-17,0.709723,,A,F
"BIS,WS_XRU,1.0",D.XM.EUR.A,D,XM,EUR,A,2009-07-20,0.703383,,A,F
"BIS,WS_XRU,1.0",D.XM.EUR.A,D,XM,EUR,A,2009-07-21,0.703087,,A,F
"BIS,WS_XRU,1.0",D.XM.EUR.A,D,XM,EUR,A,2009-07-22,0.704672,,A,F
"BIS,WS_XRU,1.0",D.XM.EUR.A,D,XM,EUR,A,2009-07-23,0.70279,,A,F
"BIS,WS_XRU,1.0",D.XM.EUR.A,D,XM,EUR,A,2009-07-24,0.702889,,A,F
"BIS,WS_XRU,1.0",D.XM.EUR.A,D,XM,EUR,A,2009-07-27,0.70082,,A,F
"BIS,WS_XRU,1.0",D.XM.EUR.A,D,XM,EUR,A,2009-07-28,0.70279,,A,F
"BIS,WS_XRU,1.0",D.XM.EUR.A,D,XM,EUR,A,2009-07-29,0.709019,,A,F
"BIS,WS_XRU,1.0",D.XM.EUR.A,D,XM,EUR,A,2009-07-30,0.711592,,A,F
"BIS,WS_XRU,1.0",D.XM.EUR.A,D,XM,EUR,A,2009-07-31,0.707314,,A,F
"BIS,WS_XRU,1.0",D.XM.EUR.A,D,XM,EUR,A,2009-08-03,0.699154,,A,F
"BIS,WS_XRU,1.0",D.XM.EUR.A,D,XM,EUR,A,2009-08-04,0.695217,,A,F
"BIS,WS_XRU,1.0",D.XM.EUR.A,D,XM,EUR,A,2009-08-05,0.693963,,A,F
"BIS,WS_XRU,1.0",D.XM.EUR.A,D,XM,EUR,A,2009-08-06,0.695894,,A,F
"BIS,WS_XRU,1.0",D.XM.EUR.A,D,XM,EUR,A,2009-08-07,0.696524,,A,F
"BIS,WS_XRU,1.0",D.XM.EUR.A,D,XM,EUR,A,2009-08-10,0.704126,,A,F
"BIS,WS_XRU,1.0",D.XM.EUR.A,D,XM,EUR,A,2009-08-11,0.705916,,A,F
"BIS,WS_XRU,1.0",D.XM.EUR.A,D,XM,EUR,A,2009-08-12,0.705716,,A,F
"BIS,WS_XRU,1.0",D.XM.EUR.A,D,XM,EUR,A,2009-08-13,0.699643,,A,F
"BIS,WS_XRU,1.0",D.XM.EUR.A,D,XM,EUR,A,2009-08-14,0.699594,,A,F
"BIS,WS_XRU,1.0",D.XM.EUR.A,D,XM,EUR,A,2009-08-17,0.710631,,A,F
"BIS,WS_XRU,1.0",D.XM.EUR.A,D,XM,EUR,A,2009-08-18,0.70917,,A,F
"BIS,WS_XRU,1.0",D.XM.EUR.A,D,XM,EUR,A,2009-08-19,0.708617,,A,F
"BIS,WS_XRU,1.0",D.XM.EUR.A,D,XM,EUR,A,2009-08-20,0.702099,,A,F
"BIS,WS_XRU,1.0",D.XM.EUR.A,D,XM,EUR,A,2009-08-21,0.697837,,A,F
"BIS,WS_XRU,1.0",D.XM.EUR.A,D,XM,EUR,A,2009-08-24,0.698178,,A,F
"BIS,WS_XRU,1.0",D.XM.EUR.A,D,XM,EUR,A,2009-08-25,0.698129,,A,F
"BIS,WS_XRU,1.0",D.XM.EUR.A,D,XM,EUR,A,2009-08-26,0.700771,,A,F
"BIS,WS_XRU,1.0",D.XM.EUR.A,D,XM,EUR,A,2009-08-27,0.700869,,A,F
"BIS,WS_XRU,1.0",D.XM.EUR.A,D,XM,EUR,A,2009-08-28,0.696185,,A,F
"BIS,WS_XRU,1.0",D.XM.EUR.A,D,XM,EUR,A,2009-08-31,0.700673,,A,F
"BIS,WS_XRU,1.0",D.XM.EUR.A,D,XM,EUR,A,2009-09-01,0.698617,,A,F
"BIS,WS_XRU,1.0",D.XM.EUR.A,D,XM,EUR,A,2009-09-02,0.703235,,A,F
"BIS,WS_XRU,1.0",D.XM.EUR.A,D,XM,EUR,A,2009-09-03,0.697593,,A,F
"BIS,WS_XRU,1.0",D.XM.EUR.A,D,XM,EUR,A,2009-09-04,0.701164,,A,F
"BIS,WS_XRU,1.0",D.XM.EUR.A,D,XM,EUR,A,2009-09-07,0.697837,,A,F
"BIS,WS_XRU,1.0",D.XM.EUR.A,D,XM,EUR,A,2009-09-08,0.690942,,A,F
"BIS,WS_XRU,1.0",D.XM.EUR.A,D,XM,EUR,A,2009-09-09,0.68861,,A,F
"BIS,WS_XRU,1.0",D.XM.EUR.A,D,XM,EUR,A,2009-09-10,0.687521,,A,F
"BIS,WS_XRU,1.0",D.XM.EUR.A,D,XM,EUR,A,2009-09-11,0.685213,,A,F
"BIS,WS_XRU,1.0",D.XM.EUR.A,D,XM,EUR,A,2009-09-14,0.686766,,A,F
"BIS,WS_XRU,1.0",D.XM.EUR.A,D,XM,EUR,A,2009-09-15,0.684416,,A,F
"BIS,WS_XRU,1.0",D.XM.EUR.A,D,XM,EUR,A,2009-09-16,0.681617,,A,F
"BIS,WS_XRU,1.0",D.XM.EUR.A,D,XM,EUR,A,2009-09-17,0.679717,,A,F
"BIS,WS_XRU,1.0",D.XM.EUR.A,D,XM,EUR,A,2009-09-18,0.680041,,A,F
"BIS,WS_XRU,1.0",D.XM.EUR.A,D,XM,EUR,A,2009-09-21,0.682221,,A,F
"BIS,WS_XRU,1.0",D.XM.EUR.A,D,XM,EUR,A,2009-09-22,0.67659,,A,F
"BIS,WS_XRU,1.0",D.XM.EUR.A,D,XM,EUR,A,2009-09-23,0.676453,,A,F
"BIS,WS_XRU,1.0",D.XM.EUR.A,D,XM,EUR,A,2009-09-24,0.67714,,A,F
"BIS,WS_XRU,1.0",D.XM.EUR.A,D,XM,EUR,A,2009-09-25,0.681663,,A,F
"BIS,WS_XRU,1.0",D.XM.EUR.A,D,XM,EUR,A,2009-09-28,0.682594,,A,F
"BIS,WS_XRU,1.0",D.XM.EUR.A,D,XM,EUR,A,2009-09-29,0.687332,,A,F
"BIS,WS_XRU,1.0",D.XM.EUR.A,D,XM,EUR,A,2009-09-30,0.68292,,A,F
"BIS,WS_XRU,1.0",D.XM.EUR.A,D,XM,EUR,A,2009-10-01,0.687805,,A,F
"BIS,WS_XRU,1.0",D.XM.EUR.A,D,XM,EUR,A,2009-10-02,0.6879,,A,F
"BIS,WS_XRU,1.0",D.XM.EUR.A,D,XM,EUR,A,2009-10-05,0.684182,,A,F
"BIS,WS_XRU,1.0",D.XM.EUR.A,D,XM,EUR,A,2009-10-06,0.679256,,A,F
"BIS,WS_XRU,1.0",D.XM.EUR.A,D,XM,EUR,A,2009-10-07,0.68055,,A,F
"BIS,WS_XRU,1.0",D.XM.EUR.A,D,XM,EUR,A,2009-10-08,0.677369,,A,F
"BIS,WS_XRU,1.0",D.XM.EUR.A,D,XM,EUR,A,2009-10-09,0.677966,,A,F
"BIS,WS_XRU,1.0",D.XM.EUR.A,D,XM,EUR,A,2009-10-12,0.677277,,A,F
"BIS,WS_XRU,1.0",D.XM.EUR.A,D,XM,EUR,A,2009-10-13,0.672766,,A,F
"BIS,WS_XRU,1.0",D.XM.EUR.A,D,XM,EUR,A,2009-10-14,0.671998,,A,F
"BIS,WS_XRU,1.0",D.XM.EUR.A,D,XM,EUR,A,2009-10-15,0.672766,,A,F
"BIS,WS_XRU,1.0",D.XM.EUR.A,D,XM,EUR,A,2009-10-16,0.67254,,A,F
"BIS,WS_XRU,1.0",D.XM.EUR.A,D,XM,EUR,A,2009-10-19,0.670331,,A,F
"BIS,WS_XRU,1.0",D.XM.EUR.A,D,XM,EUR,A,2009-10-20,0.667958,,A,F
"BIS,WS_XRU,1.0",D.XM.EUR.A,D,XM,EUR,A,2009-10-21,0.670196,,A,F
"BIS,WS_XRU,1.0",D.XM.EUR.A,D,XM,EUR,A,2009-10-22,0.666667,,A,F
"BIS,WS_XRU,1.0",D.XM.EUR.A,D,XM,EUR,A,2009-10-23,0.665779,,A,F
"BIS,WS_XRU,1.0",D.XM.EUR.A,D,XM,EUR,A,2009-10-26,0.665823,,A,F
"BIS,WS_XRU,1.0",D.XM.EUR.A,D,XM,EUR,A,2009-10-27,0.672314,,A,F
"BIS,WS_XRU,1.0",D.XM.EUR.A,D,XM,EUR,A,2009-10-28,0.676361,,A,F
"BIS,WS_XRU,1.0",D.XM.EUR.A,D,XM,EUR,A,2009-10-29,0.676224,,A,F
"BIS,WS_XRU,1.0",D.XM.EUR.A,D,XM,EUR,A,2009-10-30,0.675676,,A,F
"BIS,WS_XRU,1.0",D.XM.EUR.A,D,XM,EUR,A,2009-11-02,0.676956,,A,F
"BIS,WS_XRU,1.0",D.XM.EUR.A,D,XM,EUR,A,2009-11-03,0.682221,,A,F
"BIS,WS_XRU,1.0",D.XM.EUR.A,D,XM,EUR,A,2009-11-04,0.677461,,A,F
"BIS,WS_XRU,1.0",D.XM.EUR.A,D,XM,EUR,A,2009-11-05,0.672631,,A,F
"BIS,WS_XRU,1.0",D.XM.EUR.A,D,XM,EUR,A,2009-11-06,0.672857,,A,F
"BIS,WS_XRU,1.0",D.XM.EUR.A,D,XM,EUR,A,2009-11-09,0.667379,,A,F
"BIS,WS_XRU,1.0",D.XM.EUR.A,D,XM,EUR,A,2009-11-10,0.668181,,A,F
"BIS,WS_XRU,1.0",D.XM.EUR.A,D,XM,EUR,A,2009-11-11,0.665026,,A,F
"BIS,WS_XRU,1.0",D.XM.EUR.A,D,XM,EUR,A,2009-11-12,0.670151,,A,F
"BIS,WS_XRU,1.0",D.XM.EUR.A,D,XM,EUR,A,2009-11-13,0.672585,,A,F
"BIS,WS_XRU,1.0",D.XM.EUR.A,D,XM,EUR,A,2009-11-16,0.668226,,A,F
"BIS,WS_XRU,1.0",D.XM.EUR.A,D,XM,EUR,A,2009-11-17,0.672269,,A,F
"BIS,WS_XRU,1.0",D.XM.EUR.A,D,XM,EUR,A,2009-11-18,0.668583,,A,F
"BIS,WS_XRU,1.0",D.XM.EUR.A,D,XM,EUR,A,2009-11-19,0.672812,,A,F
"BIS,WS_XRU,1.0",D.XM.EUR.A,D,XM,EUR,A,2009-11-20,0.674992,,A,F
"BIS,WS_XRU,1.0",D.XM.EUR.A,D,XM,EUR,A,2009-11-23,0.668092,,A,F
"BIS,WS_XRU,1.0",D.XM.EUR.A,D,XM,EUR,A,2009-11-24,0.668047,,A,F
"BIS,WS_XRU,1.0",D.XM.EUR.A,D,XM,EUR,A,2009-11-25,0.662998,,A,F
"BIS,WS_XRU,1.0",D.XM.EUR.A,D,XM,EUR,A,2009-11-26,0.663526,,A,F
"BIS,WS_XRU,1.0",D.XM.EUR.A,D,XM,EUR,A,2009-11-27,0.670331,,A,F
"BIS,WS_XRU,1.0",D.XM.EUR.A,D,XM,EUR,A,2009-11-30,0.665646,,A,F
"BIS,WS_XRU,1.0",D.XM.EUR.A,D,XM,EUR,A,2009-12-01,0.663394,,A,F
"BIS,WS_XRU,1.0",D.XM.EUR.A,D,XM,EUR,A,2009-12-02,0.662691,,A,F
"BIS,WS_XRU,1.0",D.XM.EUR.A,D,XM,EUR,A,2009-12-03,0.661376,,A,F
"BIS,WS_XRU,1.0",D.XM.EUR.A,D,XM,EUR,A,2009-12-04,0.663658,,A,F
"BIS,WS_XRU,1.0",D.XM.EUR.A,D,XM,EUR,A,2009-12-07,0.67627,,A,F
"BIS,WS_XRU,1.0",D.XM.EUR.A,D,XM,EUR,A,2009-12-08,0.676865,,A,F
"BIS,WS_XRU,1.0",D.XM.EUR.A,D,XM,EUR,A,2009-12-09,0.67714,,A,F
"BIS,WS_XRU,1.0",D.XM.EUR.A,D,XM,EUR,A,2009-12-10,0.678887,,A,F
"BIS,WS_XRU,1.0",D.XM.EUR.A,D,XM,EUR,A,2009-12-11,0.677645,,A,F
"BIS,WS_XRU,1.0",D.XM.EUR.A,D,XM,EUR,A,2009-12-14,0.682734,,A,F
"BIS,WS_XRU,1.0",D.XM.EUR.A,D,XM,EUR,A,2009-12-15,0.687711,,A,F
"BIS,WS_XRU,1.0",D.XM.EUR.A,D,XM,EUR,A,2009-12-16,0.686813,,A,F
"BIS,WS_XRU,1.0",D.XM.EUR.A,D,XM,EUR,A,2009-12-17,0.697204,,A,F
"BIS,WS_XRU,1.0",D.XM.EUR.A,D,XM,EUR,A,2009-12-18,0.697496,,A,F
"BIS,WS_XRU,1.0",D.XM.EUR.A,D,XM,EUR,A,2009-12-21,0.695991,,A,F
"BIS,WS_XRU,1.0",D.XM.EUR.A,D,XM,EUR,A,2009-12-22,0.700329,,A,F
"BIS,WS_XRU,1.0",D.XM.EUR.A,D,XM,EUR,A,2009-12-23,0.700476,,A,F
"BIS,WS_XRU,1.0",D.XM.EUR.A,D,XM,EUR,A,2009-12-24,0.694541,,A,F
"BIS,WS_XRU,1.0",D.XM.EUR.A,D,XM,EUR,A,2009-12-25,,,M,F
"BIS,WS_XRU,1.0",D.XM.EUR.A,D,XM,EUR,A,2009-12-28,0.694203,,A,F
"BIS,WS_XRU,1.0",D.XM.EUR.A,D,XM,EUR,A,2009-12-29,0.692857,,A,F
"BIS,WS_XRU,1.0",D.XM.EUR.A,D,XM,EUR,A,2009-12-30,0.697447,,A,F
"BIS,WS_XRU,1.0",D.XM.EUR.A,D,XM,EUR,A,2009-12-31,0.694155,,A,F
"BIS,WS_XRU,1.0",D.XM.EUR.A,D,XM,EUR,A,2010-01-01,,,M,F
"BIS,WS_XRU,1.0",D.XM.EUR.A,D,XM,EUR,A,2010-01-04,0.694975,,A,F
"BIS,WS_XRU,1.0",D.XM.EUR.A,D,XM,EUR,A,2010-01-05,0.692425,,A,F
"BIS,WS_XRU,1.0",D.XM.EUR.A,D,XM,EUR,A,2010-01-06,0.696864,,A,F
"BIS,WS_XRU,1.0",D.XM.EUR.A,D,XM,EUR,A,2010-01-07,0.699105,,A,F
"BIS,WS_XRU,1.0",D.XM.EUR.A,D,XM,EUR,A,2010-01-08,0.700624,,A,F
"BIS,WS_XRU,1.0",D.XM.EUR.A,D,XM,EUR,A,2010-01-11,0.688326,,A,F
"BIS,WS_XRU,1.0",D.XM.EUR.A,D,XM,EUR,A,2010-01-12,0.69056,,A,F
"BIS,WS_XRU,1.0",D.XM.EUR.A,D,XM,EUR,A,2010-01-13,0.686672,,A,F
"BIS,WS_XRU,1.0",D.XM.EUR.A,D,XM,EUR,A,2010-01-14,0.690322,,A,F
"BIS,WS_XRU,1.0",D.XM.EUR.A,D,XM,EUR,A,2010-01-15,0.695701,,A,F
"BIS,WS_XRU,1.0",D.XM.EUR.A,D,XM,EUR,A,2010-01-18,0.695943,,A,F
"BIS,WS_XRU,1.0",D.XM.EUR.A,D,XM,EUR,A,2010-01-19,0.700329,,A,F
"BIS,WS_XRU,1.0",D.XM.EUR.A,D,XM,EUR,A,2010-01-20,0.707614,,A,F
"BIS,WS_XRU,1.0",D.XM.EUR.A,D,XM,EUR,A,2010-01-21,0.711035,,A,F
"BIS,WS_XRU,1.0",D.XM.EUR.A,D,XM,EUR,A,2010-01-22,0.707464,,A,F
"BIS,WS_XRU,1.0",D.XM.EUR.A,D,XM,EUR,A,2010-01-25,0.706664,,A,F
"BIS,WS_XRU,1.0",D.XM.EUR.A,D,XM,EUR,A,2010-01-26,0.709975,,A,F
"BIS,WS_XRU,1.0",D.XM.EUR.A,D,XM,EUR,A,2010-01-27,0.710631,,A,F
"BIS,WS_XRU,1.0",D.XM.EUR.A,D,XM,EUR,A,2010-01-28,0.714337,,A,F
"BIS,WS_XRU,1.0",D.XM.EUR.A,D,XM,EUR,A,2010-01-29,0.716025,,A,F
"BIS,WS_XRU,1.0",D.XM.EUR.A,D,XM,EUR,A,2010-02-01,0.718752,,A,F
"BIS,WS_XRU,1.0",D.XM.EUR.A,D,XM,EUR,A,2010-02-02,0.717515,,A,F
"BIS,WS_XRU,1.0",D.XM.EUR.A,D,XM,EUR,A,2010-02-03,0.715103,,A,F
"BIS,WS_XRU,1.0",D.XM.EUR.A,D,XM,EUR,A,2010-02-04,0.722178,,A,F
"BIS,WS_XRU,1.0",D.XM.EUR.A,D,XM,EUR,A,2010-02-05,0.730407,,A,F
"BIS,WS_XRU,1.0",D.XM.EUR.A,D,XM,EUR,A,2010-02-08,0.731261,,A,F
"BIS,WS_XRU,1.0",D.XM.EUR.A,D,XM,EUR,A,2010-02-09,0.726744,,A,F
"BIS,WS_XRU,1.0",D.XM.EUR.A,D,XM,EUR,A,2010-02-10,0.727802,,A,F
"BIS,WS_XRU,1.0",D.XM.EUR.A,D,XM,EUR,A,2010-02-11,0.728969,,A,F
"BIS,WS_XRU,1.0",D.XM.EUR.A,D,XM,EUR,A,2010-02-12,0.736811,,A,F
"BIS,WS_XRU,1.0",D.XM.EUR.A,D,XM,EUR,A,2010-02-15,0.734916,,A,F
"BIS,WS_XRU,1.0",D.XM.EUR.A,D,XM,EUR,A,2010-02-16,0.732654,,A,F
"BIS,WS_XRU,1.0",D.XM.EUR.A,D,XM,EUR,A,2010-02-17,0.728544,,A,F
"BIS,WS_XRU,1.0",D.XM.EUR.A,D,XM,EUR,A,2010-02-18,0.737083,,A,F
"BIS,WS_XRU,1.0",D.XM.EUR.A,D,XM,EUR,A,2010-02-19,0.7397,,A,F
"BIS,WS_XRU,1.0",D.XM.EUR.A,D,XM,EUR,A,2010-02-22,0.733891,,A,F
"BIS,WS_XRU,1.0",D.XM.EUR.A,D,XM,EUR,A,2010-02-23,0.73654,,A,F
"BIS,WS_XRU,1.0",D.XM.EUR.A,D,XM,EUR,A,2010-02-24,0.738171,,A,F
"BIS,WS_XRU,1.0",D.XM.EUR.A,D,XM,EUR,A,2010-02-25,0.741345,,A,F
"BIS,WS_XRU,1.0",D.XM.EUR.A,D,XM,EUR,A,2010-02-26,0.73692,,A,F
"BIS,WS_XRU,1.0",D.XM.EUR.A,D,XM,EUR,A,2010-03-01,0.739372,,A,F
"BIS,WS_XRU,1.0",D.XM.EUR.A,D,XM,EUR,A,2010-03-02,0.738116,,A,F
"BIS,WS_XRU,1.0",D.XM.EUR.A,D,XM,EUR,A,2010-03-03,0.733084,,A,F
"BIS,WS_XRU,1.0",D.XM.EUR.A,D,XM,EUR,A,2010-03-04,0.731636,,A,F
"BIS,WS_XRU,1.0",D.XM.EUR.A,D,XM,EUR,A,2010-03-05,0.736269,,A,F
"BIS,WS_XRU,1.0",D.XM.EUR.A,D,XM,EUR,A,2010-03-08,0.731957,,A,F
"BIS,WS_XRU,1.0",D.XM.EUR.A,D,XM,EUR,A,2010-03-09,0.737626,,A,F
"BIS,WS_XRU,1.0",D.XM.EUR.A,D,XM,EUR,A,2010-03-10,0.734754,,A,F
"BIS,WS_XRU,1.0",D.XM.EUR.A,D,XM,EUR,A,2010-03-11,0.732225,,A,F
"BIS,WS_XRU,1.0",D.XM.EUR.A,D,XM,EUR,A,2010-03-12,0.72648,,A,F
"BIS,WS_XRU,1.0",D.XM.EUR.A,D,XM,EUR,A,2010-03-15,0.729661,,A,F
"BIS,WS_XRU,1.0",D.XM.EUR.A,D,XM,EUR,A,2010-03-16,0.728704,,A,F
"BIS,WS_XRU,1.0",D.XM.EUR.A,D,XM,EUR,A,2010-03-17,0.726956,,A,F
"BIS,WS_XRU,1.0",D.XM.EUR.A,D,XM,EUR,A,2010-03-18,0.732064,,A,F
"BIS,WS_XRU,1.0",D.XM.EUR.A,D,XM,EUR,A,2010-03-19,0.738116,,A,F
"BIS,WS_XRU,1.0",D.XM.EUR.A,D,XM,EUR,A,2010-03-22,0.742335,,A,F
"BIS,WS_XRU,1.0",D.XM.EUR.A,D,XM,EUR,A,2010-03-23,0.7397,,A,F
"BIS,WS_XRU,1.0",D.XM.EUR.A,D,XM,EUR,A,2010-03-24,0.749738,,A,F
"BIS,WS_XRU,1.0",D.XM.EUR.A,D,XM,EUR,A,2010-03-25,0.748727,,A,F
"BIS,WS_XRU,1.0",D.XM.EUR.A,D,XM,EUR,A,2010-03-26,0.748895,,A,F
"BIS,WS_XRU,1.0",D.XM.EUR.A,D,XM,EUR,A,2010-03-29,0.742335,,A,F
"BIS,WS_XRU,1.0",D.XM.EUR.A,D,XM,EUR,A,2010-03-30,0.74173,,A,F
"BIS,WS_XRU,1.0",D.XM.EUR.A,D,XM,EUR,A,2010-03-31,0.741895,,A,F
"BIS,WS_XRU,1.0",D.XM.EUR.A,D,XM,EUR,A,2010-04-01,0.742501,,A,F
"BIS,WS_XRU,1.0",D.XM.EUR.A,D,XM,EUR,A,2010-04-02,,,M,F
"BIS,WS_XRU,1.0",D.XM.EUR.A,D,XM,EUR,A,2010-04-05,,,M,F
"BIS,WS_XRU,1.0",D.XM.EUR.A,D,XM,EUR,A,2010-04-06,0.746491,,A,F
"BIS,WS_XRU,1.0",D.XM.EUR.A,D,XM,EUR,A,2010-04-07,0.749625,,A,F
"BIS,WS_XRU,1.0",D.XM.EUR.A,D,XM,EUR,A,2010-04-08,0.752106,,A,F
"BIS,WS_XRU,1.0",D.XM.EUR.A,D,XM,EUR,A,2010-04-09,0.747161,,A,F
"BIS,WS_XRU,1.0",D.XM.EUR.A,D,XM,EUR,A,2010-04-12,0.736106,,A,F
"BIS,WS_XRU,1.0",D.XM.EUR.A,D,XM,EUR,A,2010-04-13,0.736214,,A,F
"BIS,WS_XRU,1.0",D.XM.EUR.A,D,XM,EUR,A,2010-04-14,0.734484,,A,F
"BIS,WS_XRU,1.0",D.XM.EUR.A,D,XM,EUR,A,2010-04-15,0.738334,,A,F
"BIS,WS_XRU,1.0",D.XM.EUR.A,D,XM,EUR,A,2010-04-16,0.738825,,A,F
"BIS,WS_XRU,1.0",D.XM.EUR.A,D,XM,EUR,A,2010-04-19,0.744491,,A,F
"BIS,WS_XRU,1.0",D.XM.EUR.A,D,XM,EUR,A,2010-04-20,0.74151,,A,F
"BIS,WS_XRU,1.0",D.XM.EUR.A,D,XM,EUR,A,2010-04-21,0.747775,,A,F
"BIS,WS_XRU,1.0",D.XM.EUR.A,D,XM,EUR,A,2010-04-22,0.749681,,A,F
"BIS,WS_XRU,1.0",D.XM.EUR.A,D,XM,EUR,A,2010-04-23,0.751258,,A,F
"BIS,WS_XRU,1.0",D.XM.EUR.A,D,XM,EUR,A,2010-04-26,0.750694,,A,F
"BIS,WS_XRU,1.0",D.XM.EUR.A,D,XM,EUR,A,2010-04-27,0.752445,,A,F
"BIS,WS_XRU,1.0",D.XM.EUR.A,D,XM,EUR,A,2010-04-28,0.755002,,A,F
"BIS,WS_XRU,1.0",D.XM.EUR.A,D,XM,EUR,A,2010-04-29,0.754375,,A,F
"BIS,WS_XRU,1.0",D.XM.EUR.A,D,XM,EUR,A,2010-04-30,0.751033,,A,F
"BIS,WS_XRU,1.0",D.XM.EUR.A,D,XM,EUR,A,2010-05-03,0.755401,,A,F
"BIS,WS_XRU,1.0",D.XM.EUR.A,D,XM,EUR,A,2010-05-04,0.764,,A,F
"BIS,WS_XRU,1.0",D.XM.EUR.A,D,XM,EUR,A,2010-05-05,0.773754,,A,F
"BIS,WS_XRU,1.0",D.XM.EUR.A,D,XM,EUR,A,2010-05-06,0.785731,,A,F
"BIS,WS_XRU,1.0",D.XM.EUR.A,D,XM,EUR,A,2010-05-07,0.78456,,A,F
"BIS,WS_XRU,1.0",D.XM.EUR.A,D,XM,EUR,A,2010-05-10,0.771069,,A,F
"BIS,WS_XRU,1.0",D.XM.EUR.A,D,XM,EUR,A,2010-05-11,0.787526,,A,F
"BIS,WS_XRU,1.0",D.XM.EUR.A,D,XM,EUR,A,2010-05-12,0.788271,,A,F
"BIS,WS_XRU,1.0",D.XM.EUR.A,D,XM,EUR,A,2010-05-13,0.79447,,A,F
"BIS,WS_XRU,1.0",D.XM.EUR.A,D,XM,EUR,A,2010-05-14,0.800512,,A,F
"BIS,WS_XRU,1.0",D.XM.EUR.A,D,XM,EUR,A,2010-05-17,0.809782,,A,F
"BIS,WS_XRU,1.0",D.XM.EUR.A,D,XM,EUR,A,2010-05-18,0.804635,,A,F
"BIS,WS_XRU,1.0",D.XM.EUR.A,D,XM,EUR,A,2010-05-19,0.814996,,A,F
"BIS,WS_XRU,1.0",D.XM.EUR.A,D,XM,EUR,A,2010-05-20,0.810767,,A,F
"BIS,WS_XRU,1.0",D.XM.EUR.A,D,XM,EUR,A,2010-05-21,0.800192,,A,F
"BIS,WS_XRU,1.0",D.XM.EUR.A,D,XM,EUR,A,2010-05-24,0.809061,,A,F
"BIS,WS_XRU,1.0",D.XM.EUR.A,D,XM,EUR,A,2010-05-25,0.81813,,A,F
"BIS,WS_XRU,1.0",D.XM.EUR.A,D,XM,EUR,A,2010-05-26,0.812414,,A,F
"BIS,WS_XRU,1.0",D.XM.EUR.A,D,XM,EUR,A,2010-05-27,0.815993,,A,F
"BIS,WS_XRU,1.0",D.XM.EUR.A,D,XM,EUR,A,2010-05-28,0.807494,,A,F
"BIS,WS_XRU,1.0",D.XM.EUR.A,D,XM,EUR,A,2010-05-31,0.812546,,A,F
"BIS,WS_XRU,1.0",D.XM.EUR.A,D,XM,EUR,A,2010-06-01,0.822707,,A,F
"BIS,WS_XRU,1.0",D.XM.EUR.A,D,XM,EUR,A,2010-06-02,0.818465,,A,F
"BIS,WS_XRU,1.0",D.XM.EUR.A,D,XM,EUR,A,2010-06-03,0.815129,,A,F
"BIS,WS_XRU,1.0",D.XM.EUR.A,D,XM,EUR,A,2010-06-04,0.829187,,A,F
"BIS,WS_XRU,1.0",D.XM.EUR.A,D,XM,EUR,A,2010-06-07,0.83619,,A,F
"BIS,WS_XRU,1.0",D.XM.EUR.A,D,XM,EUR,A,2010-06-08,0.837381,,A,F
"BIS,WS_XRU,1.0",D.XM.EUR.A,D,XM,EUR,A,2010-06-09,0.832639,,A,F
"BIS,WS_XRU,1.0",D.XM.EUR.A,D,XM,EUR,A,2010-06-10,0.83022,,A,F
"BIS,WS_XRU,1.0",D.XM.EUR.A,D,XM,EUR,A,2010-06-11,0.824606,,A,F
"BIS,WS_XRU,1.0",D.XM.EUR.A,D,XM,EUR,A,2010-06-14,0.816393,,A,F
"BIS,WS_XRU,1.0",D.XM.EUR.A,D,XM,EUR,A,2010-06-15,0.815794,,A,F
"BIS,WS_XRU,1.0",D.XM.EUR.A,D,XM,EUR,A,2010-06-16,0.814531,,A,F
"BIS,WS_XRU,1.0",D.XM.EUR.A,D,XM,EUR,A,2010-06-17,0.808865,,A,F
"BIS,WS_XRU,1.0",D.XM.EUR.A,D,XM,EUR,A,2010-06-18,0.808277,,A,F
"BIS,WS_XRU,1.0",D.XM.EUR.A,D,XM,EUR,A,2010-06-21,0.807037,,A,F
"BIS,WS_XRU,1.0",D.XM.EUR.A,D,XM,EUR,A,2010-06-22,0.815794,,A,F
"BIS,WS_XRU,1.0",D.XM.EUR.A,D,XM,EUR,A,2010-06-23,0.81493,,A,F
"BIS,WS_XRU,1.0",D.XM.EUR.A,D,XM,EUR,A,2010-06-24,0.815528,,A,F
"BIS,WS_XRU,1.0",D.XM.EUR.A,D,XM,EUR,A,2010-06-25,0.813405,,A,F
"BIS,WS_XRU,1.0",D.XM.EUR.A,D,XM,EUR,A,2010-06-28,0.810438,,A,F
"BIS,WS_XRU,1.0",D.XM.EUR.A,D,XM,EUR,A,2010-06-29,0.819807,,A,F
"BIS,WS_XRU,1.0",D.XM.EUR.A,D,XM,EUR,A,2010-06-30,0.81493,,A,F
"BIS,WS_XRU,1.0",D.XM.EUR.A,D,XM,EUR,A,2010-07-01,0.811162,,A,F
"BIS,WS_XRU,1.0",D.XM.EUR.A,D,XM,EUR,A,2010-07-02,0.79694,,A,F
"BIS,WS_XRU,1.0",D.XM.EUR.A,D,XM,EUR,A,2010-07-05,0.798021,,A,F
"BIS,WS_XRU,1.0",D.XM.EUR.A,D,XM,EUR,A,2010-07-06,0.794976,,A,F
"BIS,WS_XRU,1.0",D.XM.EUR.A,D,XM,EUR,A,2010-07-07,0.795735,,A,F
"BIS,WS_XRU,1.0",D.XM.EUR.A,D,XM,EUR,A,2010-07-08,0.789889,,A,F
"BIS,WS_XRU,1.0",D.XM.EUR.A,D,XM,EUR,A,2010-07-09,0.791327,,A,F
"BIS,WS_XRU,1.0",D.XM.EUR.A,D,XM,EUR,A,2010-07-12,0.795418,,A,F
"BIS,WS_XRU,1.0",D.XM.EUR.A,D,XM,EUR,A,2010-07-13,0.795608,,A,F
"BIS,WS_XRU,1.0",D.XM.EUR.A,D,XM,EUR,A,2010-07-14,0.787216,,A,F
"BIS,WS_XRU,1.0",D.XM.EUR.A,D,XM,EUR,A,2010-07-15,0.779545,,A,F
"BIS,WS_XRU,1.0",D.XM.EUR.A,D,XM,EUR,A,2010-07-16,0.769231,,A,F
"BIS,WS_XRU,1.0",D.XM.EUR.A,D,XM,EUR,A,2010-07-19,0.771784,,A,F
"BIS,WS_XRU,1.0",D.XM.EUR.A,D,XM,EUR,A,2010-07-20,0.778574,,A,F
"BIS,WS_XRU,1.0",D.XM.EUR.A,D,XM,EUR,A,2010-07-21,0.780214,,A,F
"BIS,WS_XRU,1.0",D.XM.EUR.A,D,XM,EUR,A,2010-07-22,0.77821,,A,F
"BIS,WS_XRU,1.0",D.XM.EUR.A,D,XM,EUR,A,2010-07-23,0.775374,,A,F
"BIS,WS_XRU,1.0",D.XM.EUR.A,D,XM,EUR,A,2010-07-26,0.773335,,A,F
"BIS,WS_XRU,1.0",D.XM.EUR.A,D,XM,EUR,A,2010-07-27,0.767283,,A,F
"BIS,WS_XRU,1.0",D.XM.EUR.A,D,XM,EUR,A,2010-07-28,0.769704,,A,F
"BIS,WS_XRU,1.0",D.XM.EUR.A,D,XM,EUR,A,2010-07-29,0.765169,,A,F
"BIS,WS_XRU,1.0",D.XM.EUR.A,D,XM,EUR,A,2010-07-30,0.767578,,A,F
"BIS,WS_XRU,1.0",D.XM.EUR.A,D,XM,EUR,A,2010-08-02,0.764935,,A,F
"BIS,WS_XRU,1.0",D.XM.EUR.A,D,XM,EUR,A,2010-08-03,0.756372,,A,F
"BIS,WS_XRU,1.0",D.XM.EUR.A,D,XM,EUR,A,2010-08-04,0.757232,,A,F
"BIS,WS_XRU,1.0",D.XM.EUR.A,D,XM,EUR,A,2010-08-05,0.758495,,A,F
"BIS,WS_XRU,1.0",D.XM.EUR.A,D,XM,EUR,A,2010-08-06,0.758956,,A,F
"BIS,WS_XRU,1.0",D.XM.EUR.A,D,XM,EUR,A,2010-08-09,0.754546,,A,F
"BIS,WS_XRU,1.0",D.XM.EUR.A,D,XM,EUR,A,2010-08-10,0.761441,,A,F
"BIS,WS_XRU,1.0",D.XM.EUR.A,D,XM,EUR,A,2010-08-11,0.768285,,A,F
"BIS,WS_XRU,1.0",D.XM.EUR.A,D,XM,EUR,A,2010-08-12,0.781861,,A,F
"BIS,WS_XRU,1.0",D.XM.EUR.A,D,XM,EUR,A,2010-08-13,0.781311,,A,F
"BIS,WS_XRU,1.0",D.XM.EUR.A,D,XM,EUR,A,2010-08-16,0.780031,,A,F
"BIS,WS_XRU,1.0",D.XM.EUR.A,D,XM,EUR,A,2010-08-17,0.777605,,A,F
"BIS,WS_XRU,1.0",D.XM.EUR.A,D,XM,EUR,A,2010-08-18,0.776398,,A,F
"BIS,WS_XRU,1.0",D.XM.EUR.A,D,XM,EUR,A,2010-08-19,0.779059,,A,F
"BIS,WS_XRU,1.0",D.XM.EUR.A,D,XM,EUR,A,2010-08-20,0.78672,,A,F
"BIS,WS_XRU,1.0",D.XM.EUR.A,D,XM,EUR,A,2010-08-23,0.787154,,A,F
"BIS,WS_XRU,1.0",D.XM.EUR.A,D,XM,EUR,A,2010-08-24,0.792959,,A,F
"BIS,WS_XRU,1.0",D.XM.EUR.A,D,XM,EUR,A,2010-08-25,0.792833,,A,F
"BIS,WS_XRU,1.0",D.XM.EUR.A,D,XM,EUR,A,2010-08-26,0.787836,,A,F
"BIS,WS_XRU,1.0",D.XM.EUR.A,D,XM,EUR,A,2010-08-27,0.786596,,A,F
"BIS,WS_XRU,1.0",D.XM.EUR.A,D,XM,EUR,A,2010-08-30,0.787402,,A,F
"BIS,WS_XRU,1.0",D.XM.EUR.A,D,XM,EUR,A,2010-08-31,0.788644,,A,F
"BIS,WS_XRU,1.0",D.XM.EUR.A,D,XM,EUR,A,2010-09-01,0.78125,,A,F
"BIS,WS_XRU,1.0",D.XM.EUR.A,D,XM,EUR,A,2010-09-02,0.780153,,A,F
"BIS,WS_XRU,1.0",D.XM.EUR.A,D,XM,EUR,A,2010-09-03,0.77918,,A,F
"BIS,WS_XRU,1.0",D.XM.EUR.A,D,XM,EUR,A,2010-09-06,0.776759,,A,F
"BIS,WS_XRU,1.0",D.XM.EUR.A,D,XM,EUR,A,2010-09-07,0.784683,,A,F
"BIS,WS_XRU,1.0",D.XM.EUR.A,D,XM,EUR,A,2010-09-08,0.787588,,A,F
"BIS,WS_XRU,1.0",D.XM.EUR.A,D,XM,EUR,A,2010-09-09,0.786473,,A,F
"BIS,WS_XRU,1.0",D.XM.EUR.A,D,XM,EUR,A,2010-09-10,0.785855,,A,F
"BIS,WS_XRU,1.0",D.XM.EUR.A,D,XM,EUR,A,2010-09-13,0.781189,,A,F
"BIS,WS_XRU,1.0",D.XM.EUR.A,D,XM,EUR,A,2010-09-14,0.77821,,A,F
"BIS,WS_XRU,1.0",D.XM.EUR.A,D,XM,EUR,A,2010-09-15,0.769882,,A,F
"BIS,WS_XRU,1.0",D.XM.EUR.A,D,XM,EUR,A,2010-09-16,0.764643,,A,F
"BIS,WS_XRU,1.0",D.XM.EUR.A,D,XM,EUR,A,2010-09-17,0.765697,,A,F
"BIS,WS_XRU,1.0",D.XM.EUR.A,D,XM,EUR,A,2010-09-20,0.764877,,A,F
"BIS,WS_XRU,1.0",D.XM.EUR.A,D,XM,EUR,A,2010-09-21,0.762195,,A,F
"BIS,WS_XRU,1.0",D.XM.EUR.A,D,XM,EUR,A,2010-09-22,0.748279,,A,F
"BIS,WS_XRU,1.0",D.XM.EUR.A,D,XM,EUR,A,2010-09-23,0.750582,,A,F
"BIS,WS_XRU,1.0",D.XM.EUR.A,D,XM,EUR,A,2010-09-24,0.745601,,A,F
"BIS,WS_XRU,1.0",D.XM.EUR.A,D,XM,EUR,A,2010-09-27,0.742005,,A,F
"BIS,WS_XRU,1.0",D.XM.EUR.A,D,XM,EUR,A,2010-09-28,0.742942,,A,F
"BIS,WS_XRU,1.0",D.XM.EUR.A,D,XM,EUR,A,2010-09-29,0.7347,,A,F
"BIS,WS_XRU,1.0",D.XM.EUR.A,D,XM,EUR,A,2010-09-30,0.732708,,A,F
"BIS,WS_XRU,1.0",D.XM.EUR.A,D,XM,EUR,A,2010-10-01,0.728544,,A,F
"BIS,WS_XRU,1.0",D.XM.EUR.A,D,XM,EUR,A,2010-10-04,0.729661,,A,F
"BIS,WS_XRU,1.0",D.XM.EUR.A,D,XM,EUR,A,2010-10-05,0.725689,,A,F
"BIS,WS_XRU,1.0",D.XM.EUR.A,D,XM,EUR,A,2010-10-06,0.721709,,A,F
"BIS,WS_XRU,1.0",D.XM.EUR.A,D,XM,EUR,A,2010-10-07,0.71582,,A,F
"BIS,WS_XRU,1.0",D.XM.EUR.A,D,XM,EUR,A,2010-10-08,0.720773,,A,F
"BIS,WS_XRU,1.0",D.XM.EUR.A,D,XM,EUR,A,2010-10-11,0.717566,,A,F
"BIS,WS_XRU,1.0",D.XM.EUR.A,D,XM,EUR,A,2010-10-12,0.722909,,A,F
"BIS,WS_XRU,1.0",D.XM.EUR.A,D,XM,EUR,A,2010-10-13,0.716435,,A,F
"BIS,WS_XRU,1.0",D.XM.EUR.A,D,XM,EUR,A,2010-10-14,0.70917,,A,F
"BIS,WS_XRU,1.0",D.XM.EUR.A,D,XM,EUR,A,2010-10-15,0.709774,,A,F
"BIS,WS_XRU,1.0",D.XM.EUR.A,D,XM,EUR,A,2010-10-18,0.719632,,A,F
"BIS,WS_XRU,1.0",D.XM.EUR.A,D,XM,EUR,A,2010-10-19,0.721553,,A,F
"BIS,WS_XRU,1.0",D.XM.EUR.A,D,XM,EUR,A,2010-10-20,0.721449,,A,F
"BIS,WS_XRU,1.0",D.XM.EUR.A,D,XM,EUR,A,2010-10-21,0.71347,,A,F
"BIS,WS_XRU,1.0",D.XM.EUR.A,D,XM,EUR,A,2010-10-22,0.717669,,A,F
"BIS,WS_XRU,1.0",D.XM.EUR.A,D,XM,EUR,A,2010-10-25,0.712708,,A,F
"BIS,WS_XRU,1.0",D.XM.EUR.A,D,XM,EUR,A,2010-10-26,0.718804,,A,F
"BIS,WS_XRU,1.0",D.XM.EUR.A,D,XM,EUR,A,2010-10-27,0.72448,,A,F
"BIS,WS_XRU,1.0",D.XM.EUR.A,D,XM,EUR,A,2010-10-28,0.721657,,A,F
"BIS,WS_XRU,1.0",D.XM.EUR.A,D,XM,EUR,A,2010-10-29,0.721657,,A,F
"BIS,WS_XRU,1.0",D.XM.EUR.A,D,XM,EUR,A,2010-11-01,0.718081,,A,F
"BIS,WS_XRU,1.0",D.XM.EUR.A,D,XM,EUR,A,2010-11-02,0.713369,,A,F
"BIS,WS_XRU,1.0",D.XM.EUR.A,D,XM,EUR,A,2010-11-03,0.713572,,A,F
"BIS,WS_XRU,1.0",D.XM.EUR.A,D,XM,EUR,A,2010-11-04,0.70205,,A,F
"BIS,WS_XRU,1.0",D.XM.EUR.A,D,XM,EUR,A,2010-11-05,0.710026,,A,F
"BIS,WS_XRU,1.0",D.XM.EUR.A,D,XM,EUR,A,2010-11-08,0.718546,,A,F
"BIS,WS_XRU,1.0",D.XM.EUR.A,D,XM,EUR,A,2010-11-09,0.717103,,A,F
"BIS,WS_XRU,1.0",D.XM.EUR.A,D,XM,EUR,A,2010-11-10,0.726216,,A,F
"BIS,WS_XRU,1.0",D.XM.EUR.A,D,XM,EUR,A,2010-11-11,0.729927,,A,F
"BIS,WS_XRU,1.0",D.XM.EUR.A,D,XM,EUR,A,2010-11-12,0.729341,,A,F
"BIS,WS_XRU,1.0",D.XM.EUR.A,D,XM,EUR,A,2010-11-15,0.733891,,A,F
"BIS,WS_XRU,1.0",D.XM.EUR.A,D,XM,EUR,A,2010-11-16,0.734646,,A,F
"BIS,WS_XRU,1.0",D.XM.EUR.A,D,XM,EUR,A,2010-11-17,0.741785,,A,F
"BIS,WS_XRU,1.0",D.XM.EUR.A,D,XM,EUR,A,2010-11-18,0.732762,,A,F
"BIS,WS_XRU,1.0",D.XM.EUR.A,D,XM,EUR,A,2010-11-19,0.731315,,A,F
"BIS,WS_XRU,1.0",D.XM.EUR.A,D,XM,EUR,A,2010-11-22,0.732762,,A,F
"BIS,WS_XRU,1.0",D.XM.EUR.A,D,XM,EUR,A,2010-11-23,0.74096,,A,F
"BIS,WS_XRU,1.0",D.XM.EUR.A,D,XM,EUR,A,2010-11-24,0.749681,,A,F
"BIS,WS_XRU,1.0",D.XM.EUR.A,D,XM,EUR,A,2010-11-25,0.750694,,A,F
"BIS,WS_XRU,1.0",D.XM.EUR.A,D,XM,EUR,A,2010-11-26,0.756144,,A,F
"BIS,WS_XRU,1.0",D.XM.EUR.A,D,XM,EUR,A,2010-11-29,0.760688,,A,F
"BIS,WS_XRU,1.0",D.XM.EUR.A,D,XM,EUR,A,2010-11-30,0.769349,,A,F
"BIS,WS_XRU,1.0",D.XM.EUR.A,D,XM,EUR,A,2010-12-01,0.762486,,A,F
"BIS,WS_XRU,1.0",D.XM.EUR.A,D,XM,EUR,A,2010-12-02,0.760167,,A,F
"BIS,WS_XRU,1.0",D.XM.EUR.A,D,XM,EUR,A,2010-12-03,0.754945,,A,F
"BIS,WS_XRU,1.0",D.XM.EUR.A,D,XM,EUR,A,2010-12-06,0.753012,,A,F
"BIS,WS_XRU,1.0",D.XM.EUR.A,D,XM,EUR,A,2010-12-07,0.748335,,A,F
"BIS,WS_XRU,1.0",D.XM.EUR.A,D,XM,EUR,A,2010-12-08,0.757576,,A,F
"BIS,WS_XRU,1.0",D.XM.EUR.A,D,XM,EUR,A,2010-12-09,0.756773,,A,F
"BIS,WS_XRU,1.0",D.XM.EUR.A,D,XM,EUR,A,2010-12-10,0.755059,,A,F
"BIS,WS_XRU,1.0",D.XM.EUR.A,D,XM,EUR,A,2010-12-13,0.75375,,A,F
"BIS,WS_XRU,1.0",D.XM.EUR.A,D,XM,EUR,A,2010-12-14,0.744325,,A,F
"BIS,WS_XRU,1.0",D.XM.EUR.A,D,XM,EUR,A,2010-12-15,0.748503,,A,F
"BIS,WS_XRU,1.0",D.XM.EUR.A,D,XM,EUR,A,2010-12-16,0.755401,,A,F
"BIS,WS_XRU,1.0",D.XM.EUR.A,D,XM,EUR,A,2010-12-17,0.754148,,A,F
"BIS,WS_XRU,1.0",D.XM.EUR.A,D,XM,EUR,A,2010-12-20,0.76063,,A,F
"BIS,WS_XRU,1.0",D.XM.EUR.A,D,XM,EUR,A,2010-12-21,0.760167,,A,F
"BIS,WS_XRU,1.0",D.XM.EUR.A,D,XM,EUR,A,2010-12-22,0.76266,,A,F
"BIS,WS_XRU,1.0",D.XM.EUR.A,D,XM,EUR,A,2010-12-23,0.765462,,A,F
"BIS,WS_XRU,1.0",D.XM.EUR.A,D,XM,EUR,A,2010-12-24,0.763417,,A,F
"BIS,WS_XRU,1.0",D.XM.EUR.A,D,XM,EUR,A,2010-12-27,0.761267,,A,F
"BIS,WS_XRU,1.0",D.XM.EUR.A,D,XM,EUR,A,2010-12-28,0.757863,,A,F
"BIS,WS_XRU,1.0",D.XM.EUR.A,D,XM,EUR,A,2010-12-29,0.761267,,A,F
"BIS,WS_XRU,1.0",D.XM.EUR.A,D,XM,EUR,A,2010-12-30,0.753012,,A,F
"BIS,WS_XRU,1.0",D.XM.EUR.A,D,XM,EUR,A,2010-12-31,0.748391,,A,F
"BIS,WS_XRU,1.0",D.XM.EUR.A,D,XM,EUR,A,2011-01-03,0.749176,,A,F
"BIS,WS_XRU,1.0",D.XM.EUR.A,D,XM,EUR,A,2011-01-04,0.745101,,A,F
"BIS,WS_XRU,1.0",D.XM.EUR.A,D,XM,EUR,A,2011-01-05,0.75683,,A,F
"BIS,WS_XRU,1.0",D.XM.EUR.A,D,XM,EUR,A,2011-01-06,0.763884,,A,F
"BIS,WS_XRU,1.0",D.XM.EUR.A,D,XM,EUR,A,2011-01-07,0.771545,,A,F
"BIS,WS_XRU,1.0",D.XM.EUR.A,D,XM,EUR,A,2011-01-10,0.775014,,A,F
"BIS,WS_XRU,1.0",D.XM.EUR.A,D,XM,EUR,A,2011-01-11,0.77232,,A,F
"BIS,WS_XRU,1.0",D.XM.EUR.A,D,XM,EUR,A,2011-01-12,0.770832,,A,F
"BIS,WS_XRU,1.0",D.XM.EUR.A,D,XM,EUR,A,2011-01-13,0.757633,,A,F
"BIS,WS_XRU,1.0",D.XM.EUR.A,D,XM,EUR,A,2011-01-14,0.74912,,A,F
"BIS,WS_XRU,1.0",D.XM.EUR.A,D,XM,EUR,A,2011-01-17,0.751258,,A,F
"BIS,WS_XRU,1.0",D.XM.EUR.A,D,XM,EUR,A,2011-01-18,0.747887,,A,F
"BIS,WS_XRU,1.0",D.XM.EUR.A,D,XM,EUR,A,2011-01-19,0.740412,,A,F
"BIS,WS_XRU,1.0",D.XM.EUR.A,D,XM,EUR,A,2011-01-20,0.74228,,A,F
"BIS,WS_XRU,1.0",D.XM.EUR.A,D,XM,EUR,A,2011-01-21,0.73959,,A,F
"BIS,WS_XRU,1.0",D.XM.EUR.A,D,XM,EUR,A,2011-01-24,0.736865,,A,F
"BIS,WS_XRU,1.0",D.XM.EUR.A,D,XM,EUR,A,2011-01-25,0.73551,,A,F
"BIS,WS_XRU,1.0",D.XM.EUR.A,D,XM,EUR,A,2011-01-26,0.730941,,A,F
"BIS,WS_XRU,1.0",D.XM.EUR.A,D,XM,EUR,A,2011-01-27,0.729076,,A,F
"BIS,WS_XRU,1.0",D.XM.EUR.A,D,XM,EUR,A,2011-01-28,0.729395,,A,F
"BIS,WS_XRU,1.0",D.XM.EUR.A,D,XM,EUR,A,2011-01-31,0.730353,,A,F
"BIS,WS_XRU,1.0",D.XM.EUR.A,D,XM,EUR,A,2011-02-01,0.727008,,A,F
"BIS,WS_XRU,1.0",D.XM.EUR.A,D,XM,EUR,A,2011-02-02,0.72448,,A,F
"BIS,WS_XRU,1.0",D.XM.EUR.A,D,XM,EUR,A,2011-02-03,0.727537,,A,F
"BIS,WS_XRU,1.0",D.XM.EUR.A,D,XM,EUR,A,2011-02-04,0.733622,,A,F
"BIS,WS_XRU,1.0",D.XM.EUR.A,D,XM,EUR,A,2011-02-07,0.737844,,A,F
"BIS,WS_XRU,1.0",D.XM.EUR.A,D,XM,EUR,A,2011-02-08,0.733407,,A,F
"BIS,WS_XRU,1.0",D.XM.EUR.A,D,XM,EUR,A,2011-02-09,0.732762,,A,F
"BIS,WS_XRU,1.0",D.XM.EUR.A,D,XM,EUR,A,2011-02-10,0.735078,,A,F
"BIS,WS_XRU,1.0",D.XM.EUR.A,D,XM,EUR,A,2011-02-11,0.739426,,A,F
"BIS,WS_XRU,1.0",D.XM.EUR.A,D,XM,EUR,A,2011-02-14,0.744048,,A,F
"BIS,WS_XRU,1.0",D.XM.EUR.A,D,XM,EUR,A,2011-02-15,0.740192,,A,F
"BIS,WS_XRU,1.0",D.XM.EUR.A,D,XM,EUR,A,2011-02-16,0.740192,,A,F
"BIS,WS_XRU,1.0",D.XM.EUR.A,D,XM,EUR,A,2011-02-17,0.737463,,A,F
"BIS,WS_XRU,1.0",D.XM.EUR.A,D,XM,EUR,A,2011-02-18,0.733837,,A,F
"BIS,WS_XRU,1.0",D.XM.EUR.A,D,XM,EUR,A,2011-02-21,0.731636,,A,F
"BIS,WS_XRU,1.0",D.XM.EUR.A,D,XM,EUR,A,2011-02-22,0.731689,,A,F
"BIS,WS_XRU,1.0",D.XM.EUR.A,D,XM,EUR,A,2011-02-23,0.728279,,A,F
"BIS,WS_XRU,1.0",D.XM.EUR.A,D,XM,EUR,A,2011-02-24,0.726058,,A,F
"BIS,WS_XRU,1.0",D.XM.EUR.A,D,XM,EUR,A,2011-02-25,0.726639,,A,F
"BIS,WS_XRU,1.0",D.XM.EUR.A,D,XM,EUR,A,2011-02-28,0.722857,,A,F
"BIS,WS_XRU,1.0",D.XM.EUR.A,D,XM,EUR,A,2011-03-01,0.723327,,A,F
"BIS,WS_XRU,1.0",D.XM.EUR.A,D,XM,EUR,A,2011-03-02,0.724165,,A,F
"BIS,WS_XRU,1.0",D.XM.EUR.A,D,XM,EUR,A,2011-03-03,0.722022,,A,F
"BIS,WS_XRU,1.0",D.XM.EUR.A,D,XM,EUR,A,2011-03-04,0.716486,,A,F
"BIS,WS_XRU,1.0",D.XM.EUR.A,D,XM,EUR,A,2011-03-07,0.71286,,A,F
"BIS,WS_XRU,1.0",D.XM.EUR.A,D,XM,EUR,A,2011-03-08,0.719528,,A,F
"BIS,WS_XRU,1.0",D.XM.EUR.A,D,XM,EUR,A,2011-03-09,0.717978,,A,F
"BIS,WS_XRU,1.0",D.XM.EUR.A,D,XM,EUR,A,2011-03-10,0.723746,,A,F
"BIS,WS_XRU,1.0",D.XM.EUR.A,D,XM,EUR,A,2011-03-11,0.726058,,A,F
"BIS,WS_XRU,1.0",D.XM.EUR.A,D,XM,EUR,A,2011-03-14,0.716949,,A,F
"BIS,WS_XRU,1.0",D.XM.EUR.A,D,XM,EUR,A,2011-03-15,0.720254,,A,F
"BIS,WS_XRU,1.0",D.XM.EUR.A,D,XM,EUR,A,2011-03-16,0.716794,,A,F
"BIS,WS_XRU,1.0",D.XM.EUR.A,D,XM,EUR,A,2011-03-17,0.714082,,A,F
"BIS,WS_XRU,1.0",D.XM.EUR.A,D,XM,EUR,A,2011-03-18,0.707714,,A,F
"BIS,WS_XRU,1.0",D.XM.EUR.A,D,XM,EUR,A,2011-03-21,0.704523,,A,F
"BIS,WS_XRU,1.0",D.XM.EUR.A,D,XM,EUR,A,2011-03-22,0.70368,,A,F
"BIS,WS_XRU,1.0",D.XM.EUR.A,D,XM,EUR,A,2011-03-23,0.707414,,A,F
"BIS,WS_XRU,1.0",D.XM.EUR.A,D,XM,EUR,A,2011-03-24,0.707814,,A,F
"BIS,WS_XRU,1.0",D.XM.EUR.A,D,XM,EUR,A,2011-03-25,0.708466,,A,F
"BIS,WS_XRU,1.0",D.XM.EUR.A,D,XM,EUR,A,2011-03-28,0.712657,,A,F
"BIS,WS_XRU,1.0",D.XM.EUR.A,D,XM,EUR,A,2011-03-29,0.710934,,A,F
"BIS,WS_XRU,1.0",D.XM.EUR.A,D,XM,EUR,A,2011-03-30,0.709723,,A,F
"BIS,WS_XRU,1.0",D.XM.EUR.A,D,XM,EUR,A,2011-03-31,0.703878,,A,F
"BIS,WS_XRU,1.0",D.XM.EUR.A,D,XM,EUR,A,2011-04-01,0.707164,,A,F
"BIS,WS_XRU,1.0",D.XM.EUR.A,D,XM,EUR,A,2011-04-04,0.702247,,A,F
"BIS,WS_XRU,1.0",D.XM.EUR.A,D,XM,EUR,A,2011-04-05,0.705916,,A,F
"BIS,WS_XRU,1.0",D.XM.EUR.A,D,XM,EUR,A,2011-04-06,0.699301,,A,F
"BIS,WS_XRU,1.0",D.XM.EUR.A,D,XM,EUR,A,2011-04-07,0.700133,,A,F
"BIS,WS_XRU,1.0",D.XM.EUR.A,D,XM,EUR,A,2011-04-08,0.694396,,A,F
"BIS,WS_XRU,1.0",D.XM.EUR.A,D,XM,EUR,A,2011-04-11,0.692809,,A,F
"BIS,WS_XRU,1.0",D.XM.EUR.A,D,XM,EUR,A,2011-04-12,0.691085,,A,F
"BIS,WS_XRU,1.0",D.XM.EUR.A,D,XM,EUR,A,2011-04-13,0.689988,,A,F
"BIS,WS_XRU,1.0",D.XM.EUR.A,D,XM,EUR,A,2011-04-14,0.694396,,A,F
"BIS,WS_XRU,1.0",D.XM.EUR.A,D,XM,EUR,A,2011-04-15,0.692042,,A,F
"BIS,WS_XRU,1.0",D.XM.EUR.A,D,XM,EUR,A,2011-04-18,0.700525,,A,F
"BIS,WS_XRU,1.0",D.XM.EUR.A,D,XM,EUR,A,2011-04-19,0.699203,,A,F
"BIS,WS_XRU,1.0",D.XM.EUR.A,D,XM,EUR,A,2011-04-20,0.688942,,A,F
"BIS,WS_XRU,1.0",D.XM.EUR.A,D,XM,EUR,A,2011-04-21,0.685683,,A,F
"BIS,WS_XRU,1.0",D.XM.EUR.A,D,XM,EUR,A,2011-04-22,,,M,F
"BIS,WS_XRU,1.0",D.XM.EUR.A,D,XM,EUR,A,2011-04-25,,,M,F
"BIS,WS_XRU,1.0",D.XM.EUR.A,D,XM,EUR,A,2011-04-26,0.684135,,A,F
"BIS,WS_XRU,1.0",D.XM.EUR.A,D,XM,EUR,A,2011-04-27,0.681756,,A,F
"BIS,WS_XRU,1.0",D.XM.EUR.A,D,XM,EUR,A,2011-04-28,0.67595,,A,F
"BIS,WS_XRU,1.0",D.XM.EUR.A,D,XM,EUR,A,2011-04-29,0.672948,,A,F
"BIS,WS_XRU,1.0",D.XM.EUR.A,D,XM,EUR,A,2011-05-02,0.673991,,A,F
"BIS,WS_XRU,1.0",D.XM.EUR.A,D,XM,EUR,A,2011-05-03,0.67659,,A,F
"BIS,WS_XRU,1.0",D.XM.EUR.A,D,XM,EUR,A,2011-05-04,0.671953,,A,F
"BIS,WS_XRU,1.0",D.XM.EUR.A,D,XM,EUR,A,2011-05-05,0.675037,,A,F
"BIS,WS_XRU,1.0",D.XM.EUR.A,D,XM,EUR,A,2011-05-06,0.689608,,A,F
"BIS,WS_XRU,1.0",D.XM.EUR.A,D,XM,EUR,A,2011-05-09,0.694589,,A,F
"BIS,WS_XRU,1.0",D.XM.EUR.A,D,XM,EUR,A,2011-05-10,0.696476,,A,F
"BIS,WS_XRU,1.0",D.XM.EUR.A,D,XM,EUR,A,2011-05-11,0.696524,,A,F
"BIS,WS_XRU,1.0",D.XM.EUR.A,D,XM,EUR,A,2011-05-12,0.706564,,A,F
"BIS,WS_XRU,1.0",D.XM.EUR.A,D,XM,EUR,A,2011-05-13,0.70028,,A,F
"BIS,WS_XRU,1.0",D.XM.EUR.A,D,XM,EUR,A,2011-05-16,0.707064,,A,F
"BIS,WS_XRU,1.0",D.XM.EUR.A,D,XM,EUR,A,2011-05-17,0.705667,,A,F
"BIS,WS_XRU,1.0",D.XM.EUR.A,D,XM,EUR,A,2011-05-18,0.702889,,A,F
"BIS,WS_XRU,1.0",D.XM.EUR.A,D,XM,EUR,A,2011-05-19,0.701016,,A,F
"BIS,WS_XRU,1.0",D.XM.EUR.A,D,XM,EUR,A,2011-05-20,0.702395,,A,F
"BIS,WS_XRU,1.0",D.XM.EUR.A,D,XM,EUR,A,2011-05-23,0.713267,,A,F
"BIS,WS_XRU,1.0",D.XM.EUR.A,D,XM,EUR,A,2011-05-24,0.709774,,A,F
"BIS,WS_XRU,1.0",D.XM.EUR.A,D,XM,EUR,A,2011-05-25,0.710783,,A,F
"BIS,WS_XRU,1.0",D.XM.EUR.A,D,XM,EUR,A,2011-05-26,0.705816,,A,F
"BIS,WS_XRU,1.0",D.XM.EUR.A,D,XM,EUR,A,2011-05-27,0.701016,,A,F
"BIS,WS_XRU,1.0",D.XM.EUR.A,D,XM,EUR,A,2011-05-30,0.700673,,A,F
"BIS,WS_XRU,1.0",D.XM.EUR.A,D,XM,EUR,A,2011-05-31,0.695169,,A,F
"BIS,WS_XRU,1.0",D.XM.EUR.A,D,XM,EUR,A,2011-06-01,0.694059,,A,F
"BIS,WS_XRU,1.0",D.XM.EUR.A,D,XM,EUR,A,2011-06-02,0.691563,,A,F
"BIS,WS_XRU,1.0",D.XM.EUR.A,D,XM,EUR,A,2011-06-03,0.690226,,A,F
"BIS,WS_XRU,1.0",D.XM.EUR.A,D,XM,EUR,A,2011-06-06,0.685119,,A,F
"BIS,WS_XRU,1.0",D.XM.EUR.A,D,XM,EUR,A,2011-06-07,0.682501,,A,F
"BIS,WS_XRU,1.0",D.XM.EUR.A,D,XM,EUR,A,2011-06-08,0.684556,,A,F
"BIS,WS_XRU,1.0",D.XM.EUR.A,D,XM,EUR,A,2011-06-09,0.684275,,A,F
"BIS,WS_XRU,1.0",D.XM.EUR.A,D,XM,EUR,A,2011-06-10,0.690322,,A,F
"BIS,WS_XRU,1.0",D.XM.EUR.A,D,XM,EUR,A,2011-06-13,0.69667,,A,F
"BIS,WS_XRU,1.0",D.XM.EUR.A,D,XM,EUR,A,2011-06-14,0.692137,,A,F
"BIS,WS_XRU,1.0",D.XM.EUR.A,D,XM,EUR,A,2011-06-15,0.699692,,A,F
"BIS,WS_XRU,1.0",D.XM.EUR.A,D,XM,EUR,A,2011-06-16,0.709824,,A,F
"BIS,WS_XRU,1.0",D.XM.EUR.A,D,XM,EUR,A,2011-06-17,0.700771,,A,F
"BIS,WS_XRU,1.0",D.XM.EUR.A,D,XM,EUR,A,2011-06-20,0.702494,,A,F
"BIS,WS_XRU,1.0",D.XM.EUR.A,D,XM,EUR,A,2011-06-21,0.695749,,A,F
"BIS,WS_XRU,1.0",D.XM.EUR.A,D,XM,EUR,A,2011-06-22,0.694589,,A,F
"BIS,WS_XRU,1.0",D.XM.EUR.A,D,XM,EUR,A,2011-06-23,0.703631,,A,F
"BIS,WS_XRU,1.0",D.XM.EUR.A,D,XM,EUR,A,2011-06-24,0.703235,,A,F
"BIS,WS_XRU,1.0",D.XM.EUR.A,D,XM,EUR,A,2011-06-27,0.703977,,A,F
"BIS,WS_XRU,1.0",D.XM.EUR.A,D,XM,EUR,A,2011-06-28,0.701213,,A,F
"BIS,WS_XRU,1.0",D.XM.EUR.A,D,XM,EUR,A,2011-06-29,0.693241,,A,F
"BIS,WS_XRU,1.0",D.XM.EUR.A,D,XM,EUR,A,2011-06-30,0.691898,,A,F
"BIS,WS_XRU,1.0",D.XM.EUR.A,D,XM,EUR,A,2011-07-01,0.690226,,A,F
"BIS,WS_XRU,1.0",D.XM.EUR.A,D,XM,EUR,A,2011-07-04,0.689655,,A,F
"BIS,WS_XRU,1.0",D.XM.EUR.A,D,XM,EUR,A,2011-07-05,0.691515,,A,F
"BIS,WS_XRU,1.0",D.XM.EUR.A,D,XM,EUR,A,2011-07-06,0.698422,,A,F
"BIS,WS_XRU,1.0",D.XM.EUR.A,D,XM,EUR,A,2011-07-07,0.701902,,A,F
"BIS,WS_XRU,1.0",D.XM.EUR.A,D,XM,EUR,A,2011-07-08,0.702149,,A,F
"BIS,WS_XRU,1.0",D.XM.EUR.A,D,XM,EUR,A,2011-07-11,0.71144,,A,F
"BIS,WS_XRU,1.0",D.XM.EUR.A,D,XM,EUR,A,2011-07-12,0.715564,,A,F
"BIS,WS_XRU,1.0",D.XM.EUR.A,D,XM,EUR,A,2011-07-13,0.710581,,A,F
"BIS,WS_XRU,1.0",D.XM.EUR.A,D,XM,EUR,A,2011-07-14,0.704126,,A,F
"BIS,WS_XRU,1.0",D.XM.EUR.A,D,XM,EUR,A,2011-07-15,0.706914,,A,F
"BIS,WS_XRU,1.0",D.XM.EUR.A,D,XM,EUR,A,2011-07-18,0.711997,,A,F
"BIS,WS_XRU,1.0",D.XM.EUR.A,D,XM,EUR,A,2011-07-19,0.706215,,A,F
"BIS,WS_XRU,1.0",D.XM.EUR.A,D,XM,EUR,A,2011-07-20,0.703878,,A,F
"BIS,WS_XRU,1.0",D.XM.EUR.A,D,XM,EUR,A,2011-07-21,0.703136,,A,F
"BIS,WS_XRU,1.0",D.XM.EUR.A,D,XM,EUR,A,2011-07-22,0.694879,,A,F
"BIS,WS_XRU,1.0",D.XM.EUR.A,D,XM,EUR,A,2011-07-25,0.69541,,A,F
"BIS,WS_XRU,1.0",D.XM.EUR.A,D,XM,EUR,A,2011-07-26,0.691037,,A,F
"BIS,WS_XRU,1.0",D.XM.EUR.A,D,XM,EUR,A,2011-07-27,0.692233,,A,F
"BIS,WS_XRU,1.0",D.XM.EUR.A,D,XM,EUR,A,2011-07-28,0.701262,,A,F
"BIS,WS_XRU,1.0",D.XM.EUR.A,D,XM,EUR,A,2011-07-29,0.701262,,A,F
"BIS,WS_XRU,1.0",D.XM.EUR.A,D,XM,EUR,A,2011-08-01,0.693722,,A,F
"BIS,WS_XRU,1.0",D.XM.EUR.A,D,XM,EUR,A,2011-08-02,0.705716,,A,F
"BIS,WS_XRU,1.0",D.XM.EUR.A,D,XM,EUR,A,2011-08-03,0.699301,,A,F
"BIS,WS_XRU,1.0",D.XM.EUR.A,D,XM,EUR,A,2011-08-04,0.70279,,A,F
"BIS,WS_XRU,1.0",D.XM.EUR.A,D,XM,EUR,A,2011-08-05,0.706464,,A,F
"BIS,WS_XRU,1.0",D.XM.EUR.A,D,XM,EUR,A,2011-08-08,0.702988,,A,F
"BIS,WS_XRU,1.0",D.XM.EUR.A,D,XM,EUR,A,2011-08-09,0.700918,,A,F
"BIS,WS_XRU,1.0",D.XM.EUR.A,D,XM,EUR,A,2011-08-10,0.69604,,A,F
"BIS,WS_XRU,1.0",D.XM.EUR.A,D,XM,EUR,A,2011-08-11,0.707064,,A,F
"BIS,WS_XRU,1.0",D.XM.EUR.A,D,XM,EUR,A,2011-08-12,0.701754,,A,F
"BIS,WS_XRU,1.0",D.XM.EUR.A,D,XM,EUR,A,2011-08-15,0.698861,,A,F
"BIS,WS_XRU,1.0",D.XM.EUR.A,D,XM,EUR,A,2011-08-16,0.696379,,A,F
"BIS,WS_XRU,1.0",D.XM.EUR.A,D,XM,EUR,A,2011-08-17,0.690751,,A,F
"BIS,WS_XRU,1.0",D.XM.EUR.A,D,XM,EUR,A,2011-08-18,0.695943,,A,F
"BIS,WS_XRU,1.0",D.XM.EUR.A,D,XM,EUR,A,2011-08-19,0.695169,,A,F
"BIS,WS_XRU,1.0",D.XM.EUR.A,D,XM,EUR,A,2011-08-22,0.693818,,A,F
"BIS,WS_XRU,1.0",D.XM.EUR.A,D,XM,EUR,A,2011-08-23,0.691467,,A,F
"BIS,WS_XRU,1.0",D.XM.EUR.A,D,XM,EUR,A,2011-08-24,0.692857,,A,F
"BIS,WS_XRU,1.0",D.XM.EUR.A,D,XM,EUR,A,2011-08-25,0.693289,,A,F
"BIS,WS_XRU,1.0",D.XM.EUR.A,D,XM,EUR,A,2011-08-26,0.694348,,A,F
"BIS,WS_XRU,1.0",D.XM.EUR.A,D,XM,EUR,A,2011-08-29,0.690274,,A,F
"BIS,WS_XRU,1.0",D.XM.EUR.A,D,XM,EUR,A,2011-08-30,0.694348,,A,F
"BIS,WS_XRU,1.0",D.XM.EUR.A,D,XM,EUR,A,2011-08-31,0.692042,,A,F
"BIS,WS_XRU,1.0",D.XM.EUR.A,D,XM,EUR,A,2011-09-01,0.700035,,A,F
"BIS,WS_XRU,1.0",D.XM.EUR.A,D,XM,EUR,A,2011-09-02,0.701508,,A,F
"BIS,WS_XRU,1.0",D.XM.EUR.A,D,XM,EUR,A,2011-09-05,0.707914,,A,F
"BIS,WS_XRU,1.0",D.XM.EUR.A,D,XM,EUR,A,2011-09-06,0.70927,,A,F
"BIS,WS_XRU,1.0",D.XM.EUR.A,D,XM,EUR,A,2011-09-07,0.712454,,A,F
"BIS,WS_XRU,1.0",D.XM.EUR.A,D,XM,EUR,A,2011-09-08,0.712048,,A,F
"BIS,WS_XRU,1.0",D.XM.EUR.A,D,XM,EUR,A,2011-09-09,0.723746,,A,F
"BIS,WS_XRU,1.0",D.XM.EUR.A,D,XM,EUR,A,2011-09-12,0.732279,,A,F
"BIS,WS_XRU,1.0",D.XM.EUR.A,D,XM,EUR,A,2011-09-13,0.732869,,A,F
"BIS,WS_XRU,1.0",D.XM.EUR.A,D,XM,EUR,A,2011-09-14,0.728385,,A,F
"BIS,WS_XRU,1.0",D.XM.EUR.A,D,XM,EUR,A,2011-09-15,0.7249,,A,F
"BIS,WS_XRU,1.0",D.XM.EUR.A,D,XM,EUR,A,2011-09-16,0.726744,,A,F
"BIS,WS_XRU,1.0",D.XM.EUR.A,D,XM,EUR,A,2011-09-19,0.733084,,A,F
"BIS,WS_XRU,1.0",D.XM.EUR.A,D,XM,EUR,A,2011-09-20,0.729395,,A,F
"BIS,WS_XRU,1.0",D.XM.EUR.A,D,XM,EUR,A,2011-09-21,0.733353,,A,F
"BIS,WS_XRU,1.0",D.XM.EUR.A,D,XM,EUR,A,2011-09-22,0.743605,,A,F
"BIS,WS_XRU,1.0",D.XM.EUR.A,D,XM,EUR,A,2011-09-23,0.744602,,A,F
"BIS,WS_XRU,1.0",D.XM.EUR.A,D,XM,EUR,A,2011-09-26,0.740741,,A,F
"BIS,WS_XRU,1.0",D.XM.EUR.A,D,XM,EUR,A,2011-09-27,0.736431,,A,F
"BIS,WS_XRU,1.0",D.XM.EUR.A,D,XM,EUR,A,2011-09-28,0.733622,,A,F
"BIS,WS_XRU,1.0",D.XM.EUR.A,D,XM,EUR,A,2011-09-29,0.734484,,A,F
"BIS,WS_XRU,1.0",D.XM.EUR.A,D,XM,EUR,A,2011-09-30,0.740576,,A,F
"BIS,WS_XRU,1.0",D.XM.EUR.A,D,XM,EUR,A,2011-10-03,0.750356,,A,F
"BIS,WS_XRU,1.0",D.XM.EUR.A,D,XM,EUR,A,2011-10-04,0.758668,,A,F
"BIS,WS_XRU,1.0",D.XM.EUR.A,D,XM,EUR,A,2011-10-05,0.749794,,A,F
"BIS,WS_XRU,1.0",D.XM.EUR.A,D,XM,EUR,A,2011-10-06,0.753636,,A,F
"BIS,WS_XRU,1.0",D.XM.EUR.A,D,XM,EUR,A,2011-10-07,0.74438,,A,F
"BIS,WS_XRU,1.0",D.XM.EUR.A,D,XM,EUR,A,2011-10-10,0.735673,,A,F
"BIS,WS_XRU,1.0",D.XM.EUR.A,D,XM,EUR,A,2011-10-11,0.734916,,A,F
"BIS,WS_XRU,1.0",D.XM.EUR.A,D,XM,EUR,A,2011-10-12,0.726427,,A,F
"BIS,WS_XRU,1.0",D.XM.EUR.A,D,XM,EUR,A,2011-10-13,0.728491,,A,F
"BIS,WS_XRU,1.0",D.XM.EUR.A,D,XM,EUR,A,2011-10-14,0.72427,,A,F
"BIS,WS_XRU,1.0",D.XM.EUR.A,D,XM,EUR,A,2011-10-17,0.7259,,A,F
"BIS,WS_XRU,1.0",D.XM.EUR.A,D,XM,EUR,A,2011-10-18,0.731208,,A,F
"BIS,WS_XRU,1.0",D.XM.EUR.A,D,XM,EUR,A,2011-10-19,0.72317,,A,F
"BIS,WS_XRU,1.0",D.XM.EUR.A,D,XM,EUR,A,2011-10-20,0.72427,,A,F
"BIS,WS_XRU,1.0",D.XM.EUR.A,D,XM,EUR,A,2011-10-21,0.724743,,A,F
"BIS,WS_XRU,1.0",D.XM.EUR.A,D,XM,EUR,A,2011-10-24,0.721709,,A,F
"BIS,WS_XRU,1.0",D.XM.EUR.A,D,XM,EUR,A,2011-10-25,0.718494,,A,F
"BIS,WS_XRU,1.0",D.XM.EUR.A,D,XM,EUR,A,2011-10-26,0.71803,,A,F
"BIS,WS_XRU,1.0",D.XM.EUR.A,D,XM,EUR,A,2011-10-27,0.712352,,A,F
"BIS,WS_XRU,1.0",D.XM.EUR.A,D,XM,EUR,A,2011-10-28,0.706215,,A,F
"BIS,WS_XRU,1.0",D.XM.EUR.A,D,XM,EUR,A,2011-10-31,0.714235,,A,F
"BIS,WS_XRU,1.0",D.XM.EUR.A,D,XM,EUR,A,2011-11-01,0.733837,,A,F
"BIS,WS_XRU,1.0",D.XM.EUR.A,D,XM,EUR,A,2011-11-02,0.724165,,A,F
"BIS,WS_XRU,1.0",D.XM.EUR.A,D,XM,EUR,A,2011-11-03,0.726058,,A,F
"BIS,WS_XRU,1.0",D.XM.EUR.A,D,XM,EUR,A,2011-11-04,0.726058,,A,F
"BIS,WS_XRU,1.0",D.XM.EUR.A,D,XM,EUR,A,2011-11-07,0.727696,,A,F
"BIS,WS_XRU,1.0",D.XM.EUR.A,D,XM,EUR,A,2011-11-08,0.725268,,A,F
"BIS,WS_XRU,1.0",D.XM.EUR.A,D,XM,EUR,A,2011-11-09,0.733514,,A,F
"BIS,WS_XRU,1.0",D.XM.EUR.A,D,XM,EUR,A,2011-11-10,0.73443,,A,F
"BIS,WS_XRU,1.0",D.XM.EUR.A,D,XM,EUR,A,2011-11-11,0.732601,,A,F
"BIS,WS_XRU,1.0",D.XM.EUR.A,D,XM,EUR,A,2011-11-14,0.732118,,A,F
"BIS,WS_XRU,1.0",D.XM.EUR.A,D,XM,EUR,A,2011-11-15,0.738989,,A,F
"BIS,WS_XRU,1.0",D.XM.EUR.A,D,XM,EUR,A,2011-11-16,0.74162,,A,F
"BIS,WS_XRU,1.0",D.XM.EUR.A,D,XM,EUR,A,2011-11-17,0.74184,,A,F
"BIS,WS_XRU,1.0",D.XM.EUR.A,D,XM,EUR,A,2011-11-18,0.736594,,A,F
"BIS,WS_XRU,1.0",D.XM.EUR.A,D,XM,EUR,A,2011-11-21,0.743052,,A,F
"BIS,WS_XRU,1.0",D.XM.EUR.A,D,XM,EUR,A,2011-11-22,0.738825,,A,F
"BIS,WS_XRU,1.0",D.XM.EUR.A,D,XM,EUR,A,2011-11-23,0.746993,,A,F
"BIS,WS_XRU,1.0",D.XM.EUR.A,D,XM,EUR,A,2011-11-24,0.747775,,A,F
"BIS,WS_XRU,1.0",D.XM.EUR.A,D,XM,EUR,A,2011-11-25,0.755915,,A,F
"BIS,WS_XRU,1.0",D.XM.EUR.A,D,XM,EUR,A,2011-11-28,0.749176,,A,F
"BIS,WS_XRU,1.0",D.XM.EUR.A,D,XM,EUR,A,2011-11-29,0.74985,,A,F
"BIS,WS_XRU,1.0",D.XM.EUR.A,D,XM,EUR,A,2011-11-30,0.745268,,A,F
"BIS,WS_XRU,1.0",D.XM.EUR.A,D,XM,EUR,A,2011-12-01,0.74118,,A,F
"BIS,WS_XRU,1.0",D.XM.EUR.A,D,XM,EUR,A,2011-12-02,0.740138,,A,F
"BIS,WS_XRU,1.0",D.XM.EUR.A,D,XM,EUR,A,2011-12-05,0.743937,,A,F
"BIS,WS_XRU,1.0",D.XM.EUR.A,D,XM,EUR,A,2011-12-06,0.746603,,A,F
"BIS,WS_XRU,1.0",D.XM.EUR.A,D,XM,EUR,A,2011-12-07,0.747552,,A,F
"BIS,WS_XRU,1.0",D.XM.EUR.A,D,XM,EUR,A,2011-12-08,0.745712,,A,F
"BIS,WS_XRU,1.0",D.XM.EUR.A,D,XM,EUR,A,2011-12-09,0.747161,,A,F
"BIS,WS_XRU,1.0",D.XM.EUR.A,D,XM,EUR,A,2011-12-12,0.75466,,A,F
"BIS,WS_XRU,1.0",D.XM.EUR.A,D,XM,EUR,A,2011-12-13,0.758668,,A,F
"BIS,WS_XRU,1.0",D.XM.EUR.A,D,XM,EUR,A,2011-12-14,0.769645,,A,F
"BIS,WS_XRU,1.0",D.XM.EUR.A,D,XM,EUR,A,2011-12-15,0.768108,,A,F
"BIS,WS_XRU,1.0",D.XM.EUR.A,D,XM,EUR,A,2011-12-16,0.765462,,A,F
"BIS,WS_XRU,1.0",D.XM.EUR.A,D,XM,EUR,A,2011-12-19,0.76693,,A,F
"BIS,WS_XRU,1.0",D.XM.EUR.A,D,XM,EUR,A,2011-12-20,0.764877,,A,F
"BIS,WS_XRU,1.0",D.XM.EUR.A,D,XM,EUR,A,2011-12-21,0.766049,,A,F
"BIS,WS_XRU,1.0",D.XM.EUR.A,D,XM,EUR,A,2011-12-22,0.76646,,A,F
"BIS,WS_XRU,1.0",D.XM.EUR.A,D,XM,EUR,A,2011-12-23,0.765873,,A,F
"BIS,WS_XRU,1.0",D.XM.EUR.A,D,XM,EUR,A,2011-12-26,,,M,F
"BIS,WS_XRU,1.0",D.XM.EUR.A,D,XM,EUR,A,2011-12-27,0.765169,,A,F
"BIS,WS_XRU,1.0",D.XM.EUR.A,D,XM,EUR,A,2011-12-28,0.764877,,A,F
"BIS,WS_XRU,1.0",D.XM.EUR.A,D,XM,EUR,A,2011-12-29,0.775855,,A,F
"BIS,WS_XRU,1.0",D.XM.EUR.A,D,XM,EUR,A,2011-12-30,0.772857,,A,F
"BIS,WS_XRU,1.0",D.XM.EUR.A,D,XM,EUR,A,2012-01-02,0.773096,,A,F
"BIS,WS_XRU,1.0",D.XM.EUR.A,D,XM,EUR,A,2012-01-03,0.768403,,A,F
"BIS,WS_XRU,1.0",D.XM.EUR.A,D,XM,EUR,A,2012-01-04,0.77232,,A,F
"BIS,WS_XRU,1.0",D.XM.EUR.A,D,XM,EUR,A,2012-01-05,0.779302,,A,F
"BIS,WS_XRU,1.0",D.XM.EUR.A,D,XM,EUR,A,2012-01-06,0.782718,,A,F
"BIS,WS_XRU,1.0",D.XM.EUR.A,D,XM,EUR,A,2012-01-09,0.785669,,A,F
"BIS,WS_XRU,1.0",D.XM.EUR.A,D,XM,EUR,A,2012-01-10,0.780762,,A,F
"BIS,WS_XRU,1.0",D.XM.EUR.A,D,XM,EUR,A,2012-01-11,0.786287,,A,F
"BIS,WS_XRU,1.0",D.XM.EUR.A,D,XM,EUR,A,2012-01-12,0.785176,,A,F
"BIS,WS_XRU,1.0",D.XM.EUR.A,D,XM,EUR,A,2012-01-13,0.783024,,A,F
"BIS,WS_XRU,1.0",D.XM.EUR.A,D,XM,EUR,A,2012-01-16,0.789328,,A,F
"BIS,WS_XRU,1.0",D.XM.EUR.A,D,XM,EUR,A,2012-01-17,0.781861,,A,F
"BIS,WS_XRU,1.0",D.XM.EUR.A,D,XM,EUR,A,2012-01-18,0.779362,,A,F
"BIS,WS_XRU,1.0",D.XM.EUR.A,D,XM,EUR,A,2012-01-19,0.774533,,A,F
"BIS,WS_XRU,1.0",D.XM.EUR.A,D,XM,EUR,A,2012-01-20,0.775074,,A,F
"BIS,WS_XRU,1.0",D.XM.EUR.A,D,XM,EUR,A,2012-01-23,0.768226,,A,F
"BIS,WS_XRU,1.0",D.XM.EUR.A,D,XM,EUR,A,2012-01-24,0.769053,,A,F
"BIS,WS_XRU,1.0",D.XM.EUR.A,D,XM,EUR,A,2012-01-25,0.772678,,A,F
"BIS,WS_XRU,1.0",D.XM.EUR.A,D,XM,EUR,A,2012-01-26,0.760746,,A,F
"BIS,WS_XRU,1.0",D.XM.EUR.A,D,XM,EUR,A,2012-01-27,0.760746,,A,F
"BIS,WS_XRU,1.0",D.XM.EUR.A,D,XM,EUR,A,2012-01-30,0.762777,,A,F
"BIS,WS_XRU,1.0",D.XM.EUR.A,D,XM,EUR,A,2012-01-31,0.758956,,A,F
"BIS,WS_XRU,1.0",D.XM.EUR.A,D,XM,EUR,A,2012-02-01,0.759013,,A,F
"BIS,WS_XRU,1.0",D.XM.EUR.A,D,XM,EUR,A,2012-02-02,0.763709,,A,F
"BIS,WS_XRU,1.0",D.XM.EUR.A,D,XM,EUR,A,2012-02-03,0.759878,,A,F
"BIS,WS_XRU,1.0",D.XM.EUR.A,D,XM,EUR,A,2012-02-06,0.766754,,A,F
"BIS,WS_XRU,1.0",D.XM.EUR.A,D,XM,EUR,A,2012-02-07,0.762602,,A,F
"BIS,WS_XRU,1.0",D.XM.EUR.A,D,XM,EUR,A,2012-02-08,0.753352,,A,F
"BIS,WS_XRU,1.0",D.XM.EUR.A,D,XM,EUR,A,2012-02-09,0.752559,,A,F
"BIS,WS_XRU,1.0",D.XM.EUR.A,D,XM,EUR,A,2012-02-10,0.758208,,A,F
"BIS,WS_XRU,1.0",D.XM.EUR.A,D,XM,EUR,A,2012-02-13,0.754489,,A,F
"BIS,WS_XRU,1.0",D.XM.EUR.A,D,XM,EUR,A,2012-02-14,0.759359,,A,F
"BIS,WS_XRU,1.0",D.XM.EUR.A,D,XM,EUR,A,2012-02-15,0.763825,,A,F
"BIS,WS_XRU,1.0",D.XM.EUR.A,D,XM,EUR,A,2012-02-16,0.770297,,A,F
"BIS,WS_XRU,1.0",D.XM.EUR.A,D,XM,EUR,A,2012-02-17,0.759936,,A,F
"BIS,WS_XRU,1.0",D.XM.EUR.A,D,XM,EUR,A,2012-02-20,0.753807,,A,F
"BIS,WS_XRU,1.0",D.XM.EUR.A,D,XM,EUR,A,2012-02-21,0.756315,,A,F
"BIS,WS_XRU,1.0",D.XM.EUR.A,D,XM,EUR,A,2012-02-22,0.755858,,A,F
"BIS,WS_XRU,1.0",D.XM.EUR.A,D,XM,EUR,A,2012-02-23,0.75188,,A,F
"BIS,WS_XRU,1.0",D.XM.EUR.A,D,XM,EUR,A,2012-02-24,0.745601,,A,F
"BIS,WS_XRU,1.0",D.XM.EUR.A,D,XM,EUR,A,2012-02-27,0.746938,,A,F
"BIS,WS_XRU,1.0",D.XM.EUR.A,D,XM,EUR,A,2012-02-28,0.743273,,A,F
"BIS,WS_XRU,1.0",D.XM.EUR.A,D,XM,EUR,A,2012-02-29,0.743882,,A,F
"BIS,WS_XRU,1.0",D.XM.EUR.A,D,XM,EUR,A,2012-03-01,0.751202,,A,F
"BIS,WS_XRU,1.0",D.XM.EUR.A,D,XM,EUR,A,2012-03-02,0.756601,,A,F
"BIS,WS_XRU,1.0",D.XM.EUR.A,D,XM,EUR,A,2012-03-05,0.75643,,A,F
"BIS,WS_XRU,1.0",D.XM.EUR.A,D,XM,EUR,A,2012-03-06,0.760283,,A,F
"BIS,WS_XRU,1.0",D.XM.EUR.A,D,XM,EUR,A,2012-03-07,0.762195,,A,F
"BIS,WS_XRU,1.0",D.XM.EUR.A,D,XM,EUR,A,2012-03-08,0.755173,,A,F
"BIS,WS_XRU,1.0",D.XM.EUR.A,D,XM,EUR,A,2012-03-09,0.758093,,A,F
"BIS,WS_XRU,1.0",D.XM.EUR.A,D,XM,EUR,A,2012-03-12,0.762253,,A,F
"BIS,WS_XRU,1.0",D.XM.EUR.A,D,XM,EUR,A,2012-03-13,0.765873,,A,F
"BIS,WS_XRU,1.0",D.XM.EUR.A,D,XM,EUR,A,2012-03-14,0.76558,,A,F
"BIS,WS_XRU,1.0",D.XM.EUR.A,D,XM,EUR,A,2012-03-15,0.765873,,A,F
"BIS,WS_XRU,1.0",D.XM.EUR.A,D,XM,EUR,A,2012-03-16,0.762428,,A,F
"BIS,WS_XRU,1.0",D.XM.EUR.A,D,XM,EUR,A,2012-03-19,0.760456,,A,F
"BIS,WS_XRU,1.0",D.XM.EUR.A,D,XM,EUR,A,2012-03-20,0.757691,,A,F
"BIS,WS_XRU,1.0",D.XM.EUR.A,D,XM,EUR,A,2012-03-21,0.756144,,A,F
"BIS,WS_XRU,1.0",D.XM.EUR.A,D,XM,EUR,A,2012-03-22,0.759474,,A,F
"BIS,WS_XRU,1.0",D.XM.EUR.A,D,XM,EUR,A,2012-03-23,0.755173,,A,F
"BIS,WS_XRU,1.0",D.XM.EUR.A,D,XM,EUR,A,2012-03-26,0.753239,,A,F
"BIS,WS_XRU,1.0",D.XM.EUR.A,D,XM,EUR,A,2012-03-27,0.750019,,A,F
"BIS,WS_XRU,1.0",D.XM.EUR.A,D,XM,EUR,A,2012-03-28,0.749794,,A,F
"BIS,WS_XRU,1.0",D.XM.EUR.A,D,XM,EUR,A,2012-03-29,0.753466,,A,F
"BIS,WS_XRU,1.0",D.XM.EUR.A,D,XM,EUR,A,2012-03-30,0.748727,,A,F
"BIS,WS_XRU,1.0",D.XM.EUR.A,D,XM,EUR,A,2012-04-02,0.750807,,A,F
"BIS,WS_XRU,1.0",D.XM.EUR.A,D,XM,EUR,A,2012-04-03,0.751033,,A,F
"BIS,WS_XRU,1.0",D.XM.EUR.A,D,XM,EUR,A,2012-04-04,0.760919,,A,F
"BIS,WS_XRU,1.0",D.XM.EUR.A,D,XM,EUR,A,2012-04-05,0.765228,,A,F
"BIS,WS_XRU,1.0",D.XM.EUR.A,D,XM,EUR,A,2012-04-06,,,M,F
"BIS,WS_XRU,1.0",D.XM.EUR.A,D,XM,EUR,A,2012-04-09,,,M,F
"BIS,WS_XRU,1.0",D.XM.EUR.A,D,XM,EUR,A,2012-04-10,0.762544,,A,F
"BIS,WS_XRU,1.0",D.XM.EUR.A,D,XM,EUR,A,2012-04-11,0.761557,,A,F
"BIS,WS_XRU,1.0",D.XM.EUR.A,D,XM,EUR,A,2012-04-12,0.760283,,A,F
"BIS,WS_XRU,1.0",D.XM.EUR.A,D,XM,EUR,A,2012-04-13,0.760572,,A,F
"BIS,WS_XRU,1.0",D.XM.EUR.A,D,XM,EUR,A,2012-04-16,0.767813,,A,F
"BIS,WS_XRU,1.0",D.XM.EUR.A,D,XM,EUR,A,2012-04-17,0.761499,,A,F
"BIS,WS_XRU,1.0",D.XM.EUR.A,D,XM,EUR,A,2012-04-18,0.763767,,A,F
"BIS,WS_XRU,1.0",D.XM.EUR.A,D,XM,EUR,A,2012-04-19,0.764175,,A,F
"BIS,WS_XRU,1.0",D.XM.EUR.A,D,XM,EUR,A,2012-04-20,0.758035,,A,F
"BIS,WS_XRU,1.0",D.XM.EUR.A,D,XM,EUR,A,2012-04-23,0.761557,,A,F
"BIS,WS_XRU,1.0",D.XM.EUR.A,D,XM,EUR,A,2012-04-24,0.759821,,A,F
"BIS,WS_XRU,1.0",D.XM.EUR.A,D,XM,EUR,A,2012-04-25,0.757232,,A,F
"BIS,WS_XRU,1.0",D.XM.EUR.A,D,XM,EUR,A,2012-04-26,0.756716,,A,F
"BIS,WS_XRU,1.0",D.XM.EUR.A,D,XM,EUR,A,2012-04-27,0.755915,,A,F
"BIS,WS_XRU,1.0",D.XM.EUR.A,D,XM,EUR,A,2012-04-30,0.756773,,A,F
"BIS,WS_XRU,1.0",D.XM.EUR.A,D,XM,EUR,A,2012-05-01,,,M,F
"BIS,WS_XRU,1.0",D.XM.EUR.A,D,XM,EUR,A,2012-05-02,0.761557,,A,F
"BIS,WS_XRU,1.0",D.XM.EUR.A,D,XM,EUR,A,2012-05-03,0.762021,,A,F
"BIS,WS_XRU,1.0",D.XM.EUR.A,D,XM,EUR,A,2012-05-04,0.761499,,A,F
"BIS,WS_XRU,1.0",D.XM.EUR.A,D,XM,EUR,A,2012-05-07,0.767283,,A,F
"BIS,WS_XRU,1.0",D.XM.EUR.A,D,XM,EUR,A,2012-05-08,0.767754,,A,F
"BIS,WS_XRU,1.0",D.XM.EUR.A,D,XM,EUR,A,2012-05-09,0.772201,,A,F
"BIS,WS_XRU,1.0",D.XM.EUR.A,D,XM,EUR,A,2012-05-10,0.771545,,A,F
"BIS,WS_XRU,1.0",D.XM.EUR.A,D,XM,EUR,A,2012-05-11,0.772559,,A,F
"BIS,WS_XRU,1.0",D.XM.EUR.A,D,XM,EUR,A,2012-05-14,0.777424,,A,F
"BIS,WS_XRU,1.0",D.XM.EUR.A,D,XM,EUR,A,2012-05-15,0.778634,,A,F
"BIS,WS_XRU,1.0",D.XM.EUR.A,D,XM,EUR,A,2012-05-16,0.785053,,A,F
"BIS,WS_XRU,1.0",D.XM.EUR.A,D,XM,EUR,A,2012-05-17,0.788519,,A,F
"BIS,WS_XRU,1.0",D.XM.EUR.A,D,XM,EUR,A,2012-05-18,0.786102,,A,F
"BIS,WS_XRU,1.0",D.XM.EUR.A,D,XM,EUR,A,2012-05-21,0.784314,,A,F
"BIS,WS_XRU,1.0",D.XM.EUR.A,D,XM,EUR,A,2012-05-22,0.783208,,A,F
"BIS,WS_XRU,1.0",D.XM.EUR.A,D,XM,EUR,A,2012-05-23,0.789952,,A,F
"BIS,WS_XRU,1.0",D.XM.EUR.A,D,XM,EUR,A,2012-05-24,0.796369,,A,F
"BIS,WS_XRU,1.0",D.XM.EUR.A,D,XM,EUR,A,2012-05-25,0.797067,,A,F
"BIS,WS_XRU,1.0",D.XM.EUR.A,D,XM,EUR,A,2012-05-28,0.795798,,A,F
"BIS,WS_XRU,1.0",D.XM.EUR.A,D,XM,EUR,A,2012-05-29,0.798531,,A,F
"BIS,WS_XRU,1.0",D.XM.EUR.A,D,XM,EUR,A,2012-05-30,0.803988,,A,F
"BIS,WS_XRU,1.0",D.XM.EUR.A,D,XM,EUR,A,2012-05-31,0.806257,,A,F
"BIS,WS_XRU,1.0",D.XM.EUR.A,D,XM,EUR,A,2012-06-01,0.811557,,A,F
"BIS,WS_XRU,1.0",D.XM.EUR.A,D,XM,EUR,A,2012-06-04,0.804052,,A,F
"BIS,WS_XRU,1.0",D.XM.EUR.A,D,XM,EUR,A,2012-06-05,0.80457,,A,F
"BIS,WS_XRU,1.0",D.XM.EUR.A,D,XM,EUR,A,2012-06-06,0.800961,,A,F
"BIS,WS_XRU,1.0",D.XM.EUR.A,D,XM,EUR,A,2012-06-07,0.793966,,A,F
"BIS,WS_XRU,1.0",D.XM.EUR.A,D,XM,EUR,A,2012-06-08,0.802053,,A,F
"BIS,WS_XRU,1.0",D.XM.EUR.A,D,XM,EUR,A,2012-06-11,0.797194,,A,F
"BIS,WS_XRU,1.0",D.XM.EUR.A,D,XM,EUR,A,2012-06-12,0.800512,,A,F
"BIS,WS_XRU,1.0",D.XM.EUR.A,D,XM,EUR,A,2012-06-13,0.79783,,A,F
"BIS,WS_XRU,1.0",D.XM.EUR.A,D,XM,EUR,A,2012-06-14,0.796749,,A,F
"BIS,WS_XRU,1.0",D.XM.EUR.A,D,XM,EUR,A,2012-06-15,0.793903,,A,F
"BIS,WS_XRU,1.0",D.XM.EUR.A,D,XM,EUR,A,2012-06-18,0.792519,,A,F
"BIS,WS_XRU,1.0",D.XM.EUR.A,D,XM,EUR,A,2012-06-19,0.792456,,A,F
"BIS,WS_XRU,1.0",D.XM.EUR.A,D,XM,EUR,A,2012-06-20,0.787154,,A,F
"BIS,WS_XRU,1.0",D.XM.EUR.A,D,XM,EUR,A,2012-06-21,0.789266,,A,F
"BIS,WS_XRU,1.0",D.XM.EUR.A,D,XM,EUR,A,2012-06-22,0.797512,,A,F
"BIS,WS_XRU,1.0",D.XM.EUR.A,D,XM,EUR,A,2012-06-25,0.800769,,A,F
"BIS,WS_XRU,1.0",D.XM.EUR.A,D,XM,EUR,A,2012-06-26,0.801603,,A,F
"BIS,WS_XRU,1.0",D.XM.EUR.A,D,XM,EUR,A,2012-06-27,0.80141,,A,F
"BIS,WS_XRU,1.0",D.XM.EUR.A,D,XM,EUR,A,2012-06-28,0.805283,,A,F
"BIS,WS_XRU,1.0",D.XM.EUR.A,D,XM,EUR,A,2012-06-29,0.794281,,A,F
"BIS,WS_XRU,1.0",D.XM.EUR.A,D,XM,EUR,A,2012-07-02,0.794092,,A,F
"BIS,WS_XRU,1.0",D.XM.EUR.A,D,XM,EUR,A,2012-07-03,0.795229,,A,F
"BIS,WS_XRU,1.0",D.XM.EUR.A,D,XM,EUR,A,2012-07-04,0.796178,,A,F
"BIS,WS_XRU,1.0",D.XM.EUR.A,D,XM,EUR,A,2012-07-05,0.804764,,A,F
"BIS,WS_XRU,1.0",D.XM.EUR.A,D,XM,EUR,A,2012-07-06,0.80795,,A,F
"BIS,WS_XRU,1.0",D.XM.EUR.A,D,XM,EUR,A,2012-07-09,0.813471,,A,F
"BIS,WS_XRU,1.0",D.XM.EUR.A,D,XM,EUR,A,2012-07-10,0.814001,,A,F
"BIS,WS_XRU,1.0",D.XM.EUR.A,D,XM,EUR,A,2012-07-11,0.815661,,A,F
"BIS,WS_XRU,1.0",D.XM.EUR.A,D,XM,EUR,A,2012-07-12,0.821153,,A,F
"BIS,WS_XRU,1.0",D.XM.EUR.A,D,XM,EUR,A,2012-07-13,0.820681,,A,F
"BIS,WS_XRU,1.0",D.XM.EUR.A,D,XM,EUR,A,2012-07-16,0.82122,,A,F
"BIS,WS_XRU,1.0",D.XM.EUR.A,D,XM,EUR,A,2012-07-17,0.814266,,A,F
"BIS,WS_XRU,1.0",D.XM.EUR.A,D,XM,EUR,A,2012-07-18,0.817394,,A,F
"BIS,WS_XRU,1.0",D.XM.EUR.A,D,XM,EUR,A,2012-07-19,0.813868,,A,F
"BIS,WS_XRU,1.0",D.XM.EUR.A,D,XM,EUR,A,2012-07-20,0.819672,,A,F
"BIS,WS_XRU,1.0",D.XM.EUR.A,D,XM,EUR,A,2012-07-23,0.826105,,A,F
"BIS,WS_XRU,1.0",D.XM.EUR.A,D,XM,EUR,A,2012-07-24,0.827198,,A,F
"BIS,WS_XRU,1.0",D.XM.EUR.A,D,XM,EUR,A,2012-07-25,0.824131,,A,F
"BIS,WS_XRU,1.0",D.XM.EUR.A,D,XM,EUR,A,2012-07-26,0.815661,,A,F
"BIS,WS_XRU,1.0",D.XM.EUR.A,D,XM,EUR,A,2012-07-27,0.811886,,A,F
"BIS,WS_XRU,1.0",D.XM.EUR.A,D,XM,EUR,A,2012-07-30,0.816593,,A,F
"BIS,WS_XRU,1.0",D.XM.EUR.A,D,XM,EUR,A,2012-07-31,0.814067,,A,F
"BIS,WS_XRU,1.0",D.XM.EUR.A,D,XM,EUR,A,2012-08-01,0.81314,,A,F
"BIS,WS_XRU,1.0",D.XM.EUR.A,D,XM,EUR,A,2012-08-02,0.809979,,A,F
"BIS,WS_XRU,1.0",D.XM.EUR.A,D,XM,EUR,A,2012-08-03,0.81666,,A,F
"BIS,WS_XRU,1.0",D.XM.EUR.A,D,XM,EUR,A,2012-08-06,0.80782,,A,F
"BIS,WS_XRU,1.0",D.XM.EUR.A,D,XM,EUR,A,2012-08-07,0.804117,,A,F
"BIS,WS_XRU,1.0",D.XM.EUR.A,D,XM,EUR,A,2012-08-08,0.810636,,A,F
"BIS,WS_XRU,1.0",D.XM.EUR.A,D,XM,EUR,A,2012-08-09,0.812942,,A,F
"BIS,WS_XRU,1.0",D.XM.EUR.A,D,XM,EUR,A,2012-08-10,0.815528,,A,F
"BIS,WS_XRU,1.0",D.XM.EUR.A,D,XM,EUR,A,2012-08-13,0.810438,,A,F
"BIS,WS_XRU,1.0",D.XM.EUR.A,D,XM,EUR,A,2012-08-14,0.809585,,A,F
"BIS,WS_XRU,1.0",D.XM.EUR.A,D,XM,EUR,A,2012-08-15,0.814598,,A,F
"BIS,WS_XRU,1.0",D.XM.EUR.A,D,XM,EUR,A,2012-08-16,0.814399,,A,F
"BIS,WS_XRU,1.0",D.XM.EUR.A,D,XM,EUR,A,2012-08-17,0.81057,,A,F
"BIS,WS_XRU,1.0",D.XM.EUR.A,D,XM,EUR,A,2012-08-20,0.813008,,A,F
"BIS,WS_XRU,1.0",D.XM.EUR.A,D,XM,EUR,A,2012-08-21,0.804635,,A,F
"BIS,WS_XRU,1.0",D.XM.EUR.A,D,XM,EUR,A,2012-08-22,0.803342,,A,F
"BIS,WS_XRU,1.0",D.XM.EUR.A,D,XM,EUR,A,2012-08-23,0.796686,,A,F
"BIS,WS_XRU,1.0",D.XM.EUR.A,D,XM,EUR,A,2012-08-24,0.799552,,A,F
"BIS,WS_XRU,1.0",D.XM.EUR.A,D,XM,EUR,A,2012-08-27,0.798085,,A,F
"BIS,WS_XRU,1.0",D.XM.EUR.A,D,XM,EUR,A,2012-08-28,0.79694,,A,F
"BIS,WS_XRU,1.0",D.XM.EUR.A,D,XM,EUR,A,2012-08-29,0.79713,,A,F
"BIS,WS_XRU,1.0",D.XM.EUR.A,D,XM,EUR,A,2012-08-30,0.797194,,A,F
"BIS,WS_XRU,1.0",D.XM.EUR.A,D,XM,EUR,A,2012-08-31,0.792959,,A,F
"BIS,WS_XRU,1.0",D.XM.EUR.A,D,XM,EUR,A,2012-09-03,0.795672,,A,F
"BIS,WS_XRU,1.0",D.XM.EUR.A,D,XM,EUR,A,2012-09-04,0.794976,,A,F
"BIS,WS_XRU,1.0",D.XM.EUR.A,D,XM,EUR,A,2012-09-05,0.795039,,A,F
"BIS,WS_XRU,1.0",D.XM.EUR.A,D,XM,EUR,A,2012-09-06,0.791264,,A,F
"BIS,WS_XRU,1.0",D.XM.EUR.A,D,XM,EUR,A,2012-09-07,0.78703,,A,F
"BIS,WS_XRU,1.0",D.XM.EUR.A,D,XM,EUR,A,2012-09-10,0.782718,,A,F
"BIS,WS_XRU,1.0",D.XM.EUR.A,D,XM,EUR,A,2012-09-11,0.782044,,A,F
"BIS,WS_XRU,1.0",D.XM.EUR.A,D,XM,EUR,A,2012-09-12,0.775434,,A,F
"BIS,WS_XRU,1.0",D.XM.EUR.A,D,XM,EUR,A,2012-09-13,0.774593,,A,F
"BIS,WS_XRU,1.0",D.XM.EUR.A,D,XM,EUR,A,2012-09-14,0.76365,,A,F
"BIS,WS_XRU,1.0",D.XM.EUR.A,D,XM,EUR,A,2012-09-17,0.764175,,A,F
"BIS,WS_XRU,1.0",D.XM.EUR.A,D,XM,EUR,A,2012-09-18,0.766049,,A,F
"BIS,WS_XRU,1.0",D.XM.EUR.A,D,XM,EUR,A,2012-09-19,0.769112,,A,F
"BIS,WS_XRU,1.0",D.XM.EUR.A,D,XM,EUR,A,2012-09-20,0.771962,,A,F
"BIS,WS_XRU,1.0",D.XM.EUR.A,D,XM,EUR,A,2012-09-21,0.769941,,A,F
"BIS,WS_XRU,1.0",D.XM.EUR.A,D,XM,EUR,A,2012-09-24,0.774234,,A,F
"BIS,WS_XRU,1.0",D.XM.EUR.A,D,XM,EUR,A,2012-09-25,0.773276,,A,F
"BIS,WS_XRU,1.0",D.XM.EUR.A,D,XM,EUR,A,2012-09-26,0.778513,,A,F
"BIS,WS_XRU,1.0",D.XM.EUR.A,D,XM,EUR,A,2012-09-27,0.776759,,A,F
"BIS,WS_XRU,1.0",D.XM.EUR.A,D,XM,EUR,A,2012-09-28,0.773395,,A,F
"BIS,WS_XRU,1.0",D.XM.EUR.A,D,XM,EUR,A,2012-10-01,0.776578,,A,F
"BIS,WS_XRU,1.0",D.XM.EUR.A,D,XM,EUR,A,2012-10-02,0.773395,,A,F
"BIS,WS_XRU,1.0",D.XM.EUR.A,D,XM,EUR,A,2012-10-03,0.774954,,A,F
"BIS,WS_XRU,1.0",D.XM.EUR.A,D,XM,EUR,A,2012-10-04,0.772141,,A,F
"BIS,WS_XRU,1.0",D.XM.EUR.A,D,XM,EUR,A,2012-10-05,0.769112,,A,F
"BIS,WS_XRU,1.0",D.XM.EUR.A,D,XM,EUR,A,2012-10-08,0.771724,,A,F
"BIS,WS_XRU,1.0",D.XM.EUR.A,D,XM,EUR,A,2012-10-09,0.772022,,A,F
"BIS,WS_XRU,1.0",D.XM.EUR.A,D,XM,EUR,A,2012-10-10,0.775855,,A,F
"BIS,WS_XRU,1.0",D.XM.EUR.A,D,XM,EUR,A,2012-10-11,0.774114,,A,F
"BIS,WS_XRU,1.0",D.XM.EUR.A,D,XM,EUR,A,2012-10-12,0.77101,,A,F
"BIS,WS_XRU,1.0",D.XM.EUR.A,D,XM,EUR,A,2012-10-15,0.770951,,A,F
"BIS,WS_XRU,1.0",D.XM.EUR.A,D,XM,EUR,A,2012-10-16,0.766518,,A,F
"BIS,WS_XRU,1.0",D.XM.EUR.A,D,XM,EUR,A,2012-10-17,0.762195,,A,F
"BIS,WS_XRU,1.0",D.XM.EUR.A,D,XM,EUR,A,2012-10-18,0.762311,,A,F
"BIS,WS_XRU,1.0",D.XM.EUR.A,D,XM,EUR,A,2012-10-19,0.767165,,A,F
"BIS,WS_XRU,1.0",D.XM.EUR.A,D,XM,EUR,A,2012-10-22,0.765521,,A,F
"BIS,WS_XRU,1.0",D.XM.EUR.A,D,XM,EUR,A,2012-10-23,0.768935,,A,F
"BIS,WS_XRU,1.0",D.XM.EUR.A,D,XM,EUR,A,2012-10-24,0.772678,,A,F
"BIS,WS_XRU,1.0",D.XM.EUR.A,D,XM,EUR,A,2012-10-25,0.769645,,A,F
"BIS,WS_XRU,1.0",D.XM.EUR.A,D,XM,EUR,A,2012-10-26,0.774713,,A,F
"BIS,WS_XRU,1.0",D.XM.EUR.A,D,XM,EUR,A,2012-10-29,0.775314,,A,F
"BIS,WS_XRU,1.0",D.XM.EUR.A,D,XM,EUR,A,2012-10-30,0.771486,,A,F
"BIS,WS_XRU,1.0",D.XM.EUR.A,D,XM,EUR,A,2012-10-31,0.769645,,A,F
"BIS,WS_XRU,1.0",D.XM.EUR.A,D,XM,EUR,A,2012-11-01,0.770713,,A,F
"BIS,WS_XRU,1.0",D.XM.EUR.A,D,XM,EUR,A,2012-11-02,0.77821,,A,F
"BIS,WS_XRU,1.0",D.XM.EUR.A,D,XM,EUR,A,2012-11-05,0.782656,,A,F
"BIS,WS_XRU,1.0",D.XM.EUR.A,D,XM,EUR,A,2012-11-06,0.78125,,A,F
"BIS,WS_XRU,1.0",D.XM.EUR.A,D,XM,EUR,A,2012-11-07,0.78456,,A,F
"BIS,WS_XRU,1.0",D.XM.EUR.A,D,XM,EUR,A,2012-11-08,0.785176,,A,F
"BIS,WS_XRU,1.0",D.XM.EUR.A,D,XM,EUR,A,2012-11-09,0.787774,,A,F
"BIS,WS_XRU,1.0",D.XM.EUR.A,D,XM,EUR,A,2012-11-12,0.785238,,A,F
"BIS,WS_XRU,1.0",D.XM.EUR.A,D,XM,EUR,A,2012-11-13,0.78765,,A,F
"BIS,WS_XRU,1.0",D.XM.EUR.A,D,XM,EUR,A,2012-11-14,0.785793,,A,F
"BIS,WS_XRU,1.0",D.XM.EUR.A,D,XM,EUR,A,2012-11-15,0.783945,,A,F
"BIS,WS_XRU,1.0",D.XM.EUR.A,D,XM,EUR,A,2012-11-16,0.784621,,A,F
"BIS,WS_XRU,1.0",D.XM.EUR.A,D,XM,EUR,A,2012-11-19,0.783576,,A,F
"BIS,WS_XRU,1.0",D.XM.EUR.A,D,XM,EUR,A,2012-11-20,0.780701,,A,F
"BIS,WS_XRU,1.0",D.XM.EUR.A,D,XM,EUR,A,2012-11-21,0.780945,,A,F
"BIS,WS_XRU,1.0",D.XM.EUR.A,D,XM,EUR,A,2012-11-22,0.775615,,A,F
"BIS,WS_XRU,1.0",D.XM.EUR.A,D,XM,EUR,A,2012-11-23,0.774653,,A,F
"BIS,WS_XRU,1.0",D.XM.EUR.A,D,XM,EUR,A,2012-11-26,0.771367,,A,F
"BIS,WS_XRU,1.0",D.XM.EUR.A,D,XM,EUR,A,2012-11-27,0.771545,,A,F
"BIS,WS_XRU,1.0",D.XM.EUR.A,D,XM,EUR,A,2012-11-28,0.775735,,A,F
"BIS,WS_XRU,1.0",D.XM.EUR.A,D,XM,EUR,A,2012-11-29,0.769586,,A,F
"BIS,WS_XRU,1.0",D.XM.EUR.A,D,XM,EUR,A,2012-11-30,0.77006,,A,F
"BIS,WS_XRU,1.0",D.XM.EUR.A,D,XM,EUR,A,2012-12-03,0.765873,,A,F
"BIS,WS_XRU,1.0",D.XM.EUR.A,D,XM,EUR,A,2012-12-04,0.763825,,A,F
"BIS,WS_XRU,1.0",D.XM.EUR.A,D,XM,EUR,A,2012-12-05,0.765404,,A,F
"BIS,WS_XRU,1.0",D.XM.EUR.A,D,XM,EUR,A,2012-12-06,0.764994,,A,F
"BIS,WS_XRU,1.0",D.XM.EUR.A,D,XM,EUR,A,2012-12-07,0.774893,,A,F
"BIS,WS_XRU,1.0",D.XM.EUR.A,D,XM,EUR,A,2012-12-10,0.773395,,A,F
"BIS,WS_XRU,1.0",D.XM.EUR.A,D,XM,EUR,A,2012-12-11,0.769645,,A,F
"BIS,WS_XRU,1.0",D.XM.EUR.A,D,XM,EUR,A,2012-12-12,0.766871,,A,F
"BIS,WS_XRU,1.0",D.XM.EUR.A,D,XM,EUR,A,2012-12-13,0.764701,,A,F
"BIS,WS_XRU,1.0",D.XM.EUR.A,D,XM,EUR,A,2012-12-14,0.764468,,A,F
"BIS,WS_XRU,1.0",D.XM.EUR.A,D,XM,EUR,A,2012-12-17,0.759878,,A,F
"BIS,WS_XRU,1.0",D.XM.EUR.A,D,XM,EUR,A,2012-12-18,0.75884,,A,F
"BIS,WS_XRU,1.0",D.XM.EUR.A,D,XM,EUR,A,2012-12-19,0.751767,,A,F
"BIS,WS_XRU,1.0",D.XM.EUR.A,D,XM,EUR,A,2012-12-20,0.754945,,A,F
"BIS,WS_XRU,1.0",D.XM.EUR.A,D,XM,EUR,A,2012-12-21,0.75706,,A,F
"BIS,WS_XRU,1.0",D.XM.EUR.A,D,XM,EUR,A,2012-12-24,0.756544,,A,F
"BIS,WS_XRU,1.0",D.XM.EUR.A,D,XM,EUR,A,2012-12-25,,,M,F
"BIS,WS_XRU,1.0",D.XM.EUR.A,D,XM,EUR,A,2012-12-26,,,M,F
"BIS,WS_XRU,1.0",D.XM.EUR.A,D,XM,EUR,A,2012-12-27,0.753807,,A,F
"BIS,WS_XRU,1.0",D.XM.EUR.A,D,XM,EUR,A,2012-12-28,0.758553,,A,F
"BIS,WS_XRU,1.0",D.XM.EUR.A,D,XM,EUR,A,2012-12-31,0.75792,,A,F
"BIS,WS_XRU,1.0",D.XM.EUR.A,D,XM,EUR,A,2013-01-01,,,M,F
"BIS,WS_XRU,1.0",D.XM.EUR.A,D,XM,EUR,A,2013-01-02,0.754034,,A,F
"BIS,WS_XRU,1.0",D.XM.EUR.A,D,XM,EUR,A,2013-01-03,0.763242,,A,F
"BIS,WS_XRU,1.0",D.XM.EUR.A,D,XM,EUR,A,2013-01-04,0.768521,,A,F
"BIS,WS_XRU,1.0",D.XM.EUR.A,D,XM,EUR,A,2013-01-07,0.76693,,A,F
"BIS,WS_XRU,1.0",D.XM.EUR.A,D,XM,EUR,A,2013-01-08,0.764175,,A,F
"BIS,WS_XRU,1.0",D.XM.EUR.A,D,XM,EUR,A,2013-01-09,0.765931,,A,F
"BIS,WS_XRU,1.0",D.XM.EUR.A,D,XM,EUR,A,2013-01-10,0.762602,,A,F
"BIS,WS_XRU,1.0",D.XM.EUR.A,D,XM,EUR,A,2013-01-11,0.753352,,A,F
"BIS,WS_XRU,1.0",D.XM.EUR.A,D,XM,EUR,A,2013-01-14,0.749569,,A,F
"BIS,WS_XRU,1.0",D.XM.EUR.A,D,XM,EUR,A,2013-01-15,0.750356,,A,F
"BIS,WS_XRU,1.0",D.XM.EUR.A,D,XM,EUR,A,2013-01-16,0.753182,,A,F
"BIS,WS_XRU,1.0",D.XM.EUR.A,D,XM,EUR,A,2013-01-17,0.748055,,A,F
"BIS,WS_XRU,1.0",D.XM.EUR.A,D,XM,EUR,A,2013-01-18,0.750525,,A,F
"BIS,WS_XRU,1.0",D.XM.EUR.A,D,XM,EUR,A,2013-01-21,0.750582,,A,F
"BIS,WS_XRU,1.0",D.XM.EUR.A,D,XM,EUR,A,2013-01-22,0.75092,,A,F
"BIS,WS_XRU,1.0",D.XM.EUR.A,D,XM,EUR,A,2013-01-23,0.750188,,A,F
"BIS,WS_XRU,1.0",D.XM.EUR.A,D,XM,EUR,A,2013-01-24,0.74912,,A,F
"BIS,WS_XRU,1.0",D.XM.EUR.A,D,XM,EUR,A,2013-01-25,0.742446,,A,F
"BIS,WS_XRU,1.0",D.XM.EUR.A,D,XM,EUR,A,2013-01-28,0.743826,,A,F
"BIS,WS_XRU,1.0",D.XM.EUR.A,D,XM,EUR,A,2013-01-29,0.744435,,A,F
"BIS,WS_XRU,1.0",D.XM.EUR.A,D,XM,EUR,A,2013-01-30,0.738498,,A,F
"BIS,WS_XRU,1.0",D.XM.EUR.A,D,XM,EUR,A,2013-01-31,0.738007,,A,F
"BIS,WS_XRU,1.0",D.XM.EUR.A,D,XM,EUR,A,2013-02-01,0.732923,,A,F
"BIS,WS_XRU,1.0",D.XM.EUR.A,D,XM,EUR,A,2013-02-04,0.737898,,A,F
"BIS,WS_XRU,1.0",D.XM.EUR.A,D,XM,EUR,A,2013-02-05,0.738716,,A,F
"BIS,WS_XRU,1.0",D.XM.EUR.A,D,XM,EUR,A,2013-02-06,0.739809,,A,F
"BIS,WS_XRU,1.0",D.XM.EUR.A,D,XM,EUR,A,2013-02-07,0.738225,,A,F
"BIS,WS_XRU,1.0",D.XM.EUR.A,D,XM,EUR,A,2013-02-08,0.747719,,A,F
"BIS,WS_XRU,1.0",D.XM.EUR.A,D,XM,EUR,A,2013-02-11,0.74677,,A,F
"BIS,WS_XRU,1.0",D.XM.EUR.A,D,XM,EUR,A,2013-02-12,0.744158,,A,F
"BIS,WS_XRU,1.0",D.XM.EUR.A,D,XM,EUR,A,2013-02-13,0.74184,,A,F
"BIS,WS_XRU,1.0",D.XM.EUR.A,D,XM,EUR,A,2013-02-14,0.750356,,A,F
"BIS,WS_XRU,1.0",D.XM.EUR.A,D,XM,EUR,A,2013-02-15,0.750469,,A,F
"BIS,WS_XRU,1.0",D.XM.EUR.A,D,XM,EUR,A,2013-02-18,0.748951,,A,F
"BIS,WS_XRU,1.0",D.XM.EUR.A,D,XM,EUR,A,2013-02-19,0.74912,,A,F
"BIS,WS_XRU,1.0",D.XM.EUR.A,D,XM,EUR,A,2013-02-20,0.747943,,A,F
"BIS,WS_XRU,1.0",D.XM.EUR.A,D,XM,EUR,A,2013-02-21,0.75838,,A,F
"BIS,WS_XRU,1.0",D.XM.EUR.A,D,XM,EUR,A,2013-02-22,0.75838,,A,F
"BIS,WS_XRU,1.0",D.XM.EUR.A,D,XM,EUR,A,2013-02-25,0.751654,,A,F
"BIS,WS_XRU,1.0",D.XM.EUR.A,D,XM,EUR,A,2013-02-26,0.764701,,A,F
"BIS,WS_XRU,1.0",D.XM.EUR.A,D,XM,EUR,A,2013-02-27,0.763534,,A,F
"BIS,WS_XRU,1.0",D.XM.EUR.A,D,XM,EUR,A,2013-02-28,0.761673,,A,F
"BIS,WS_XRU,1.0",D.XM.EUR.A,D,XM,EUR,A,2013-03-01,0.769231,,A,F
"BIS,WS_XRU,1.0",D.XM.EUR.A,D,XM,EUR,A,2013-03-04,0.768817,,A,F
"BIS,WS_XRU,1.0",D.XM.EUR.A,D,XM,EUR,A,2013-03-05,0.767224,,A,F
"BIS,WS_XRU,1.0",D.XM.EUR.A,D,XM,EUR,A,2013-03-06,0.767165,,A,F
"BIS,WS_XRU,1.0",D.XM.EUR.A,D,XM,EUR,A,2013-03-07,0.76864,,A,F
"BIS,WS_XRU,1.0",D.XM.EUR.A,D,XM,EUR,A,2013-03-08,0.763942,,A,F
"BIS,WS_XRU,1.0",D.XM.EUR.A,D,XM,EUR,A,2013-03-11,0.769586,,A,F
"BIS,WS_XRU,1.0",D.XM.EUR.A,D,XM,EUR,A,2013-03-12,0.766107,,A,F
"BIS,WS_XRU,1.0",D.XM.EUR.A,D,XM,EUR,A,2013-03-13,0.770357,,A,F
"BIS,WS_XRU,1.0",D.XM.EUR.A,D,XM,EUR,A,2013-03-14,0.772977,,A,F
"BIS,WS_XRU,1.0",D.XM.EUR.A,D,XM,EUR,A,2013-03-15,0.764175,,A,F
"BIS,WS_XRU,1.0",D.XM.EUR.A,D,XM,EUR,A,2013-03-18,0.773455,,A,F
"BIS,WS_XRU,1.0",D.XM.EUR.A,D,XM,EUR,A,2013-03-19,0.772559,,A,F
"BIS,WS_XRU,1.0",D.XM.EUR.A,D,XM,EUR,A,2013-03-20,0.772499,,A,F
"BIS,WS_XRU,1.0",D.XM.EUR.A,D,XM,EUR,A,2013-03-21,0.774593,,A,F
"BIS,WS_XRU,1.0",D.XM.EUR.A,D,XM,EUR,A,2013-03-22,0.77232,,A,F
"BIS,WS_XRU,1.0",D.XM.EUR.A,D,XM,EUR,A,2013-03-25,0.773096,,A,F
"BIS,WS_XRU,1.0",D.XM.EUR.A,D,XM,EUR,A,2013-03-26,0.777545,,A,F
"BIS,WS_XRU,1.0",D.XM.EUR.A,D,XM,EUR,A,2013-03-27,0.783208,,A,F
"BIS,WS_XRU,1.0",D.XM.EUR.A,D,XM,EUR,A,2013-03-28,0.780945,,A,F
"BIS,WS_XRU,1.0",D.XM.EUR.A,D,XM,EUR,A,2013-03-29,,,M,F
"BIS,WS_XRU,1.0",D.XM.EUR.A,D,XM,EUR,A,2013-04-01,,,M,F
"BIS,WS_XRU,1.0",D.XM.EUR.A,D,XM,EUR,A,2013-04-02,0.778816,,A,F
"BIS,WS_XRU,1.0",D.XM.EUR.A,D,XM,EUR,A,2013-04-03,0.779545,,A,F
"BIS,WS_XRU,1.0",D.XM.EUR.A,D,XM,EUR,A,2013-04-04,0.780153,,A,F
"BIS,WS_XRU,1.0",D.XM.EUR.A,D,XM,EUR,A,2013-04-05,0.772559,,A,F
"BIS,WS_XRU,1.0",D.XM.EUR.A,D,XM,EUR,A,2013-04-08,0.767872,,A,F
"BIS,WS_XRU,1.0",D.XM.EUR.A,D,XM,EUR,A,2013-04-09,0.766871,,A,F
"BIS,WS_XRU,1.0",D.XM.EUR.A,D,XM,EUR,A,2013-04-10,0.764175,,A,F
"BIS,WS_XRU,1.0",D.XM.EUR.A,D,XM,EUR,A,2013-04-11,0.762253,,A,F
"BIS,WS_XRU,1.0",D.XM.EUR.A,D,XM,EUR,A,2013-04-12,0.766166,,A,F
"BIS,WS_XRU,1.0",D.XM.EUR.A,D,XM,EUR,A,2013-04-15,0.764468,,A,F
"BIS,WS_XRU,1.0",D.XM.EUR.A,D,XM,EUR,A,2013-04-16,0.761673,,A,F
"BIS,WS_XRU,1.0",D.XM.EUR.A,D,XM,EUR,A,2013-04-17,0.761673,,A,F
"BIS,WS_XRU,1.0",D.XM.EUR.A,D,XM,EUR,A,2013-04-18,0.766577,,A,F
"BIS,WS_XRU,1.0",D.XM.EUR.A,D,XM,EUR,A,2013-04-19,0.762486,,A,F
"BIS,WS_XRU,1.0",D.XM.EUR.A,D,XM,EUR,A,2013-04-22,0.767048,,A,F
"BIS,WS_XRU,1.0",D.XM.EUR.A,D,XM,EUR,A,2013-04-23,0.769823,,A,F
"BIS,WS_XRU,1.0",D.XM.EUR.A,D,XM,EUR,A,2013-04-24,0.768876,,A,F
"BIS,WS_XRU,1.0",D.XM.EUR.A,D,XM,EUR,A,2013-04-25,0.764526,,A,F
"BIS,WS_XRU,1.0",D.XM.EUR.A,D,XM,EUR,A,2013-04-26,0.76929,,A,F
"BIS,WS_XRU,1.0",D.XM.EUR.A,D,XM,EUR,A,2013-04-29,0.762602,,A,F
"BIS,WS_XRU,1.0",D.XM.EUR.A,D,XM,EUR,A,2013-04-30,0.764994,,A,F
"BIS,WS_XRU,1.0",D.XM.EUR.A,D,XM,EUR,A,2013-05-01,,,M,F
"BIS,WS_XRU,1.0",D.XM.EUR.A,D,XM,EUR,A,2013-05-02,0.758093,,A,F
"BIS,WS_XRU,1.0",D.XM.EUR.A,D,XM,EUR,A,2013-05-03,0.762544,,A,F
"BIS,WS_XRU,1.0",D.XM.EUR.A,D,XM,EUR,A,2013-05-06,0.762951,,A,F
"BIS,WS_XRU,1.0",D.XM.EUR.A,D,XM,EUR,A,2013-05-07,0.762951,,A,F
"BIS,WS_XRU,1.0",D.XM.EUR.A,D,XM,EUR,A,2013-05-08,0.761325,,A,F
"BIS,WS_XRU,1.0",D.XM.EUR.A,D,XM,EUR,A,2013-05-09,0.760919,,A,F
"BIS,WS_XRU,1.0",D.XM.EUR.A,D,XM,EUR,A,2013-05-10,0.769941,,A,F
"BIS,WS_XRU,1.0",D.XM.EUR.A,D,XM,EUR,A,2013-05-13,0.770832,,A,F
"BIS,WS_XRU,1.0",D.XM.EUR.A,D,XM,EUR,A,2013-05-14,0.770594,,A,F
"BIS,WS_XRU,1.0",D.XM.EUR.A,D,XM,EUR,A,2013-05-15,0.777363,,A,F
"BIS,WS_XRU,1.0",D.XM.EUR.A,D,XM,EUR,A,2013-05-16,0.775795,,A,F
"BIS,WS_XRU,1.0",D.XM.EUR.A,D,XM,EUR,A,2013-05-17,0.777061,,A,F
"BIS,WS_XRU,1.0",D.XM.EUR.A,D,XM,EUR,A,2013-05-20,0.778028,,A,F
"BIS,WS_XRU,1.0",D.XM.EUR.A,D,XM,EUR,A,2013-05-21,0.777242,,A,F
"BIS,WS_XRU,1.0",D.XM.EUR.A,D,XM,EUR,A,2013-05-22,0.773814,,A,F
"BIS,WS_XRU,1.0",D.XM.EUR.A,D,XM,EUR,A,2013-05-23,0.775916,,A,F
"BIS,WS_XRU,1.0",D.XM.EUR.A,D,XM,EUR,A,2013-05-24,0.772857,,A,F
"BIS,WS_XRU,1.0",D.XM.EUR.A,D,XM,EUR,A,2013-05-27,0.772857,,A,F
"BIS,WS_XRU,1.0",D.XM.EUR.A,D,XM,EUR,A,2013-05-28,0.772917,,A,F
"BIS,WS_XRU,1.0",D.XM.EUR.A,D,XM,EUR,A,2013-05-29,0.772082,,A,F
"BIS,WS_XRU,1.0",D.XM.EUR.A,D,XM,EUR,A,2013-05-30,0.772559,,A,F
"BIS,WS_XRU,1.0",D.XM.EUR.A,D,XM,EUR,A,2013-05-31,0.768876,,A,F
"BIS,WS_XRU,1.0",D.XM.EUR.A,D,XM,EUR,A,2013-06-03,0.768758,,A,F
"BIS,WS_XRU,1.0",D.XM.EUR.A,D,XM,EUR,A,2013-06-04,0.763825,,A,F
"BIS,WS_XRU,1.0",D.XM.EUR.A,D,XM,EUR,A,2013-06-05,0.765287,,A,F
"BIS,WS_XRU,1.0",D.XM.EUR.A,D,XM,EUR,A,2013-06-06,0.762311,,A,F
"BIS,WS_XRU,1.0",D.XM.EUR.A,D,XM,EUR,A,2013-06-07,0.754148,,A,F
"BIS,WS_XRU,1.0",D.XM.EUR.A,D,XM,EUR,A,2013-06-10,0.75706,,A,F
"BIS,WS_XRU,1.0",D.XM.EUR.A,D,XM,EUR,A,2013-06-11,0.753409,,A,F
"BIS,WS_XRU,1.0",D.XM.EUR.A,D,XM,EUR,A,2013-06-12,0.753182,,A,F
"BIS,WS_XRU,1.0",D.XM.EUR.A,D,XM,EUR,A,2013-06-13,0.751033,,A,F
"BIS,WS_XRU,1.0",D.XM.EUR.A,D,XM,EUR,A,2013-06-14,0.75171,,A,F
"BIS,WS_XRU,1.0",D.XM.EUR.A,D,XM,EUR,A,2013-06-17,0.749794,,A,F
"BIS,WS_XRU,1.0",D.XM.EUR.A,D,XM,EUR,A,2013-06-18,0.747719,,A,F
"BIS,WS_XRU,1.0",D.XM.EUR.A,D,XM,EUR,A,2013-06-19,0.745935,,A,F
"BIS,WS_XRU,1.0",D.XM.EUR.A,D,XM,EUR,A,2013-06-20,0.757576,,A,F
"BIS,WS_XRU,1.0",D.XM.EUR.A,D,XM,EUR,A,2013-06-21,0.758725,,A,F
"BIS,WS_XRU,1.0",D.XM.EUR.A,D,XM,EUR,A,2013-06-24,0.764175,,A,F
"BIS,WS_XRU,1.0",D.XM.EUR.A,D,XM,EUR,A,2013-06-25,0.761383,,A,F
"BIS,WS_XRU,1.0",D.XM.EUR.A,D,XM,EUR,A,2013-06-26,0.767813,,A,F
"BIS,WS_XRU,1.0",D.XM.EUR.A,D,XM,EUR,A,2013-06-27,0.767342,,A,F
"BIS,WS_XRU,1.0",D.XM.EUR.A,D,XM,EUR,A,2013-06-28,0.764526,,A,F
"BIS,WS_XRU,1.0",D.XM.EUR.A,D,XM,EUR,A,2013-07-01,0.767048,,A,F
"BIS,WS_XRU,1.0",D.XM.EUR.A,D,XM,EUR,A,2013-07-02,0.768226,,A,F
"BIS,WS_XRU,1.0",D.XM.EUR.A,D,XM,EUR,A,2013-07-03,0.771664,,A,F
"BIS,WS_XRU,1.0",D.XM.EUR.A,D,XM,EUR,A,2013-07-04,0.770179,,A,F
"BIS,WS_XRU,1.0",D.XM.EUR.A,D,XM,EUR,A,2013-07-05,0.776217,,A,F
"BIS,WS_XRU,1.0",D.XM.EUR.A,D,XM,EUR,A,2013-07-08,0.77821,,A,F
"BIS,WS_XRU,1.0",D.XM.EUR.A,D,XM,EUR,A,2013-07-09,0.777786,,A,F
"BIS,WS_XRU,1.0",D.XM.EUR.A,D,XM,EUR,A,2013-07-10,0.780457,,A,F
"BIS,WS_XRU,1.0",D.XM.EUR.A,D,XM,EUR,A,2013-07-11,0.766636,,A,F
"BIS,WS_XRU,1.0",D.XM.EUR.A,D,XM,EUR,A,2013-07-12,0.767224,,A,F
"BIS,WS_XRU,1.0",D.XM.EUR.A,D,XM,EUR,A,2013-07-15,0.768521,,A,F
"BIS,WS_XRU,1.0",D.XM.EUR.A,D,XM,EUR,A,2013-07-16,0.762311,,A,F
"BIS,WS_XRU,1.0",D.XM.EUR.A,D,XM,EUR,A,2013-07-17,0.761267,,A,F
"BIS,WS_XRU,1.0",D.XM.EUR.A,D,XM,EUR,A,2013-07-18,0.763767,,A,F
"BIS,WS_XRU,1.0",D.XM.EUR.A,D,XM,EUR,A,2013-07-19,0.762021,,A,F
"BIS,WS_XRU,1.0",D.XM.EUR.A,D,XM,EUR,A,2013-07-22,0.759532,,A,F
"BIS,WS_XRU,1.0",D.XM.EUR.A,D,XM,EUR,A,2013-07-23,0.758725,,A,F
"BIS,WS_XRU,1.0",D.XM.EUR.A,D,XM,EUR,A,2013-07-24,0.754945,,A,F
"BIS,WS_XRU,1.0",D.XM.EUR.A,D,XM,EUR,A,2013-07-25,0.757461,,A,F
"BIS,WS_XRU,1.0",D.XM.EUR.A,D,XM,EUR,A,2013-07-26,0.754148,,A,F
"BIS,WS_XRU,1.0",D.XM.EUR.A,D,XM,EUR,A,2013-07-29,0.75358,,A,F
"BIS,WS_XRU,1.0",D.XM.EUR.A,D,XM,EUR,A,2013-07-30,0.752785,,A,F
"BIS,WS_XRU,1.0",D.XM.EUR.A,D,XM,EUR,A,2013-07-31,0.753296,,A,F
"BIS,WS_XRU,1.0",D.XM.EUR.A,D,XM,EUR,A,2013-08-01,0.755515,,A,F
"BIS,WS_XRU,1.0",D.XM.EUR.A,D,XM,EUR,A,2013-08-02,0.757404,,A,F
"BIS,WS_XRU,1.0",D.XM.EUR.A,D,XM,EUR,A,2013-08-05,0.754318,,A,F
"BIS,WS_XRU,1.0",D.XM.EUR.A,D,XM,EUR,A,2013-08-06,0.753012,,A,F
"BIS,WS_XRU,1.0",D.XM.EUR.A,D,XM,EUR,A,2013-08-07,0.751597,,A,F
"BIS,WS_XRU,1.0",D.XM.EUR.A,D,XM,EUR,A,2013-08-08,0.748503,,A,F
"BIS,WS_XRU,1.0",D.XM.EUR.A,D,XM,EUR,A,2013-08-09,0.747775,,A,F
"BIS,WS_XRU,1.0",D.XM.EUR.A,D,XM,EUR,A,2013-08-12,0.753012,,A,F
"BIS,WS_XRU,1.0",D.XM.EUR.A,D,XM,EUR,A,2013-08-13,0.752445,,A,F
"BIS,WS_XRU,1.0",D.XM.EUR.A,D,XM,EUR,A,2013-08-14,0.755116,,A,F
"BIS,WS_XRU,1.0",D.XM.EUR.A,D,XM,EUR,A,2013-08-15,0.752049,,A,F
"BIS,WS_XRU,1.0",D.XM.EUR.A,D,XM,EUR,A,2013-08-16,0.749625,,A,F
"BIS,WS_XRU,1.0",D.XM.EUR.A,D,XM,EUR,A,2013-08-19,0.7494,,A,F
"BIS,WS_XRU,1.0",D.XM.EUR.A,D,XM,EUR,A,2013-08-20,0.746714,,A,F
"BIS,WS_XRU,1.0",D.XM.EUR.A,D,XM,EUR,A,2013-08-21,0.747161,,A,F
"BIS,WS_XRU,1.0",D.XM.EUR.A,D,XM,EUR,A,2013-08-22,0.750582,,A,F
"BIS,WS_XRU,1.0",D.XM.EUR.A,D,XM,EUR,A,2013-08-23,0.748783,,A,F
"BIS,WS_XRU,1.0",D.XM.EUR.A,D,XM,EUR,A,2013-08-26,0.748447,,A,F
"BIS,WS_XRU,1.0",D.XM.EUR.A,D,XM,EUR,A,2013-08-27,0.749738,,A,F
"BIS,WS_XRU,1.0",D.XM.EUR.A,D,XM,EUR,A,2013-08-28,0.749232,,A,F
"BIS,WS_XRU,1.0",D.XM.EUR.A,D,XM,EUR,A,2013-08-29,0.753807,,A,F
"BIS,WS_XRU,1.0",D.XM.EUR.A,D,XM,EUR,A,2013-08-30,0.755572,,A,F
"BIS,WS_XRU,1.0",D.XM.EUR.A,D,XM,EUR,A,2013-09-02,0.757174,,A,F
"BIS,WS_XRU,1.0",D.XM.EUR.A,D,XM,EUR,A,2013-09-03,0.759186,,A,F
"BIS,WS_XRU,1.0",D.XM.EUR.A,D,XM,EUR,A,2013-09-04,0.759244,,A,F
"BIS,WS_XRU,1.0",D.XM.EUR.A,D,XM,EUR,A,2013-09-05,0.757461,,A,F
"BIS,WS_XRU,1.0",D.XM.EUR.A,D,XM,EUR,A,2013-09-06,0.762369,,A,F
"BIS,WS_XRU,1.0",D.XM.EUR.A,D,XM,EUR,A,2013-09-09,0.75792,,A,F
"BIS,WS_XRU,1.0",D.XM.EUR.A,D,XM,EUR,A,2013-09-10,0.755287,,A,F
"BIS,WS_XRU,1.0",D.XM.EUR.A,D,XM,EUR,A,2013-09-11,0.753693,,A,F
"BIS,WS_XRU,1.0",D.XM.EUR.A,D,XM,EUR,A,2013-09-12,0.752445,,A,F
"BIS,WS_XRU,1.0",D.XM.EUR.A,D,XM,EUR,A,2013-09-13,0.752162,,A,F
"BIS,WS_XRU,1.0",D.XM.EUR.A,D,XM,EUR,A,2013-09-16,0.748671,,A,F
"BIS,WS_XRU,1.0",D.XM.EUR.A,D,XM,EUR,A,2013-09-17,0.748727,,A,F
"BIS,WS_XRU,1.0",D.XM.EUR.A,D,XM,EUR,A,2013-09-18,0.748951,,A,F
"BIS,WS_XRU,1.0",D.XM.EUR.A,D,XM,EUR,A,2013-09-19,0.73828,,A,F
"BIS,WS_XRU,1.0",D.XM.EUR.A,D,XM,EUR,A,2013-09-20,0.739973,,A,F
"BIS,WS_XRU,1.0",D.XM.EUR.A,D,XM,EUR,A,2013-09-23,0.740302,,A,F
"BIS,WS_XRU,1.0",D.XM.EUR.A,D,XM,EUR,A,2013-09-24,0.742225,,A,F
"BIS,WS_XRU,1.0",D.XM.EUR.A,D,XM,EUR,A,2013-09-25,0.740521,,A,F
"BIS,WS_XRU,1.0",D.XM.EUR.A,D,XM,EUR,A,2013-09-26,0.740796,,A,F
"BIS,WS_XRU,1.0",D.XM.EUR.A,D,XM,EUR,A,2013-09-27,0.738716,,A,F
"BIS,WS_XRU,1.0",D.XM.EUR.A,D,XM,EUR,A,2013-09-30,0.740466,,A,F
"BIS,WS_XRU,1.0",D.XM.EUR.A,D,XM,EUR,A,2013-10-01,0.73779,,A,F
"BIS,WS_XRU,1.0",D.XM.EUR.A,D,XM,EUR,A,2013-10-02,0.739919,,A,F
"BIS,WS_XRU,1.0",D.XM.EUR.A,D,XM,EUR,A,2013-10-03,0.735619,,A,F
"BIS,WS_XRU,1.0",D.XM.EUR.A,D,XM,EUR,A,2013-10-04,0.735673,,A,F
"BIS,WS_XRU,1.0",D.XM.EUR.A,D,XM,EUR,A,2013-10-07,0.736811,,A,F
"BIS,WS_XRU,1.0",D.XM.EUR.A,D,XM,EUR,A,2013-10-08,0.736594,,A,F
"BIS,WS_XRU,1.0",D.XM.EUR.A,D,XM,EUR,A,2013-10-09,0.739919,,A,F
"BIS,WS_XRU,1.0",D.XM.EUR.A,D,XM,EUR,A,2013-10-10,0.738989,,A,F
"BIS,WS_XRU,1.0",D.XM.EUR.A,D,XM,EUR,A,2013-10-11,0.737137,,A,F
"BIS,WS_XRU,1.0",D.XM.EUR.A,D,XM,EUR,A,2013-10-14,0.737246,,A,F
"BIS,WS_XRU,1.0",D.XM.EUR.A,D,XM,EUR,A,2013-10-15,0.741125,,A,F
"BIS,WS_XRU,1.0",D.XM.EUR.A,D,XM,EUR,A,2013-10-16,0.737409,,A,F
"BIS,WS_XRU,1.0",D.XM.EUR.A,D,XM,EUR,A,2013-10-17,0.731957,,A,F
"BIS,WS_XRU,1.0",D.XM.EUR.A,D,XM,EUR,A,2013-10-18,0.73078,,A,F
"BIS,WS_XRU,1.0",D.XM.EUR.A,D,XM,EUR,A,2013-10-21,0.731689,,A,F
"BIS,WS_XRU,1.0",D.XM.EUR.A,D,XM,EUR,A,2013-10-22,0.731315,,A,F
"BIS,WS_XRU,1.0",D.XM.EUR.A,D,XM,EUR,A,2013-10-23,0.727167,,A,F
"BIS,WS_XRU,1.0",D.XM.EUR.A,D,XM,EUR,A,2013-10-24,0.724375,,A,F
"BIS,WS_XRU,1.0",D.XM.EUR.A,D,XM,EUR,A,2013-10-25,0.725847,,A,F
"BIS,WS_XRU,1.0",D.XM.EUR.A,D,XM,EUR,A,2013-10-28,0.725479,,A,F
"BIS,WS_XRU,1.0",D.XM.EUR.A,D,XM,EUR,A,2013-10-29,0.726322,,A,F
"BIS,WS_XRU,1.0",D.XM.EUR.A,D,XM,EUR,A,2013-10-30,0.727008,,A,F
"BIS,WS_XRU,1.0",D.XM.EUR.A,D,XM,EUR,A,2013-10-31,0.733084,,A,F
"BIS,WS_XRU,1.0",D.XM.EUR.A,D,XM,EUR,A,2013-11-01,0.740466,,A,F
"BIS,WS_XRU,1.0",D.XM.EUR.A,D,XM,EUR,A,2013-11-04,0.740412,,A,F
"BIS,WS_XRU,1.0",D.XM.EUR.A,D,XM,EUR,A,2013-11-05,0.74107,,A,F
"BIS,WS_XRU,1.0",D.XM.EUR.A,D,XM,EUR,A,2013-11-06,0.739809,,A,F
"BIS,WS_XRU,1.0",D.XM.EUR.A,D,XM,EUR,A,2013-11-07,0.748223,,A,F
"BIS,WS_XRU,1.0",D.XM.EUR.A,D,XM,EUR,A,2013-11-08,0.744546,,A,F
"BIS,WS_XRU,1.0",D.XM.EUR.A,D,XM,EUR,A,2013-11-11,0.746603,,A,F
"BIS,WS_XRU,1.0",D.XM.EUR.A,D,XM,EUR,A,2013-11-12,0.744491,,A,F
"BIS,WS_XRU,1.0",D.XM.EUR.A,D,XM,EUR,A,2013-11-13,0.745434,,A,F
"BIS,WS_XRU,1.0",D.XM.EUR.A,D,XM,EUR,A,2013-11-14,0.744269,,A,F
"BIS,WS_XRU,1.0",D.XM.EUR.A,D,XM,EUR,A,2013-11-15,0.742942,,A,F
"BIS,WS_XRU,1.0",D.XM.EUR.A,D,XM,EUR,A,2013-11-18,0.739809,,A,F
"BIS,WS_XRU,1.0",D.XM.EUR.A,D,XM,EUR,A,2013-11-19,0.740631,,A,F
"BIS,WS_XRU,1.0",D.XM.EUR.A,D,XM,EUR,A,2013-11-20,0.739262,,A,F
"BIS,WS_XRU,1.0",D.XM.EUR.A,D,XM,EUR,A,2013-11-21,0.74228,,A,F
"BIS,WS_XRU,1.0",D.XM.EUR.A,D,XM,EUR,A,2013-11-22,0.739754,,A,F
"BIS,WS_XRU,1.0",D.XM.EUR.A,D,XM,EUR,A,2013-11-25,0.739973,,A,F
"BIS,WS_XRU,1.0",D.XM.EUR.A,D,XM,EUR,A,2013-11-26,0.738171,,A,F
"BIS,WS_XRU,1.0",D.XM.EUR.A,D,XM,EUR,A,2013-11-27,0.73551,,A,F
"BIS,WS_XRU,1.0",D.XM.EUR.A,D,XM,EUR,A,2013-11-28,0.735727,,A,F
"BIS,WS_XRU,1.0",D.XM.EUR.A,D,XM,EUR,A,2013-11-29,0.7347,,A,F
"BIS,WS_XRU,1.0",D.XM.EUR.A,D,XM,EUR,A,2013-12-02,0.738771,,A,F
"BIS,WS_XRU,1.0",D.XM.EUR.A,D,XM,EUR,A,2013-12-03,0.736485,,A,F
"BIS,WS_XRU,1.0",D.XM.EUR.A,D,XM,EUR,A,2013-12-04,0.735727,,A,F
"BIS,WS_XRU,1.0",D.XM.EUR.A,D,XM,EUR,A,2013-12-05,0.735619,,A,F
"BIS,WS_XRU,1.0",D.XM.EUR.A,D,XM,EUR,A,2013-12-06,0.732011,,A,F
"BIS,WS_XRU,1.0",D.XM.EUR.A,D,XM,EUR,A,2013-12-09,0.728757,,A,F
"BIS,WS_XRU,1.0",D.XM.EUR.A,D,XM,EUR,A,2013-12-10,0.727273,,A,F
"BIS,WS_XRU,1.0",D.XM.EUR.A,D,XM,EUR,A,2013-12-11,0.726375,,A,F
"BIS,WS_XRU,1.0",D.XM.EUR.A,D,XM,EUR,A,2013-12-12,0.725953,,A,F
"BIS,WS_XRU,1.0",D.XM.EUR.A,D,XM,EUR,A,2013-12-13,0.728491,,A,F
"BIS,WS_XRU,1.0",D.XM.EUR.A,D,XM,EUR,A,2013-12-16,0.7259,,A,F
"BIS,WS_XRU,1.0",D.XM.EUR.A,D,XM,EUR,A,2013-12-17,0.727326,,A,F
"BIS,WS_XRU,1.0",D.XM.EUR.A,D,XM,EUR,A,2013-12-18,0.727326,,A,F
"BIS,WS_XRU,1.0",D.XM.EUR.A,D,XM,EUR,A,2013-12-19,0.731689,,A,F
"BIS,WS_XRU,1.0",D.XM.EUR.A,D,XM,EUR,A,2013-12-20,0.732332,,A,F
"BIS,WS_XRU,1.0",D.XM.EUR.A,D,XM,EUR,A,2013-12-23,0.72982,,A,F
"BIS,WS_XRU,1.0",D.XM.EUR.A,D,XM,EUR,A,2013-12-24,0.73078,,A,F
"BIS,WS_XRU,1.0",D.XM.EUR.A,D,XM,EUR,A,2013-12-27,0.723903,,A,F
"BIS,WS_XRU,1.0",D.XM.EUR.A,D,XM,EUR,A,2013-12-30,0.725531,,A,F
"BIS,WS_XRU,1.0",D.XM.EUR.A,D,XM,EUR,A,2013-12-31,0.725111,,A,F
"BIS,WS_XRU,1.0",D.XM.EUR.A,D,XM,EUR,A,2014-01-02,0.732172,,A,F
"BIS,WS_XRU,1.0",D.XM.EUR.A,D,XM,EUR,A,2014-01-03,0.73346,,A,F
"BIS,WS_XRU,1.0",D.XM.EUR.A,D,XM,EUR,A,2014-01-06,0.735186,,A,F
"BIS,WS_XRU,1.0",D.XM.EUR.A,D,XM,EUR,A,2014-01-07,0.733084,,A,F
"BIS,WS_XRU,1.0",D.XM.EUR.A,D,XM,EUR,A,2014-01-08,0.735619,,A,F
"BIS,WS_XRU,1.0",D.XM.EUR.A,D,XM,EUR,A,2014-01-09,0.734646,,A,F
"BIS,WS_XRU,1.0",D.XM.EUR.A,D,XM,EUR,A,2014-01-10,0.735998,,A,F
"BIS,WS_XRU,1.0",D.XM.EUR.A,D,XM,EUR,A,2014-01-13,0.732386,,A,F
"BIS,WS_XRU,1.0",D.XM.EUR.A,D,XM,EUR,A,2014-01-14,0.731689,,A,F
"BIS,WS_XRU,1.0",D.XM.EUR.A,D,XM,EUR,A,2014-01-15,0.73497,,A,F
"BIS,WS_XRU,1.0",D.XM.EUR.A,D,XM,EUR,A,2014-01-16,0.735456,,A,F
"BIS,WS_XRU,1.0",D.XM.EUR.A,D,XM,EUR,A,2014-01-17,0.73616,,A,F
"BIS,WS_XRU,1.0",D.XM.EUR.A,D,XM,EUR,A,2014-01-20,0.737137,,A,F
"BIS,WS_XRU,1.0",D.XM.EUR.A,D,XM,EUR,A,2014-01-21,0.739317,,A,F
"BIS,WS_XRU,1.0",D.XM.EUR.A,D,XM,EUR,A,2014-01-22,0.737137,,A,F
"BIS,WS_XRU,1.0",D.XM.EUR.A,D,XM,EUR,A,2014-01-23,0.733192,,A,F
"BIS,WS_XRU,1.0",D.XM.EUR.A,D,XM,EUR,A,2014-01-24,0.73062,,A,F
"BIS,WS_XRU,1.0",D.XM.EUR.A,D,XM,EUR,A,2014-01-27,0.732172,,A,F
"BIS,WS_XRU,1.0",D.XM.EUR.A,D,XM,EUR,A,2014-01-28,0.732654,,A,F
"BIS,WS_XRU,1.0",D.XM.EUR.A,D,XM,EUR,A,2014-01-29,0.734862,,A,F
"BIS,WS_XRU,1.0",D.XM.EUR.A,D,XM,EUR,A,2014-01-30,0.736703,,A,F
"BIS,WS_XRU,1.0",D.XM.EUR.A,D,XM,EUR,A,2014-01-31,0.739864,,A,F
"BIS,WS_XRU,1.0",D.XM.EUR.A,D,XM,EUR,A,2014-02-03,0.74085,,A,F
"BIS,WS_XRU,1.0",D.XM.EUR.A,D,XM,EUR,A,2014-02-04,0.7397,,A,F
"BIS,WS_XRU,1.0",D.XM.EUR.A,D,XM,EUR,A,2014-02-05,0.738389,,A,F
"BIS,WS_XRU,1.0",D.XM.EUR.A,D,XM,EUR,A,2014-02-06,0.741015,,A,F
"BIS,WS_XRU,1.0",D.XM.EUR.A,D,XM,EUR,A,2014-02-07,0.736703,,A,F
"BIS,WS_XRU,1.0",D.XM.EUR.A,D,XM,EUR,A,2014-02-10,0.733245,,A,F
"BIS,WS_XRU,1.0",D.XM.EUR.A,D,XM,EUR,A,2014-02-11,0.731208,,A,F
"BIS,WS_XRU,1.0",D.XM.EUR.A,D,XM,EUR,A,2014-02-12,0.736757,,A,F
"BIS,WS_XRU,1.0",D.XM.EUR.A,D,XM,EUR,A,2014-02-13,0.731261,,A,F
"BIS,WS_XRU,1.0",D.XM.EUR.A,D,XM,EUR,A,2014-02-14,0.729554,,A,F
"BIS,WS_XRU,1.0",D.XM.EUR.A,D,XM,EUR,A,2014-02-17,0.72998,,A,F
"BIS,WS_XRU,1.0",D.XM.EUR.A,D,XM,EUR,A,2014-02-18,0.728279,,A,F
"BIS,WS_XRU,1.0",D.XM.EUR.A,D,XM,EUR,A,2014-02-19,0.727537,,A,F
"BIS,WS_XRU,1.0",D.XM.EUR.A,D,XM,EUR,A,2014-02-20,0.729607,,A,F
"BIS,WS_XRU,1.0",D.XM.EUR.A,D,XM,EUR,A,2014-02-21,0.729554,,A,F
"BIS,WS_XRU,1.0",D.XM.EUR.A,D,XM,EUR,A,2014-02-24,0.728067,,A,F
"BIS,WS_XRU,1.0",D.XM.EUR.A,D,XM,EUR,A,2014-02-25,0.727061,,A,F
"BIS,WS_XRU,1.0",D.XM.EUR.A,D,XM,EUR,A,2014-02-26,0.728544,,A,F
"BIS,WS_XRU,1.0",D.XM.EUR.A,D,XM,EUR,A,2014-02-27,0.732279,,A,F
"BIS,WS_XRU,1.0",D.XM.EUR.A,D,XM,EUR,A,2014-02-28,0.723956,,A,F
"BIS,WS_XRU,1.0",D.XM.EUR.A,D,XM,EUR,A,2014-03-03,0.726322,,A,F
"BIS,WS_XRU,1.0",D.XM.EUR.A,D,XM,EUR,A,2014-03-04,0.726322,,A,F
"BIS,WS_XRU,1.0",D.XM.EUR.A,D,XM,EUR,A,2014-03-05,0.728226,,A,F
"BIS,WS_XRU,1.0",D.XM.EUR.A,D,XM,EUR,A,2014-03-06,0.727537,,A,F
"BIS,WS_XRU,1.0",D.XM.EUR.A,D,XM,EUR,A,2014-03-07,0.719735,,A,F
"BIS,WS_XRU,1.0",D.XM.EUR.A,D,XM,EUR,A,2014-03-10,0.720409,,A,F
"BIS,WS_XRU,1.0",D.XM.EUR.A,D,XM,EUR,A,2014-03-11,0.722022,,A,F
"BIS,WS_XRU,1.0",D.XM.EUR.A,D,XM,EUR,A,2014-03-12,0.720098,,A,F
"BIS,WS_XRU,1.0",D.XM.EUR.A,D,XM,EUR,A,2014-03-13,0.717257,,A,F
"BIS,WS_XRU,1.0",D.XM.EUR.A,D,XM,EUR,A,2014-03-14,0.720254,,A,F
"BIS,WS_XRU,1.0",D.XM.EUR.A,D,XM,EUR,A,2014-03-17,0.719114,,A,F
"BIS,WS_XRU,1.0",D.XM.EUR.A,D,XM,EUR,A,2014-03-18,0.719321,,A,F
"BIS,WS_XRU,1.0",D.XM.EUR.A,D,XM,EUR,A,2014-03-19,0.718752,,A,F
"BIS,WS_XRU,1.0",D.XM.EUR.A,D,XM,EUR,A,2014-03-20,0.726639,,A,F
"BIS,WS_XRU,1.0",D.XM.EUR.A,D,XM,EUR,A,2014-03-21,0.725689,,A,F
"BIS,WS_XRU,1.0",D.XM.EUR.A,D,XM,EUR,A,2014-03-24,0.726006,,A,F
"BIS,WS_XRU,1.0",D.XM.EUR.A,D,XM,EUR,A,2014-03-25,0.725216,,A,F
"BIS,WS_XRU,1.0",D.XM.EUR.A,D,XM,EUR,A,2014-03-26,0.725111,,A,F
"BIS,WS_XRU,1.0",D.XM.EUR.A,D,XM,EUR,A,2014-03-27,0.72685,,A,F
"BIS,WS_XRU,1.0",D.XM.EUR.A,D,XM,EUR,A,2014-03-28,0.726797,,A,F
"BIS,WS_XRU,1.0",D.XM.EUR.A,D,XM,EUR,A,2014-03-31,0.725268,,A,F
"BIS,WS_XRU,1.0",D.XM.EUR.A,D,XM,EUR,A,2014-04-01,0.725163,,A,F
"BIS,WS_XRU,1.0",D.XM.EUR.A,D,XM,EUR,A,2014-04-02,0.7249,,A,F
"BIS,WS_XRU,1.0",D.XM.EUR.A,D,XM,EUR,A,2014-04-03,0.726164,,A,F
"BIS,WS_XRU,1.0",D.XM.EUR.A,D,XM,EUR,A,2014-04-04,0.729927,,A,F
"BIS,WS_XRU,1.0",D.XM.EUR.A,D,XM,EUR,A,2014-04-07,0.728704,,A,F
"BIS,WS_XRU,1.0",D.XM.EUR.A,D,XM,EUR,A,2014-04-08,0.726006,,A,F
"BIS,WS_XRU,1.0",D.XM.EUR.A,D,XM,EUR,A,2014-04-09,0.724953,,A,F
"BIS,WS_XRU,1.0",D.XM.EUR.A,D,XM,EUR,A,2014-04-10,0.721137,,A,F
"BIS,WS_XRU,1.0",D.XM.EUR.A,D,XM,EUR,A,2014-04-11,0.720877,,A,F
"BIS,WS_XRU,1.0",D.XM.EUR.A,D,XM,EUR,A,2014-04-14,0.723223,,A,F
"BIS,WS_XRU,1.0",D.XM.EUR.A,D,XM,EUR,A,2014-04-15,0.72448,,A,F
"BIS,WS_XRU,1.0",D.XM.EUR.A,D,XM,EUR,A,2014-04-16,0.722543,,A,F
"BIS,WS_XRU,1.0",D.XM.EUR.A,D,XM,EUR,A,2014-04-17,0.721761,,A,F
"BIS,WS_XRU,1.0",D.XM.EUR.A,D,XM,EUR,A,2014-04-22,0.723746,,A,F
"BIS,WS_XRU,1.0",D.XM.EUR.A,D,XM,EUR,A,2014-04-23,0.722857,,A,F
"BIS,WS_XRU,1.0",D.XM.EUR.A,D,XM,EUR,A,2014-04-24,0.723589,,A,F
"BIS,WS_XRU,1.0",D.XM.EUR.A,D,XM,EUR,A,2014-04-25,0.723014,,A,F
"BIS,WS_XRU,1.0",D.XM.EUR.A,D,XM,EUR,A,2014-04-28,0.721449,,A,F
"BIS,WS_XRU,1.0",D.XM.EUR.A,D,XM,EUR,A,2014-04-29,0.723275,,A,F
"BIS,WS_XRU,1.0",D.XM.EUR.A,D,XM,EUR,A,2014-04-30,0.722022,,A,F
"BIS,WS_XRU,1.0",D.XM.EUR.A,D,XM,EUR,A,2014-05-02,0.721397,,A,F
"BIS,WS_XRU,1.0",D.XM.EUR.A,D,XM,EUR,A,2014-05-05,0.720773,,A,F
"BIS,WS_XRU,1.0",D.XM.EUR.A,D,XM,EUR,A,2014-05-06,0.717103,,A,F
"BIS,WS_XRU,1.0",D.XM.EUR.A,D,XM,EUR,A,2014-05-07,0.71803,,A,F
"BIS,WS_XRU,1.0",D.XM.EUR.A,D,XM,EUR,A,2014-05-08,0.716692,,A,F
"BIS,WS_XRU,1.0",D.XM.EUR.A,D,XM,EUR,A,2014-05-09,0.725637,,A,F
"BIS,WS_XRU,1.0",D.XM.EUR.A,D,XM,EUR,A,2014-05-12,0.72648,,A,F
"BIS,WS_XRU,1.0",D.XM.EUR.A,D,XM,EUR,A,2014-05-13,0.729767,,A,F
"BIS,WS_XRU,1.0",D.XM.EUR.A,D,XM,EUR,A,2014-05-14,0.728916,,A,F
"BIS,WS_XRU,1.0",D.XM.EUR.A,D,XM,EUR,A,2014-05-15,0.732118,,A,F
"BIS,WS_XRU,1.0",D.XM.EUR.A,D,XM,EUR,A,2014-05-16,0.73014,,A,F
"BIS,WS_XRU,1.0",D.XM.EUR.A,D,XM,EUR,A,2014-05-19,0.729129,,A,F
"BIS,WS_XRU,1.0",D.XM.EUR.A,D,XM,EUR,A,2014-05-20,0.72982,,A,F
"BIS,WS_XRU,1.0",D.XM.EUR.A,D,XM,EUR,A,2014-05-21,0.731208,,A,F
"BIS,WS_XRU,1.0",D.XM.EUR.A,D,XM,EUR,A,2014-05-22,0.731636,,A,F
"BIS,WS_XRU,1.0",D.XM.EUR.A,D,XM,EUR,A,2014-05-23,0.733676,,A,F
"BIS,WS_XRU,1.0",D.XM.EUR.A,D,XM,EUR,A,2014-05-26,0.733407,,A,F
"BIS,WS_XRU,1.0",D.XM.EUR.A,D,XM,EUR,A,2014-05-27,0.733245,,A,F
"BIS,WS_XRU,1.0",D.XM.EUR.A,D,XM,EUR,A,2014-05-28,0.734862,,A,F
"BIS,WS_XRU,1.0",D.XM.EUR.A,D,XM,EUR,A,2014-05-29,0.734646,,A,F
"BIS,WS_XRU,1.0",D.XM.EUR.A,D,XM,EUR,A,2014-05-30,0.734916,,A,F
"BIS,WS_XRU,1.0",D.XM.EUR.A,D,XM,EUR,A,2014-06-02,0.7347,,A,F
"BIS,WS_XRU,1.0",D.XM.EUR.A,D,XM,EUR,A,2014-06-03,0.732869,,A,F
"BIS,WS_XRU,1.0",D.XM.EUR.A,D,XM,EUR,A,2014-06-04,0.733837,,A,F
"BIS,WS_XRU,1.0",D.XM.EUR.A,D,XM,EUR,A,2014-06-05,0.737083,,A,F
"BIS,WS_XRU,1.0",D.XM.EUR.A,D,XM,EUR,A,2014-06-06,0.73303,,A,F
"BIS,WS_XRU,1.0",D.XM.EUR.A,D,XM,EUR,A,2014-06-09,0.734862,,A,F
"BIS,WS_XRU,1.0",D.XM.EUR.A,D,XM,EUR,A,2014-06-10,0.738171,,A,F
"BIS,WS_XRU,1.0",D.XM.EUR.A,D,XM,EUR,A,2014-06-11,0.738171,,A,F
"BIS,WS_XRU,1.0",D.XM.EUR.A,D,XM,EUR,A,2014-06-12,0.739208,,A,F
"BIS,WS_XRU,1.0",D.XM.EUR.A,D,XM,EUR,A,2014-06-13,0.73888,,A,F
"BIS,WS_XRU,1.0",D.XM.EUR.A,D,XM,EUR,A,2014-06-16,0.738989,,A,F
"BIS,WS_XRU,1.0",D.XM.EUR.A,D,XM,EUR,A,2014-06-17,0.737028,,A,F
"BIS,WS_XRU,1.0",D.XM.EUR.A,D,XM,EUR,A,2014-06-18,0.7373,,A,F
"BIS,WS_XRU,1.0",D.XM.EUR.A,D,XM,EUR,A,2014-06-19,0.734214,,A,F
"BIS,WS_XRU,1.0",D.XM.EUR.A,D,XM,EUR,A,2014-06-20,0.735943,,A,F
"BIS,WS_XRU,1.0",D.XM.EUR.A,D,XM,EUR,A,2014-06-23,0.73551,,A,F
"BIS,WS_XRU,1.0",D.XM.EUR.A,D,XM,EUR,A,2014-06-24,0.734322,,A,F
"BIS,WS_XRU,1.0",D.XM.EUR.A,D,XM,EUR,A,2014-06-25,0.734484,,A,F
"BIS,WS_XRU,1.0",D.XM.EUR.A,D,XM,EUR,A,2014-06-26,0.73497,,A,F
"BIS,WS_XRU,1.0",D.XM.EUR.A,D,XM,EUR,A,2014-06-27,0.734214,,A,F
"BIS,WS_XRU,1.0",D.XM.EUR.A,D,XM,EUR,A,2014-06-30,0.732172,,A,F
"BIS,WS_XRU,1.0",D.XM.EUR.A,D,XM,EUR,A,2014-07-01,0.730567,,A,F
"BIS,WS_XRU,1.0",D.XM.EUR.A,D,XM,EUR,A,2014-07-02,0.732279,,A,F
"BIS,WS_XRU,1.0",D.XM.EUR.A,D,XM,EUR,A,2014-07-03,0.732815,,A,F
"BIS,WS_XRU,1.0",D.XM.EUR.A,D,XM,EUR,A,2014-07-04,0.735943,,A,F
"BIS,WS_XRU,1.0",D.XM.EUR.A,D,XM,EUR,A,2014-07-07,0.735727,,A,F
"BIS,WS_XRU,1.0",D.XM.EUR.A,D,XM,EUR,A,2014-07-08,0.735889,,A,F
"BIS,WS_XRU,1.0",D.XM.EUR.A,D,XM,EUR,A,2014-07-09,0.735132,,A,F
"BIS,WS_XRU,1.0",D.XM.EUR.A,D,XM,EUR,A,2014-07-10,0.735078,,A,F
"BIS,WS_XRU,1.0",D.XM.EUR.A,D,XM,EUR,A,2014-07-11,0.735565,,A,F
"BIS,WS_XRU,1.0",D.XM.EUR.A,D,XM,EUR,A,2014-07-14,0.733837,,A,F
"BIS,WS_XRU,1.0",D.XM.EUR.A,D,XM,EUR,A,2014-07-15,0.734592,,A,F
"BIS,WS_XRU,1.0",D.XM.EUR.A,D,XM,EUR,A,2014-07-16,0.738989,,A,F
"BIS,WS_XRU,1.0",D.XM.EUR.A,D,XM,EUR,A,2014-07-17,0.739372,,A,F
"BIS,WS_XRU,1.0",D.XM.EUR.A,D,XM,EUR,A,2014-07-18,0.739372,,A,F
"BIS,WS_XRU,1.0",D.XM.EUR.A,D,XM,EUR,A,2014-07-21,0.739754,,A,F
"BIS,WS_XRU,1.0",D.XM.EUR.A,D,XM,EUR,A,2014-07-22,0.741785,,A,F
"BIS,WS_XRU,1.0",D.XM.EUR.A,D,XM,EUR,A,2014-07-23,0.742666,,A,F
"BIS,WS_XRU,1.0",D.XM.EUR.A,D,XM,EUR,A,2014-07-24,0.74228,,A,F
"BIS,WS_XRU,1.0",D.XM.EUR.A,D,XM,EUR,A,2014-07-25,0.744048,,A,F
"BIS,WS_XRU,1.0",D.XM.EUR.A,D,XM,EUR,A,2014-07-28,0.744435,,A,F
"BIS,WS_XRU,1.0",D.XM.EUR.A,D,XM,EUR,A,2014-07-29,0.744657,,A,F
"BIS,WS_XRU,1.0",D.XM.EUR.A,D,XM,EUR,A,2014-07-30,0.746213,,A,F
"BIS,WS_XRU,1.0",D.XM.EUR.A,D,XM,EUR,A,2014-07-31,0.74744,,A,F
"BIS,WS_XRU,1.0",D.XM.EUR.A,D,XM,EUR,A,2014-08-01,0.746547,,A,F
"BIS,WS_XRU,1.0",D.XM.EUR.A,D,XM,EUR,A,2014-08-04,0.745045,,A,F
"BIS,WS_XRU,1.0",D.XM.EUR.A,D,XM,EUR,A,2014-08-05,0.747272,,A,F
"BIS,WS_XRU,1.0",D.XM.EUR.A,D,XM,EUR,A,2014-08-06,0.749344,,A,F
"BIS,WS_XRU,1.0",D.XM.EUR.A,D,XM,EUR,A,2014-08-07,0.748055,,A,F
"BIS,WS_XRU,1.0",D.XM.EUR.A,D,XM,EUR,A,2014-08-08,0.746938,,A,F
"BIS,WS_XRU,1.0",D.XM.EUR.A,D,XM,EUR,A,2014-08-11,0.747049,,A,F
"BIS,WS_XRU,1.0",D.XM.EUR.A,D,XM,EUR,A,2014-08-12,0.749288,,A,F
"BIS,WS_XRU,1.0",D.XM.EUR.A,D,XM,EUR,A,2014-08-13,0.748503,,A,F
"BIS,WS_XRU,1.0",D.XM.EUR.A,D,XM,EUR,A,2014-08-14,0.747775,,A,F
"BIS,WS_XRU,1.0",D.XM.EUR.A,D,XM,EUR,A,2014-08-15,0.746938,,A,F
"BIS,WS_XRU,1.0",D.XM.EUR.A,D,XM,EUR,A,2014-08-18,0.747217,,A,F
"BIS,WS_XRU,1.0",D.XM.EUR.A,D,XM,EUR,A,2014-08-19,0.748839,,A,F
"BIS,WS_XRU,1.0",D.XM.EUR.A,D,XM,EUR,A,2014-08-20,0.752785,,A,F
"BIS,WS_XRU,1.0",D.XM.EUR.A,D,XM,EUR,A,2014-08-21,0.754034,,A,F
"BIS,WS_XRU,1.0",D.XM.EUR.A,D,XM,EUR,A,2014-08-22,0.75375,,A,F
"BIS,WS_XRU,1.0",D.XM.EUR.A,D,XM,EUR,A,2014-08-25,0.757576,,A,F
"BIS,WS_XRU,1.0",D.XM.EUR.A,D,XM,EUR,A,2014-08-26,0.758035,,A,F
"BIS,WS_XRU,1.0",D.XM.EUR.A,D,XM,EUR,A,2014-08-27,0.758898,,A,F
"BIS,WS_XRU,1.0",D.XM.EUR.A,D,XM,EUR,A,2014-08-28,0.75884,,A,F
"BIS,WS_XRU,1.0",D.XM.EUR.A,D,XM,EUR,A,2014-08-29,0.758265,,A,F
"BIS,WS_XRU,1.0",D.XM.EUR.A,D,XM,EUR,A,2014-09-01,0.761441,,A,F
"BIS,WS_XRU,1.0",D.XM.EUR.A,D,XM,EUR,A,2014-09-02,0.762486,,A,F
"BIS,WS_XRU,1.0",D.XM.EUR.A,D,XM,EUR,A,2014-09-03,0.760398,,A,F
"BIS,WS_XRU,1.0",D.XM.EUR.A,D,XM,EUR,A,2014-09-04,0.768344,,A,F
"BIS,WS_XRU,1.0",D.XM.EUR.A,D,XM,EUR,A,2014-09-05,0.77232,,A,F
"BIS,WS_XRU,1.0",D.XM.EUR.A,D,XM,EUR,A,2014-09-08,0.77238,,A,F
"BIS,WS_XRU,1.0",D.XM.EUR.A,D,XM,EUR,A,2014-09-09,0.775074,,A,F
"BIS,WS_XRU,1.0",D.XM.EUR.A,D,XM,EUR,A,2014-09-10,0.773455,,A,F
"BIS,WS_XRU,1.0",D.XM.EUR.A,D,XM,EUR,A,2014-09-11,0.773515,,A,F
"BIS,WS_XRU,1.0",D.XM.EUR.A,D,XM,EUR,A,2014-09-12,0.773335,,A,F
"BIS,WS_XRU,1.0",D.XM.EUR.A,D,XM,EUR,A,2014-09-15,0.774533,,A,F
"BIS,WS_XRU,1.0",D.XM.EUR.A,D,XM,EUR,A,2014-09-16,0.77226,,A,F
"BIS,WS_XRU,1.0",D.XM.EUR.A,D,XM,EUR,A,2014-09-17,0.771843,,A,F
"BIS,WS_XRU,1.0",D.XM.EUR.A,D,XM,EUR,A,2014-09-18,0.77688,,A,F
"BIS,WS_XRU,1.0",D.XM.EUR.A,D,XM,EUR,A,2014-09-19,0.778089,,A,F
"BIS,WS_XRU,1.0",D.XM.EUR.A,D,XM,EUR,A,2014-09-22,0.778513,,A,F
"BIS,WS_XRU,1.0",D.XM.EUR.A,D,XM,EUR,A,2014-09-23,0.775675,,A,F
"BIS,WS_XRU,1.0",D.XM.EUR.A,D,XM,EUR,A,2014-09-24,0.779666,,A,F
"BIS,WS_XRU,1.0",D.XM.EUR.A,D,XM,EUR,A,2014-09-25,0.786658,,A,F
"BIS,WS_XRU,1.0",D.XM.EUR.A,D,XM,EUR,A,2014-09-26,0.785423,,A,F
"BIS,WS_XRU,1.0",D.XM.EUR.A,D,XM,EUR,A,2014-09-29,0.78734,,A,F
"BIS,WS_XRU,1.0",D.XM.EUR.A,D,XM,EUR,A,2014-09-30,0.794723,,A,F
"BIS,WS_XRU,1.0",D.XM.EUR.A,D,XM,EUR,A,2014-10-01,0.793462,,A,F
"BIS,WS_XRU,1.0",D.XM.EUR.A,D,XM,EUR,A,2014-10-02,0.791703,,A,F
"BIS,WS_XRU,1.0",D.XM.EUR.A,D,XM,EUR,A,2014-10-03,0.792644,,A,F
"BIS,WS_XRU,1.0",D.XM.EUR.A,D,XM,EUR,A,2014-10-06,0.795862,,A,F
"BIS,WS_XRU,1.0",D.XM.EUR.A,D,XM,EUR,A,2014-10-07,0.79321,,A,F
"BIS,WS_XRU,1.0",D.XM.EUR.A,D,XM,EUR,A,2014-10-08,0.790826,,A,F
"BIS,WS_XRU,1.0",D.XM.EUR.A,D,XM,EUR,A,2014-10-09,0.783515,,A,F
"BIS,WS_XRU,1.0",D.XM.EUR.A,D,XM,EUR,A,2014-10-10,0.791264,,A,F
"BIS,WS_XRU,1.0",D.XM.EUR.A,D,XM,EUR,A,2014-10-13,0.788706,,A,F
"BIS,WS_XRU,1.0",D.XM.EUR.A,D,XM,EUR,A,2014-10-14,0.790764,,A,F
"BIS,WS_XRU,1.0",D.XM.EUR.A,D,XM,EUR,A,2014-10-15,0.789515,,A,F
"BIS,WS_XRU,1.0",D.XM.EUR.A,D,XM,EUR,A,2014-10-16,0.784375,,A,F
"BIS,WS_XRU,1.0",D.XM.EUR.A,D,XM,EUR,A,2014-10-17,0.779849,,A,F
"BIS,WS_XRU,1.0",D.XM.EUR.A,D,XM,EUR,A,2014-10-20,0.782901,,A,F
"BIS,WS_XRU,1.0",D.XM.EUR.A,D,XM,EUR,A,2014-10-21,0.783576,,A,F
"BIS,WS_XRU,1.0",D.XM.EUR.A,D,XM,EUR,A,2014-10-22,0.787836,,A,F
"BIS,WS_XRU,1.0",D.XM.EUR.A,D,XM,EUR,A,2014-10-23,0.789328,,A,F
"BIS,WS_XRU,1.0",D.XM.EUR.A,D,XM,EUR,A,2014-10-24,0.789952,,A,F
"BIS,WS_XRU,1.0",D.XM.EUR.A,D,XM,EUR,A,2014-10-27,0.788706,,A,F
"BIS,WS_XRU,1.0",D.XM.EUR.A,D,XM,EUR,A,2014-10-28,0.784437,,A,F
"BIS,WS_XRU,1.0",D.XM.EUR.A,D,XM,EUR,A,2014-10-29,0.785114,,A,F
"BIS,WS_XRU,1.0",D.XM.EUR.A,D,XM,EUR,A,2014-10-30,0.793777,,A,F
"BIS,WS_XRU,1.0",D.XM.EUR.A,D,XM,EUR,A,2014-10-31,0.798467,,A,F
"BIS,WS_XRU,1.0",D.XM.EUR.A,D,XM,EUR,A,2014-11-03,0.800448,,A,F
"BIS,WS_XRU,1.0",D.XM.EUR.A,D,XM,EUR,A,2014-11-04,0.799105,,A,F
"BIS,WS_XRU,1.0",D.XM.EUR.A,D,XM,EUR,A,2014-11-05,0.801282,,A,F
"BIS,WS_XRU,1.0",D.XM.EUR.A,D,XM,EUR,A,2014-11-06,0.798913,,A,F
"BIS,WS_XRU,1.0",D.XM.EUR.A,D,XM,EUR,A,2014-11-07,0.806907,,A,F
"BIS,WS_XRU,1.0",D.XM.EUR.A,D,XM,EUR,A,2014-11-10,0.800897,,A,F
"BIS,WS_XRU,1.0",D.XM.EUR.A,D,XM,EUR,A,2014-11-11,0.804894,,A,F
"BIS,WS_XRU,1.0",D.XM.EUR.A,D,XM,EUR,A,2014-11-12,0.802118,,A,F
"BIS,WS_XRU,1.0",D.XM.EUR.A,D,XM,EUR,A,2014-11-13,0.802826,,A,F
"BIS,WS_XRU,1.0",D.XM.EUR.A,D,XM,EUR,A,2014-11-14,0.804117,,A,F
"BIS,WS_XRU,1.0",D.XM.EUR.A,D,XM,EUR,A,2014-11-17,0.800256,,A,F
"BIS,WS_XRU,1.0",D.XM.EUR.A,D,XM,EUR,A,2014-11-18,0.799105,,A,F
"BIS,WS_XRU,1.0",D.XM.EUR.A,D,XM,EUR,A,2014-11-19,0.797766,,A,F
"BIS,WS_XRU,1.0",D.XM.EUR.A,D,XM,EUR,A,2014-11-20,0.797512,,A,F
"BIS,WS_XRU,1.0",D.XM.EUR.A,D,XM,EUR,A,2014-11-21,0.805023,,A,F
"BIS,WS_XRU,1.0",D.XM.EUR.A,D,XM,EUR,A,2014-11-24,0.805802,,A,F
"BIS,WS_XRU,1.0",D.XM.EUR.A,D,XM,EUR,A,2014-11-25,0.804894,,A,F
"BIS,WS_XRU,1.0",D.XM.EUR.A,D,XM,EUR,A,2014-11-26,0.801603,,A,F
"BIS,WS_XRU,1.0",D.XM.EUR.A,D,XM,EUR,A,2014-11-27,0.801282,,A,F
"BIS,WS_XRU,1.0",D.XM.EUR.A,D,XM,EUR,A,2014-11-28,0.801089,,A,F
"BIS,WS_XRU,1.0",D.XM.EUR.A,D,XM,EUR,A,2014-12-01,0.801989,,A,F
"BIS,WS_XRU,1.0",D.XM.EUR.A,D,XM,EUR,A,2014-12-02,0.804894,,A,F
"BIS,WS_XRU,1.0",D.XM.EUR.A,D,XM,EUR,A,2014-12-03,0.810964,,A,F
"BIS,WS_XRU,1.0",D.XM.EUR.A,D,XM,EUR,A,2014-12-04,0.812282,,A,F
"BIS,WS_XRU,1.0",D.XM.EUR.A,D,XM,EUR,A,2014-12-05,0.808931,,A,F
"BIS,WS_XRU,1.0",D.XM.EUR.A,D,XM,EUR,A,2014-12-08,0.815794,,A,F
"BIS,WS_XRU,1.0",D.XM.EUR.A,D,XM,EUR,A,2014-12-09,0.808473,,A,F
"BIS,WS_XRU,1.0",D.XM.EUR.A,D,XM,EUR,A,2014-12-10,0.806972,,A,F
"BIS,WS_XRU,1.0",D.XM.EUR.A,D,XM,EUR,A,2014-12-11,0.804635,,A,F
"BIS,WS_XRU,1.0",D.XM.EUR.A,D,XM,EUR,A,2014-12-12,0.803213,,A,F
"BIS,WS_XRU,1.0",D.XM.EUR.A,D,XM,EUR,A,2014-12-15,0.804764,,A,F
"BIS,WS_XRU,1.0",D.XM.EUR.A,D,XM,EUR,A,2014-12-16,0.797639,,A,F
"BIS,WS_XRU,1.0",D.XM.EUR.A,D,XM,EUR,A,2014-12-17,0.803342,,A,F
"BIS,WS_XRU,1.0",D.XM.EUR.A,D,XM,EUR,A,2014-12-18,0.814001,,A,F
"BIS,WS_XRU,1.0",D.XM.EUR.A,D,XM,EUR,A,2014-12-19,0.814399,,A,F
"BIS,WS_XRU,1.0",D.XM.EUR.A,D,XM,EUR,A,2014-12-22,0.815727,,A,F
"BIS,WS_XRU,1.0",D.XM.EUR.A,D,XM,EUR,A,2014-12-23,0.8188,,A,F
"BIS,WS_XRU,1.0",D.XM.EUR.A,D,XM,EUR,A,2014-12-24,0.818398,,A,F
"BIS,WS_XRU,1.0",D.XM.EUR.A,D,XM,EUR,A,2014-12-29,0.819874,,A,F
"BIS,WS_XRU,1.0",D.XM.EUR.A,D,XM,EUR,A,2014-12-30,0.822368,,A,F
"BIS,WS_XRU,1.0",D.XM.EUR.A,D,XM,EUR,A,2014-12-31,0.823655,,A,F
"BIS,WS_XRU,1.0",D.XM.EUR.A,D,XM,EUR,A,2015-01-02,0.830358,,A,F
"BIS,WS_XRU,1.0",D.XM.EUR.A,D,XM,EUR,A,2015-01-05,0.839278,,A,F
"BIS,WS_XRU,1.0",D.XM.EUR.A,D,XM,EUR,A,2015-01-06,0.839349,,A,F
"BIS,WS_XRU,1.0",D.XM.EUR.A,D,XM,EUR,A,2015-01-07,0.845237,,A,F
"BIS,WS_XRU,1.0",D.XM.EUR.A,D,XM,EUR,A,2015-01-08,0.849762,,A,F
"BIS,WS_XRU,1.0",D.XM.EUR.A,D,XM,EUR,A,2015-01-09,0.846525,,A,F
"BIS,WS_XRU,1.0",D.XM.EUR.A,D,XM,EUR,A,2015-01-12,0.84717,,A,F
"BIS,WS_XRU,1.0",D.XM.EUR.A,D,XM,EUR,A,2015-01-13,0.848752,,A,F
"BIS,WS_XRU,1.0",D.XM.EUR.A,D,XM,EUR,A,2015-01-14,0.849257,,A,F
"BIS,WS_XRU,1.0",D.XM.EUR.A,D,XM,EUR,A,2015-01-15,0.854117,,A,F
"BIS,WS_XRU,1.0",D.XM.EUR.A,D,XM,EUR,A,2015-01-16,0.862962,,A,F
"BIS,WS_XRU,1.0",D.XM.EUR.A,D,XM,EUR,A,2015-01-19,0.861698,,A,F
"BIS,WS_XRU,1.0",D.XM.EUR.A,D,XM,EUR,A,2015-01-20,0.863632,,A,F
"BIS,WS_XRU,1.0",D.XM.EUR.A,D,XM,EUR,A,2015-01-21,0.862589,,A,F
"BIS,WS_XRU,1.0",D.XM.EUR.A,D,XM,EUR,A,2015-01-22,0.860733,,A,F
"BIS,WS_XRU,1.0",D.XM.EUR.A,D,XM,EUR,A,2015-01-23,0.893017,,A,F
"BIS,WS_XRU,1.0",D.XM.EUR.A,D,XM,EUR,A,2015-01-26,0.889363,,A,F
"BIS,WS_XRU,1.0",D.XM.EUR.A,D,XM,EUR,A,2015-01-27,0.884486,,A,F
"BIS,WS_XRU,1.0",D.XM.EUR.A,D,XM,EUR,A,2015-01-28,0.881523,,A,F
"BIS,WS_XRU,1.0",D.XM.EUR.A,D,XM,EUR,A,2015-01-29,0.883783,,A,F
"BIS,WS_XRU,1.0",D.XM.EUR.A,D,XM,EUR,A,2015-01-30,0.884564,,A,F
"BIS,WS_XRU,1.0",D.XM.EUR.A,D,XM,EUR,A,2015-02-02,0.884173,,A,F
"BIS,WS_XRU,1.0",D.XM.EUR.A,D,XM,EUR,A,2015-02-03,0.879044,,A,F
"BIS,WS_XRU,1.0",D.XM.EUR.A,D,XM,EUR,A,2015-02-04,0.873668,,A,F
"BIS,WS_XRU,1.0",D.XM.EUR.A,D,XM,EUR,A,2015-02-05,0.876424,,A,F
"BIS,WS_XRU,1.0",D.XM.EUR.A,D,XM,EUR,A,2015-02-06,0.873591,,A,F
"BIS,WS_XRU,1.0",D.XM.EUR.A,D,XM,EUR,A,2015-02-09,0.886918,,A,F
"BIS,WS_XRU,1.0",D.XM.EUR.A,D,XM,EUR,A,2015-02-10,0.885191,,A,F
"BIS,WS_XRU,1.0",D.XM.EUR.A,D,XM,EUR,A,2015-02-11,0.883861,,A,F
"BIS,WS_XRU,1.0",D.XM.EUR.A,D,XM,EUR,A,2015-02-12,0.882768,,A,F
"BIS,WS_XRU,1.0",D.XM.EUR.A,D,XM,EUR,A,2015-02-13,0.878657,,A,F
"BIS,WS_XRU,1.0",D.XM.EUR.A,D,XM,EUR,A,2015-02-16,0.876578,,A,F
"BIS,WS_XRU,1.0",D.XM.EUR.A,D,XM,EUR,A,2015-02-17,0.87604,,A,F
"BIS,WS_XRU,1.0",D.XM.EUR.A,D,XM,EUR,A,2015-02-18,0.879353,,A,F
"BIS,WS_XRU,1.0",D.XM.EUR.A,D,XM,EUR,A,2015-02-19,0.878194,,A,F
"BIS,WS_XRU,1.0",D.XM.EUR.A,D,XM,EUR,A,2015-02-20,0.885112,,A,F
"BIS,WS_XRU,1.0",D.XM.EUR.A,D,XM,EUR,A,2015-02-23,0.885112,,A,F
"BIS,WS_XRU,1.0",D.XM.EUR.A,D,XM,EUR,A,2015-02-24,0.882768,,A,F
"BIS,WS_XRU,1.0",D.XM.EUR.A,D,XM,EUR,A,2015-02-25,0.881368,,A,F
"BIS,WS_XRU,1.0",D.XM.EUR.A,D,XM,EUR,A,2015-02-26,0.883626,,A,F
"BIS,WS_XRU,1.0",D.XM.EUR.A,D,XM,EUR,A,2015-02-27,0.88968,,A,F
"BIS,WS_XRU,1.0",D.XM.EUR.A,D,XM,EUR,A,2015-03-02,0.89071,,A,F
"BIS,WS_XRU,1.0",D.XM.EUR.A,D,XM,EUR,A,2015-03-03,0.895415,,A,F
"BIS,WS_XRU,1.0",D.XM.EUR.A,D,XM,EUR,A,2015-03-04,0.898957,,A,F
"BIS,WS_XRU,1.0",D.XM.EUR.A,D,XM,EUR,A,2015-03-05,0.903424,,A,F
"BIS,WS_XRU,1.0",D.XM.EUR.A,D,XM,EUR,A,2015-03-06,0.912159,,A,F
"BIS,WS_XRU,1.0",D.XM.EUR.A,D,XM,EUR,A,2015-03-09,0.92081,,A,F
"BIS,WS_XRU,1.0",D.XM.EUR.A,D,XM,EUR,A,2015-03-10,0.931272,,A,F
"BIS,WS_XRU,1.0",D.XM.EUR.A,D,XM,EUR,A,2015-03-11,0.945358,,A,F
"BIS,WS_XRU,1.0",D.XM.EUR.A,D,XM,EUR,A,2015-03-12,0.942241,,A,F
"BIS,WS_XRU,1.0",D.XM.EUR.A,D,XM,EUR,A,2015-03-13,0.945895,,A,F
"BIS,WS_XRU,1.0",D.XM.EUR.A,D,XM,EUR,A,2015-03-16,0.947239,,A,F
"BIS,WS_XRU,1.0",D.XM.EUR.A,D,XM,EUR,A,2015-03-17,0.940291,,A,F
"BIS,WS_XRU,1.0",D.XM.EUR.A,D,XM,EUR,A,2015-03-18,0.944109,,A,F
"BIS,WS_XRU,1.0",D.XM.EUR.A,D,XM,EUR,A,2015-03-19,0.936593,,A,F
"BIS,WS_XRU,1.0",D.XM.EUR.A,D,XM,EUR,A,2015-03-20,0.927988,,A,F
"BIS,WS_XRU,1.0",D.XM.EUR.A,D,XM,EUR,A,2015-03-23,0.916422,,A,F
"BIS,WS_XRU,1.0",D.XM.EUR.A,D,XM,EUR,A,2015-03-24,0.913242,,A,F
"BIS,WS_XRU,1.0",D.XM.EUR.A,D,XM,EUR,A,2015-03-25,0.910332,,A,F
"BIS,WS_XRU,1.0",D.XM.EUR.A,D,XM,EUR,A,2015-03-26,0.911328,,A,F
"BIS,WS_XRU,1.0",D.XM.EUR.A,D,XM,EUR,A,2015-03-27,0.92115,,A,F
"BIS,WS_XRU,1.0",D.XM.EUR.A,D,XM,EUR,A,2015-03-30,0.922084,,A,F
"BIS,WS_XRU,1.0",D.XM.EUR.A,D,XM,EUR,A,2015-03-31,0.929454,,A,F
"BIS,WS_XRU,1.0",D.XM.EUR.A,D,XM,EUR,A,2015-04-01,0.9298,,A,F
"BIS,WS_XRU,1.0",D.XM.EUR.A,D,XM,EUR,A,2015-04-02,0.923361,,A,F
"BIS,WS_XRU,1.0",D.XM.EUR.A,D,XM,EUR,A,2015-04-07,0.921914,,A,F
"BIS,WS_XRU,1.0",D.XM.EUR.A,D,XM,EUR,A,2015-04-08,0.920641,,A,F
"BIS,WS_XRU,1.0",D.XM.EUR.A,D,XM,EUR,A,2015-04-09,0.92816,,A,F
"BIS,WS_XRU,1.0",D.XM.EUR.A,D,XM,EUR,A,2015-04-10,0.946074,,A,F
"BIS,WS_XRU,1.0",D.XM.EUR.A,D,XM,EUR,A,2015-04-13,0.947688,,A,F
"BIS,WS_XRU,1.0",D.XM.EUR.A,D,XM,EUR,A,2015-04-14,0.946611,,A,F
"BIS,WS_XRU,1.0",D.XM.EUR.A,D,XM,EUR,A,2015-04-15,0.945269,,A,F
"BIS,WS_XRU,1.0",D.XM.EUR.A,D,XM,EUR,A,2015-04-16,0.93362,,A,F
"BIS,WS_XRU,1.0",D.XM.EUR.A,D,XM,EUR,A,2015-04-17,0.924727,,A,F
"BIS,WS_XRU,1.0",D.XM.EUR.A,D,XM,EUR,A,2015-04-20,0.932575,,A,F
"BIS,WS_XRU,1.0",D.XM.EUR.A,D,XM,EUR,A,2015-04-21,0.934579,,A,F
"BIS,WS_XRU,1.0",D.XM.EUR.A,D,XM,EUR,A,2015-04-22,0.930839,,A,F
"BIS,WS_XRU,1.0",D.XM.EUR.A,D,XM,EUR,A,2015-04-23,0.928333,,A,F
"BIS,WS_XRU,1.0",D.XM.EUR.A,D,XM,EUR,A,2015-04-24,0.923873,,A,F
"BIS,WS_XRU,1.0",D.XM.EUR.A,D,XM,EUR,A,2015-04-27,0.924044,,A,F
"BIS,WS_XRU,1.0",D.XM.EUR.A,D,XM,EUR,A,2015-04-28,0.915164,,A,F
"BIS,WS_XRU,1.0",D.XM.EUR.A,D,XM,EUR,A,2015-04-29,0.908926,,A,F
"BIS,WS_XRU,1.0",D.XM.EUR.A,D,XM,EUR,A,2015-04-30,0.891663,,A,F
"BIS,WS_XRU,1.0",D.XM.EUR.A,D,XM,EUR,A,2015-05-04,0.8967,,A,F
"BIS,WS_XRU,1.0",D.XM.EUR.A,D,XM,EUR,A,2015-05-05,0.899523,,A,F
"BIS,WS_XRU,1.0",D.XM.EUR.A,D,XM,EUR,A,2015-05-06,0.890472,,A,F
"BIS,WS_XRU,1.0",D.XM.EUR.A,D,XM,EUR,A,2015-05-07,0.884564,,A,F
"BIS,WS_XRU,1.0",D.XM.EUR.A,D,XM,EUR,A,2015-05-08,0.891186,,A,F
"BIS,WS_XRU,1.0",D.XM.EUR.A,D,XM,EUR,A,2015-05-11,0.897505,,A,F
"BIS,WS_XRU,1.0",D.XM.EUR.A,D,XM,EUR,A,2015-05-12,0.889759,,A,F
"BIS,WS_XRU,1.0",D.XM.EUR.A,D,XM,EUR,A,2015-05-13,0.891186,,A,F
"BIS,WS_XRU,1.0",D.XM.EUR.A,D,XM,EUR,A,2015-05-14,0.875733,,A,F
"BIS,WS_XRU,1.0",D.XM.EUR.A,D,XM,EUR,A,2015-05-15,0.882768,,A,F
"BIS,WS_XRU,1.0",D.XM.EUR.A,D,XM,EUR,A,2015-05-18,0.87804,,A,F
"BIS,WS_XRU,1.0",D.XM.EUR.A,D,XM,EUR,A,2015-05-19,0.894454,,A,F
"BIS,WS_XRU,1.0",D.XM.EUR.A,D,XM,EUR,A,2015-05-20,0.899442,,A,F
"BIS,WS_XRU,1.0",D.XM.EUR.A,D,XM,EUR,A,2015-05-21,0.89823,,A,F
"BIS,WS_XRU,1.0",D.XM.EUR.A,D,XM,EUR,A,2015-05-22,0.895736,,A,F
"BIS,WS_XRU,1.0",D.XM.EUR.A,D,XM,EUR,A,2015-05-25,0.910913,,A,F
"BIS,WS_XRU,1.0",D.XM.EUR.A,D,XM,EUR,A,2015-05-26,0.915248,,A,F
"BIS,WS_XRU,1.0",D.XM.EUR.A,D,XM,EUR,A,2015-05-27,0.920556,,A,F
"BIS,WS_XRU,1.0",D.XM.EUR.A,D,XM,EUR,A,2015-05-28,0.917768,,A,F
"BIS,WS_XRU,1.0",D.XM.EUR.A,D,XM,EUR,A,2015-05-29,0.911577,,A,F
"BIS,WS_XRU,1.0",D.XM.EUR.A,D,XM,EUR,A,2015-06-01,0.913743,,A,F
"BIS,WS_XRU,1.0",D.XM.EUR.A,D,XM,EUR,A,2015-06-02,0.906701,,A,F
"BIS,WS_XRU,1.0",D.XM.EUR.A,D,XM,EUR,A,2015-06-03,0.89815,,A,F
"BIS,WS_XRU,1.0",D.XM.EUR.A,D,XM,EUR,A,2015-06-04,0.883626,,A,F
"BIS,WS_XRU,1.0",D.XM.EUR.A,D,XM,EUR,A,2015-06-05,0.891424,,A,F
"BIS,WS_XRU,1.0",D.XM.EUR.A,D,XM,EUR,A,2015-06-08,0.895897,,A,F
"BIS,WS_XRU,1.0",D.XM.EUR.A,D,XM,EUR,A,2015-06-09,0.888968,,A,F
"BIS,WS_XRU,1.0",D.XM.EUR.A,D,XM,EUR,A,2015-06-10,0.886603,,A,F
"BIS,WS_XRU,1.0",D.XM.EUR.A,D,XM,EUR,A,2015-06-11,0.890313,,A,F
"BIS,WS_XRU,1.0",D.XM.EUR.A,D,XM,EUR,A,2015-06-12,0.891266,,A,F
"BIS,WS_XRU,1.0",D.XM.EUR.A,D,XM,EUR,A,2015-06-15,0.891424,,A,F
"BIS,WS_XRU,1.0",D.XM.EUR.A,D,XM,EUR,A,2015-06-16,0.891663,,A,F
"BIS,WS_XRU,1.0",D.XM.EUR.A,D,XM,EUR,A,2015-06-17,0.886603,,A,F
"BIS,WS_XRU,1.0",D.XM.EUR.A,D,XM,EUR,A,2015-06-18,0.876885,,A,F
"BIS,WS_XRU,1.0",D.XM.EUR.A,D,XM,EUR,A,2015-06-19,0.885034,,A,F
"BIS,WS_XRU,1.0",D.XM.EUR.A,D,XM,EUR,A,2015-06-22,0.881446,,A,F
"BIS,WS_XRU,1.0",D.XM.EUR.A,D,XM,EUR,A,2015-06-23,0.892538,,A,F
"BIS,WS_XRU,1.0",D.XM.EUR.A,D,XM,EUR,A,2015-06-24,0.891822,,A,F
"BIS,WS_XRU,1.0",D.XM.EUR.A,D,XM,EUR,A,2015-06-25,0.892379,,A,F
"BIS,WS_XRU,1.0",D.XM.EUR.A,D,XM,EUR,A,2015-06-26,0.892698,,A,F
"BIS,WS_XRU,1.0",D.XM.EUR.A,D,XM,EUR,A,2015-06-29,0.89823,,A,F
"BIS,WS_XRU,1.0",D.XM.EUR.A,D,XM,EUR,A,2015-06-30,0.893735,,A,F
"BIS,WS_XRU,1.0",D.XM.EUR.A,D,XM,EUR,A,2015-07-01,0.900901,,A,F
"BIS,WS_XRU,1.0",D.XM.EUR.A,D,XM,EUR,A,2015-07-02,0.903669,,A,F
"BIS,WS_XRU,1.0",D.XM.EUR.A,D,XM,EUR,A,2015-07-03,0.901226,,A,F
"BIS,WS_XRU,1.0",D.XM.EUR.A,D,XM,EUR,A,2015-07-06,0.90843,,A,F
"BIS,WS_XRU,1.0",D.XM.EUR.A,D,XM,EUR,A,2015-07-07,0.914829,,A,F
"BIS,WS_XRU,1.0",D.XM.EUR.A,D,XM,EUR,A,2015-07-08,0.907112,,A,F
"BIS,WS_XRU,1.0",D.XM.EUR.A,D,XM,EUR,A,2015-07-09,0.90465,,A,F
"BIS,WS_XRU,1.0",D.XM.EUR.A,D,XM,EUR,A,2015-07-10,0.894055,,A,F
"BIS,WS_XRU,1.0",D.XM.EUR.A,D,XM,EUR,A,2015-07-13,0.905059,,A,F
"BIS,WS_XRU,1.0",D.XM.EUR.A,D,XM,EUR,A,2015-07-14,0.906536,,A,F
"BIS,WS_XRU,1.0",D.XM.EUR.A,D,XM,EUR,A,2015-07-15,0.908348,,A,F
"BIS,WS_XRU,1.0",D.XM.EUR.A,D,XM,EUR,A,2015-07-16,0.920217,,A,F
"BIS,WS_XRU,1.0",D.XM.EUR.A,D,XM,EUR,A,2015-07-17,0.918358,,A,F
"BIS,WS_XRU,1.0",D.XM.EUR.A,D,XM,EUR,A,2015-07-20,0.921489,,A,F
"BIS,WS_XRU,1.0",D.XM.EUR.A,D,XM,EUR,A,2015-07-21,0.920217,,A,F
"BIS,WS_XRU,1.0",D.XM.EUR.A,D,XM,EUR,A,2015-07-22,0.917263,,A,F
"BIS,WS_XRU,1.0",D.XM.EUR.A,D,XM,EUR,A,2015-07-23,0.909174,,A,F
"BIS,WS_XRU,1.0",D.XM.EUR.A,D,XM,EUR,A,2015-07-24,0.91416,,A,F
"BIS,WS_XRU,1.0",D.XM.EUR.A,D,XM,EUR,A,2015-07-27,0.904323,,A,F
"BIS,WS_XRU,1.0",D.XM.EUR.A,D,XM,EUR,A,2015-07-28,0.907029,,A,F
"BIS,WS_XRU,1.0",D.XM.EUR.A,D,XM,EUR,A,2015-07-29,0.906618,,A,F
"BIS,WS_XRU,1.0",D.XM.EUR.A,D,XM,EUR,A,2015-07-30,0.912825,,A,F
"BIS,WS_XRU,1.0",D.XM.EUR.A,D,XM,EUR,A,2015-07-31,0.911826,,A,F
"BIS,WS_XRU,1.0",D.XM.EUR.A,D,XM,EUR,A,2015-08-03,0.913159,,A,F
"BIS,WS_XRU,1.0",D.XM.EUR.A,D,XM,EUR,A,2015-08-04,0.911328,,A,F
"BIS,WS_XRU,1.0",D.XM.EUR.A,D,XM,EUR,A,2015-08-05,0.918864,,A,F
"BIS,WS_XRU,1.0",D.XM.EUR.A,D,XM,EUR,A,2015-08-06,0.918695,,A,F
"BIS,WS_XRU,1.0",D.XM.EUR.A,D,XM,EUR,A,2015-08-07,0.913993,,A,F
"BIS,WS_XRU,1.0",D.XM.EUR.A,D,XM,EUR,A,2015-08-10,0.912409,,A,F
"BIS,WS_XRU,1.0",D.XM.EUR.A,D,XM,EUR,A,2015-08-11,0.904568,,A,F
"BIS,WS_XRU,1.0",D.XM.EUR.A,D,XM,EUR,A,2015-08-12,0.896459,,A,F
"BIS,WS_XRU,1.0",D.XM.EUR.A,D,XM,EUR,A,2015-08-13,0.900171,,A,F
"BIS,WS_XRU,1.0",D.XM.EUR.A,D,XM,EUR,A,2015-08-14,0.895175,,A,F
"BIS,WS_XRU,1.0",D.XM.EUR.A,D,XM,EUR,A,2015-08-17,0.900901,,A,F
"BIS,WS_XRU,1.0",D.XM.EUR.A,D,XM,EUR,A,2015-08-18,0.904159,,A,F
"BIS,WS_XRU,1.0",D.XM.EUR.A,D,XM,EUR,A,2015-08-19,0.905715,,A,F
"BIS,WS_XRU,1.0",D.XM.EUR.A,D,XM,EUR,A,2015-08-20,0.894214,,A,F
"BIS,WS_XRU,1.0",D.XM.EUR.A,D,XM,EUR,A,2015-08-21,0.886446,,A,F
"BIS,WS_XRU,1.0",D.XM.EUR.A,D,XM,EUR,A,2015-08-24,0.869792,,A,F
"BIS,WS_XRU,1.0",D.XM.EUR.A,D,XM,EUR,A,2015-08-25,0.869112,,A,F
"BIS,WS_XRU,1.0",D.XM.EUR.A,D,XM,EUR,A,2015-08-26,0.877039,,A,F
"BIS,WS_XRU,1.0",D.XM.EUR.A,D,XM,EUR,A,2015-08-27,0.886211,,A,F
"BIS,WS_XRU,1.0",D.XM.EUR.A,D,XM,EUR,A,2015-08-28,0.887469,,A,F
"BIS,WS_XRU,1.0",D.XM.EUR.A,D,XM,EUR,A,2015-08-31,0.891663,,A,F
"BIS,WS_XRU,1.0",D.XM.EUR.A,D,XM,EUR,A,2015-09-01,0.889996,,A,F
"BIS,WS_XRU,1.0",D.XM.EUR.A,D,XM,EUR,A,2015-09-02,0.888494,,A,F
"BIS,WS_XRU,1.0",D.XM.EUR.A,D,XM,EUR,A,2015-09-03,0.890551,,A,F
"BIS,WS_XRU,1.0",D.XM.EUR.A,D,XM,EUR,A,2015-09-04,0.897827,,A,F
"BIS,WS_XRU,1.0",D.XM.EUR.A,D,XM,EUR,A,2015-09-07,0.897183,,A,F
"BIS,WS_XRU,1.0",D.XM.EUR.A,D,XM,EUR,A,2015-09-08,0.895897,,A,F
"BIS,WS_XRU,1.0",D.XM.EUR.A,D,XM,EUR,A,2015-09-09,0.897747,,A,F
"BIS,WS_XRU,1.0",D.XM.EUR.A,D,XM,EUR,A,2015-09-10,0.894055,,A,F
"BIS,WS_XRU,1.0",D.XM.EUR.A,D,XM,EUR,A,2015-09-11,0.887469,,A,F
"BIS,WS_XRU,1.0",D.XM.EUR.A,D,XM,EUR,A,2015-09-14,0.884564,,A,F
"BIS,WS_XRU,1.0",D.XM.EUR.A,D,XM,EUR,A,2015-09-15,0.883392,,A,F
"BIS,WS_XRU,1.0",D.XM.EUR.A,D,XM,EUR,A,2015-09-16,0.890631,,A,F
"BIS,WS_XRU,1.0",D.XM.EUR.A,D,XM,EUR,A,2015-09-17,0.884017,,A,F
"BIS,WS_XRU,1.0",D.XM.EUR.A,D,XM,EUR,A,2015-09-18,0.875733,,A,F
"BIS,WS_XRU,1.0",D.XM.EUR.A,D,XM,EUR,A,2015-09-21,0.888889,,A,F
"BIS,WS_XRU,1.0",D.XM.EUR.A,D,XM,EUR,A,2015-09-22,0.896459,,A,F
"BIS,WS_XRU,1.0",D.XM.EUR.A,D,XM,EUR,A,2015-09-23,0.896861,,A,F
"BIS,WS_XRU,1.0",D.XM.EUR.A,D,XM,EUR,A,2015-09-24,0.889601,,A,F
"BIS,WS_XRU,1.0",D.XM.EUR.A,D,XM,EUR,A,2015-09-25,0.896781,,A,F
"BIS,WS_XRU,1.0",D.XM.EUR.A,D,XM,EUR,A,2015-09-28,0.895255,,A,F
"BIS,WS_XRU,1.0",D.XM.EUR.A,D,XM,EUR,A,2015-09-29,0.892538,,A,F
"BIS,WS_XRU,1.0",D.XM.EUR.A,D,XM,EUR,A,2015-09-30,0.892618,,A,F
"BIS,WS_XRU,1.0",D.XM.EUR.A,D,XM,EUR,A,2015-10-01,0.89662,,A,F
"BIS,WS_XRU,1.0",D.XM.EUR.A,D,XM,EUR,A,2015-10-02,0.896057,,A,F
"BIS,WS_XRU,1.0",D.XM.EUR.A,D,XM,EUR,A,2015-10-05,0.889996,,A,F
"BIS,WS_XRU,1.0",D.XM.EUR.A,D,XM,EUR,A,2015-10-06,0.890948,,A,F
"BIS,WS_XRU,1.0",D.XM.EUR.A,D,XM,EUR,A,2015-10-07,0.887626,,A,F
"BIS,WS_XRU,1.0",D.XM.EUR.A,D,XM,EUR,A,2015-10-08,0.888573,,A,F
"BIS,WS_XRU,1.0",D.XM.EUR.A,D,XM,EUR,A,2015-10-09,0.880127,,A,F
"BIS,WS_XRU,1.0",D.XM.EUR.A,D,XM,EUR,A,2015-10-12,0.879275,,A,F
"BIS,WS_XRU,1.0",D.XM.EUR.A,D,XM,EUR,A,2015-10-13,0.879198,,A,F
"BIS,WS_XRU,1.0",D.XM.EUR.A,D,XM,EUR,A,2015-10-14,0.876424,,A,F
"BIS,WS_XRU,1.0",D.XM.EUR.A,D,XM,EUR,A,2015-10-15,0.874202,,A,F
"BIS,WS_XRU,1.0",D.XM.EUR.A,D,XM,EUR,A,2015-10-16,0.880282,,A,F
"BIS,WS_XRU,1.0",D.XM.EUR.A,D,XM,EUR,A,2015-10-19,0.882379,,A,F
"BIS,WS_XRU,1.0",D.XM.EUR.A,D,XM,EUR,A,2015-10-20,0.879275,,A,F
"BIS,WS_XRU,1.0",D.XM.EUR.A,D,XM,EUR,A,2015-10-21,0.880747,,A,F
"BIS,WS_XRU,1.0",D.XM.EUR.A,D,XM,EUR,A,2015-10-22,0.883939,,A,F
"BIS,WS_XRU,1.0",D.XM.EUR.A,D,XM,EUR,A,2015-10-23,0.902201,,A,F
"BIS,WS_XRU,1.0",D.XM.EUR.A,D,XM,EUR,A,2015-10-26,0.908183,,A,F
"BIS,WS_XRU,1.0",D.XM.EUR.A,D,XM,EUR,A,2015-10-27,0.904077,,A,F
"BIS,WS_XRU,1.0",D.XM.EUR.A,D,XM,EUR,A,2015-10-28,0.90212,,A,F
"BIS,WS_XRU,1.0",D.XM.EUR.A,D,XM,EUR,A,2015-10-29,0.914913,,A,F
"BIS,WS_XRU,1.0",D.XM.EUR.A,D,XM,EUR,A,2015-10-30,0.907688,,A,F
"BIS,WS_XRU,1.0",D.XM.EUR.A,D,XM,EUR,A,2015-11-02,0.906454,,A,F
"BIS,WS_XRU,1.0",D.XM.EUR.A,D,XM,EUR,A,2015-11-03,0.911079,,A,F
"BIS,WS_XRU,1.0",D.XM.EUR.A,D,XM,EUR,A,2015-11-04,0.914495,,A,F
"BIS,WS_XRU,1.0",D.XM.EUR.A,D,XM,EUR,A,2015-11-05,0.918864,,A,F
"BIS,WS_XRU,1.0",D.XM.EUR.A,D,XM,EUR,A,2015-11-06,0.920471,,A,F
"BIS,WS_XRU,1.0",D.XM.EUR.A,D,XM,EUR,A,2015-11-09,0.927988,,A,F
"BIS,WS_XRU,1.0",D.XM.EUR.A,D,XM,EUR,A,2015-11-10,0.93362,,A,F
"BIS,WS_XRU,1.0",D.XM.EUR.A,D,XM,EUR,A,2015-11-11,0.933184,,A,F
"BIS,WS_XRU,1.0",D.XM.EUR.A,D,XM,EUR,A,2015-11-12,0.932314,,A,F
"BIS,WS_XRU,1.0",D.XM.EUR.A,D,XM,EUR,A,2015-11-13,0.929023,,A,F
"BIS,WS_XRU,1.0",D.XM.EUR.A,D,XM,EUR,A,2015-11-16,0.932575,,A,F
"BIS,WS_XRU,1.0",D.XM.EUR.A,D,XM,EUR,A,2015-11-17,0.937207,,A,F
"BIS,WS_XRU,1.0",D.XM.EUR.A,D,XM,EUR,A,2015-11-18,0.937559,,A,F
"BIS,WS_XRU,1.0",D.XM.EUR.A,D,XM,EUR,A,2015-11-19,0.935716,,A,F
"BIS,WS_XRU,1.0",D.XM.EUR.A,D,XM,EUR,A,2015-11-20,0.935629,,A,F
"BIS,WS_XRU,1.0",D.XM.EUR.A,D,XM,EUR,A,2015-11-23,0.940645,,A,F
"BIS,WS_XRU,1.0",D.XM.EUR.A,D,XM,EUR,A,2015-11-24,0.938879,,A,F
"BIS,WS_XRU,1.0",D.XM.EUR.A,D,XM,EUR,A,2015-11-25,0.944644,,A,F
"BIS,WS_XRU,1.0",D.XM.EUR.A,D,XM,EUR,A,2015-11-26,0.942329,,A,F
"BIS,WS_XRU,1.0",D.XM.EUR.A,D,XM,EUR,A,2015-11-27,0.94518,,A,F
"BIS,WS_XRU,1.0",D.XM.EUR.A,D,XM,EUR,A,2015-11-30,0.945269,,A,F
"BIS,WS_XRU,1.0",D.XM.EUR.A,D,XM,EUR,A,2015-12-01,0.943396,,A,F
"BIS,WS_XRU,1.0",D.XM.EUR.A,D,XM,EUR,A,2015-12-02,0.942329,,A,F
"BIS,WS_XRU,1.0",D.XM.EUR.A,D,XM,EUR,A,2015-12-03,0.937119,,A,F
"BIS,WS_XRU,1.0",D.XM.EUR.A,D,XM,EUR,A,2015-12-04,0.917263,,A,F
"BIS,WS_XRU,1.0",D.XM.EUR.A,D,XM,EUR,A,2015-12-07,0.925155,,A,F
"BIS,WS_XRU,1.0",D.XM.EUR.A,D,XM,EUR,A,2015-12-08,0.91954,,A,F
"BIS,WS_XRU,1.0",D.XM.EUR.A,D,XM,EUR,A,2015-12-09,0.913993,,A,F
"BIS,WS_XRU,1.0",D.XM.EUR.A,D,XM,EUR,A,2015-12-10,0.913826,,A,F
"BIS,WS_XRU,1.0",D.XM.EUR.A,D,XM,EUR,A,2015-12-11,0.913242,,A,F
"BIS,WS_XRU,1.0",D.XM.EUR.A,D,XM,EUR,A,2015-12-14,0.910498,,A,F
"BIS,WS_XRU,1.0",D.XM.EUR.A,D,XM,EUR,A,2015-12-15,0.909918,,A,F
"BIS,WS_XRU,1.0",D.XM.EUR.A,D,XM,EUR,A,2015-12-16,0.914662,,A,F
"BIS,WS_XRU,1.0",D.XM.EUR.A,D,XM,EUR,A,2015-12-17,0.922424,,A,F
"BIS,WS_XRU,1.0",D.XM.EUR.A,D,XM,EUR,A,2015-12-18,0.92285,,A,F
"BIS,WS_XRU,1.0",D.XM.EUR.A,D,XM,EUR,A,2015-12-21,0.919963,,A,F
"BIS,WS_XRU,1.0",D.XM.EUR.A,D,XM,EUR,A,2015-12-22,0.913075,,A,F
"BIS,WS_XRU,1.0",D.XM.EUR.A,D,XM,EUR,A,2015-12-23,0.916086,,A,F
"BIS,WS_XRU,1.0",D.XM.EUR.A,D,XM,EUR,A,2015-12-24,0.913492,,A,F
"BIS,WS_XRU,1.0",D.XM.EUR.A,D,XM,EUR,A,2015-12-28,0.912242,,A,F
"BIS,WS_XRU,1.0",D.XM.EUR.A,D,XM,EUR,A,2015-12-29,0.913075,,A,F
"BIS,WS_XRU,1.0",D.XM.EUR.A,D,XM,EUR,A,2015-12-30,0.915248,,A,F
"BIS,WS_XRU,1.0",D.XM.EUR.A,D,XM,EUR,A,2015-12-31,0.918527,,A,F
"BIS,WS_XRU,1.0",D.XM.EUR.A,D,XM,EUR,A,2016-01-04,0.9176,,A,F
"BIS,WS_XRU,1.0",D.XM.EUR.A,D,XM,EUR,A,2016-01-05,0.930579,,A,F
"BIS,WS_XRU,1.0",D.XM.EUR.A,D,XM,EUR,A,2016-01-06,0.930925,,A,F
"BIS,WS_XRU,1.0",D.XM.EUR.A,D,XM,EUR,A,2016-01-07,0.920133,,A,F
"BIS,WS_XRU,1.0",D.XM.EUR.A,D,XM,EUR,A,2016-01-08,0.920726,,A,F
"BIS,WS_XRU,1.0",D.XM.EUR.A,D,XM,EUR,A,2016-01-11,0.918442,,A,F
"BIS,WS_XRU,1.0",D.XM.EUR.A,D,XM,EUR,A,2016-01-12,0.92285,,A,F
"BIS,WS_XRU,1.0",D.XM.EUR.A,D,XM,EUR,A,2016-01-13,0.924556,,A,F
"BIS,WS_XRU,1.0",D.XM.EUR.A,D,XM,EUR,A,2016-01-14,0.918021,,A,F
"BIS,WS_XRU,1.0",D.XM.EUR.A,D,XM,EUR,A,2016-01-15,0.916254,,A,F
"BIS,WS_XRU,1.0",D.XM.EUR.A,D,XM,EUR,A,2016-01-18,0.918105,,A,F
"BIS,WS_XRU,1.0",D.XM.EUR.A,D,XM,EUR,A,2016-01-19,0.920133,,A,F
"BIS,WS_XRU,1.0",D.XM.EUR.A,D,XM,EUR,A,2016-01-20,0.916842,,A,F
"BIS,WS_XRU,1.0",D.XM.EUR.A,D,XM,EUR,A,2016-01-21,0.918021,,A,F
"BIS,WS_XRU,1.0",D.XM.EUR.A,D,XM,EUR,A,2016-01-22,0.925241,,A,F
"BIS,WS_XRU,1.0",D.XM.EUR.A,D,XM,EUR,A,2016-01-25,0.924642,,A,F
"BIS,WS_XRU,1.0",D.XM.EUR.A,D,XM,EUR,A,2016-01-26,0.922765,,A,F
"BIS,WS_XRU,1.0",D.XM.EUR.A,D,XM,EUR,A,2016-01-27,0.918442,,A,F
"BIS,WS_XRU,1.0",D.XM.EUR.A,D,XM,EUR,A,2016-01-28,0.917179,,A,F
"BIS,WS_XRU,1.0",D.XM.EUR.A,D,XM,EUR,A,2016-01-29,0.915751,,A,F
"BIS,WS_XRU,1.0",D.XM.EUR.A,D,XM,EUR,A,2016-02-01,0.91878,,A,F
"BIS,WS_XRU,1.0",D.XM.EUR.A,D,XM,EUR,A,2016-02-02,0.915835,,A,F
"BIS,WS_XRU,1.0",D.XM.EUR.A,D,XM,EUR,A,2016-02-03,0.914662,,A,F
"BIS,WS_XRU,1.0",D.XM.EUR.A,D,XM,EUR,A,2016-02-04,0.892379,,A,F
"BIS,WS_XRU,1.0",D.XM.EUR.A,D,XM,EUR,A,2016-02-05,0.892698,,A,F
"BIS,WS_XRU,1.0",D.XM.EUR.A,D,XM,EUR,A,2016-02-08,0.90082,,A,F
"BIS,WS_XRU,1.0",D.XM.EUR.A,D,XM,EUR,A,2016-02-09,0.889996,,A,F
"BIS,WS_XRU,1.0",D.XM.EUR.A,D,XM,EUR,A,2016-02-10,0.888336,,A,F
"BIS,WS_XRU,1.0",D.XM.EUR.A,D,XM,EUR,A,2016-02-11,0.88129,,A,F
"BIS,WS_XRU,1.0",D.XM.EUR.A,D,XM,EUR,A,2016-02-12,0.886918,,A,F
"BIS,WS_XRU,1.0",D.XM.EUR.A,D,XM,EUR,A,2016-02-15,0.894454,,A,F
"BIS,WS_XRU,1.0",D.XM.EUR.A,D,XM,EUR,A,2016-02-16,0.895576,,A,F
"BIS,WS_XRU,1.0",D.XM.EUR.A,D,XM,EUR,A,2016-02-17,0.897989,,A,F
"BIS,WS_XRU,1.0",D.XM.EUR.A,D,XM,EUR,A,2016-02-18,0.902201,,A,F
"BIS,WS_XRU,1.0",D.XM.EUR.A,D,XM,EUR,A,2016-02-19,0.901226,,A,F
"BIS,WS_XRU,1.0",D.XM.EUR.A,D,XM,EUR,A,2016-02-22,0.906947,,A,F
"BIS,WS_XRU,1.0",D.XM.EUR.A,D,XM,EUR,A,2016-02-23,0.908926,,A,F
"BIS,WS_XRU,1.0",D.XM.EUR.A,D,XM,EUR,A,2016-02-24,0.910664,,A,F
"BIS,WS_XRU,1.0",D.XM.EUR.A,D,XM,EUR,A,2016-02-25,0.906865,,A,F
"BIS,WS_XRU,1.0",D.XM.EUR.A,D,XM,EUR,A,2016-02-26,0.908595,,A,F
"BIS,WS_XRU,1.0",D.XM.EUR.A,D,XM,EUR,A,2016-02-29,0.918442,,A,F
"BIS,WS_XRU,1.0",D.XM.EUR.A,D,XM,EUR,A,2016-03-01,0.919794,,A,F
"BIS,WS_XRU,1.0",D.XM.EUR.A,D,XM,EUR,A,2016-03-02,0.92115,,A,F
"BIS,WS_XRU,1.0",D.XM.EUR.A,D,XM,EUR,A,2016-03-03,0.917347,,A,F
"BIS,WS_XRU,1.0",D.XM.EUR.A,D,XM,EUR,A,2016-03-04,0.911577,,A,F
"BIS,WS_XRU,1.0",D.XM.EUR.A,D,XM,EUR,A,2016-03-07,0.912992,,A,F
"BIS,WS_XRU,1.0",D.XM.EUR.A,D,XM,EUR,A,2016-03-08,0.906783,,A,F
"BIS,WS_XRU,1.0",D.XM.EUR.A,D,XM,EUR,A,2016-03-09,0.911328,,A,F
"BIS,WS_XRU,1.0",D.XM.EUR.A,D,XM,EUR,A,2016-03-10,0.921065,,A,F
"BIS,WS_XRU,1.0",D.XM.EUR.A,D,XM,EUR,A,2016-03-11,0.901713,,A,F
"BIS,WS_XRU,1.0",D.XM.EUR.A,D,XM,EUR,A,2016-03-14,0.899361,,A,F
"BIS,WS_XRU,1.0",D.XM.EUR.A,D,XM,EUR,A,2016-03-15,0.900171,,A,F
"BIS,WS_XRU,1.0",D.XM.EUR.A,D,XM,EUR,A,2016-03-16,0.903832,,A,F
"BIS,WS_XRU,1.0",D.XM.EUR.A,D,XM,EUR,A,2016-03-17,0.884095,,A,F
"BIS,WS_XRU,1.0",D.XM.EUR.A,D,XM,EUR,A,2016-03-18,0.886603,,A,F
"BIS,WS_XRU,1.0",D.XM.EUR.A,D,XM,EUR,A,2016-03-21,0.887233,,A,F
"BIS,WS_XRU,1.0",D.XM.EUR.A,D,XM,EUR,A,2016-03-22,0.891902,,A,F
"BIS,WS_XRU,1.0",D.XM.EUR.A,D,XM,EUR,A,2016-03-23,0.895175,,A,F
"BIS,WS_XRU,1.0",D.XM.EUR.A,D,XM,EUR,A,2016-03-24,0.896539,,A,F
"BIS,WS_XRU,1.0",D.XM.EUR.A,D,XM,EUR,A,2016-03-29,0.893336,,A,F
"BIS,WS_XRU,1.0",D.XM.EUR.A,D,XM,EUR,A,2016-03-30,0.88308,,A,F
"BIS,WS_XRU,1.0",D.XM.EUR.A,D,XM,EUR,A,2016-03-31,0.878349,,A,F
"BIS,WS_XRU,1.0",D.XM.EUR.A,D,XM,EUR,A,2016-04-01,0.874738,,A,F
"BIS,WS_XRU,1.0",D.XM.EUR.A,D,XM,EUR,A,2016-04-04,0.878735,,A,F
"BIS,WS_XRU,1.0",D.XM.EUR.A,D,XM,EUR,A,2016-04-05,0.87974,,A,F
"BIS,WS_XRU,1.0",D.XM.EUR.A,D,XM,EUR,A,2016-04-06,0.882145,,A,F
"BIS,WS_XRU,1.0",D.XM.EUR.A,D,XM,EUR,A,2016-04-07,0.879972,,A,F
"BIS,WS_XRU,1.0",D.XM.EUR.A,D,XM,EUR,A,2016-04-08,0.880049,,A,F
"BIS,WS_XRU,1.0",D.XM.EUR.A,D,XM,EUR,A,2016-04-11,0.877963,,A,F
"BIS,WS_XRU,1.0",D.XM.EUR.A,D,XM,EUR,A,2016-04-12,0.877501,,A,F
"BIS,WS_XRU,1.0",D.XM.EUR.A,D,XM,EUR,A,2016-04-13,0.885112,,A,F
"BIS,WS_XRU,1.0",D.XM.EUR.A,D,XM,EUR,A,2016-04-14,0.888731,,A,F
"BIS,WS_XRU,1.0",D.XM.EUR.A,D,XM,EUR,A,2016-04-15,0.886211,,A,F
"BIS,WS_XRU,1.0",D.XM.EUR.A,D,XM,EUR,A,2016-04-18,0.884486,,A,F
"BIS,WS_XRU,1.0",D.XM.EUR.A,D,XM,EUR,A,2016-04-19,0.881601,,A,F
"BIS,WS_XRU,1.0",D.XM.EUR.A,D,XM,EUR,A,2016-04-20,0.878812,,A,F
"BIS,WS_XRU,1.0",D.XM.EUR.A,D,XM,EUR,A,2016-04-21,0.880669,,A,F
"BIS,WS_XRU,1.0",D.XM.EUR.A,D,XM,EUR,A,2016-04-22,0.887863,,A,F
"BIS,WS_XRU,1.0",D.XM.EUR.A,D,XM,EUR,A,2016-04-25,0.887784,,A,F
"BIS,WS_XRU,1.0",D.XM.EUR.A,D,XM,EUR,A,2016-04-26,0.885975,,A,F
"BIS,WS_XRU,1.0",D.XM.EUR.A,D,XM,EUR,A,2016-04-27,0.884721,,A,F
"BIS,WS_XRU,1.0",D.XM.EUR.A,D,XM,EUR,A,2016-04-28,0.880437,,A,F
"BIS,WS_XRU,1.0",D.XM.EUR.A,D,XM,EUR,A,2016-04-29,0.876962,,A,F
"BIS,WS_XRU,1.0",D.XM.EUR.A,D,XM,EUR,A,2016-05-02,0.870095,,A,F
"BIS,WS_XRU,1.0",D.XM.EUR.A,D,XM,EUR,A,2016-05-03,0.864379,,A,F
"BIS,WS_XRU,1.0",D.XM.EUR.A,D,XM,EUR,A,2016-05-04,0.869187,,A,F
"BIS,WS_XRU,1.0",D.XM.EUR.A,D,XM,EUR,A,2016-05-05,0.874202,,A,F
"BIS,WS_XRU,1.0",D.XM.EUR.A,D,XM,EUR,A,2016-05-06,0.87512,,A,F
"BIS,WS_XRU,1.0",D.XM.EUR.A,D,XM,EUR,A,2016-05-09,0.877578,,A,F
"BIS,WS_XRU,1.0",D.XM.EUR.A,D,XM,EUR,A,2016-05-10,0.879121,,A,F
"BIS,WS_XRU,1.0",D.XM.EUR.A,D,XM,EUR,A,2016-05-11,0.876501,,A,F
"BIS,WS_XRU,1.0",D.XM.EUR.A,D,XM,EUR,A,2016-05-12,0.87804,,A,F
"BIS,WS_XRU,1.0",D.XM.EUR.A,D,XM,EUR,A,2016-05-13,0.881213,,A,F
"BIS,WS_XRU,1.0",D.XM.EUR.A,D,XM,EUR,A,2016-05-16,0.88308,,A,F
"BIS,WS_XRU,1.0",D.XM.EUR.A,D,XM,EUR,A,2016-05-17,0.883548,,A,F
"BIS,WS_XRU,1.0",D.XM.EUR.A,D,XM,EUR,A,2016-05-18,0.886603,,A,F
"BIS,WS_XRU,1.0",D.XM.EUR.A,D,XM,EUR,A,2016-05-19,0.893096,,A,F
"BIS,WS_XRU,1.0",D.XM.EUR.A,D,XM,EUR,A,2016-05-20,0.891345,,A,F
"BIS,WS_XRU,1.0",D.XM.EUR.A,D,XM,EUR,A,2016-05-23,0.891663,,A,F
"BIS,WS_XRU,1.0",D.XM.EUR.A,D,XM,EUR,A,2016-05-24,0.895415,,A,F
"BIS,WS_XRU,1.0",D.XM.EUR.A,D,XM,EUR,A,2016-05-25,0.897183,,A,F
"BIS,WS_XRU,1.0",D.XM.EUR.A,D,XM,EUR,A,2016-05-26,0.895415,,A,F
"BIS,WS_XRU,1.0",D.XM.EUR.A,D,XM,EUR,A,2016-05-27,0.895415,,A,F
"BIS,WS_XRU,1.0",D.XM.EUR.A,D,XM,EUR,A,2016-05-30,0.897747,,A,F
"BIS,WS_XRU,1.0",D.XM.EUR.A,D,XM,EUR,A,2016-05-31,0.896539,,A,F
"BIS,WS_XRU,1.0",D.XM.EUR.A,D,XM,EUR,A,2016-06-01,0.894935,,A,F
"BIS,WS_XRU,1.0",D.XM.EUR.A,D,XM,EUR,A,2016-06-02,0.893815,,A,F
"BIS,WS_XRU,1.0",D.XM.EUR.A,D,XM,EUR,A,2016-06-03,0.896539,,A,F
"BIS,WS_XRU,1.0",D.XM.EUR.A,D,XM,EUR,A,2016-06-06,0.881135,,A,F
"BIS,WS_XRU,1.0",D.XM.EUR.A,D,XM,EUR,A,2016-06-07,0.881213,,A,F
"BIS,WS_XRU,1.0",D.XM.EUR.A,D,XM,EUR,A,2016-06-08,0.878889,,A,F
"BIS,WS_XRU,1.0",D.XM.EUR.A,D,XM,EUR,A,2016-06-09,0.881601,,A,F
"BIS,WS_XRU,1.0",D.XM.EUR.A,D,XM,EUR,A,2016-06-10,0.884643,,A,F
"BIS,WS_XRU,1.0",D.XM.EUR.A,D,XM,EUR,A,2016-06-13,0.887469,,A,F
"BIS,WS_XRU,1.0",D.XM.EUR.A,D,XM,EUR,A,2016-06-14,0.890869,,A,F
"BIS,WS_XRU,1.0",D.XM.EUR.A,D,XM,EUR,A,2016-06-15,0.890472,,A,F
"BIS,WS_XRU,1.0",D.XM.EUR.A,D,XM,EUR,A,2016-06-16,0.894935,,A,F
"BIS,WS_XRU,1.0",D.XM.EUR.A,D,XM,EUR,A,2016-06-17,0.888573,,A,F
"BIS,WS_XRU,1.0",D.XM.EUR.A,D,XM,EUR,A,2016-06-20,0.882457,,A,F
"BIS,WS_XRU,1.0",D.XM.EUR.A,D,XM,EUR,A,2016-06-21,0.883861,,A,F
"BIS,WS_XRU,1.0",D.XM.EUR.A,D,XM,EUR,A,2016-06-22,0.886289,,A,F
"BIS,WS_XRU,1.0",D.XM.EUR.A,D,XM,EUR,A,2016-06-23,0.87804,,A,F
"BIS,WS_XRU,1.0",D.XM.EUR.A,D,XM,EUR,A,2016-06-24,0.903669,,A,F
"BIS,WS_XRU,1.0",D.XM.EUR.A,D,XM,EUR,A,2016-06-27,0.909256,,A,F
"BIS,WS_XRU,1.0",D.XM.EUR.A,D,XM,EUR,A,2016-06-28,0.903098,,A,F
"BIS,WS_XRU,1.0",D.XM.EUR.A,D,XM,EUR,A,2016-06-29,0.901713,,A,F
"BIS,WS_XRU,1.0",D.XM.EUR.A,D,XM,EUR,A,2016-06-30,0.900739,,A,F
"BIS,WS_XRU,1.0",D.XM.EUR.A,D,XM,EUR,A,2016-07-01,0.898069,,A,F
"BIS,WS_XRU,1.0",D.XM.EUR.A,D,XM,EUR,A,2016-07-04,0.897827,,A,F
"BIS,WS_XRU,1.0",D.XM.EUR.A,D,XM,EUR,A,2016-07-05,0.897183,,A,F
"BIS,WS_XRU,1.0",D.XM.EUR.A,D,XM,EUR,A,2016-07-06,0.903424,,A,F
"BIS,WS_XRU,1.0",D.XM.EUR.A,D,XM,EUR,A,2016-07-07,0.902527,,A,F
"BIS,WS_XRU,1.0",D.XM.EUR.A,D,XM,EUR,A,2016-07-08,0.903342,,A,F
"BIS,WS_XRU,1.0",D.XM.EUR.A,D,XM,EUR,A,2016-07-11,0.905059,,A,F
"BIS,WS_XRU,1.0",D.XM.EUR.A,D,XM,EUR,A,2016-07-12,0.901551,,A,F
"BIS,WS_XRU,1.0",D.XM.EUR.A,D,XM,EUR,A,2016-07-13,0.903179,,A,F
"BIS,WS_XRU,1.0",D.XM.EUR.A,D,XM,EUR,A,2016-07-14,0.896298,,A,F
"BIS,WS_XRU,1.0",D.XM.EUR.A,D,XM,EUR,A,2016-07-15,0.898634,,A,F
"BIS,WS_XRU,1.0",D.XM.EUR.A,D,XM,EUR,A,2016-07-18,0.904732,,A,F
"BIS,WS_XRU,1.0",D.XM.EUR.A,D,XM,EUR,A,2016-07-19,0.906208,,A,F
"BIS,WS_XRU,1.0",D.XM.EUR.A,D,XM,EUR,A,2016-07-20,0.908018,,A,F
"BIS,WS_XRU,1.0",D.XM.EUR.A,D,XM,EUR,A,2016-07-21,0.907853,,A,F
"BIS,WS_XRU,1.0",D.XM.EUR.A,D,XM,EUR,A,2016-07-22,0.907935,,A,F
"BIS,WS_XRU,1.0",D.XM.EUR.A,D,XM,EUR,A,2016-07-25,0.910581,,A,F
"BIS,WS_XRU,1.0",D.XM.EUR.A,D,XM,EUR,A,2016-07-26,0.909339,,A,F
"BIS,WS_XRU,1.0",D.XM.EUR.A,D,XM,EUR,A,2016-07-27,0.909835,,A,F
"BIS,WS_XRU,1.0",D.XM.EUR.A,D,XM,EUR,A,2016-07-28,0.901713,,A,F
"BIS,WS_XRU,1.0",D.XM.EUR.A,D,XM,EUR,A,2016-07-29,0.899847,,A,F
"BIS,WS_XRU,1.0",D.XM.EUR.A,D,XM,EUR,A,2016-08-01,0.895736,,A,F
"BIS,WS_XRU,1.0",D.XM.EUR.A,D,XM,EUR,A,2016-08-02,0.893416,,A,F
"BIS,WS_XRU,1.0",D.XM.EUR.A,D,XM,EUR,A,2016-08-03,0.892857,,A,F
"BIS,WS_XRU,1.0",D.XM.EUR.A,D,XM,EUR,A,2016-08-04,0.897989,,A,F
"BIS,WS_XRU,1.0",D.XM.EUR.A,D,XM,EUR,A,2016-08-05,0.896379,,A,F
"BIS,WS_XRU,1.0",D.XM.EUR.A,D,XM,EUR,A,2016-08-08,0.901957,,A,F
"BIS,WS_XRU,1.0",D.XM.EUR.A,D,XM,EUR,A,2016-08-09,0.90269,,A,F
"BIS,WS_XRU,1.0",D.XM.EUR.A,D,XM,EUR,A,2016-08-10,0.894134,,A,F
"BIS,WS_XRU,1.0",D.XM.EUR.A,D,XM,EUR,A,2016-08-11,0.89662,,A,F
"BIS,WS_XRU,1.0",D.XM.EUR.A,D,XM,EUR,A,2016-08-12,0.896218,,A,F
"BIS,WS_XRU,1.0",D.XM.EUR.A,D,XM,EUR,A,2016-08-15,0.894454,,A,F
"BIS,WS_XRU,1.0",D.XM.EUR.A,D,XM,EUR,A,2016-08-16,0.885347,,A,F
"BIS,WS_XRU,1.0",D.XM.EUR.A,D,XM,EUR,A,2016-08-17,0.886839,,A,F
"BIS,WS_XRU,1.0",D.XM.EUR.A,D,XM,EUR,A,2016-08-18,0.883314,,A,F
"BIS,WS_XRU,1.0",D.XM.EUR.A,D,XM,EUR,A,2016-08-19,0.882924,,A,F
"BIS,WS_XRU,1.0",D.XM.EUR.A,D,XM,EUR,A,2016-08-22,0.884486,,A,F
"BIS,WS_XRU,1.0",D.XM.EUR.A,D,XM,EUR,A,2016-08-23,0.881912,,A,F
"BIS,WS_XRU,1.0",D.XM.EUR.A,D,XM,EUR,A,2016-08-24,0.887469,,A,F
"BIS,WS_XRU,1.0",D.XM.EUR.A,D,XM,EUR,A,2016-08-25,0.88574,,A,F
"BIS,WS_XRU,1.0",D.XM.EUR.A,D,XM,EUR,A,2016-08-26,0.88574,,A,F
"BIS,WS_XRU,1.0",D.XM.EUR.A,D,XM,EUR,A,2016-08-29,0.895255,,A,F
"BIS,WS_XRU,1.0",D.XM.EUR.A,D,XM,EUR,A,2016-08-30,0.895415,,A,F
"BIS,WS_XRU,1.0",D.XM.EUR.A,D,XM,EUR,A,2016-08-31,0.898311,,A,F
"BIS,WS_XRU,1.0",D.XM.EUR.A,D,XM,EUR,A,2016-09-01,0.897183,,A,F
"BIS,WS_XRU,1.0",D.XM.EUR.A,D,XM,EUR,A,2016-09-02,0.893416,,A,F
"BIS,WS_XRU,1.0",D.XM.EUR.A,D,XM,EUR,A,2016-09-05,0.896379,,A,F
"BIS,WS_XRU,1.0",D.XM.EUR.A,D,XM,EUR,A,2016-09-06,0.896138,,A,F
"BIS,WS_XRU,1.0",D.XM.EUR.A,D,XM,EUR,A,2016-09-07,0.889917,,A,F
"BIS,WS_XRU,1.0",D.XM.EUR.A,D,XM,EUR,A,2016-09-08,0.885269,,A,F
"BIS,WS_XRU,1.0",D.XM.EUR.A,D,XM,EUR,A,2016-09-09,0.887469,,A,F
"BIS,WS_XRU,1.0",D.XM.EUR.A,D,XM,EUR,A,2016-09-12,0.890789,,A,F
"BIS,WS_XRU,1.0",D.XM.EUR.A,D,XM,EUR,A,2016-09-13,0.889126,,A,F
"BIS,WS_XRU,1.0",D.XM.EUR.A,D,XM,EUR,A,2016-09-14,0.891424,,A,F
"BIS,WS_XRU,1.0",D.XM.EUR.A,D,XM,EUR,A,2016-09-15,0.888573,,A,F
"BIS,WS_XRU,1.0",D.XM.EUR.A,D,XM,EUR,A,2016-09-16,0.890789,,A,F
"BIS,WS_XRU,1.0",D.XM.EUR.A,D,XM,EUR,A,2016-09-19,0.895656,,A,F
"BIS,WS_XRU,1.0",D.XM.EUR.A,D,XM,EUR,A,2016-09-20,0.894134,,A,F
"BIS,WS_XRU,1.0",D.XM.EUR.A,D,XM,EUR,A,2016-09-21,0.896861,,A,F
"BIS,WS_XRU,1.0",D.XM.EUR.A,D,XM,EUR,A,2016-09-22,0.889838,,A,F
"BIS,WS_XRU,1.0",D.XM.EUR.A,D,XM,EUR,A,2016-09-23,0.891742,,A,F
"BIS,WS_XRU,1.0",D.XM.EUR.A,D,XM,EUR,A,2016-09-26,0.887942,,A,F
"BIS,WS_XRU,1.0",D.XM.EUR.A,D,XM,EUR,A,2016-09-27,0.891266,,A,F
"BIS,WS_XRU,1.0",D.XM.EUR.A,D,XM,EUR,A,2016-09-28,0.890869,,A,F
"BIS,WS_XRU,1.0",D.XM.EUR.A,D,XM,EUR,A,2016-09-29,0.891186,,A,F
"BIS,WS_XRU,1.0",D.XM.EUR.A,D,XM,EUR,A,2016-09-30,0.895977,,A,F
"BIS,WS_XRU,1.0",D.XM.EUR.A,D,XM,EUR,A,2016-10-03,0.889996,,A,F
"BIS,WS_XRU,1.0",D.XM.EUR.A,D,XM,EUR,A,2016-10-04,0.895977,,A,F
"BIS,WS_XRU,1.0",D.XM.EUR.A,D,XM,EUR,A,2016-10-05,0.891981,,A,F
"BIS,WS_XRU,1.0",D.XM.EUR.A,D,XM,EUR,A,2016-10-06,0.894055,,A,F
"BIS,WS_XRU,1.0",D.XM.EUR.A,D,XM,EUR,A,2016-10-07,0.897666,,A,F
"BIS,WS_XRU,1.0",D.XM.EUR.A,D,XM,EUR,A,2016-10-10,0.896057,,A,F
"BIS,WS_XRU,1.0",D.XM.EUR.A,D,XM,EUR,A,2016-10-11,0.902609,,A,F
"BIS,WS_XRU,1.0",D.XM.EUR.A,D,XM,EUR,A,2016-10-12,0.907441,,A,F
"BIS,WS_XRU,1.0",D.XM.EUR.A,D,XM,EUR,A,2016-10-13,0.905961,,A,F
"BIS,WS_XRU,1.0",D.XM.EUR.A,D,XM,EUR,A,2016-10-14,0.908926,,A,F
"BIS,WS_XRU,1.0",D.XM.EUR.A,D,XM,EUR,A,2016-10-17,0.909587,,A,F
"BIS,WS_XRU,1.0",D.XM.EUR.A,D,XM,EUR,A,2016-10-18,0.90967,,A,F
"BIS,WS_XRU,1.0",D.XM.EUR.A,D,XM,EUR,A,2016-10-19,0.91083,,A,F
"BIS,WS_XRU,1.0",D.XM.EUR.A,D,XM,EUR,A,2016-10-20,0.910747,,A,F
"BIS,WS_XRU,1.0",D.XM.EUR.A,D,XM,EUR,A,2016-10-21,0.918611,,A,F
"BIS,WS_XRU,1.0",D.XM.EUR.A,D,XM,EUR,A,2016-10-24,0.918189,,A,F
"BIS,WS_XRU,1.0",D.XM.EUR.A,D,XM,EUR,A,2016-10-25,0.919794,,A,F
"BIS,WS_XRU,1.0",D.XM.EUR.A,D,XM,EUR,A,2016-10-26,0.915332,,A,F
"BIS,WS_XRU,1.0",D.XM.EUR.A,D,XM,EUR,A,2016-10-27,0.915164,,A,F
"BIS,WS_XRU,1.0",D.XM.EUR.A,D,XM,EUR,A,2016-10-28,0.915583,,A,F
"BIS,WS_XRU,1.0",D.XM.EUR.A,D,XM,EUR,A,2016-10-31,0.913576,,A,F
"BIS,WS_XRU,1.0",D.XM.EUR.A,D,XM,EUR,A,2016-11-01,0.907029,,A,F
"BIS,WS_XRU,1.0",D.XM.EUR.A,D,XM,EUR,A,2016-11-02,0.901307,,A,F
"BIS,WS_XRU,1.0",D.XM.EUR.A,D,XM,EUR,A,2016-11-03,0.903832,,A,F
"BIS,WS_XRU,1.0",D.XM.EUR.A,D,XM,EUR,A,2016-11-04,0.901469,,A,F
"BIS,WS_XRU,1.0",D.XM.EUR.A,D,XM,EUR,A,2016-11-07,0.903996,,A,F
"BIS,WS_XRU,1.0",D.XM.EUR.A,D,XM,EUR,A,2016-11-08,0.905961,,A,F
"BIS,WS_XRU,1.0",D.XM.EUR.A,D,XM,EUR,A,2016-11-09,0.907276,,A,F
"BIS,WS_XRU,1.0",D.XM.EUR.A,D,XM,EUR,A,2016-11-10,0.917852,,A,F
"BIS,WS_XRU,1.0",D.XM.EUR.A,D,XM,EUR,A,2016-11-11,0.917095,,A,F
"BIS,WS_XRU,1.0",D.XM.EUR.A,D,XM,EUR,A,2016-11-14,0.927902,,A,F
"BIS,WS_XRU,1.0",D.XM.EUR.A,D,XM,EUR,A,2016-11-15,0.928936,,A,F
"BIS,WS_XRU,1.0",D.XM.EUR.A,D,XM,EUR,A,2016-11-16,0.934405,,A,F
"BIS,WS_XRU,1.0",D.XM.EUR.A,D,XM,EUR,A,2016-11-17,0.933097,,A,F
"BIS,WS_XRU,1.0",D.XM.EUR.A,D,XM,EUR,A,2016-11-18,0.940822,,A,F
"BIS,WS_XRU,1.0",D.XM.EUR.A,D,XM,EUR,A,2016-11-21,0.940645,,A,F
"BIS,WS_XRU,1.0",D.XM.EUR.A,D,XM,EUR,A,2016-11-22,0.941886,,A,F
"BIS,WS_XRU,1.0",D.XM.EUR.A,D,XM,EUR,A,2016-11-23,0.943218,,A,F
"BIS,WS_XRU,1.0",D.XM.EUR.A,D,XM,EUR,A,2016-11-24,0.948047,,A,F
"BIS,WS_XRU,1.0",D.XM.EUR.A,D,XM,EUR,A,2016-11-25,0.944109,,A,F
"BIS,WS_XRU,1.0",D.XM.EUR.A,D,XM,EUR,A,2016-11-28,0.944465,,A,F
"BIS,WS_XRU,1.0",D.XM.EUR.A,D,XM,EUR,A,2016-11-29,0.945537,,A,F
"BIS,WS_XRU,1.0",D.XM.EUR.A,D,XM,EUR,A,2016-11-30,0.940291,,A,F
"BIS,WS_XRU,1.0",D.XM.EUR.A,D,XM,EUR,A,2016-12-01,0.940999,,A,F
"BIS,WS_XRU,1.0",D.XM.EUR.A,D,XM,EUR,A,2016-12-02,0.939673,,A,F
"BIS,WS_XRU,1.0",D.XM.EUR.A,D,XM,EUR,A,2016-12-05,0.934405,,A,F
"BIS,WS_XRU,1.0",D.XM.EUR.A,D,XM,EUR,A,2016-12-06,0.931619,,A,F
"BIS,WS_XRU,1.0",D.XM.EUR.A,D,XM,EUR,A,2016-12-07,0.931966,,A,F
"BIS,WS_XRU,1.0",D.XM.EUR.A,D,XM,EUR,A,2016-12-08,0.929195,,A,F
"BIS,WS_XRU,1.0",D.XM.EUR.A,D,XM,EUR,A,2016-12-09,0.947059,,A,F
"BIS,WS_XRU,1.0",D.XM.EUR.A,D,XM,EUR,A,2016-12-12,0.943752,,A,F
"BIS,WS_XRU,1.0",D.XM.EUR.A,D,XM,EUR,A,2016-12-13,0.942507,,A,F
"BIS,WS_XRU,1.0",D.XM.EUR.A,D,XM,EUR,A,2016-12-14,0.939496,,A,F
"BIS,WS_XRU,1.0",D.XM.EUR.A,D,XM,EUR,A,2016-12-15,0.959785,,A,F
"BIS,WS_XRU,1.0",D.XM.EUR.A,D,XM,EUR,A,2016-12-16,0.957946,,A,F
"BIS,WS_XRU,1.0",D.XM.EUR.A,D,XM,EUR,A,2016-12-19,0.959509,,A,F
"BIS,WS_XRU,1.0",D.XM.EUR.A,D,XM,EUR,A,2016-12-20,0.964878,,A,F
"BIS,WS_XRU,1.0",D.XM.EUR.A,D,XM,EUR,A,2016-12-21,0.959601,,A,F
"BIS,WS_XRU,1.0",D.XM.EUR.A,D,XM,EUR,A,2016-12-22,0.957488,,A,F
"BIS,WS_XRU,1.0",D.XM.EUR.A,D,XM,EUR,A,2016-12-23,0.957304,,A,F
"BIS,WS_XRU,1.0",D.XM.EUR.A,D,XM,EUR,A,2016-12-27,0.957396,,A,F
"BIS,WS_XRU,1.0",D.XM.EUR.A,D,XM,EUR,A,2016-12-28,0.961446,,A,F
"BIS,WS_XRU,1.0",D.XM.EUR.A,D,XM,EUR,A,2016-12-29,0.956663,,A,F
"BIS,WS_XRU,1.0",D.XM.EUR.A,D,XM,EUR,A,2016-12-30,0.948677,,A,F
"BIS,WS_XRU,1.0",D.XM.EUR.A,D,XM,EUR,A,2017-01-02,0.955566,,A,F
"BIS,WS_XRU,1.0",D.XM.EUR.A,D,XM,EUR,A,2017-01-03,0.962927,,A,F
"BIS,WS_XRU,1.0",D.XM.EUR.A,D,XM,EUR,A,2017-01-04,0.95813,,A,F
"BIS,WS_XRU,1.0",D.XM.EUR.A,D,XM,EUR,A,2017-01-05,0.95229,,A,F
"BIS,WS_XRU,1.0",D.XM.EUR.A,D,XM,EUR,A,2017-01-06,0.944376,,A,F
"BIS,WS_XRU,1.0",D.XM.EUR.A,D,XM,EUR,A,2017-01-09,0.950932,,A,F
"BIS,WS_XRU,1.0",D.XM.EUR.A,D,XM,EUR,A,2017-01-10,0.946342,,A,F
"BIS,WS_XRU,1.0",D.XM.EUR.A,D,XM,EUR,A,2017-01-11,0.952109,,A,F
"BIS,WS_XRU,1.0",D.XM.EUR.A,D,XM,EUR,A,2017-01-12,0.936417,,A,F
"BIS,WS_XRU,1.0",D.XM.EUR.A,D,XM,EUR,A,2017-01-13,0.937998,,A,F
"BIS,WS_XRU,1.0",D.XM.EUR.A,D,XM,EUR,A,2017-01-16,0.943931,,A,F
"BIS,WS_XRU,1.0",D.XM.EUR.A,D,XM,EUR,A,2017-01-17,0.935979,,A,F
"BIS,WS_XRU,1.0",D.XM.EUR.A,D,XM,EUR,A,2017-01-18,0.937734,,A,F
"BIS,WS_XRU,1.0",D.XM.EUR.A,D,XM,EUR,A,2017-01-19,0.937383,,A,F
"BIS,WS_XRU,1.0",D.XM.EUR.A,D,XM,EUR,A,2017-01-20,0.940557,,A,F
"BIS,WS_XRU,1.0",D.XM.EUR.A,D,XM,EUR,A,2017-01-23,0.933271,,A,F
"BIS,WS_XRU,1.0",D.XM.EUR.A,D,XM,EUR,A,2017-01-24,0.930406,,A,F
"BIS,WS_XRU,1.0",D.XM.EUR.A,D,XM,EUR,A,2017-01-25,0.930839,,A,F
"BIS,WS_XRU,1.0",D.XM.EUR.A,D,XM,EUR,A,2017-01-26,0.934579,,A,F
"BIS,WS_XRU,1.0",D.XM.EUR.A,D,XM,EUR,A,2017-01-27,0.936242,,A,F
"BIS,WS_XRU,1.0",D.XM.EUR.A,D,XM,EUR,A,2017-01-30,0.940734,,A,F
"BIS,WS_XRU,1.0",D.XM.EUR.A,D,XM,EUR,A,2017-01-31,0.9298,,A,F
"BIS,WS_XRU,1.0",D.XM.EUR.A,D,XM,EUR,A,2017-02-01,0.926784,,A,F
"BIS,WS_XRU,1.0",D.XM.EUR.A,D,XM,EUR,A,2017-02-02,0.925241,,A,F
"BIS,WS_XRU,1.0",D.XM.EUR.A,D,XM,EUR,A,2017-02-03,0.931012,,A,F
"BIS,WS_XRU,1.0",D.XM.EUR.A,D,XM,EUR,A,2017-02-06,0.933532,,A,F
"BIS,WS_XRU,1.0",D.XM.EUR.A,D,XM,EUR,A,2017-02-07,0.936768,,A,F
"BIS,WS_XRU,1.0",D.XM.EUR.A,D,XM,EUR,A,2017-02-08,0.937647,,A,F
"BIS,WS_XRU,1.0",D.XM.EUR.A,D,XM,EUR,A,2017-02-09,0.935279,,A,F
"BIS,WS_XRU,1.0",D.XM.EUR.A,D,XM,EUR,A,2017-02-10,0.940822,,A,F
"BIS,WS_XRU,1.0",D.XM.EUR.A,D,XM,EUR,A,2017-02-13,0.940822,,A,F
"BIS,WS_XRU,1.0",D.XM.EUR.A,D,XM,EUR,A,2017-02-14,0.941354,,A,F
"BIS,WS_XRU,1.0",D.XM.EUR.A,D,XM,EUR,A,2017-02-15,0.947418,,A,F
"BIS,WS_XRU,1.0",D.XM.EUR.A,D,XM,EUR,A,2017-02-16,0.938791,,A,F
"BIS,WS_XRU,1.0",D.XM.EUR.A,D,XM,EUR,A,2017-02-17,0.938967,,A,F
"BIS,WS_XRU,1.0",D.XM.EUR.A,D,XM,EUR,A,2017-02-20,0.941974,,A,F
"BIS,WS_XRU,1.0",D.XM.EUR.A,D,XM,EUR,A,2017-02-21,0.949037,,A,F
"BIS,WS_XRU,1.0",D.XM.EUR.A,D,XM,EUR,A,2017-02-22,0.951203,,A,F
"BIS,WS_XRU,1.0",D.XM.EUR.A,D,XM,EUR,A,2017-02-23,0.945805,,A,F
"BIS,WS_XRU,1.0",D.XM.EUR.A,D,XM,EUR,A,2017-02-24,0.942596,,A,F
"BIS,WS_XRU,1.0",D.XM.EUR.A,D,XM,EUR,A,2017-02-27,0.944555,,A,F
"BIS,WS_XRU,1.0",D.XM.EUR.A,D,XM,EUR,A,2017-02-28,0.943663,,A,F
"BIS,WS_XRU,1.0",D.XM.EUR.A,D,XM,EUR,A,2017-03-01,0.949397,,A,F
"BIS,WS_XRU,1.0",D.XM.EUR.A,D,XM,EUR,A,2017-03-02,0.951113,,A,F
"BIS,WS_XRU,1.0",D.XM.EUR.A,D,XM,EUR,A,2017-03-03,0.946522,,A,F
"BIS,WS_XRU,1.0",D.XM.EUR.A,D,XM,EUR,A,2017-03-06,0.944109,,A,F
"BIS,WS_XRU,1.0",D.XM.EUR.A,D,XM,EUR,A,2017-03-07,0.945537,,A,F
"BIS,WS_XRU,1.0",D.XM.EUR.A,D,XM,EUR,A,2017-03-08,0.947329,,A,F
"BIS,WS_XRU,1.0",D.XM.EUR.A,D,XM,EUR,A,2017-03-09,0.947777,,A,F
"BIS,WS_XRU,1.0",D.XM.EUR.A,D,XM,EUR,A,2017-03-10,0.942863,,A,F
"BIS,WS_XRU,1.0",D.XM.EUR.A,D,XM,EUR,A,2017-03-13,0.937822,,A,F
"BIS,WS_XRU,1.0",D.XM.EUR.A,D,XM,EUR,A,2017-03-14,0.940645,,A,F
"BIS,WS_XRU,1.0",D.XM.EUR.A,D,XM,EUR,A,2017-03-15,0.941442,,A,F
"BIS,WS_XRU,1.0",D.XM.EUR.A,D,XM,EUR,A,2017-03-16,0.932314,,A,F
"BIS,WS_XRU,1.0",D.XM.EUR.A,D,XM,EUR,A,2017-03-17,0.931359,,A,F
"BIS,WS_XRU,1.0",D.XM.EUR.A,D,XM,EUR,A,2017-03-20,0.93006,,A,F
"BIS,WS_XRU,1.0",D.XM.EUR.A,D,XM,EUR,A,2017-03-21,0.925754,,A,F
"BIS,WS_XRU,1.0",D.XM.EUR.A,D,XM,EUR,A,2017-03-22,0.925326,,A,F
"BIS,WS_XRU,1.0",D.XM.EUR.A,D,XM,EUR,A,2017-03-23,0.927128,,A,F
"BIS,WS_XRU,1.0",D.XM.EUR.A,D,XM,EUR,A,2017-03-24,0.925497,,A,F
"BIS,WS_XRU,1.0",D.XM.EUR.A,D,XM,EUR,A,2017-03-27,0.918358,,A,F
"BIS,WS_XRU,1.0",D.XM.EUR.A,D,XM,EUR,A,2017-03-28,0.920895,,A,F
"BIS,WS_XRU,1.0",D.XM.EUR.A,D,XM,EUR,A,2017-03-29,0.930406,,A,F
"BIS,WS_XRU,1.0",D.XM.EUR.A,D,XM,EUR,A,2017-03-30,0.931359,,A,F
"BIS,WS_XRU,1.0",D.XM.EUR.A,D,XM,EUR,A,2017-03-31,0.935366,,A,F
"BIS,WS_XRU,1.0",D.XM.EUR.A,D,XM,EUR,A,2017-04-03,0.937998,,A,F
"BIS,WS_XRU,1.0",D.XM.EUR.A,D,XM,EUR,A,2017-04-04,0.938879,,A,F
"BIS,WS_XRU,1.0",D.XM.EUR.A,D,XM,EUR,A,2017-04-05,0.936505,,A,F
"BIS,WS_XRU,1.0",D.XM.EUR.A,D,XM,EUR,A,2017-04-06,0.937559,,A,F
"BIS,WS_XRU,1.0",D.XM.EUR.A,D,XM,EUR,A,2017-04-07,0.940734,,A,F
"BIS,WS_XRU,1.0",D.XM.EUR.A,D,XM,EUR,A,2017-04-10,0.945358,,A,F
"BIS,WS_XRU,1.0",D.XM.EUR.A,D,XM,EUR,A,2017-04-11,0.941974,,A,F
"BIS,WS_XRU,1.0",D.XM.EUR.A,D,XM,EUR,A,2017-04-12,0.942951,,A,F
"BIS,WS_XRU,1.0",D.XM.EUR.A,D,XM,EUR,A,2017-04-13,0.940734,,A,F
"BIS,WS_XRU,1.0",D.XM.EUR.A,D,XM,EUR,A,2017-04-18,0.936154,,A,F
"BIS,WS_XRU,1.0",D.XM.EUR.A,D,XM,EUR,A,2017-04-19,0.932401,,A,F
"BIS,WS_XRU,1.0",D.XM.EUR.A,D,XM,EUR,A,2017-04-20,0.930665,,A,F
"BIS,WS_XRU,1.0",D.XM.EUR.A,D,XM,EUR,A,2017-04-21,0.934754,,A,F
"BIS,WS_XRU,1.0",D.XM.EUR.A,D,XM,EUR,A,2017-04-24,0.921829,,A,F
"BIS,WS_XRU,1.0",D.XM.EUR.A,D,XM,EUR,A,2017-04-25,0.918189,,A,F
"BIS,WS_XRU,1.0",D.XM.EUR.A,D,XM,EUR,A,2017-04-26,0.918021,,A,F
"BIS,WS_XRU,1.0",D.XM.EUR.A,D,XM,EUR,A,2017-04-27,0.919033,,A,F
"BIS,WS_XRU,1.0",D.XM.EUR.A,D,XM,EUR,A,2017-04-28,0.914913,,A,F
"BIS,WS_XRU,1.0",D.XM.EUR.A,D,XM,EUR,A,2017-05-02,0.91617,,A,F
"BIS,WS_XRU,1.0",D.XM.EUR.A,D,XM,EUR,A,2017-05-03,0.915835,,A,F
"BIS,WS_XRU,1.0",D.XM.EUR.A,D,XM,EUR,A,2017-05-04,0.915164,,A,F
"BIS,WS_XRU,1.0",D.XM.EUR.A,D,XM,EUR,A,2017-05-05,0.912326,,A,F
"BIS,WS_XRU,1.0",D.XM.EUR.A,D,XM,EUR,A,2017-05-08,0.914244,,A,F
"BIS,WS_XRU,1.0",D.XM.EUR.A,D,XM,EUR,A,2017-05-09,0.918442,,A,F
"BIS,WS_XRU,1.0",D.XM.EUR.A,D,XM,EUR,A,2017-05-10,0.918949,,A,F
"BIS,WS_XRU,1.0",D.XM.EUR.A,D,XM,EUR,A,2017-05-11,0.92081,,A,F
"BIS,WS_XRU,1.0",D.XM.EUR.A,D,XM,EUR,A,2017-05-12,0.919456,,A,F
"BIS,WS_XRU,1.0",D.XM.EUR.A,D,XM,EUR,A,2017-05-15,0.911411,,A,F
"BIS,WS_XRU,1.0",D.XM.EUR.A,D,XM,EUR,A,2017-05-16,0.904241,,A,F
"BIS,WS_XRU,1.0",D.XM.EUR.A,D,XM,EUR,A,2017-05-17,0.899523,,A,F
"BIS,WS_XRU,1.0",D.XM.EUR.A,D,XM,EUR,A,2017-05-18,0.898553,,A,F
"BIS,WS_XRU,1.0",D.XM.EUR.A,D,XM,EUR,A,2017-05-19,0.894534,,A,F
"BIS,WS_XRU,1.0",D.XM.EUR.A,D,XM,EUR,A,2017-05-22,0.889442,,A,F
"BIS,WS_XRU,1.0",D.XM.EUR.A,D,XM,EUR,A,2017-05-23,0.891663,,A,F
"BIS,WS_XRU,1.0",D.XM.EUR.A,D,XM,EUR,A,2017-05-24,0.893416,,A,F
"BIS,WS_XRU,1.0",D.XM.EUR.A,D,XM,EUR,A,2017-05-25,0.891742,,A,F
"BIS,WS_XRU,1.0",D.XM.EUR.A,D,XM,EUR,A,2017-05-26,0.893176,,A,F
"BIS,WS_XRU,1.0",D.XM.EUR.A,D,XM,EUR,A,2017-05-29,0.893815,,A,F
"BIS,WS_XRU,1.0",D.XM.EUR.A,D,XM,EUR,A,2017-05-30,0.895015,,A,F
"BIS,WS_XRU,1.0",D.XM.EUR.A,D,XM,EUR,A,2017-05-31,0.891186,,A,F
"BIS,WS_XRU,1.0",D.XM.EUR.A,D,XM,EUR,A,2017-06-01,0.891345,,A,F
"BIS,WS_XRU,1.0",D.XM.EUR.A,D,XM,EUR,A,2017-06-02,0.891504,,A,F
"BIS,WS_XRU,1.0",D.XM.EUR.A,D,XM,EUR,A,2017-06-05,0.888968,,A,F
"BIS,WS_XRU,1.0",D.XM.EUR.A,D,XM,EUR,A,2017-06-06,0.888257,,A,F
"BIS,WS_XRU,1.0",D.XM.EUR.A,D,XM,EUR,A,2017-06-07,0.891504,,A,F
"BIS,WS_XRU,1.0",D.XM.EUR.A,D,XM,EUR,A,2017-06-08,0.890551,,A,F
"BIS,WS_XRU,1.0",D.XM.EUR.A,D,XM,EUR,A,2017-06-09,0.894775,,A,F
"BIS,WS_XRU,1.0",D.XM.EUR.A,D,XM,EUR,A,2017-06-12,0.891186,,A,F
"BIS,WS_XRU,1.0",D.XM.EUR.A,D,XM,EUR,A,2017-06-13,0.891504,,A,F
"BIS,WS_XRU,1.0",D.XM.EUR.A,D,XM,EUR,A,2017-06-14,0.892618,,A,F
"BIS,WS_XRU,1.0",D.XM.EUR.A,D,XM,EUR,A,2017-06-15,0.895576,,A,F
"BIS,WS_XRU,1.0",D.XM.EUR.A,D,XM,EUR,A,2017-06-16,0.895496,,A,F
"BIS,WS_XRU,1.0",D.XM.EUR.A,D,XM,EUR,A,2017-06-19,0.892937,,A,F
"BIS,WS_XRU,1.0",D.XM.EUR.A,D,XM,EUR,A,2017-06-20,0.896379,,A,F
"BIS,WS_XRU,1.0",D.XM.EUR.A,D,XM,EUR,A,2017-06-21,0.897102,,A,F
"BIS,WS_XRU,1.0",D.XM.EUR.A,D,XM,EUR,A,2017-06-22,0.895335,,A,F
"BIS,WS_XRU,1.0",D.XM.EUR.A,D,XM,EUR,A,2017-06-23,0.895015,,A,F
"BIS,WS_XRU,1.0",D.XM.EUR.A,D,XM,EUR,A,2017-06-26,0.893895,,A,F
"BIS,WS_XRU,1.0",D.XM.EUR.A,D,XM,EUR,A,2017-06-27,0.886682,,A,F
"BIS,WS_XRU,1.0",D.XM.EUR.A,D,XM,EUR,A,2017-06-28,0.879121,,A,F
"BIS,WS_XRU,1.0",D.XM.EUR.A,D,XM,EUR,A,2017-06-29,0.876194,,A,F
"BIS,WS_XRU,1.0",D.XM.EUR.A,D,XM,EUR,A,2017-06-30,0.876271,,A,F
"BIS,WS_XRU,1.0",D.XM.EUR.A,D,XM,EUR,A,2017-07-03,0.879585,,A,F
"BIS,WS_XRU,1.0",D.XM.EUR.A,D,XM,EUR,A,2017-07-04,0.880824,,A,F
"BIS,WS_XRU,1.0",D.XM.EUR.A,D,XM,EUR,A,2017-07-05,0.88269,,A,F
"BIS,WS_XRU,1.0",D.XM.EUR.A,D,XM,EUR,A,2017-07-06,0.878349,,A,F
"BIS,WS_XRU,1.0",D.XM.EUR.A,D,XM,EUR,A,2017-07-07,0.876271,,A,F
"BIS,WS_XRU,1.0",D.XM.EUR.A,D,XM,EUR,A,2017-07-10,0.878194,,A,F
"BIS,WS_XRU,1.0",D.XM.EUR.A,D,XM,EUR,A,2017-07-11,0.876808,,A,F
"BIS,WS_XRU,1.0",D.XM.EUR.A,D,XM,EUR,A,2017-07-12,0.873439,,A,F
"BIS,WS_XRU,1.0",D.XM.EUR.A,D,XM,EUR,A,2017-07-13,0.875887,,A,F
"BIS,WS_XRU,1.0",D.XM.EUR.A,D,XM,EUR,A,2017-07-14,0.87604,,A,F
"BIS,WS_XRU,1.0",D.XM.EUR.A,D,XM,EUR,A,2017-07-17,0.872448,,A,F
"BIS,WS_XRU,1.0",D.XM.EUR.A,D,XM,EUR,A,2017-07-18,0.865426,,A,F
"BIS,WS_XRU,1.0",D.XM.EUR.A,D,XM,EUR,A,2017-07-19,0.867077,,A,F
"BIS,WS_XRU,1.0",D.XM.EUR.A,D,XM,EUR,A,2017-07-20,0.870701,,A,F
"BIS,WS_XRU,1.0",D.XM.EUR.A,D,XM,EUR,A,2017-07-21,0.858959,,A,F
"BIS,WS_XRU,1.0",D.XM.EUR.A,D,XM,EUR,A,2017-07-24,0.858516,,A,F
"BIS,WS_XRU,1.0",D.XM.EUR.A,D,XM,EUR,A,2017-07-25,0.855139,,A,F
"BIS,WS_XRU,1.0",D.XM.EUR.A,D,XM,EUR,A,2017-07-26,0.858811,,A,F
"BIS,WS_XRU,1.0",D.XM.EUR.A,D,XM,EUR,A,2017-07-27,0.855139,,A,F
"BIS,WS_XRU,1.0",D.XM.EUR.A,D,XM,EUR,A,2017-07-28,0.852588,,A,F
"BIS,WS_XRU,1.0",D.XM.EUR.A,D,XM,EUR,A,2017-07-31,0.852733,,A,F
"BIS,WS_XRU,1.0",D.XM.EUR.A,D,XM,EUR,A,2017-08-01,0.846597,,A,F
"BIS,WS_XRU,1.0",D.XM.EUR.A,D,XM,EUR,A,2017-08-02,0.84538,,A,F
"BIS,WS_XRU,1.0",D.XM.EUR.A,D,XM,EUR,A,2017-08-03,0.84317,,A,F
"BIS,WS_XRU,1.0",D.XM.EUR.A,D,XM,EUR,A,2017-08-04,0.842602,,A,F
"BIS,WS_XRU,1.0",D.XM.EUR.A,D,XM,EUR,A,2017-08-07,0.847673,,A,F
"BIS,WS_XRU,1.0",D.XM.EUR.A,D,XM,EUR,A,2017-08-08,0.846453,,A,F
"BIS,WS_XRU,1.0",D.XM.EUR.A,D,XM,EUR,A,2017-08-09,0.852442,,A,F
"BIS,WS_XRU,1.0",D.XM.EUR.A,D,XM,EUR,A,2017-08-10,0.85237,,A,F
"BIS,WS_XRU,1.0",D.XM.EUR.A,D,XM,EUR,A,2017-08-11,0.849979,,A,F
"BIS,WS_XRU,1.0",D.XM.EUR.A,D,XM,EUR,A,2017-08-14,0.847673,,A,F
"BIS,WS_XRU,1.0",D.XM.EUR.A,D,XM,EUR,A,2017-08-15,0.851499,,A,F
"BIS,WS_XRU,1.0",D.XM.EUR.A,D,XM,EUR,A,2017-08-16,0.853971,,A,F
"BIS,WS_XRU,1.0",D.XM.EUR.A,D,XM,EUR,A,2017-08-17,0.85492,,A,F
"BIS,WS_XRU,1.0",D.XM.EUR.A,D,XM,EUR,A,2017-08-18,0.851789,,A,F
"BIS,WS_XRU,1.0",D.XM.EUR.A,D,XM,EUR,A,2017-08-21,0.850268,,A,F
"BIS,WS_XRU,1.0",D.XM.EUR.A,D,XM,EUR,A,2017-08-22,0.849545,,A,F
"BIS,WS_XRU,1.0",D.XM.EUR.A,D,XM,EUR,A,2017-08-23,0.847529,,A,F
"BIS,WS_XRU,1.0",D.XM.EUR.A,D,XM,EUR,A,2017-08-24,0.847027,,A,F
"BIS,WS_XRU,1.0",D.XM.EUR.A,D,XM,EUR,A,2017-08-25,0.846883,,A,F
"BIS,WS_XRU,1.0",D.XM.EUR.A,D,XM,EUR,A,2017-08-28,0.838574,,A,F
"BIS,WS_XRU,1.0",D.XM.EUR.A,D,XM,EUR,A,2017-08-29,0.830013,,A,F
"BIS,WS_XRU,1.0",D.XM.EUR.A,D,XM,EUR,A,2017-08-30,0.839208,,A,F
"BIS,WS_XRU,1.0",D.XM.EUR.A,D,XM,EUR,A,2017-08-31,0.845666,,A,F
"BIS,WS_XRU,1.0",D.XM.EUR.A,D,XM,EUR,A,2017-09-01,0.838926,,A,F
"BIS,WS_XRU,1.0",D.XM.EUR.A,D,XM,EUR,A,2017-09-04,0.839983,,A,F
"BIS,WS_XRU,1.0",D.XM.EUR.A,D,XM,EUR,A,2017-09-05,0.841043,,A,F
"BIS,WS_XRU,1.0",D.XM.EUR.A,D,XM,EUR,A,2017-09-06,0.838153,,A,F
"BIS,WS_XRU,1.0",D.XM.EUR.A,D,XM,EUR,A,2017-09-07,0.835352,,A,F
"BIS,WS_XRU,1.0",D.XM.EUR.A,D,XM,EUR,A,2017-09-08,0.829187,,A,F
"BIS,WS_XRU,1.0",D.XM.EUR.A,D,XM,EUR,A,2017-09-11,0.833542,,A,F
"BIS,WS_XRU,1.0",D.XM.EUR.A,D,XM,EUR,A,2017-09-12,0.838012,,A,F
"BIS,WS_XRU,1.0",D.XM.EUR.A,D,XM,EUR,A,2017-09-13,0.834794,,A,F
"BIS,WS_XRU,1.0",D.XM.EUR.A,D,XM,EUR,A,2017-09-14,0.841397,,A,F
"BIS,WS_XRU,1.0",D.XM.EUR.A,D,XM,EUR,A,2017-09-15,0.835911,,A,F
"BIS,WS_XRU,1.0",D.XM.EUR.A,D,XM,EUR,A,2017-09-18,0.83696,,A,F
"BIS,WS_XRU,1.0",D.XM.EUR.A,D,XM,EUR,A,2017-09-19,0.835282,,A,F
"BIS,WS_XRU,1.0",D.XM.EUR.A,D,XM,EUR,A,2017-09-20,0.832848,,A,F
"BIS,WS_XRU,1.0",D.XM.EUR.A,D,XM,EUR,A,2017-09-21,0.839983,,A,F
"BIS,WS_XRU,1.0",D.XM.EUR.A,D,XM,EUR,A,2017-09-22,0.83605,,A,F
"BIS,WS_XRU,1.0",D.XM.EUR.A,D,XM,EUR,A,2017-09-25,0.842673,,A,F
"BIS,WS_XRU,1.0",D.XM.EUR.A,D,XM,EUR,A,2017-09-26,0.848392,,A,F
"BIS,WS_XRU,1.0",D.XM.EUR.A,D,XM,EUR,A,2017-09-27,0.851716,,A,F
"BIS,WS_XRU,1.0",D.XM.EUR.A,D,XM,EUR,A,2017-09-28,0.849041,,A,F
"BIS,WS_XRU,1.0",D.XM.EUR.A,D,XM,EUR,A,2017-09-29,0.847027,,A,F
"BIS,WS_XRU,1.0",D.XM.EUR.A,D,XM,EUR,A,2017-10-02,0.851499,,A,F
"BIS,WS_XRU,1.0",D.XM.EUR.A,D,XM,EUR,A,2017-10-03,0.850847,,A,F
"BIS,WS_XRU,1.0",D.XM.EUR.A,D,XM,EUR,A,2017-10-04,0.848392,,A,F
"BIS,WS_XRU,1.0",D.XM.EUR.A,D,XM,EUR,A,2017-10-05,0.851644,,A,F
"BIS,WS_XRU,1.0",D.XM.EUR.A,D,XM,EUR,A,2017-10-06,0.85419,,A,F
"BIS,WS_XRU,1.0",D.XM.EUR.A,D,XM,EUR,A,2017-10-09,0.851354,,A,F
"BIS,WS_XRU,1.0",D.XM.EUR.A,D,XM,EUR,A,2017-10-10,0.847673,,A,F
"BIS,WS_XRU,1.0",D.XM.EUR.A,D,XM,EUR,A,2017-10-11,0.845309,,A,F
"BIS,WS_XRU,1.0",D.XM.EUR.A,D,XM,EUR,A,2017-10-12,0.843455,,A,F
"BIS,WS_XRU,1.0",D.XM.EUR.A,D,XM,EUR,A,2017-10-13,0.84674,,A,F
"BIS,WS_XRU,1.0",D.XM.EUR.A,D,XM,EUR,A,2017-10-16,0.847242,,A,F
"BIS,WS_XRU,1.0",D.XM.EUR.A,D,XM,EUR,A,2017-10-17,0.850412,,A,F
"BIS,WS_XRU,1.0",D.XM.EUR.A,D,XM,EUR,A,2017-10-18,0.851136,,A,F
"BIS,WS_XRU,1.0",D.XM.EUR.A,D,XM,EUR,A,2017-10-19,0.845023,,A,F
"BIS,WS_XRU,1.0",D.XM.EUR.A,D,XM,EUR,A,2017-10-20,0.846167,,A,F
"BIS,WS_XRU,1.0",D.XM.EUR.A,D,XM,EUR,A,2017-10-23,0.851789,,A,F
"BIS,WS_XRU,1.0",D.XM.EUR.A,D,XM,EUR,A,2017-10-24,0.850268,,A,F
"BIS,WS_XRU,1.0",D.XM.EUR.A,D,XM,EUR,A,2017-10-25,0.848536,,A,F
"BIS,WS_XRU,1.0",D.XM.EUR.A,D,XM,EUR,A,2017-10-26,0.850847,,A,F
"BIS,WS_XRU,1.0",D.XM.EUR.A,D,XM,EUR,A,2017-10-27,0.861698,,A,F
"BIS,WS_XRU,1.0",D.XM.EUR.A,D,XM,EUR,A,2017-10-30,0.861178,,A,F
"BIS,WS_XRU,1.0",D.XM.EUR.A,D,XM,EUR,A,2017-10-31,0.859254,,A,F
"BIS,WS_XRU,1.0",D.XM.EUR.A,D,XM,EUR,A,2017-11-01,0.861178,,A,F
"BIS,WS_XRU,1.0",D.XM.EUR.A,D,XM,EUR,A,2017-11-02,0.858738,,A,F
"BIS,WS_XRU,1.0",D.XM.EUR.A,D,XM,EUR,A,2017-11-03,0.857854,,A,F
"BIS,WS_XRU,1.0",D.XM.EUR.A,D,XM,EUR,A,2017-11-06,0.862813,,A,F
"BIS,WS_XRU,1.0",D.XM.EUR.A,D,XM,EUR,A,2017-11-07,0.864902,,A,F
"BIS,WS_XRU,1.0",D.XM.EUR.A,D,XM,EUR,A,2017-11-08,0.862813,,A,F
"BIS,WS_XRU,1.0",D.XM.EUR.A,D,XM,EUR,A,2017-11-09,0.859845,,A,F
"BIS,WS_XRU,1.0",D.XM.EUR.A,D,XM,EUR,A,2017-11-10,0.858074,,A,F
"BIS,WS_XRU,1.0",D.XM.EUR.A,D,XM,EUR,A,2017-11-13,0.857927,,A,F
"BIS,WS_XRU,1.0",D.XM.EUR.A,D,XM,EUR,A,2017-11-14,0.851426,,A,F
"BIS,WS_XRU,1.0",D.XM.EUR.A,D,XM,EUR,A,2017-11-15,0.844595,,A,F
"BIS,WS_XRU,1.0",D.XM.EUR.A,D,XM,EUR,A,2017-11-16,0.849545,,A,F
"BIS,WS_XRU,1.0",D.XM.EUR.A,D,XM,EUR,A,2017-11-17,0.847817,,A,F
"BIS,WS_XRU,1.0",D.XM.EUR.A,D,XM,EUR,A,2017-11-20,0.848824,,A,F
"BIS,WS_XRU,1.0",D.XM.EUR.A,D,XM,EUR,A,2017-11-21,0.853388,,A,F
"BIS,WS_XRU,1.0",D.XM.EUR.A,D,XM,EUR,A,2017-11-22,0.851136,,A,F
"BIS,WS_XRU,1.0",D.XM.EUR.A,D,XM,EUR,A,2017-11-23,0.844024,,A,F
"BIS,WS_XRU,1.0",D.XM.EUR.A,D,XM,EUR,A,2017-11-24,0.841963,,A,F
"BIS,WS_XRU,1.0",D.XM.EUR.A,D,XM,EUR,A,2017-11-27,0.83668,,A,F
"BIS,WS_XRU,1.0",D.XM.EUR.A,D,XM,EUR,A,2017-11-28,0.841184,,A,F
"BIS,WS_XRU,1.0",D.XM.EUR.A,D,XM,EUR,A,2017-11-29,0.845523,,A,F
"BIS,WS_XRU,1.0",D.XM.EUR.A,D,XM,EUR,A,2017-11-30,0.843953,,A,F
"BIS,WS_XRU,1.0",D.XM.EUR.A,D,XM,EUR,A,2017-12-01,0.841397,,A,F
"BIS,WS_XRU,1.0",D.XM.EUR.A,D,XM,EUR,A,2017-12-04,0.842815,,A,F
"BIS,WS_XRU,1.0",D.XM.EUR.A,D,XM,EUR,A,2017-12-05,0.844096,,A,F
"BIS,WS_XRU,1.0",D.XM.EUR.A,D,XM,EUR,A,2017-12-06,0.846238,,A,F
"BIS,WS_XRU,1.0",D.XM.EUR.A,D,XM,EUR,A,2017-12-07,0.848464,,A,F
"BIS,WS_XRU,1.0",D.XM.EUR.A,D,XM,EUR,A,2017-12-08,0.851644,,A,F
"BIS,WS_XRU,1.0",D.XM.EUR.A,D,XM,EUR,A,2017-12-11,0.847745,,A,F
"BIS,WS_XRU,1.0",D.XM.EUR.A,D,XM,EUR,A,2017-12-12,0.849907,,A,F
"BIS,WS_XRU,1.0",D.XM.EUR.A,D,XM,EUR,A,2017-12-13,0.852079,,A,F
"BIS,WS_XRU,1.0",D.XM.EUR.A,D,XM,EUR,A,2017-12-14,0.844238,,A,F
"BIS,WS_XRU,1.0",D.XM.EUR.A,D,XM,EUR,A,2017-12-15,0.847027,,A,F
"BIS,WS_XRU,1.0",D.XM.EUR.A,D,XM,EUR,A,2017-12-18,0.847817,,A,F
"BIS,WS_XRU,1.0",D.XM.EUR.A,D,XM,EUR,A,2017-12-19,0.845809,,A,F
"BIS,WS_XRU,1.0",D.XM.EUR.A,D,XM,EUR,A,2017-12-20,0.844238,,A,F
"BIS,WS_XRU,1.0",D.XM.EUR.A,D,XM,EUR,A,2017-12-21,0.843241,,A,F
"BIS,WS_XRU,1.0",D.XM.EUR.A,D,XM,EUR,A,2017-12-22,0.843668,,A,F
"BIS,WS_XRU,1.0",D.XM.EUR.A,D,XM,EUR,A,2017-12-27,0.840689,,A,F
"BIS,WS_XRU,1.0",D.XM.EUR.A,D,XM,EUR,A,2017-12-28,0.837942,,A,F
"BIS,WS_XRU,1.0",D.XM.EUR.A,D,XM,EUR,A,2017-12-29,0.83382,,A,F
"BIS,WS_XRU,1.0",D.XM.EUR.A,D,XM,EUR,A,2018-01-02,0.828844,,A,F
"BIS,WS_XRU,1.0",D.XM.EUR.A,D,XM,EUR,A,2018-01-03,0.831739,,A,F
"BIS,WS_XRU,1.0",D.XM.EUR.A,D,XM,EUR,A,2018-01-04,0.828844,,A,F
"BIS,WS_XRU,1.0",D.XM.EUR.A,D,XM,EUR,A,2018-01-05,0.83022,,A,F
"BIS,WS_XRU,1.0",D.XM.EUR.A,D,XM,EUR,A,2018-01-08,0.835213,,A,F
"BIS,WS_XRU,1.0",D.XM.EUR.A,D,XM,EUR,A,2018-01-09,0.838082,,A,F
"BIS,WS_XRU,1.0",D.XM.EUR.A,D,XM,EUR,A,2018-01-10,0.833889,,A,F
"BIS,WS_XRU,1.0",D.XM.EUR.A,D,XM,EUR,A,2018-01-11,0.832154,,A,F
"BIS,WS_XRU,1.0",D.XM.EUR.A,D,XM,EUR,A,2018-01-12,0.823927,,A,F
"BIS,WS_XRU,1.0",D.XM.EUR.A,D,XM,EUR,A,2018-01-15,0.814531,,A,F
"BIS,WS_XRU,1.0",D.XM.EUR.A,D,XM,EUR,A,2018-01-16,0.817661,,A,F
"BIS,WS_XRU,1.0",D.XM.EUR.A,D,XM,EUR,A,2018-01-17,0.819471,,A,F
"BIS,WS_XRU,1.0",D.XM.EUR.A,D,XM,EUR,A,2018-01-18,0.817327,,A,F
"BIS,WS_XRU,1.0",D.XM.EUR.A,D,XM,EUR,A,2018-01-19,0.815993,,A,F
"BIS,WS_XRU,1.0",D.XM.EUR.A,D,XM,EUR,A,2018-01-22,0.81706,,A,F
"BIS,WS_XRU,1.0",D.XM.EUR.A,D,XM,EUR,A,2018-01-23,0.816393,,A,F
"BIS,WS_XRU,1.0",D.XM.EUR.A,D,XM,EUR,A,2018-01-24,0.809585,,A,F
"BIS,WS_XRU,1.0",D.XM.EUR.A,D,XM,EUR,A,2018-01-25,0.805997,,A,F
"BIS,WS_XRU,1.0",D.XM.EUR.A,D,XM,EUR,A,2018-01-26,0.804117,,A,F
"BIS,WS_XRU,1.0",D.XM.EUR.A,D,XM,EUR,A,2018-01-29,0.80782,,A,F
"BIS,WS_XRU,1.0",D.XM.EUR.A,D,XM,EUR,A,2018-01-30,0.805088,,A,F
"BIS,WS_XRU,1.0",D.XM.EUR.A,D,XM,EUR,A,2018-01-31,0.802762,,A,F
"BIS,WS_XRU,1.0",D.XM.EUR.A,D,XM,EUR,A,2018-02-01,0.802633,,A,F
"BIS,WS_XRU,1.0",D.XM.EUR.A,D,XM,EUR,A,2018-02-02,0.800512,,A,F
"BIS,WS_XRU,1.0",D.XM.EUR.A,D,XM,EUR,A,2018-02-05,0.803859,,A,F
"BIS,WS_XRU,1.0",D.XM.EUR.A,D,XM,EUR,A,2018-02-06,0.811096,,A,F
"BIS,WS_XRU,1.0",D.XM.EUR.A,D,XM,EUR,A,2018-02-07,0.810504,,A,F
"BIS,WS_XRU,1.0",D.XM.EUR.A,D,XM,EUR,A,2018-02-08,0.816193,,A,F
"BIS,WS_XRU,1.0",D.XM.EUR.A,D,XM,EUR,A,2018-02-09,0.814797,,A,F
"BIS,WS_XRU,1.0",D.XM.EUR.A,D,XM,EUR,A,2018-02-12,0.815461,,A,F
"BIS,WS_XRU,1.0",D.XM.EUR.A,D,XM,EUR,A,2018-02-13,0.810833,,A,F
"BIS,WS_XRU,1.0",D.XM.EUR.A,D,XM,EUR,A,2018-02-14,0.809848,,A,F
"BIS,WS_XRU,1.0",D.XM.EUR.A,D,XM,EUR,A,2018-02-15,0.800448,,A,F
"BIS,WS_XRU,1.0",D.XM.EUR.A,D,XM,EUR,A,2018-02-16,0.802311,,A,F
"BIS,WS_XRU,1.0",D.XM.EUR.A,D,XM,EUR,A,2018-02-19,0.805802,,A,F
"BIS,WS_XRU,1.0",D.XM.EUR.A,D,XM,EUR,A,2018-02-20,0.810373,,A,F
"BIS,WS_XRU,1.0",D.XM.EUR.A,D,XM,EUR,A,2018-02-21,0.812216,,A,F
"BIS,WS_XRU,1.0",D.XM.EUR.A,D,XM,EUR,A,2018-02-22,0.814598,,A,F
"BIS,WS_XRU,1.0",D.XM.EUR.A,D,XM,EUR,A,2018-02-23,0.813074,,A,F
"BIS,WS_XRU,1.0",D.XM.EUR.A,D,XM,EUR,A,2018-02-26,0.811688,,A,F
"BIS,WS_XRU,1.0",D.XM.EUR.A,D,XM,EUR,A,2018-02-27,0.812942,,A,F
"BIS,WS_XRU,1.0",D.XM.EUR.A,D,XM,EUR,A,2018-02-28,0.818733,,A,F
"BIS,WS_XRU,1.0",D.XM.EUR.A,D,XM,EUR,A,2018-03-01,0.821625,,A,F
"BIS,WS_XRU,1.0",D.XM.EUR.A,D,XM,EUR,A,2018-03-02,0.812216,,A,F
"BIS,WS_XRU,1.0",D.XM.EUR.A,D,XM,EUR,A,2018-03-05,0.812546,,A,F
"BIS,WS_XRU,1.0",D.XM.EUR.A,D,XM,EUR,A,2018-03-06,0.805737,,A,F
"BIS,WS_XRU,1.0",D.XM.EUR.A,D,XM,EUR,A,2018-03-07,0.805348,,A,F
"BIS,WS_XRU,1.0",D.XM.EUR.A,D,XM,EUR,A,2018-03-08,0.805088,,A,F
"BIS,WS_XRU,1.0",D.XM.EUR.A,D,XM,EUR,A,2018-03-09,0.813603,,A,F
"BIS,WS_XRU,1.0",D.XM.EUR.A,D,XM,EUR,A,2018-03-12,0.812876,,A,F
"BIS,WS_XRU,1.0",D.XM.EUR.A,D,XM,EUR,A,2018-03-13,0.807885,,A,F
"BIS,WS_XRU,1.0",D.XM.EUR.A,D,XM,EUR,A,2018-03-14,0.808473,,A,F
"BIS,WS_XRU,1.0",D.XM.EUR.A,D,XM,EUR,A,2018-03-15,0.810307,,A,F
"BIS,WS_XRU,1.0",D.XM.EUR.A,D,XM,EUR,A,2018-03-16,0.812942,,A,F
"BIS,WS_XRU,1.0",D.XM.EUR.A,D,XM,EUR,A,2018-03-19,0.812414,,A,F
"BIS,WS_XRU,1.0",D.XM.EUR.A,D,XM,EUR,A,2018-03-20,0.814598,,A,F
"BIS,WS_XRU,1.0",D.XM.EUR.A,D,XM,EUR,A,2018-03-21,0.813935,,A,F
"BIS,WS_XRU,1.0",D.XM.EUR.A,D,XM,EUR,A,2018-03-22,0.811952,,A,F
"BIS,WS_XRU,1.0",D.XM.EUR.A,D,XM,EUR,A,2018-03-23,0.809979,,A,F
"BIS,WS_XRU,1.0",D.XM.EUR.A,D,XM,EUR,A,2018-03-26,0.805737,,A,F
"BIS,WS_XRU,1.0",D.XM.EUR.A,D,XM,EUR,A,2018-03-27,0.808016,,A,F
"BIS,WS_XRU,1.0",D.XM.EUR.A,D,XM,EUR,A,2018-03-28,0.806582,,A,F
"BIS,WS_XRU,1.0",D.XM.EUR.A,D,XM,EUR,A,2018-03-29,0.811622,,A,F
"BIS,WS_XRU,1.0",D.XM.EUR.A,D,XM,EUR,A,2018-04-03,0.81248,,A,F
"BIS,WS_XRU,1.0",D.XM.EUR.A,D,XM,EUR,A,2018-04-04,0.814598,,A,F
"BIS,WS_XRU,1.0",D.XM.EUR.A,D,XM,EUR,A,2018-04-05,0.815661,,A,F
"BIS,WS_XRU,1.0",D.XM.EUR.A,D,XM,EUR,A,2018-04-06,0.817394,,A,F
"BIS,WS_XRU,1.0",D.XM.EUR.A,D,XM,EUR,A,2018-04-09,0.812744,,A,F
"BIS,WS_XRU,1.0",D.XM.EUR.A,D,XM,EUR,A,2018-04-10,0.808996,,A,F
"BIS,WS_XRU,1.0",D.XM.EUR.A,D,XM,EUR,A,2018-04-11,0.807494,,A,F
"BIS,WS_XRU,1.0",D.XM.EUR.A,D,XM,EUR,A,2018-04-12,0.811491,,A,F
"BIS,WS_XRU,1.0",D.XM.EUR.A,D,XM,EUR,A,2018-04-13,0.811886,,A,F
"BIS,WS_XRU,1.0",D.XM.EUR.A,D,XM,EUR,A,2018-04-16,0.808407,,A,F
"BIS,WS_XRU,1.0",D.XM.EUR.A,D,XM,EUR,A,2018-04-17,0.809258,,A,F
"BIS,WS_XRU,1.0",D.XM.EUR.A,D,XM,EUR,A,2018-04-18,0.807233,,A,F
"BIS,WS_XRU,1.0",D.XM.EUR.A,D,XM,EUR,A,2018-04-19,0.807624,,A,F
"BIS,WS_XRU,1.0",D.XM.EUR.A,D,XM,EUR,A,2018-04-20,0.812414,,A,F
"BIS,WS_XRU,1.0",D.XM.EUR.A,D,XM,EUR,A,2018-04-23,0.817127,,A,F
"BIS,WS_XRU,1.0",D.XM.EUR.A,D,XM,EUR,A,2018-04-24,0.8188,,A,F
"BIS,WS_XRU,1.0",D.XM.EUR.A,D,XM,EUR,A,2018-04-25,0.820681,,A,F
"BIS,WS_XRU,1.0",D.XM.EUR.A,D,XM,EUR,A,2018-04-26,0.821828,,A,F
"BIS,WS_XRU,1.0",D.XM.EUR.A,D,XM,EUR,A,2018-04-27,0.8285,,A,F
"BIS,WS_XRU,1.0",D.XM.EUR.A,D,XM,EUR,A,2018-04-30,0.827883,,A,F
"BIS,WS_XRU,1.0",D.XM.EUR.A,D,XM,EUR,A,2018-05-02,0.832848,,A,F
"BIS,WS_XRU,1.0",D.XM.EUR.A,D,XM,EUR,A,2018-05-03,0.833889,,A,F
"BIS,WS_XRU,1.0",D.XM.EUR.A,D,XM,EUR,A,2018-05-04,0.835492,,A,F
"BIS,WS_XRU,1.0",D.XM.EUR.A,D,XM,EUR,A,2018-05-07,0.840195,,A,F
"BIS,WS_XRU,1.0",D.XM.EUR.A,D,XM,EUR,A,2018-05-08,0.84246,,A,F
"BIS,WS_XRU,1.0",D.XM.EUR.A,D,XM,EUR,A,2018-05-09,0.841822,,A,F
"BIS,WS_XRU,1.0",D.XM.EUR.A,D,XM,EUR,A,2018-05-10,0.841893,,A,F
"BIS,WS_XRU,1.0",D.XM.EUR.A,D,XM,EUR,A,2018-05-11,0.837942,,A,F
"BIS,WS_XRU,1.0",D.XM.EUR.A,D,XM,EUR,A,2018-05-14,0.834168,,A,F
"BIS,WS_XRU,1.0",D.XM.EUR.A,D,XM,EUR,A,2018-05-15,0.841538,,A,F
"BIS,WS_XRU,1.0",D.XM.EUR.A,D,XM,EUR,A,2018-05-16,0.848608,,A,F
"BIS,WS_XRU,1.0",D.XM.EUR.A,D,XM,EUR,A,2018-05-17,0.847099,,A,F
"BIS,WS_XRU,1.0",D.XM.EUR.A,D,XM,EUR,A,2018-05-18,0.848824,,A,F
"BIS,WS_XRU,1.0",D.XM.EUR.A,D,XM,EUR,A,2018-05-21,0.850412,,A,F
"BIS,WS_XRU,1.0",D.XM.EUR.A,D,XM,EUR,A,2018-05-22,0.847889,,A,F
"BIS,WS_XRU,1.0",D.XM.EUR.A,D,XM,EUR,A,2018-05-23,0.854117,,A,F
"BIS,WS_XRU,1.0",D.XM.EUR.A,D,XM,EUR,A,2018-05-24,0.85266,,A,F
"BIS,WS_XRU,1.0",D.XM.EUR.A,D,XM,EUR,A,2018-05-25,0.856531,,A,F
"BIS,WS_XRU,1.0",D.XM.EUR.A,D,XM,EUR,A,2018-05-28,0.858811,,A,F
"BIS,WS_XRU,1.0",D.XM.EUR.A,D,XM,EUR,A,2018-05-29,0.865202,,A,F
"BIS,WS_XRU,1.0",D.XM.EUR.A,D,XM,EUR,A,2018-05-30,0.859697,,A,F
"BIS,WS_XRU,1.0",D.XM.EUR.A,D,XM,EUR,A,2018-05-31,0.854774,,A,F
"BIS,WS_XRU,1.0",D.XM.EUR.A,D,XM,EUR,A,2018-06-01,0.856971,,A,F
"BIS,WS_XRU,1.0",D.XM.EUR.A,D,XM,EUR,A,2018-06-04,0.852006,,A,F
"BIS,WS_XRU,1.0",D.XM.EUR.A,D,XM,EUR,A,2018-06-05,0.856531,,A,F
"BIS,WS_XRU,1.0",D.XM.EUR.A,D,XM,EUR,A,2018-06-06,0.849979,,A,F
"BIS,WS_XRU,1.0",D.XM.EUR.A,D,XM,EUR,A,2018-06-07,0.84488,,A,F
"BIS,WS_XRU,1.0",D.XM.EUR.A,D,XM,EUR,A,2018-06-08,0.850774,,A,F
"BIS,WS_XRU,1.0",D.XM.EUR.A,D,XM,EUR,A,2018-06-11,0.848176,,A,F
"BIS,WS_XRU,1.0",D.XM.EUR.A,D,XM,EUR,A,2018-06-12,0.84832,,A,F
"BIS,WS_XRU,1.0",D.XM.EUR.A,D,XM,EUR,A,2018-06-13,0.850051,,A,F
"BIS,WS_XRU,1.0",D.XM.EUR.A,D,XM,EUR,A,2018-06-14,0.852515,,A,F
"BIS,WS_XRU,1.0",D.XM.EUR.A,D,XM,EUR,A,2018-06-15,0.862366,,A,F
"BIS,WS_XRU,1.0",D.XM.EUR.A,D,XM,EUR,A,2018-06-18,0.861104,,A,F
"BIS,WS_XRU,1.0",D.XM.EUR.A,D,XM,EUR,A,2018-06-19,0.867002,,A,F
"BIS,WS_XRU,1.0",D.XM.EUR.A,D,XM,EUR,A,2018-06-20,0.863707,,A,F
"BIS,WS_XRU,1.0",D.XM.EUR.A,D,XM,EUR,A,2018-06-21,0.866701,,A,F
"BIS,WS_XRU,1.0",D.XM.EUR.A,D,XM,EUR,A,2018-06-22,0.858516,,A,F
"BIS,WS_XRU,1.0",D.XM.EUR.A,D,XM,EUR,A,2018-06-25,0.854701,,A,F
"BIS,WS_XRU,1.0",D.XM.EUR.A,D,XM,EUR,A,2018-06-26,0.856751,,A,F
"BIS,WS_XRU,1.0",D.XM.EUR.A,D,XM,EUR,A,2018-06-27,0.860882,,A,F
"BIS,WS_XRU,1.0",D.XM.EUR.A,D,XM,EUR,A,2018-06-28,0.863334,,A,F
"BIS,WS_XRU,1.0",D.XM.EUR.A,D,XM,EUR,A,2018-06-29,0.85778,,A,F
"BIS,WS_XRU,1.0",D.XM.EUR.A,D,XM,EUR,A,2018-07-02,0.85918,,A,F
"BIS,WS_XRU,1.0",D.XM.EUR.A,D,XM,EUR,A,2018-07-03,0.857265,,A,F
"BIS,WS_XRU,1.0",D.XM.EUR.A,D,XM,EUR,A,2018-07-04,0.858959,,A,F
"BIS,WS_XRU,1.0",D.XM.EUR.A,D,XM,EUR,A,2018-07-05,0.854044,,A,F
"BIS,WS_XRU,1.0",D.XM.EUR.A,D,XM,EUR,A,2018-07-06,0.852951,,A,F
"BIS,WS_XRU,1.0",D.XM.EUR.A,D,XM,EUR,A,2018-07-09,0.848248,,A,F
"BIS,WS_XRU,1.0",D.XM.EUR.A,D,XM,EUR,A,2018-07-10,0.853752,,A,F
"BIS,WS_XRU,1.0",D.XM.EUR.A,D,XM,EUR,A,2018-07-11,0.852152,,A,F
"BIS,WS_XRU,1.0",D.XM.EUR.A,D,XM,EUR,A,2018-07-12,0.85778,,A,F
"BIS,WS_XRU,1.0",D.XM.EUR.A,D,XM,EUR,A,2018-07-13,0.858885,,A,F
"BIS,WS_XRU,1.0",D.XM.EUR.A,D,XM,EUR,A,2018-07-16,0.853242,,A,F
"BIS,WS_XRU,1.0",D.XM.EUR.A,D,XM,EUR,A,2018-07-17,0.85419,,A,F
"BIS,WS_XRU,1.0",D.XM.EUR.A,D,XM,EUR,A,2018-07-18,0.861252,,A,F
"BIS,WS_XRU,1.0",D.XM.EUR.A,D,XM,EUR,A,2018-07-19,0.862962,,A,F
"BIS,WS_XRU,1.0",D.XM.EUR.A,D,XM,EUR,A,2018-07-20,0.856898,,A,F
"BIS,WS_XRU,1.0",D.XM.EUR.A,D,XM,EUR,A,2018-07-23,0.853534,,A,F
"BIS,WS_XRU,1.0",D.XM.EUR.A,D,XM,EUR,A,2018-07-24,0.854263,,A,F
"BIS,WS_XRU,1.0",D.XM.EUR.A,D,XM,EUR,A,2018-07-25,0.855432,,A,F
"BIS,WS_XRU,1.0",D.XM.EUR.A,D,XM,EUR,A,2018-07-26,0.853534,,A,F
"BIS,WS_XRU,1.0",D.XM.EUR.A,D,XM,EUR,A,2018-07-27,0.860215,,A,F
"BIS,WS_XRU,1.0",D.XM.EUR.A,D,XM,EUR,A,2018-07-30,0.855871,,A,F
"BIS,WS_XRU,1.0",D.XM.EUR.A,D,XM,EUR,A,2018-07-31,0.852079,,A,F
"BIS,WS_XRU,1.0",D.XM.EUR.A,D,XM,EUR,A,2018-08-01,0.854993,,A,F
"BIS,WS_XRU,1.0",D.XM.EUR.A,D,XM,EUR,A,2018-08-02,0.860807,,A,F
"BIS,WS_XRU,1.0",D.XM.EUR.A,D,XM,EUR,A,2018-08-03,0.862962,,A,F
"BIS,WS_XRU,1.0",D.XM.EUR.A,D,XM,EUR,A,2018-08-06,0.866326,,A,F
"BIS,WS_XRU,1.0",D.XM.EUR.A,D,XM,EUR,A,2018-08-07,0.86192,,A,F
"BIS,WS_XRU,1.0",D.XM.EUR.A,D,XM,EUR,A,2018-08-08,0.862887,,A,F
"BIS,WS_XRU,1.0",D.XM.EUR.A,D,XM,EUR,A,2018-08-09,0.862589,,A,F
"BIS,WS_XRU,1.0",D.XM.EUR.A,D,XM,EUR,A,2018-08-10,0.872905,,A,F
"BIS,WS_XRU,1.0",D.XM.EUR.A,D,XM,EUR,A,2018-08-13,0.876962,,A,F
"BIS,WS_XRU,1.0",D.XM.EUR.A,D,XM,EUR,A,2018-08-14,0.876732,,A,F
"BIS,WS_XRU,1.0",D.XM.EUR.A,D,XM,EUR,A,2018-08-15,0.883314,,A,F
"BIS,WS_XRU,1.0",D.XM.EUR.A,D,XM,EUR,A,2018-08-16,0.879507,,A,F
"BIS,WS_XRU,1.0",D.XM.EUR.A,D,XM,EUR,A,2018-08-17,0.877886,,A,F
"BIS,WS_XRU,1.0",D.XM.EUR.A,D,XM,EUR,A,2018-08-20,0.875657,,A,F
"BIS,WS_XRU,1.0",D.XM.EUR.A,D,XM,EUR,A,2018-08-21,0.869414,,A,F
"BIS,WS_XRU,1.0",D.XM.EUR.A,D,XM,EUR,A,2018-08-22,0.860882,,A,F
"BIS,WS_XRU,1.0",D.XM.EUR.A,D,XM,EUR,A,2018-08-23,0.863632,,A,F
"BIS,WS_XRU,1.0",D.XM.EUR.A,D,XM,EUR,A,2018-08-24,0.862962,,A,F
"BIS,WS_XRU,1.0",D.XM.EUR.A,D,XM,EUR,A,2018-08-27,0.859623,,A,F
"BIS,WS_XRU,1.0",D.XM.EUR.A,D,XM,EUR,A,2018-08-28,0.853971,,A,F
"BIS,WS_XRU,1.0",D.XM.EUR.A,D,XM,EUR,A,2018-08-29,0.857633,,A,F
"BIS,WS_XRU,1.0",D.XM.EUR.A,D,XM,EUR,A,2018-08-30,0.855286,,A,F
"BIS,WS_XRU,1.0",D.XM.EUR.A,D,XM,EUR,A,2018-08-31,0.858295,,A,F
"BIS,WS_XRU,1.0",D.XM.EUR.A,D,XM,EUR,A,2018-09-03,0.861401,,A,F
"BIS,WS_XRU,1.0",D.XM.EUR.A,D,XM,EUR,A,2018-09-04,0.864902,,A,F
"BIS,WS_XRU,1.0",D.XM.EUR.A,D,XM,EUR,A,2018-09-05,0.863409,,A,F
"BIS,WS_XRU,1.0",D.XM.EUR.A,D,XM,EUR,A,2018-09-06,0.85955,,A,F
"BIS,WS_XRU,1.0",D.XM.EUR.A,D,XM,EUR,A,2018-09-07,0.860956,,A,F
"BIS,WS_XRU,1.0",D.XM.EUR.A,D,XM,EUR,A,2018-09-10,0.86423,,A,F
"BIS,WS_XRU,1.0",D.XM.EUR.A,D,XM,EUR,A,2018-09-11,0.864006,,A,F
"BIS,WS_XRU,1.0",D.XM.EUR.A,D,XM,EUR,A,2018-09-12,0.863185,,A,F
"BIS,WS_XRU,1.0",D.XM.EUR.A,D,XM,EUR,A,2018-09-13,0.860585,,A,F
"BIS,WS_XRU,1.0",D.XM.EUR.A,D,XM,EUR,A,2018-09-14,0.855505,,A,F
"BIS,WS_XRU,1.0",D.XM.EUR.A,D,XM,EUR,A,2018-09-17,0.856825,,A,F
"BIS,WS_XRU,1.0",D.XM.EUR.A,D,XM,EUR,A,2018-09-18,0.85492,,A,F
"BIS,WS_XRU,1.0",D.XM.EUR.A,D,XM,EUR,A,2018-09-19,0.857118,,A,F
"BIS,WS_XRU,1.0",D.XM.EUR.A,D,XM,EUR,A,2018-09-20,0.84969,,A,F
"BIS,WS_XRU,1.0",D.XM.EUR.A,D,XM,EUR,A,2018-09-21,0.850412,,A,F
"BIS,WS_XRU,1.0",D.XM.EUR.A,D,XM,EUR,A,2018-09-24,0.849401,,A,F
"BIS,WS_XRU,1.0",D.XM.EUR.A,D,XM,EUR,A,2018-09-25,0.849113,,A,F
"BIS,WS_XRU,1.0",D.XM.EUR.A,D,XM,EUR,A,2018-09-26,0.852006,,A,F
"BIS,WS_XRU,1.0",D.XM.EUR.A,D,XM,EUR,A,2018-09-27,0.85419,,A,F
"BIS,WS_XRU,1.0",D.XM.EUR.A,D,XM,EUR,A,2018-09-28,0.863856,,A,F
"BIS,WS_XRU,1.0",D.XM.EUR.A,D,XM,EUR,A,2018-10-01,0.861623,,A,F
"BIS,WS_XRU,1.0",D.XM.EUR.A,D,XM,EUR,A,2018-10-02,0.866326,,A,F
"BIS,WS_XRU,1.0",D.XM.EUR.A,D,XM,EUR,A,2018-10-03,0.865951,,A,F
"BIS,WS_XRU,1.0",D.XM.EUR.A,D,XM,EUR,A,2018-10-04,0.869414,,A,F
"BIS,WS_XRU,1.0",D.XM.EUR.A,D,XM,EUR,A,2018-10-05,0.869112,,A,F
"BIS,WS_XRU,1.0",D.XM.EUR.A,D,XM,EUR,A,2018-10-08,0.871232,,A,F
"BIS,WS_XRU,1.0",D.XM.EUR.A,D,XM,EUR,A,2018-10-09,0.874508,,A,F
"BIS,WS_XRU,1.0",D.XM.EUR.A,D,XM,EUR,A,2018-10-10,0.869565,,A,F
"BIS,WS_XRU,1.0",D.XM.EUR.A,D,XM,EUR,A,2018-10-11,0.863931,,A,F
"BIS,WS_XRU,1.0",D.XM.EUR.A,D,XM,EUR,A,2018-10-12,0.864006,,A,F
"BIS,WS_XRU,1.0",D.XM.EUR.A,D,XM,EUR,A,2018-10-15,0.863483,,A,F
"BIS,WS_XRU,1.0",D.XM.EUR.A,D,XM,EUR,A,2018-10-16,0.863036,,A,F
"BIS,WS_XRU,1.0",D.XM.EUR.A,D,XM,EUR,A,2018-10-17,0.867303,,A,F
"BIS,WS_XRU,1.0",D.XM.EUR.A,D,XM,EUR,A,2018-10-18,0.869187,,A,F
"BIS,WS_XRU,1.0",D.XM.EUR.A,D,XM,EUR,A,2018-10-19,0.87184,,A,F
"BIS,WS_XRU,1.0",D.XM.EUR.A,D,XM,EUR,A,2018-10-22,0.870019,,A,F
"BIS,WS_XRU,1.0",D.XM.EUR.A,D,XM,EUR,A,2018-10-23,0.871232,,A,F
"BIS,WS_XRU,1.0",D.XM.EUR.A,D,XM,EUR,A,2018-10-24,0.87804,,A,F
"BIS,WS_XRU,1.0",D.XM.EUR.A,D,XM,EUR,A,2018-10-25,0.875964,,A,F
"BIS,WS_XRU,1.0",D.XM.EUR.A,D,XM,EUR,A,2018-10-26,0.881446,,A,F
"BIS,WS_XRU,1.0",D.XM.EUR.A,D,XM,EUR,A,2018-10-29,0.878657,,A,F
"BIS,WS_XRU,1.0",D.XM.EUR.A,D,XM,EUR,A,2018-10-30,0.879353,,A,F
"BIS,WS_XRU,1.0",D.XM.EUR.A,D,XM,EUR,A,2018-10-31,0.883548,,A,F
"BIS,WS_XRU,1.0",D.XM.EUR.A,D,XM,EUR,A,2018-11-01,0.877732,,A,F
"BIS,WS_XRU,1.0",D.XM.EUR.A,D,XM,EUR,A,2018-11-02,0.875887,,A,F
"BIS,WS_XRU,1.0",D.XM.EUR.A,D,XM,EUR,A,2018-11-05,0.879507,,A,F
"BIS,WS_XRU,1.0",D.XM.EUR.A,D,XM,EUR,A,2018-11-06,0.875044,,A,F
"BIS,WS_XRU,1.0",D.XM.EUR.A,D,XM,EUR,A,2018-11-07,0.870549,,A,F
"BIS,WS_XRU,1.0",D.XM.EUR.A,D,XM,EUR,A,2018-11-08,0.87535,,A,F
"BIS,WS_XRU,1.0",D.XM.EUR.A,D,XM,EUR,A,2018-11-09,0.881368,,A,F
"BIS,WS_XRU,1.0",D.XM.EUR.A,D,XM,EUR,A,2018-11-12,0.887705,,A,F
"BIS,WS_XRU,1.0",D.XM.EUR.A,D,XM,EUR,A,2018-11-13,0.888021,,A,F
"BIS,WS_XRU,1.0",D.XM.EUR.A,D,XM,EUR,A,2018-11-14,0.885269,,A,F
"BIS,WS_XRU,1.0",D.XM.EUR.A,D,XM,EUR,A,2018-11-15,0.884564,,A,F
"BIS,WS_XRU,1.0",D.XM.EUR.A,D,XM,EUR,A,2018-11-16,0.881368,,A,F
"BIS,WS_XRU,1.0",D.XM.EUR.A,D,XM,EUR,A,2018-11-19,0.87512,,A,F
"BIS,WS_XRU,1.0",D.XM.EUR.A,D,XM,EUR,A,2018-11-20,0.87558,,A,F
"BIS,WS_XRU,1.0",D.XM.EUR.A,D,XM,EUR,A,2018-11-21,0.876501,,A,F
"BIS,WS_XRU,1.0",D.XM.EUR.A,D,XM,EUR,A,2018-11-22,0.876962,,A,F
"BIS,WS_XRU,1.0",D.XM.EUR.A,D,XM,EUR,A,2018-11-23,0.880902,,A,F
"BIS,WS_XRU,1.0",D.XM.EUR.A,D,XM,EUR,A,2018-11-26,0.880049,,A,F
"BIS,WS_XRU,1.0",D.XM.EUR.A,D,XM,EUR,A,2018-11-27,0.882768,,A,F
"BIS,WS_XRU,1.0",D.XM.EUR.A,D,XM,EUR,A,2018-11-28,0.886211,,A,F
"BIS,WS_XRU,1.0",D.XM.EUR.A,D,XM,EUR,A,2018-11-29,0.878194,,A,F
"BIS,WS_XRU,1.0",D.XM.EUR.A,D,XM,EUR,A,2018-11-30,0.880359,,A,F
"BIS,WS_XRU,1.0",D.XM.EUR.A,D,XM,EUR,A,2018-12-03,0.882457,,A,F
"BIS,WS_XRU,1.0",D.XM.EUR.A,D,XM,EUR,A,2018-12-04,0.876501,,A,F
"BIS,WS_XRU,1.0",D.XM.EUR.A,D,XM,EUR,A,2018-12-05,0.880747,,A,F
"BIS,WS_XRU,1.0",D.XM.EUR.A,D,XM,EUR,A,2018-12-06,0.88098,,A,F
"BIS,WS_XRU,1.0",D.XM.EUR.A,D,XM,EUR,A,2018-12-07,0.87943,,A,F
"BIS,WS_XRU,1.0",D.XM.EUR.A,D,XM,EUR,A,2018-12-10,0.875274,,A,F
"BIS,WS_XRU,1.0",D.XM.EUR.A,D,XM,EUR,A,2018-12-11,0.878812,,A,F
"BIS,WS_XRU,1.0",D.XM.EUR.A,D,XM,EUR,A,2018-12-12,0.881368,,A,F
"BIS,WS_XRU,1.0",D.XM.EUR.A,D,XM,EUR,A,2018-12-13,0.87943,,A,F
"BIS,WS_XRU,1.0",D.XM.EUR.A,D,XM,EUR,A,2018-12-14,0.886132,,A,F
"BIS,WS_XRU,1.0",D.XM.EUR.A,D,XM,EUR,A,2018-12-17,0.881756,,A,F
"BIS,WS_XRU,1.0",D.XM.EUR.A,D,XM,EUR,A,2018-12-18,0.878966,,A,F
"BIS,WS_XRU,1.0",D.XM.EUR.A,D,XM,EUR,A,2018-12-19,0.876808,,A,F
"BIS,WS_XRU,1.0",D.XM.EUR.A,D,XM,EUR,A,2018-12-20,0.873286,,A,F
"BIS,WS_XRU,1.0",D.XM.EUR.A,D,XM,EUR,A,2018-12-21,0.876117,,A,F
"BIS,WS_XRU,1.0",D.XM.EUR.A,D,XM,EUR,A,2018-12-24,0.876578,,A,F
"BIS,WS_XRU,1.0",D.XM.EUR.A,D,XM,EUR,A,2018-12-27,0.878966,,A,F
"BIS,WS_XRU,1.0",D.XM.EUR.A,D,XM,EUR,A,2018-12-28,0.873057,,A,F
"BIS,WS_XRU,1.0",D.XM.EUR.A,D,XM,EUR,A,2018-12-31,0.873362,,A,F
"BIS,WS_XRU,1.0",D.XM.EUR.A,D,XM,EUR,A,2019-01-02,0.877424,,A,F
"BIS,WS_XRU,1.0",D.XM.EUR.A,D,XM,EUR,A,2019-01-03,0.881213,,A,F
"BIS,WS_XRU,1.0",D.XM.EUR.A,D,XM,EUR,A,2019-01-04,0.876962,,A,F
"BIS,WS_XRU,1.0",D.XM.EUR.A,D,XM,EUR,A,2019-01-07,0.873744,,A,F
"BIS,WS_XRU,1.0",D.XM.EUR.A,D,XM,EUR,A,2019-01-08,0.874126,,A,F
"BIS,WS_XRU,1.0",D.XM.EUR.A,D,XM,EUR,A,2019-01-09,0.872981,,A,F
"BIS,WS_XRU,1.0",D.XM.EUR.A,D,XM,EUR,A,2019-01-10,0.866927,,A,F
"BIS,WS_XRU,1.0",D.XM.EUR.A,D,XM,EUR,A,2019-01-11,0.867077,,A,F
"BIS,WS_XRU,1.0",D.XM.EUR.A,D,XM,EUR,A,2019-01-14,0.872068,,A,F
"BIS,WS_XRU,1.0",D.XM.EUR.A,D,XM,EUR,A,2019-01-15,0.87535,,A,F
"BIS,WS_XRU,1.0",D.XM.EUR.A,D,XM,EUR,A,2019-01-16,0.87804,,A,F
"BIS,WS_XRU,1.0",D.XM.EUR.A,D,XM,EUR,A,2019-01-17,0.877501,,A,F
"BIS,WS_XRU,1.0",D.XM.EUR.A,D,XM,EUR,A,2019-01-18,0.877039,,A,F
"BIS,WS_XRU,1.0",D.XM.EUR.A,D,XM,EUR,A,2019-01-21,0.880127,,A,F
"BIS,WS_XRU,1.0",D.XM.EUR.A,D,XM,EUR,A,2019-01-22,0.880747,,A,F
"BIS,WS_XRU,1.0",D.XM.EUR.A,D,XM,EUR,A,2019-01-23,0.87974,,A,F
"BIS,WS_XRU,1.0",D.XM.EUR.A,D,XM,EUR,A,2019-01-24,0.881756,,A,F
"BIS,WS_XRU,1.0",D.XM.EUR.A,D,XM,EUR,A,2019-01-25,0.881368,,A,F
"BIS,WS_XRU,1.0",D.XM.EUR.A,D,XM,EUR,A,2019-01-28,0.87581,,A,F
"BIS,WS_XRU,1.0",D.XM.EUR.A,D,XM,EUR,A,2019-01-29,0.875503,,A,F
"BIS,WS_XRU,1.0",D.XM.EUR.A,D,XM,EUR,A,2019-01-30,0.874967,,A,F
"BIS,WS_XRU,1.0",D.XM.EUR.A,D,XM,EUR,A,2019-01-31,0.870474,,A,F
"BIS,WS_XRU,1.0",D.XM.EUR.A,D,XM,EUR,A,2019-02-01,0.871764,,A,F
"BIS,WS_XRU,1.0",D.XM.EUR.A,D,XM,EUR,A,2019-02-04,0.873744,,A,F
"BIS,WS_XRU,1.0",D.XM.EUR.A,D,XM,EUR,A,2019-02-05,0.875427,,A,F
"BIS,WS_XRU,1.0",D.XM.EUR.A,D,XM,EUR,A,2019-02-06,0.877655,,A,F
"BIS,WS_XRU,1.0",D.XM.EUR.A,D,XM,EUR,A,2019-02-07,0.881446,,A,F
"BIS,WS_XRU,1.0",D.XM.EUR.A,D,XM,EUR,A,2019-02-08,0.881368,,A,F
"BIS,WS_XRU,1.0",D.XM.EUR.A,D,XM,EUR,A,2019-02-11,0.884251,,A,F
"BIS,WS_XRU,1.0",D.XM.EUR.A,D,XM,EUR,A,2019-02-12,0.885269,,A,F
"BIS,WS_XRU,1.0",D.XM.EUR.A,D,XM,EUR,A,2019-02-13,0.884564,,A,F
"BIS,WS_XRU,1.0",D.XM.EUR.A,D,XM,EUR,A,2019-02-14,0.887469,,A,F
"BIS,WS_XRU,1.0",D.XM.EUR.A,D,XM,EUR,A,2019-02-15,0.888099,,A,F
"BIS,WS_XRU,1.0",D.XM.EUR.A,D,XM,EUR,A,2019-02-18,0.882768,,A,F
"BIS,WS_XRU,1.0",D.XM.EUR.A,D,XM,EUR,A,2019-02-19,0.885426,,A,F
"BIS,WS_XRU,1.0",D.XM.EUR.A,D,XM,EUR,A,2019-02-20,0.881679,,A,F
"BIS,WS_XRU,1.0",D.XM.EUR.A,D,XM,EUR,A,2019-02-21,0.880747,,A,F
"BIS,WS_XRU,1.0",D.XM.EUR.A,D,XM,EUR,A,2019-02-22,0.883002,,A,F
"BIS,WS_XRU,1.0",D.XM.EUR.A,D,XM,EUR,A,2019-02-25,0.880669,,A,F
"BIS,WS_XRU,1.0",D.XM.EUR.A,D,XM,EUR,A,2019-02-26,0.880204,,A,F
"BIS,WS_XRU,1.0",D.XM.EUR.A,D,XM,EUR,A,2019-02-27,0.878272,,A,F
"BIS,WS_XRU,1.0",D.XM.EUR.A,D,XM,EUR,A,2019-02-28,0.875964,,A,F
"BIS,WS_XRU,1.0",D.XM.EUR.A,D,XM,EUR,A,2019-03-01,0.878503,,A,F
"BIS,WS_XRU,1.0",D.XM.EUR.A,D,XM,EUR,A,2019-03-04,0.882068,,A,F
"BIS,WS_XRU,1.0",D.XM.EUR.A,D,XM,EUR,A,2019-03-05,0.88269,,A,F
"BIS,WS_XRU,1.0",D.XM.EUR.A,D,XM,EUR,A,2019-03-06,0.884564,,A,F
"BIS,WS_XRU,1.0",D.XM.EUR.A,D,XM,EUR,A,2019-03-07,0.887233,,A,F
"BIS,WS_XRU,1.0",D.XM.EUR.A,D,XM,EUR,A,2019-03-08,0.891107,,A,F
"BIS,WS_XRU,1.0",D.XM.EUR.A,D,XM,EUR,A,2019-03-11,0.889363,,A,F
"BIS,WS_XRU,1.0",D.XM.EUR.A,D,XM,EUR,A,2019-03-12,0.886918,,A,F
"BIS,WS_XRU,1.0",D.XM.EUR.A,D,XM,EUR,A,2019-03-13,0.884721,,A,F
"BIS,WS_XRU,1.0",D.XM.EUR.A,D,XM,EUR,A,2019-03-14,0.885347,,A,F
"BIS,WS_XRU,1.0",D.XM.EUR.A,D,XM,EUR,A,2019-03-15,0.88433,,A,F
"BIS,WS_XRU,1.0",D.XM.EUR.A,D,XM,EUR,A,2019-03-18,0.881135,,A,F
"BIS,WS_XRU,1.0",D.XM.EUR.A,D,XM,EUR,A,2019-03-19,0.880437,,A,F
"BIS,WS_XRU,1.0",D.XM.EUR.A,D,XM,EUR,A,2019-03-20,0.880747,,A,F
"BIS,WS_XRU,1.0",D.XM.EUR.A,D,XM,EUR,A,2019-03-21,0.878194,,A,F
"BIS,WS_XRU,1.0",D.XM.EUR.A,D,XM,EUR,A,2019-03-22,0.884799,,A,F
"BIS,WS_XRU,1.0",D.XM.EUR.A,D,XM,EUR,A,2019-03-25,0.883002,,A,F
"BIS,WS_XRU,1.0",D.XM.EUR.A,D,XM,EUR,A,2019-03-26,0.885661,,A,F
"BIS,WS_XRU,1.0",D.XM.EUR.A,D,XM,EUR,A,2019-03-27,0.888021,,A,F
"BIS,WS_XRU,1.0",D.XM.EUR.A,D,XM,EUR,A,2019-03-28,0.891424,,A,F
"BIS,WS_XRU,1.0",D.XM.EUR.A,D,XM,EUR,A,2019-03-29,0.890076,,A,F
"BIS,WS_XRU,1.0",D.XM.EUR.A,D,XM,EUR,A,2019-04-01,0.889996,,A,F
"BIS,WS_XRU,1.0",D.XM.EUR.A,D,XM,EUR,A,2019-04-02,0.892857,,A,F
"BIS,WS_XRU,1.0",D.XM.EUR.A,D,XM,EUR,A,2019-04-03,0.889442,,A,F
"BIS,WS_XRU,1.0",D.XM.EUR.A,D,XM,EUR,A,2019-04-04,0.891345,,A,F
"BIS,WS_XRU,1.0",D.XM.EUR.A,D,XM,EUR,A,2019-04-05,0.890234,,A,F
"BIS,WS_XRU,1.0",D.XM.EUR.A,D,XM,EUR,A,2019-04-08,0.889205,,A,F
"BIS,WS_XRU,1.0",D.XM.EUR.A,D,XM,EUR,A,2019-04-09,0.886761,,A,F
"BIS,WS_XRU,1.0",D.XM.EUR.A,D,XM,EUR,A,2019-04-10,0.886603,,A,F
"BIS,WS_XRU,1.0",D.XM.EUR.A,D,XM,EUR,A,2019-04-11,0.887784,,A,F
"BIS,WS_XRU,1.0",D.XM.EUR.A,D,XM,EUR,A,2019-04-12,0.883314,,A,F
"BIS,WS_XRU,1.0",D.XM.EUR.A,D,XM,EUR,A,2019-04-15,0.883939,,A,F
"BIS,WS_XRU,1.0",D.XM.EUR.A,D,XM,EUR,A,2019-04-16,0.884564,,A,F
"BIS,WS_XRU,1.0",D.XM.EUR.A,D,XM,EUR,A,2019-04-17,0.884877,,A,F
"BIS,WS_XRU,1.0",D.XM.EUR.A,D,XM,EUR,A,2019-04-18,0.888889,,A,F
"BIS,WS_XRU,1.0",D.XM.EUR.A,D,XM,EUR,A,2019-04-23,0.889284,,A,F
"BIS,WS_XRU,1.0",D.XM.EUR.A,D,XM,EUR,A,2019-04-24,0.89214,,A,F
"BIS,WS_XRU,1.0",D.XM.EUR.A,D,XM,EUR,A,2019-04-25,0.899038,,A,F
"BIS,WS_XRU,1.0",D.XM.EUR.A,D,XM,EUR,A,2019-04-26,0.89823,,A,F
"BIS,WS_XRU,1.0",D.XM.EUR.A,D,XM,EUR,A,2019-04-29,0.896861,,A,F
"BIS,WS_XRU,1.0",D.XM.EUR.A,D,XM,EUR,A,2019-04-30,0.891424,,A,F
"BIS,WS_XRU,1.0",D.XM.EUR.A,D,XM,EUR,A,2019-05-02,0.891902,,A,F
"BIS,WS_XRU,1.0",D.XM.EUR.A,D,XM,EUR,A,2019-05-03,0.896459,,A,F
"BIS,WS_XRU,1.0",D.XM.EUR.A,D,XM,EUR,A,2019-05-06,0.892937,,A,F
"BIS,WS_XRU,1.0",D.XM.EUR.A,D,XM,EUR,A,2019-05-07,0.894055,,A,F
"BIS,WS_XRU,1.0",D.XM.EUR.A,D,XM,EUR,A,2019-05-08,0.892698,,A,F
"BIS,WS_XRU,1.0",D.XM.EUR.A,D,XM,EUR,A,2019-05-09,0.893416,,A,F
"BIS,WS_XRU,1.0",D.XM.EUR.A,D,XM,EUR,A,2019-05-10,0.890472,,A,F
"BIS,WS_XRU,1.0",D.XM.EUR.A,D,XM,EUR,A,2019-05-13,0.889284,,A,F
"BIS,WS_XRU,1.0",D.XM.EUR.A,D,XM,EUR,A,2019-05-14,0.890789,,A,F
"BIS,WS_XRU,1.0",D.XM.EUR.A,D,XM,EUR,A,2019-05-15,0.894214,,A,F
"BIS,WS_XRU,1.0",D.XM.EUR.A,D,XM,EUR,A,2019-05-16,0.892618,,A,F
"BIS,WS_XRU,1.0",D.XM.EUR.A,D,XM,EUR,A,2019-05-17,0.895095,,A,F
"BIS,WS_XRU,1.0",D.XM.EUR.A,D,XM,EUR,A,2019-05-20,0.895496,,A,F
"BIS,WS_XRU,1.0",D.XM.EUR.A,D,XM,EUR,A,2019-05-21,0.895977,,A,F
"BIS,WS_XRU,1.0",D.XM.EUR.A,D,XM,EUR,A,2019-05-22,0.895175,,A,F
"BIS,WS_XRU,1.0",D.XM.EUR.A,D,XM,EUR,A,2019-05-23,0.897747,,A,F
"BIS,WS_XRU,1.0",D.XM.EUR.A,D,XM,EUR,A,2019-05-24,0.893895,,A,F
"BIS,WS_XRU,1.0",D.XM.EUR.A,D,XM,EUR,A,2019-05-27,0.893017,,A,F
"BIS,WS_XRU,1.0",D.XM.EUR.A,D,XM,EUR,A,2019-05-28,0.893495,,A,F
"BIS,WS_XRU,1.0",D.XM.EUR.A,D,XM,EUR,A,2019-05-29,0.896379,,A,F
"BIS,WS_XRU,1.0",D.XM.EUR.A,D,XM,EUR,A,2019-05-30,0.89815,,A,F
"BIS,WS_XRU,1.0",D.XM.EUR.A,D,XM,EUR,A,2019-05-31,0.896781,,A,F
"BIS,WS_XRU,1.0",D.XM.EUR.A,D,XM,EUR,A,2019-06-03,0.894055,,A,F
"BIS,WS_XRU,1.0",D.XM.EUR.A,D,XM,EUR,A,2019-06-04,0.889363,,A,F
"BIS,WS_XRU,1.0",D.XM.EUR.A,D,XM,EUR,A,2019-06-05,0.888336,,A,F
"BIS,WS_XRU,1.0",D.XM.EUR.A,D,XM,EUR,A,2019-06-06,0.887626,,A,F
"BIS,WS_XRU,1.0",D.XM.EUR.A,D,XM,EUR,A,2019-06-07,0.887075,,A,F
"BIS,WS_XRU,1.0",D.XM.EUR.A,D,XM,EUR,A,2019-06-10,0.884877,,A,F
"BIS,WS_XRU,1.0",D.XM.EUR.A,D,XM,EUR,A,2019-06-11,0.883392,,A,F
"BIS,WS_XRU,1.0",D.XM.EUR.A,D,XM,EUR,A,2019-06-12,0.883158,,A,F
"BIS,WS_XRU,1.0",D.XM.EUR.A,D,XM,EUR,A,2019-06-13,0.885818,,A,F
"BIS,WS_XRU,1.0",D.XM.EUR.A,D,XM,EUR,A,2019-06-14,0.887705,,A,F
"BIS,WS_XRU,1.0",D.XM.EUR.A,D,XM,EUR,A,2019-06-17,0.890155,,A,F
"BIS,WS_XRU,1.0",D.XM.EUR.A,D,XM,EUR,A,2019-06-18,0.893895,,A,F
"BIS,WS_XRU,1.0",D.XM.EUR.A,D,XM,EUR,A,2019-06-19,0.892299,,A,F
"BIS,WS_XRU,1.0",D.XM.EUR.A,D,XM,EUR,A,2019-06-20,0.884408,,A,F
"BIS,WS_XRU,1.0",D.XM.EUR.A,D,XM,EUR,A,2019-06-21,0.883704,,A,F
"BIS,WS_XRU,1.0",D.XM.EUR.A,D,XM,EUR,A,2019-06-24,0.877655,,A,F
"BIS,WS_XRU,1.0",D.XM.EUR.A,D,XM,EUR,A,2019-06-25,0.878117,,A,F
"BIS,WS_XRU,1.0",D.XM.EUR.A,D,XM,EUR,A,2019-06-26,0.880127,,A,F
"BIS,WS_XRU,1.0",D.XM.EUR.A,D,XM,EUR,A,2019-06-27,0.879507,,A,F
"BIS,WS_XRU,1.0",D.XM.EUR.A,D,XM,EUR,A,2019-06-28,0.878735,,A,F
"BIS,WS_XRU,1.0",D.XM.EUR.A,D,XM,EUR,A,2019-07-01,0.881135,,A,F
"BIS,WS_XRU,1.0",D.XM.EUR.A,D,XM,EUR,A,2019-07-02,0.884877,,A,F
"BIS,WS_XRU,1.0",D.XM.EUR.A,D,XM,EUR,A,2019-07-03,0.885504,,A,F
"BIS,WS_XRU,1.0",D.XM.EUR.A,D,XM,EUR,A,2019-07-04,0.885897,,A,F
"BIS,WS_XRU,1.0",D.XM.EUR.A,D,XM,EUR,A,2019-07-05,0.888099,,A,F
"BIS,WS_XRU,1.0",D.XM.EUR.A,D,XM,EUR,A,2019-07-08,0.891663,,A,F
"BIS,WS_XRU,1.0",D.XM.EUR.A,D,XM,EUR,A,2019-07-09,0.892459,,A,F
"BIS,WS_XRU,1.0",D.XM.EUR.A,D,XM,EUR,A,2019-07-10,0.891266,,A,F
"BIS,WS_XRU,1.0",D.XM.EUR.A,D,XM,EUR,A,2019-07-11,0.886132,,A,F
"BIS,WS_XRU,1.0",D.XM.EUR.A,D,XM,EUR,A,2019-07-12,0.888652,,A,F
"BIS,WS_XRU,1.0",D.XM.EUR.A,D,XM,EUR,A,2019-07-15,0.88739,,A,F
"BIS,WS_XRU,1.0",D.XM.EUR.A,D,XM,EUR,A,2019-07-16,0.891027,,A,F
"BIS,WS_XRU,1.0",D.XM.EUR.A,D,XM,EUR,A,2019-07-17,0.891663,,A,F
"BIS,WS_XRU,1.0",D.XM.EUR.A,D,XM,EUR,A,2019-07-18,0.891583,,A,F
"BIS,WS_XRU,1.0",D.XM.EUR.A,D,XM,EUR,A,2019-07-19,0.890789,,A,F
"BIS,WS_XRU,1.0",D.XM.EUR.A,D,XM,EUR,A,2019-07-22,0.891663,,A,F
"BIS,WS_XRU,1.0",D.XM.EUR.A,D,XM,EUR,A,2019-07-23,0.895015,,A,F
"BIS,WS_XRU,1.0",D.XM.EUR.A,D,XM,EUR,A,2019-07-24,0.897666,,A,F
"BIS,WS_XRU,1.0",D.XM.EUR.A,D,XM,EUR,A,2019-07-25,0.899685,,A,F
"BIS,WS_XRU,1.0",D.XM.EUR.A,D,XM,EUR,A,2019-07-26,0.897827,,A,F
"BIS,WS_XRU,1.0",D.XM.EUR.A,D,XM,EUR,A,2019-07-29,0.899361,,A,F
"BIS,WS_XRU,1.0",D.XM.EUR.A,D,XM,EUR,A,2019-07-30,0.896539,,A,F
"BIS,WS_XRU,1.0",D.XM.EUR.A,D,XM,EUR,A,2019-07-31,0.896781,,A,F
"BIS,WS_XRU,1.0",D.XM.EUR.A,D,XM,EUR,A,2019-08-01,0.906043,,A,F
"BIS,WS_XRU,1.0",D.XM.EUR.A,D,XM,EUR,A,2019-08-02,0.900414,,A,F
"BIS,WS_XRU,1.0",D.XM.EUR.A,D,XM,EUR,A,2019-08-05,0.894294,,A,F
"BIS,WS_XRU,1.0",D.XM.EUR.A,D,XM,EUR,A,2019-08-06,0.893895,,A,F
"BIS,WS_XRU,1.0",D.XM.EUR.A,D,XM,EUR,A,2019-08-07,0.892698,,A,F
"BIS,WS_XRU,1.0",D.XM.EUR.A,D,XM,EUR,A,2019-08-08,0.893416,,A,F
"BIS,WS_XRU,1.0",D.XM.EUR.A,D,XM,EUR,A,2019-08-09,0.893017,,A,F
"BIS,WS_XRU,1.0",D.XM.EUR.A,D,XM,EUR,A,2019-08-12,0.893336,,A,F
"BIS,WS_XRU,1.0",D.XM.EUR.A,D,XM,EUR,A,2019-08-13,0.891107,,A,F
"BIS,WS_XRU,1.0",D.XM.EUR.A,D,XM,EUR,A,2019-08-14,0.893815,,A,F
"BIS,WS_XRU,1.0",D.XM.EUR.A,D,XM,EUR,A,2019-08-15,0.896861,,A,F
"BIS,WS_XRU,1.0",D.XM.EUR.A,D,XM,EUR,A,2019-08-16,0.902853,,A,F
"BIS,WS_XRU,1.0",D.XM.EUR.A,D,XM,EUR,A,2019-08-19,0.900657,,A,F
"BIS,WS_XRU,1.0",D.XM.EUR.A,D,XM,EUR,A,2019-08-20,0.902853,,A,F
"BIS,WS_XRU,1.0",D.XM.EUR.A,D,XM,EUR,A,2019-08-21,0.900576,,A,F
"BIS,WS_XRU,1.0",D.XM.EUR.A,D,XM,EUR,A,2019-08-22,0.902283,,A,F
"BIS,WS_XRU,1.0",D.XM.EUR.A,D,XM,EUR,A,2019-08-23,0.903751,,A,F
"BIS,WS_XRU,1.0",D.XM.EUR.A,D,XM,EUR,A,2019-08-26,0.899604,,A,F
"BIS,WS_XRU,1.0",D.XM.EUR.A,D,XM,EUR,A,2019-08-27,0.900576,,A,F
"BIS,WS_XRU,1.0",D.XM.EUR.A,D,XM,EUR,A,2019-08-28,0.902283,,A,F
"BIS,WS_XRU,1.0",D.XM.EUR.A,D,XM,EUR,A,2019-08-29,0.903179,,A,F
"BIS,WS_XRU,1.0",D.XM.EUR.A,D,XM,EUR,A,2019-08-30,0.906125,,A,F
"BIS,WS_XRU,1.0",D.XM.EUR.A,D,XM,EUR,A,2019-09-02,0.911743,,A,F
"BIS,WS_XRU,1.0",D.XM.EUR.A,D,XM,EUR,A,2019-09-03,0.914328,,A,F
"BIS,WS_XRU,1.0",D.XM.EUR.A,D,XM,EUR,A,2019-09-04,0.907606,,A,F
"BIS,WS_XRU,1.0",D.XM.EUR.A,D,XM,EUR,A,2019-09-05,0.904323,,A,F
"BIS,WS_XRU,1.0",D.XM.EUR.A,D,XM,EUR,A,2019-09-06,0.906865,,A,F
"BIS,WS_XRU,1.0",D.XM.EUR.A,D,XM,EUR,A,2019-09-09,0.906372,,A,F
"BIS,WS_XRU,1.0",D.XM.EUR.A,D,XM,EUR,A,2019-09-10,0.905797,,A,F
"BIS,WS_XRU,1.0",D.XM.EUR.A,D,XM,EUR,A,2019-09-11,0.908843,,A,F
"BIS,WS_XRU,1.0",D.XM.EUR.A,D,XM,EUR,A,2019-09-12,0.912159,,A,F
"BIS,WS_XRU,1.0",D.XM.EUR.A,D,XM,EUR,A,2019-09-13,0.901226,,A,F
"BIS,WS_XRU,1.0",D.XM.EUR.A,D,XM,EUR,A,2019-09-16,0.906536,,A,F
"BIS,WS_XRU,1.0",D.XM.EUR.A,D,XM,EUR,A,2019-09-17,0.906947,,A,F
"BIS,WS_XRU,1.0",D.XM.EUR.A,D,XM,EUR,A,2019-09-18,0.904732,,A,F
"BIS,WS_XRU,1.0",D.XM.EUR.A,D,XM,EUR,A,2019-09-19,0.903587,,A,F
"BIS,WS_XRU,1.0",D.XM.EUR.A,D,XM,EUR,A,2019-09-20,0.906618,,A,F
"BIS,WS_XRU,1.0",D.XM.EUR.A,D,XM,EUR,A,2019-09-23,0.910332,,A,F
"BIS,WS_XRU,1.0",D.XM.EUR.A,D,XM,EUR,A,2019-09-24,0.908843,,A,F
"BIS,WS_XRU,1.0",D.XM.EUR.A,D,XM,EUR,A,2019-09-25,0.910581,,A,F
"BIS,WS_XRU,1.0",D.XM.EUR.A,D,XM,EUR,A,2019-09-26,0.914244,,A,F
"BIS,WS_XRU,1.0",D.XM.EUR.A,D,XM,EUR,A,2019-09-27,0.914495,,A,F
"BIS,WS_XRU,1.0",D.XM.EUR.A,D,XM,EUR,A,2019-09-30,0.918358,,A,F
"BIS,WS_XRU,1.0",D.XM.EUR.A,D,XM,EUR,A,2019-10-01,0.9176,,A,F
"BIS,WS_XRU,1.0",D.XM.EUR.A,D,XM,EUR,A,2019-10-02,0.915332,,A,F
"BIS,WS_XRU,1.0",D.XM.EUR.A,D,XM,EUR,A,2019-10-03,0.913159,,A,F
"BIS,WS_XRU,1.0",D.XM.EUR.A,D,XM,EUR,A,2019-10-04,0.91083,,A,F
"BIS,WS_XRU,1.0",D.XM.EUR.A,D,XM,EUR,A,2019-10-07,0.90967,,A,F
"BIS,WS_XRU,1.0",D.XM.EUR.A,D,XM,EUR,A,2019-10-08,0.910249,,A,F
"BIS,WS_XRU,1.0",D.XM.EUR.A,D,XM,EUR,A,2019-10-09,0.910664,,A,F
"BIS,WS_XRU,1.0",D.XM.EUR.A,D,XM,EUR,A,2019-10-10,0.906618,,A,F
"BIS,WS_XRU,1.0",D.XM.EUR.A,D,XM,EUR,A,2019-10-11,0.905551,,A,F
"BIS,WS_XRU,1.0",D.XM.EUR.A,D,XM,EUR,A,2019-10-14,0.906536,,A,F
"BIS,WS_XRU,1.0",D.XM.EUR.A,D,XM,EUR,A,2019-10-15,0.908513,,A,F
"BIS,WS_XRU,1.0",D.XM.EUR.A,D,XM,EUR,A,2019-10-16,0.907029,,A,F
"BIS,WS_XRU,1.0",D.XM.EUR.A,D,XM,EUR,A,2019-10-17,0.899847,,A,F
"BIS,WS_XRU,1.0",D.XM.EUR.A,D,XM,EUR,A,2019-10-18,0.897344,,A,F
"BIS,WS_XRU,1.0",D.XM.EUR.A,D,XM,EUR,A,2019-10-21,0.895015,,A,F
"BIS,WS_XRU,1.0",D.XM.EUR.A,D,XM,EUR,A,2019-10-22,0.898473,,A,F
"BIS,WS_XRU,1.0",D.XM.EUR.A,D,XM,EUR,A,2019-10-23,0.899038,,A,F
"BIS,WS_XRU,1.0",D.XM.EUR.A,D,XM,EUR,A,2019-10-24,0.898634,,A,F
"BIS,WS_XRU,1.0",D.XM.EUR.A,D,XM,EUR,A,2019-10-25,0.900333,,A,F
"BIS,WS_XRU,1.0",D.XM.EUR.A,D,XM,EUR,A,2019-10-28,0.901957,,A,F
"BIS,WS_XRU,1.0",D.XM.EUR.A,D,XM,EUR,A,2019-10-29,0.901307,,A,F
"BIS,WS_XRU,1.0",D.XM.EUR.A,D,XM,EUR,A,2019-10-30,0.900414,,A,F
"BIS,WS_XRU,1.0",D.XM.EUR.A,D,XM,EUR,A,2019-10-31,0.896539,,A,F
"BIS,WS_XRU,1.0",D.XM.EUR.A,D,XM,EUR,A,2019-11-01,0.897747,,A,F
"BIS,WS_XRU,1.0",D.XM.EUR.A,D,XM,EUR,A,2019-11-04,0.896218,,A,F
"BIS,WS_XRU,1.0",D.XM.EUR.A,D,XM,EUR,A,2019-11-05,0.900171,,A,F
"BIS,WS_XRU,1.0",D.XM.EUR.A,D,XM,EUR,A,2019-11-06,0.901713,,A,F
"BIS,WS_XRU,1.0",D.XM.EUR.A,D,XM,EUR,A,2019-11-07,0.902772,,A,F
"BIS,WS_XRU,1.0",D.XM.EUR.A,D,XM,EUR,A,2019-11-08,0.90629,,A,F
"BIS,WS_XRU,1.0",D.XM.EUR.A,D,XM,EUR,A,2019-11-11,0.905715,,A,F
"BIS,WS_XRU,1.0",D.XM.EUR.A,D,XM,EUR,A,2019-11-12,0.907853,,A,F
"BIS,WS_XRU,1.0",D.XM.EUR.A,D,XM,EUR,A,2019-11-13,0.908595,,A,F
"BIS,WS_XRU,1.0",D.XM.EUR.A,D,XM,EUR,A,2019-11-14,0.909339,,A,F
"BIS,WS_XRU,1.0",D.XM.EUR.A,D,XM,EUR,A,2019-11-15,0.90629,,A,F
"BIS,WS_XRU,1.0",D.XM.EUR.A,D,XM,EUR,A,2019-11-18,0.904077,,A,F
"BIS,WS_XRU,1.0",D.XM.EUR.A,D,XM,EUR,A,2019-11-19,0.902772,,A,F
"BIS,WS_XRU,1.0",D.XM.EUR.A,D,XM,EUR,A,2019-11-20,0.904241,,A,F
"BIS,WS_XRU,1.0",D.XM.EUR.A,D,XM,EUR,A,2019-11-21,0.901632,,A,F
"BIS,WS_XRU,1.0",D.XM.EUR.A,D,XM,EUR,A,2019-11-22,0.904323,,A,F
"BIS,WS_XRU,1.0",D.XM.EUR.A,D,XM,EUR,A,2019-11-25,0.90843,,A,F
"BIS,WS_XRU,1.0",D.XM.EUR.A,D,XM,EUR,A,2019-11-26,0.907441,,A,F
"BIS,WS_XRU,1.0",D.XM.EUR.A,D,XM,EUR,A,2019-11-27,0.908348,,A,F
"BIS,WS_XRU,1.0",D.XM.EUR.A,D,XM,EUR,A,2019-11-28,0.908678,,A,F
"BIS,WS_XRU,1.0",D.XM.EUR.A,D,XM,EUR,A,2019-11-29,0.910581,,A,F
"BIS,WS_XRU,1.0",D.XM.EUR.A,D,XM,EUR,A,2019-12-02,0.907194,,A,F
"BIS,WS_XRU,1.0",D.XM.EUR.A,D,XM,EUR,A,2019-12-03,0.903261,,A,F
"BIS,WS_XRU,1.0",D.XM.EUR.A,D,XM,EUR,A,2019-12-04,0.902446,,A,F
"BIS,WS_XRU,1.0",D.XM.EUR.A,D,XM,EUR,A,2019-12-05,0.901388,,A,F
"BIS,WS_XRU,1.0",D.XM.EUR.A,D,XM,EUR,A,2019-12-06,0.901388,,A,F
"BIS,WS_XRU,1.0",D.XM.EUR.A,D,XM,EUR,A,2019-12-09,0.902935,,A,F
"BIS,WS_XRU,1.0",D.XM.EUR.A,D,XM,EUR,A,2019-12-10,0.902772,,A,F
"BIS,WS_XRU,1.0",D.XM.EUR.A,D,XM,EUR,A,2019-12-11,0.902935,,A,F
"BIS,WS_XRU,1.0",D.XM.EUR.A,D,XM,EUR,A,2019-12-12,0.897908,,A,F
"BIS,WS_XRU,1.0",D.XM.EUR.A,D,XM,EUR,A,2019-12-13,0.894935,,A,F
"BIS,WS_XRU,1.0",D.XM.EUR.A,D,XM,EUR,A,2019-12-16,0.897183,,A,F
"BIS,WS_XRU,1.0",D.XM.EUR.A,D,XM,EUR,A,2019-12-17,0.895897,,A,F
"BIS,WS_XRU,1.0",D.XM.EUR.A,D,XM,EUR,A,2019-12-18,0.899685,,A,F
"BIS,WS_XRU,1.0",D.XM.EUR.A,D,XM,EUR,A,2019-12-19,0.899523,,A,F
"BIS,WS_XRU,1.0",D.XM.EUR.A,D,XM,EUR,A,2019-12-20,0.901144,,A,F
"BIS,WS_XRU,1.0",D.XM.EUR.A,D,XM,EUR,A,2019-12-23,0.902935,,A,F
"BIS,WS_XRU,1.0",D.XM.EUR.A,D,XM,EUR,A,2019-12-24,0.902527,,A,F
"BIS,WS_XRU,1.0",D.XM.EUR.A,D,XM,EUR,A,2019-12-27,0.89662,,A,F
"BIS,WS_XRU,1.0",D.XM.EUR.A,D,XM,EUR,A,2019-12-30,0.893735,,A,F
"BIS,WS_XRU,1.0",D.XM.EUR.A,D,XM,EUR,A,2019-12-31,0.890155,,A,F
"BIS,WS_XRU,1.0",D.XM.EUR.A,D,XM,EUR,A,2020-01-02,0.893416,,A,F
"BIS,WS_XRU,1.0",D.XM.EUR.A,D,XM,EUR,A,2020-01-03,0.897102,,A,F
"BIS,WS_XRU,1.0",D.XM.EUR.A,D,XM,EUR,A,2020-01-06,0.893336,,A,F
"BIS,WS_XRU,1.0",D.XM.EUR.A,D,XM,EUR,A,2020-01-07,0.895095,,A,F
"BIS,WS_XRU,1.0",D.XM.EUR.A,D,XM,EUR,A,2020-01-08,0.899685,,A,F
"BIS,WS_XRU,1.0",D.XM.EUR.A,D,XM,EUR,A,2020-01-09,0.90009,,A,F
"BIS,WS_XRU,1.0",D.XM.EUR.A,D,XM,EUR,A,2020-01-10,0.901632,,A,F
"BIS,WS_XRU,1.0",D.XM.EUR.A,D,XM,EUR,A,2020-01-13,0.898796,,A,F
"BIS,WS_XRU,1.0",D.XM.EUR.A,D,XM,EUR,A,2020-01-14,0.899685,,A,F
"BIS,WS_XRU,1.0",D.XM.EUR.A,D,XM,EUR,A,2020-01-15,0.897505,,A,F
"BIS,WS_XRU,1.0",D.XM.EUR.A,D,XM,EUR,A,2020-01-16,0.895335,,A,F
"BIS,WS_XRU,1.0",D.XM.EUR.A,D,XM,EUR,A,2020-01-17,0.900252,,A,F
"BIS,WS_XRU,1.0",D.XM.EUR.A,D,XM,EUR,A,2020-01-20,0.90212,,A,F
"BIS,WS_XRU,1.0",D.XM.EUR.A,D,XM,EUR,A,2020-01-21,0.899685,,A,F
"BIS,WS_XRU,1.0",D.XM.EUR.A,D,XM,EUR,A,2020-01-22,0.901876,,A,F
"BIS,WS_XRU,1.0",D.XM.EUR.A,D,XM,EUR,A,2020-01-23,0.901632,,A,F
"BIS,WS_XRU,1.0",D.XM.EUR.A,D,XM,EUR,A,2020-01-24,0.906208,,A,F
"BIS,WS_XRU,1.0",D.XM.EUR.A,D,XM,EUR,A,2020-01-27,0.907029,,A,F
"BIS,WS_XRU,1.0",D.XM.EUR.A,D,XM,EUR,A,2020-01-28,0.908678,,A,F
"BIS,WS_XRU,1.0",D.XM.EUR.A,D,XM,EUR,A,2020-01-29,0.909008,,A,F
"BIS,WS_XRU,1.0",D.XM.EUR.A,D,XM,EUR,A,2020-01-30,0.906701,,A,F
"BIS,WS_XRU,1.0",D.XM.EUR.A,D,XM,EUR,A,2020-01-31,0.904814,,A,F
"BIS,WS_XRU,1.0",D.XM.EUR.A,D,XM,EUR,A,2020-02-03,0.903669,,A,F
"BIS,WS_XRU,1.0",D.XM.EUR.A,D,XM,EUR,A,2020-02-04,0.905141,,A,F
"BIS,WS_XRU,1.0",D.XM.EUR.A,D,XM,EUR,A,2020-02-05,0.907194,,A,F
"BIS,WS_XRU,1.0",D.XM.EUR.A,D,XM,EUR,A,2020-02-06,0.908843,,A,F
"BIS,WS_XRU,1.0",D.XM.EUR.A,D,XM,EUR,A,2020-02-07,0.91166,,A,F
"BIS,WS_XRU,1.0",D.XM.EUR.A,D,XM,EUR,A,2020-02-10,0.913159,,A,F
"BIS,WS_XRU,1.0",D.XM.EUR.A,D,XM,EUR,A,2020-02-11,0.917347,,A,F
"BIS,WS_XRU,1.0",D.XM.EUR.A,D,XM,EUR,A,2020-02-12,0.916254,,A,F
"BIS,WS_XRU,1.0",D.XM.EUR.A,D,XM,EUR,A,2020-02-13,0.920217,,A,F
"BIS,WS_XRU,1.0",D.XM.EUR.A,D,XM,EUR,A,2020-02-14,0.922339,,A,F
"BIS,WS_XRU,1.0",D.XM.EUR.A,D,XM,EUR,A,2020-02-17,0.922935,,A,F
"BIS,WS_XRU,1.0",D.XM.EUR.A,D,XM,EUR,A,2020-02-18,0.924556,,A,F
"BIS,WS_XRU,1.0",D.XM.EUR.A,D,XM,EUR,A,2020-02-19,0.925926,,A,F
"BIS,WS_XRU,1.0",D.XM.EUR.A,D,XM,EUR,A,2020-02-20,0.926784,,A,F
"BIS,WS_XRU,1.0",D.XM.EUR.A,D,XM,EUR,A,2020-02-21,0.92584,,A,F
"BIS,WS_XRU,1.0",D.XM.EUR.A,D,XM,EUR,A,2020-02-24,0.924385,,A,F
"BIS,WS_XRU,1.0",D.XM.EUR.A,D,XM,EUR,A,2020-02-25,0.922509,,A,F
"BIS,WS_XRU,1.0",D.XM.EUR.A,D,XM,EUR,A,2020-02-26,0.91954,,A,F
"BIS,WS_XRU,1.0",D.XM.EUR.A,D,XM,EUR,A,2020-02-27,0.912076,,A,F
"BIS,WS_XRU,1.0",D.XM.EUR.A,D,XM,EUR,A,2020-02-28,0.910996,,A,F
"BIS,WS_XRU,1.0",D.XM.EUR.A,D,XM,EUR,A,2020-03-02,0.899119,,A,F
"BIS,WS_XRU,1.0",D.XM.EUR.A,D,XM,EUR,A,2020-03-03,0.899523,,A,F
"BIS,WS_XRU,1.0",D.XM.EUR.A,D,XM,EUR,A,2020-03-04,0.898876,,A,F
"BIS,WS_XRU,1.0",D.XM.EUR.A,D,XM,EUR,A,2020-03-05,0.893895,,A,F
"BIS,WS_XRU,1.0",D.XM.EUR.A,D,XM,EUR,A,2020-03-06,0.882145,,A,F
"BIS,WS_XRU,1.0",D.XM.EUR.A,D,XM,EUR,A,2020-03-09,0.872905,,A,F
"BIS,WS_XRU,1.0",D.XM.EUR.A,D,XM,EUR,A,2020-03-10,0.877963,,A,F
"BIS,WS_XRU,1.0",D.XM.EUR.A,D,XM,EUR,A,2020-03-11,0.882145,,A,F
"BIS,WS_XRU,1.0",D.XM.EUR.A,D,XM,EUR,A,2020-03-12,0.88968,,A,F
"BIS,WS_XRU,1.0",D.XM.EUR.A,D,XM,EUR,A,2020-03-13,0.900576,,A,F
"BIS,WS_XRU,1.0",D.XM.EUR.A,D,XM,EUR,A,2020-03-16,0.896298,,A,F
"BIS,WS_XRU,1.0",D.XM.EUR.A,D,XM,EUR,A,2020-03-17,0.910581,,A,F
"BIS,WS_XRU,1.0",D.XM.EUR.A,D,XM,EUR,A,2020-03-18,0.914578,,A,F
"BIS,WS_XRU,1.0",D.XM.EUR.A,D,XM,EUR,A,2020-03-19,0.92584,,A,F
"BIS,WS_XRU,1.0",D.XM.EUR.A,D,XM,EUR,A,2020-03-20,0.933968,,A,F
"BIS,WS_XRU,1.0",D.XM.EUR.A,D,XM,EUR,A,2020-03-23,0.927386,,A,F
"BIS,WS_XRU,1.0",D.XM.EUR.A,D,XM,EUR,A,2020-03-24,0.922254,,A,F
"BIS,WS_XRU,1.0",D.XM.EUR.A,D,XM,EUR,A,2020-03-25,0.923617,,A,F
"BIS,WS_XRU,1.0",D.XM.EUR.A,D,XM,EUR,A,2020-03-26,0.910664,,A,F
"BIS,WS_XRU,1.0",D.XM.EUR.A,D,XM,EUR,A,2020-03-27,0.910996,,A,F
"BIS,WS_XRU,1.0",D.XM.EUR.A,D,XM,EUR,A,2020-03-30,0.90629,,A,F
"BIS,WS_XRU,1.0",D.XM.EUR.A,D,XM,EUR,A,2020-03-31,0.912742,,A,F
"BIS,WS_XRU,1.0",D.XM.EUR.A,D,XM,EUR,A,2020-04-01,0.914411,,A,F
"BIS,WS_XRU,1.0",D.XM.EUR.A,D,XM,EUR,A,2020-04-02,0.916926,,A,F
"BIS,WS_XRU,1.0",D.XM.EUR.A,D,XM,EUR,A,2020-04-03,0.927214,,A,F
"BIS,WS_XRU,1.0",D.XM.EUR.A,D,XM,EUR,A,2020-04-06,0.926698,,A,F
"BIS,WS_XRU,1.0",D.XM.EUR.A,D,XM,EUR,A,2020-04-07,0.918695,,A,F
"BIS,WS_XRU,1.0",D.XM.EUR.A,D,XM,EUR,A,2020-04-08,0.919879,,A,F
"BIS,WS_XRU,1.0",D.XM.EUR.A,D,XM,EUR,A,2020-04-09,0.920217,,A,F
"BIS,WS_XRU,1.0",D.XM.EUR.A,D,XM,EUR,A,2020-04-14,0.912159,,A,F
"BIS,WS_XRU,1.0",D.XM.EUR.A,D,XM,EUR,A,2020-04-15,0.917179,,A,F
"BIS,WS_XRU,1.0",D.XM.EUR.A,D,XM,EUR,A,2020-04-16,0.918442,,A,F
"BIS,WS_XRU,1.0",D.XM.EUR.A,D,XM,EUR,A,2020-04-17,0.92081,,A,F
"BIS,WS_XRU,1.0",D.XM.EUR.A,D,XM,EUR,A,2020-04-20,0.92081,,A,F
"BIS,WS_XRU,1.0",D.XM.EUR.A,D,XM,EUR,A,2020-04-21,0.922765,,A,F
"BIS,WS_XRU,1.0",D.XM.EUR.A,D,XM,EUR,A,2020-04-22,0.920217,,A,F
"BIS,WS_XRU,1.0",D.XM.EUR.A,D,XM,EUR,A,2020-04-23,0.928333,,A,F
"BIS,WS_XRU,1.0",D.XM.EUR.A,D,XM,EUR,A,2020-04-24,0.925926,,A,F
"BIS,WS_XRU,1.0",D.XM.EUR.A,D,XM,EUR,A,2020-04-27,0.921489,,A,F
"BIS,WS_XRU,1.0",D.XM.EUR.A,D,XM,EUR,A,2020-04-28,0.919371,,A,F
"BIS,WS_XRU,1.0",D.XM.EUR.A,D,XM,EUR,A,2020-04-29,0.922339,,A,F
"BIS,WS_XRU,1.0",D.XM.EUR.A,D,XM,EUR,A,2020-04-30,0.919456,,A,F
"BIS,WS_XRU,1.0",D.XM.EUR.A,D,XM,EUR,A,2020-05-04,0.91391,,A,F
"BIS,WS_XRU,1.0",D.XM.EUR.A,D,XM,EUR,A,2020-05-05,0.922254,,A,F
"BIS,WS_XRU,1.0",D.XM.EUR.A,D,XM,EUR,A,2020-05-06,0.925326,,A,F
"BIS,WS_XRU,1.0",D.XM.EUR.A,D,XM,EUR,A,2020-05-07,0.927386,,A,F
"BIS,WS_XRU,1.0",D.XM.EUR.A,D,XM,EUR,A,2020-05-08,0.922254,,A,F
"BIS,WS_XRU,1.0",D.XM.EUR.A,D,XM,EUR,A,2020-05-11,0.923873,,A,F
"BIS,WS_XRU,1.0",D.XM.EUR.A,D,XM,EUR,A,2020-05-12,0.92098,,A,F
"BIS,WS_XRU,1.0",D.XM.EUR.A,D,XM,EUR,A,2020-05-13,0.91954,,A,F
"BIS,WS_XRU,1.0",D.XM.EUR.A,D,XM,EUR,A,2020-05-14,0.926612,,A,F
"BIS,WS_XRU,1.0",D.XM.EUR.A,D,XM,EUR,A,2020-05-15,0.926097,,A,F
"BIS,WS_XRU,1.0",D.XM.EUR.A,D,XM,EUR,A,2020-05-18,0.923191,,A,F
"BIS,WS_XRU,1.0",D.XM.EUR.A,D,XM,EUR,A,2020-05-19,0.913242,,A,F
"BIS,WS_XRU,1.0",D.XM.EUR.A,D,XM,EUR,A,2020-05-20,0.912575,,A,F
"BIS,WS_XRU,1.0",D.XM.EUR.A,D,XM,EUR,A,2020-05-21,0.909091,,A,F
"BIS,WS_XRU,1.0",D.XM.EUR.A,D,XM,EUR,A,2020-05-22,0.917095,,A,F
"BIS,WS_XRU,1.0",D.XM.EUR.A,D,XM,EUR,A,2020-05-25,0.91659,,A,F
"BIS,WS_XRU,1.0",D.XM.EUR.A,D,XM,EUR,A,2020-05-26,0.911162,,A,F
"BIS,WS_XRU,1.0",D.XM.EUR.A,D,XM,EUR,A,2020-05-27,0.909835,,A,F
"BIS,WS_XRU,1.0",D.XM.EUR.A,D,XM,EUR,A,2020-05-28,0.907771,,A,F
"BIS,WS_XRU,1.0",D.XM.EUR.A,D,XM,EUR,A,2020-05-29,0.897989,,A,F
"BIS,WS_XRU,1.0",D.XM.EUR.A,D,XM,EUR,A,2020-06-01,0.899604,,A,F
"BIS,WS_XRU,1.0",D.XM.EUR.A,D,XM,EUR,A,2020-06-02,0.894935,,A,F
"BIS,WS_XRU,1.0",D.XM.EUR.A,D,XM,EUR,A,2020-06-03,0.893336,,A,F
"BIS,WS_XRU,1.0",D.XM.EUR.A,D,XM,EUR,A,2020-06-04,0.888889,,A,F
"BIS,WS_XRU,1.0",D.XM.EUR.A,D,XM,EUR,A,2020-06-05,0.882613,,A,F
"BIS,WS_XRU,1.0",D.XM.EUR.A,D,XM,EUR,A,2020-06-08,0.886132,,A,F
"BIS,WS_XRU,1.0",D.XM.EUR.A,D,XM,EUR,A,2020-06-09,0.885426,,A,F
"BIS,WS_XRU,1.0",D.XM.EUR.A,D,XM,EUR,A,2020-06-10,0.879121,,A,F
"BIS,WS_XRU,1.0",D.XM.EUR.A,D,XM,EUR,A,2020-06-11,0.881213,,A,F
"BIS,WS_XRU,1.0",D.XM.EUR.A,D,XM,EUR,A,2020-06-12,0.884643,,A,F
"BIS,WS_XRU,1.0",D.XM.EUR.A,D,XM,EUR,A,2020-06-15,0.888652,,A,F
"BIS,WS_XRU,1.0",D.XM.EUR.A,D,XM,EUR,A,2020-06-16,0.88433,,A,F
"BIS,WS_XRU,1.0",D.XM.EUR.A,D,XM,EUR,A,2020-06-17,0.890313,,A,F
"BIS,WS_XRU,1.0",D.XM.EUR.A,D,XM,EUR,A,2020-06-18,0.891107,,A,F
"BIS,WS_XRU,1.0",D.XM.EUR.A,D,XM,EUR,A,2020-06-19,0.892061,,A,F
"BIS,WS_XRU,1.0",D.XM.EUR.A,D,XM,EUR,A,2020-06-22,0.891822,,A,F
"BIS,WS_XRU,1.0",D.XM.EUR.A,D,XM,EUR,A,2020-06-23,0.883548,,A,F
"BIS,WS_XRU,1.0",D.XM.EUR.A,D,XM,EUR,A,2020-06-24,0.886525,,A,F
"BIS,WS_XRU,1.0",D.XM.EUR.A,D,XM,EUR,A,2020-06-25,0.892857,,A,F
"BIS,WS_XRU,1.0",D.XM.EUR.A,D,XM,EUR,A,2020-06-26,0.891822,,A,F
"BIS,WS_XRU,1.0",D.XM.EUR.A,D,XM,EUR,A,2020-06-29,0.886211,,A,F
"BIS,WS_XRU,1.0",D.XM.EUR.A,D,XM,EUR,A,2020-06-30,0.893017,,A,F
"BIS,WS_XRU,1.0",D.XM.EUR.A,D,XM,EUR,A,2020-07-01,0.892857,,A,F
"BIS,WS_XRU,1.0",D.XM.EUR.A,D,XM,EUR,A,2020-07-02,0.886054,,A,F
"BIS,WS_XRU,1.0",D.XM.EUR.A,D,XM,EUR,A,2020-07-03,0.890948,,A,F
"BIS,WS_XRU,1.0",D.XM.EUR.A,D,XM,EUR,A,2020-07-06,0.883002,,A,F
"BIS,WS_XRU,1.0",D.XM.EUR.A,D,XM,EUR,A,2020-07-07,0.88574,,A,F
"BIS,WS_XRU,1.0",D.XM.EUR.A,D,XM,EUR,A,2020-07-08,0.886054,,A,F
"BIS,WS_XRU,1.0",D.XM.EUR.A,D,XM,EUR,A,2020-07-09,0.881679,,A,F
"BIS,WS_XRU,1.0",D.XM.EUR.A,D,XM,EUR,A,2020-07-10,0.886839,,A,F
"BIS,WS_XRU,1.0",D.XM.EUR.A,D,XM,EUR,A,2020-07-13,0.88269,,A,F
"BIS,WS_XRU,1.0",D.XM.EUR.A,D,XM,EUR,A,2020-07-14,0.879121,,A,F
"BIS,WS_XRU,1.0",D.XM.EUR.A,D,XM,EUR,A,2020-07-15,0.87382,,A,F
"BIS,WS_XRU,1.0",D.XM.EUR.A,D,XM,EUR,A,2020-07-16,0.876117,,A,F
"BIS,WS_XRU,1.0",D.XM.EUR.A,D,XM,EUR,A,2020-07-17,0.875044,,A,F
"BIS,WS_XRU,1.0",D.XM.EUR.A,D,XM,EUR,A,2020-07-20,0.873515,,A,F
"BIS,WS_XRU,1.0",D.XM.EUR.A,D,XM,EUR,A,2020-07-21,0.873897,,A,F
"BIS,WS_XRU,1.0",D.XM.EUR.A,D,XM,EUR,A,2020-07-22,0.863707,,A,F
"BIS,WS_XRU,1.0",D.XM.EUR.A,D,XM,EUR,A,2020-07-23,0.864379,,A,F
"BIS,WS_XRU,1.0",D.XM.EUR.A,D,XM,EUR,A,2020-07-24,0.861475,,A,F
"BIS,WS_XRU,1.0",D.XM.EUR.A,D,XM,EUR,A,2020-07-27,0.85034,,A,F
"BIS,WS_XRU,1.0",D.XM.EUR.A,D,XM,EUR,A,2020-07-28,0.853461,,A,F
"BIS,WS_XRU,1.0",D.XM.EUR.A,D,XM,EUR,A,2020-07-29,0.852878,,A,F
"BIS,WS_XRU,1.0",D.XM.EUR.A,D,XM,EUR,A,2020-07-30,0.851571,,A,F
"BIS,WS_XRU,1.0",D.XM.EUR.A,D,XM,EUR,A,2020-07-31,0.844024,,A,F
"BIS,WS_XRU,1.0",D.XM.EUR.A,D,XM,EUR,A,2020-08-03,0.852806,,A,F
"BIS,WS_XRU,1.0",D.XM.EUR.A,D,XM,EUR,A,2020-08-04,0.849979,,A,F
"BIS,WS_XRU,1.0",D.XM.EUR.A,D,XM,EUR,A,2020-08-05,0.843597,,A,F
"BIS,WS_XRU,1.0",D.XM.EUR.A,D,XM,EUR,A,2020-08-06,0.844381,,A,F
"BIS,WS_XRU,1.0",D.XM.EUR.A,D,XM,EUR,A,2020-08-07,0.846238,,A,F
"BIS,WS_XRU,1.0",D.XM.EUR.A,D,XM,EUR,A,2020-08-10,0.850123,,A,F
"BIS,WS_XRU,1.0",D.XM.EUR.A,D,XM,EUR,A,2020-08-11,0.84868,,A,F
"BIS,WS_XRU,1.0",D.XM.EUR.A,D,XM,EUR,A,2020-08-12,0.849545,,A,F
"BIS,WS_XRU,1.0",D.XM.EUR.A,D,XM,EUR,A,2020-08-13,0.845094,,A,F
"BIS,WS_XRU,1.0",D.XM.EUR.A,D,XM,EUR,A,2020-08-14,0.846525,,A,F
"BIS,WS_XRU,1.0",D.XM.EUR.A,D,XM,EUR,A,2020-08-17,0.843668,,A,F
"BIS,WS_XRU,1.0",D.XM.EUR.A,D,XM,EUR,A,2020-08-18,0.839913,,A,F
"BIS,WS_XRU,1.0",D.XM.EUR.A,D,XM,EUR,A,2020-08-19,0.838012,,A,F
"BIS,WS_XRU,1.0",D.XM.EUR.A,D,XM,EUR,A,2020-08-20,0.843882,,A,F
"BIS,WS_XRU,1.0",D.XM.EUR.A,D,XM,EUR,A,2020-08-21,0.84969,,A,F
"BIS,WS_XRU,1.0",D.XM.EUR.A,D,XM,EUR,A,2020-08-24,0.844096,,A,F
"BIS,WS_XRU,1.0",D.XM.EUR.A,D,XM,EUR,A,2020-08-25,0.846453,,A,F
"BIS,WS_XRU,1.0",D.XM.EUR.A,D,XM,EUR,A,2020-08-26,0.848248,,A,F
"BIS,WS_XRU,1.0",D.XM.EUR.A,D,XM,EUR,A,2020-08-27,0.847027,,A,F
"BIS,WS_XRU,1.0",D.XM.EUR.A,D,XM,EUR,A,2020-08-28,0.839278,,A,F
"BIS,WS_XRU,1.0",D.XM.EUR.A,D,XM,EUR,A,2020-08-31,0.837521,,A,F
"BIS,WS_XRU,1.0",D.XM.EUR.A,D,XM,EUR,A,2020-09-01,0.834237,,A,F
"BIS,WS_XRU,1.0",D.XM.EUR.A,D,XM,EUR,A,2020-09-02,0.843099,,A,F
"BIS,WS_XRU,1.0",D.XM.EUR.A,D,XM,EUR,A,2020-09-03,0.846525,,A,F
"BIS,WS_XRU,1.0",D.XM.EUR.A,D,XM,EUR,A,2020-09-04,0.844452,,A,F
"BIS,WS_XRU,1.0",D.XM.EUR.A,D,XM,EUR,A,2020-09-07,0.845737,,A,F
"BIS,WS_XRU,1.0",D.XM.EUR.A,D,XM,EUR,A,2020-09-08,0.848536,,A,F
"BIS,WS_XRU,1.0",D.XM.EUR.A,D,XM,EUR,A,2020-09-09,0.849401,,A,F
"BIS,WS_XRU,1.0",D.XM.EUR.A,D,XM,EUR,A,2020-09-10,0.843953,,A,F
"BIS,WS_XRU,1.0",D.XM.EUR.A,D,XM,EUR,A,2020-09-11,0.843597,,A,F
"BIS,WS_XRU,1.0",D.XM.EUR.A,D,XM,EUR,A,2020-09-14,0.842034,,A,F
"BIS,WS_XRU,1.0",D.XM.EUR.A,D,XM,EUR,A,2020-09-15,0.840901,,A,F
"BIS,WS_XRU,1.0",D.XM.EUR.A,D,XM,EUR,A,2020-09-16,0.842531,,A,F
"BIS,WS_XRU,1.0",D.XM.EUR.A,D,XM,EUR,A,2020-09-17,0.847673,,A,F
"BIS,WS_XRU,1.0",D.XM.EUR.A,D,XM,EUR,A,2020-09-18,0.845094,,A,F
"BIS,WS_XRU,1.0",D.XM.EUR.A,D,XM,EUR,A,2020-09-21,0.848392,,A,F
"BIS,WS_XRU,1.0",D.XM.EUR.A,D,XM,EUR,A,2020-09-22,0.851789,,A,F
"BIS,WS_XRU,1.0",D.XM.EUR.A,D,XM,EUR,A,2020-09-23,0.855286,,A,F
"BIS,WS_XRU,1.0",D.XM.EUR.A,D,XM,EUR,A,2020-09-24,0.858738,,A,F
"BIS,WS_XRU,1.0",D.XM.EUR.A,D,XM,EUR,A,2020-09-25,0.85955,,A,F
"BIS,WS_XRU,1.0",D.XM.EUR.A,D,XM,EUR,A,2020-09-28,0.856898,,A,F
"BIS,WS_XRU,1.0",D.XM.EUR.A,D,XM,EUR,A,2020-09-29,0.854555,,A,F
"BIS,WS_XRU,1.0",D.XM.EUR.A,D,XM,EUR,A,2020-09-30,0.854117,,A,F
"BIS,WS_XRU,1.0",D.XM.EUR.A,D,XM,EUR,A,2020-10-01,0.850919,,A,F
"BIS,WS_XRU,1.0",D.XM.EUR.A,D,XM,EUR,A,2020-10-02,0.852515,,A,F
"BIS,WS_XRU,1.0",D.XM.EUR.A,D,XM,EUR,A,2020-10-05,0.849762,,A,F
"BIS,WS_XRU,1.0",D.XM.EUR.A,D,XM,EUR,A,2020-10-06,0.847817,,A,F
"BIS,WS_XRU,1.0",D.XM.EUR.A,D,XM,EUR,A,2020-10-07,0.849618,,A,F
"BIS,WS_XRU,1.0",D.XM.EUR.A,D,XM,EUR,A,2020-10-08,0.849979,,A,F
"BIS,WS_XRU,1.0",D.XM.EUR.A,D,XM,EUR,A,2020-10-09,0.847817,,A,F
"BIS,WS_XRU,1.0",D.XM.EUR.A,D,XM,EUR,A,2020-10-12,0.847529,,A,F
"BIS,WS_XRU,1.0",D.XM.EUR.A,D,XM,EUR,A,2020-10-13,0.848392,,A,F
"BIS,WS_XRU,1.0",D.XM.EUR.A,D,XM,EUR,A,2020-10-14,0.851064,,A,F
"BIS,WS_XRU,1.0",D.XM.EUR.A,D,XM,EUR,A,2020-10-15,0.854847,,A,F
"BIS,WS_XRU,1.0",D.XM.EUR.A,D,XM,EUR,A,2020-10-16,0.851716,,A,F
"BIS,WS_XRU,1.0",D.XM.EUR.A,D,XM,EUR,A,2020-10-19,0.848536,,A,F
"BIS,WS_XRU,1.0",D.XM.EUR.A,D,XM,EUR,A,2020-10-20,0.84674,,A,F
"BIS,WS_XRU,1.0",D.XM.EUR.A,D,XM,EUR,A,2020-10-21,0.843739,,A,F
"BIS,WS_XRU,1.0",D.XM.EUR.A,D,XM,EUR,A,2020-10-22,0.845952,,A,F
"BIS,WS_XRU,1.0",D.XM.EUR.A,D,XM,EUR,A,2020-10-23,0.843455,,A,F
"BIS,WS_XRU,1.0",D.XM.EUR.A,D,XM,EUR,A,2020-10-26,0.846095,,A,F
"BIS,WS_XRU,1.0",D.XM.EUR.A,D,XM,EUR,A,2020-10-27,0.845166,,A,F
"BIS,WS_XRU,1.0",D.XM.EUR.A,D,XM,EUR,A,2020-10-28,0.852733,,A,F
"BIS,WS_XRU,1.0",D.XM.EUR.A,D,XM,EUR,A,2020-10-29,0.854409,,A,F
"BIS,WS_XRU,1.0",D.XM.EUR.A,D,XM,EUR,A,2020-10-30,0.854847,,A,F
"BIS,WS_XRU,1.0",D.XM.EUR.A,D,XM,EUR,A,2020-11-02,0.858222,,A,F
"BIS,WS_XRU,1.0",D.XM.EUR.A,D,XM,EUR,A,2020-11-03,0.854555,,A,F
"BIS,WS_XRU,1.0",D.XM.EUR.A,D,XM,EUR,A,2020-11-04,0.85317,,A,F
"BIS,WS_XRU,1.0",D.XM.EUR.A,D,XM,EUR,A,2020-11-05,0.843526,,A,F
"BIS,WS_XRU,1.0",D.XM.EUR.A,D,XM,EUR,A,2020-11-06,0.84246,,A,F
"BIS,WS_XRU,1.0",D.XM.EUR.A,D,XM,EUR,A,2020-11-09,0.841538,,A,F
"BIS,WS_XRU,1.0",D.XM.EUR.A,D,XM,EUR,A,2020-11-10,0.846883,,A,F
"BIS,WS_XRU,1.0",D.XM.EUR.A,D,XM,EUR,A,2020-11-11,0.849907,,A,F
"BIS,WS_XRU,1.0",D.XM.EUR.A,D,XM,EUR,A,2020-11-12,0.848104,,A,F
"BIS,WS_XRU,1.0",D.XM.EUR.A,D,XM,EUR,A,2020-11-13,0.846382,,A,F
"BIS,WS_XRU,1.0",D.XM.EUR.A,D,XM,EUR,A,2020-11-16,0.845309,,A,F
"BIS,WS_XRU,1.0",D.XM.EUR.A,D,XM,EUR,A,2020-11-17,0.841609,,A,F
"BIS,WS_XRU,1.0",D.XM.EUR.A,D,XM,EUR,A,2020-11-18,0.842602,,A,F
"BIS,WS_XRU,1.0",D.XM.EUR.A,D,XM,EUR,A,2020-11-19,0.845166,,A,F
"BIS,WS_XRU,1.0",D.XM.EUR.A,D,XM,EUR,A,2020-11-20,0.842957,,A,F
"BIS,WS_XRU,1.0",D.XM.EUR.A,D,XM,EUR,A,2020-11-23,0.840266,,A,F
"BIS,WS_XRU,1.0",D.XM.EUR.A,D,XM,EUR,A,2020-11-24,0.842815,,A,F
"BIS,WS_XRU,1.0",D.XM.EUR.A,D,XM,EUR,A,2020-11-25,0.841043,,A,F
"BIS,WS_XRU,1.0",D.XM.EUR.A,D,XM,EUR,A,2020-11-26,0.840336,,A,F
"BIS,WS_XRU,1.0",D.XM.EUR.A,D,XM,EUR,A,2020-11-27,0.838785,,A,F
"BIS,WS_XRU,1.0",D.XM.EUR.A,D,XM,EUR,A,2020-11-30,0.834725,,A,F
"BIS,WS_XRU,1.0",D.XM.EUR.A,D,XM,EUR,A,2020-12-01,0.835561,,A,F
"BIS,WS_XRU,1.0",D.XM.EUR.A,D,XM,EUR,A,2020-12-02,0.828775,,A,F
"BIS,WS_XRU,1.0",D.XM.EUR.A,D,XM,EUR,A,2020-12-03,0.822978,,A,F
"BIS,WS_XRU,1.0",D.XM.EUR.A,D,XM,EUR,A,2020-12-04,0.822436,,A,F
"BIS,WS_XRU,1.0",D.XM.EUR.A,D,XM,EUR,A,2020-12-07,0.824538,,A,F
"BIS,WS_XRU,1.0",D.XM.EUR.A,D,XM,EUR,A,2020-12-08,0.825491,,A,F
"BIS,WS_XRU,1.0",D.XM.EUR.A,D,XM,EUR,A,2020-12-09,0.825832,,A,F
"BIS,WS_XRU,1.0",D.XM.EUR.A,D,XM,EUR,A,2020-12-10,0.825423,,A,F
"BIS,WS_XRU,1.0",D.XM.EUR.A,D,XM,EUR,A,2020-12-11,0.824606,,A,F
"BIS,WS_XRU,1.0",D.XM.EUR.A,D,XM,EUR,A,2020-12-14,0.822233,,A,F
"BIS,WS_XRU,1.0",D.XM.EUR.A,D,XM,EUR,A,2020-12-15,0.823723,,A,F
"BIS,WS_XRU,1.0",D.XM.EUR.A,D,XM,EUR,A,2020-12-16,0.820412,,A,F
"BIS,WS_XRU,1.0",D.XM.EUR.A,D,XM,EUR,A,2020-12-17,0.816593,,A,F
"BIS,WS_XRU,1.0",D.XM.EUR.A,D,XM,EUR,A,2020-12-18,0.815727,,A,F
"BIS,WS_XRU,1.0",D.XM.EUR.A,D,XM,EUR,A,2020-12-21,0.82149,,A,F
"BIS,WS_XRU,1.0",D.XM.EUR.A,D,XM,EUR,A,2020-12-22,0.81706,,A,F
"BIS,WS_XRU,1.0",D.XM.EUR.A,D,XM,EUR,A,2020-12-23,0.821963,,A,F
"BIS,WS_XRU,1.0",D.XM.EUR.A,D,XM,EUR,A,2020-12-24,0.820143,,A,F
"BIS,WS_XRU,1.0",D.XM.EUR.A,D,XM,EUR,A,2020-12-28,0.818398,,A,F
"BIS,WS_XRU,1.0",D.XM.EUR.A,D,XM,EUR,A,2020-12-29,0.815727,,A,F
"BIS,WS_XRU,1.0",D.XM.EUR.A,D,XM,EUR,A,2020-12-30,0.814266,,A,F
"BIS,WS_XRU,1.0",D.XM.EUR.A,D,XM,EUR,A,2020-12-31,0.81493,,A,F
"BIS,WS_XRU,1.0",D.XM.EUR.A,D,XM,EUR,A,2021-01-04,0.813273,,A,F
"BIS,WS_XRU,1.0",D.XM.EUR.A,D,XM,EUR,A,2021-01-05,0.81493,,A,F
"BIS,WS_XRU,1.0",D.XM.EUR.A,D,XM,EUR,A,2021-01-06,0.810504,,A,F
"BIS,WS_XRU,1.0",D.XM.EUR.A,D,XM,EUR,A,2021-01-07,0.814598,,A,F
"BIS,WS_XRU,1.0",D.XM.EUR.A,D,XM,EUR,A,2021-01-08,0.816327,,A,F
"BIS,WS_XRU,1.0",D.XM.EUR.A,D,XM,EUR,A,2021-01-11,0.822166,,A,F
"BIS,WS_XRU,1.0",D.XM.EUR.A,D,XM,EUR,A,2021-01-12,0.822301,,A,F
"BIS,WS_XRU,1.0",D.XM.EUR.A,D,XM,EUR,A,2021-01-13,0.821963,,A,F
"BIS,WS_XRU,1.0",D.XM.EUR.A,D,XM,EUR,A,2021-01-14,0.82481,,A,F
"BIS,WS_XRU,1.0",D.XM.EUR.A,D,XM,EUR,A,2021-01-15,0.824878,,A,F
"BIS,WS_XRU,1.0",D.XM.EUR.A,D,XM,EUR,A,2021-01-18,0.828912,,A,F
"BIS,WS_XRU,1.0",D.XM.EUR.A,D,XM,EUR,A,2021-01-19,0.824266,,A,F
"BIS,WS_XRU,1.0",D.XM.EUR.A,D,XM,EUR,A,2021-01-20,0.826378,,A,F
"BIS,WS_XRU,1.0",D.XM.EUR.A,D,XM,EUR,A,2021-01-21,0.822504,,A,F
"BIS,WS_XRU,1.0",D.XM.EUR.A,D,XM,EUR,A,2021-01-22,0.822504,,A,F
"BIS,WS_XRU,1.0",D.XM.EUR.A,D,XM,EUR,A,2021-01-25,0.82291,,A,F
"BIS,WS_XRU,1.0",D.XM.EUR.A,D,XM,EUR,A,2021-01-26,0.82352,,A,F
"BIS,WS_XRU,1.0",D.XM.EUR.A,D,XM,EUR,A,2021-01-27,0.825491,,A,F
"BIS,WS_XRU,1.0",D.XM.EUR.A,D,XM,EUR,A,2021-01-28,0.827061,,A,F
"BIS,WS_XRU,1.0",D.XM.EUR.A,D,XM,EUR,A,2021-01-29,0.823995,,A,F
"BIS,WS_XRU,1.0",D.XM.EUR.A,D,XM,EUR,A,2021-02-01,0.827541,,A,F
"BIS,WS_XRU,1.0",D.XM.EUR.A,D,XM,EUR,A,2021-02-02,0.830289,,A,F
"BIS,WS_XRU,1.0",D.XM.EUR.A,D,XM,EUR,A,2021-02-03,0.832154,,A,F
"BIS,WS_XRU,1.0",D.XM.EUR.A,D,XM,EUR,A,2021-02-04,0.833611,,A,F
"BIS,WS_XRU,1.0",D.XM.EUR.A,D,XM,EUR,A,2021-02-05,0.834516,,A,F
"BIS,WS_XRU,1.0",D.XM.EUR.A,D,XM,EUR,A,2021-02-08,0.831601,,A,F
"BIS,WS_XRU,1.0",D.XM.EUR.A,D,XM,EUR,A,2021-02-09,0.826173,,A,F
"BIS,WS_XRU,1.0",D.XM.EUR.A,D,XM,EUR,A,2021-02-10,0.824606,,A,F
"BIS,WS_XRU,1.0",D.XM.EUR.A,D,XM,EUR,A,2021-02-11,0.823249,,A,F
"BIS,WS_XRU,1.0",D.XM.EUR.A,D,XM,EUR,A,2021-02-12,0.8259,,A,F
"BIS,WS_XRU,1.0",D.XM.EUR.A,D,XM,EUR,A,2021-02-15,0.82447,,A,F
"BIS,WS_XRU,1.0",D.XM.EUR.A,D,XM,EUR,A,2021-02-16,0.82352,,A,F
"BIS,WS_XRU,1.0",D.XM.EUR.A,D,XM,EUR,A,2021-02-17,0.829187,,A,F
"BIS,WS_XRU,1.0",D.XM.EUR.A,D,XM,EUR,A,2021-02-18,0.827541,,A,F
"BIS,WS_XRU,1.0",D.XM.EUR.A,D,XM,EUR,A,2021-02-19,0.823791,,A,F
"BIS,WS_XRU,1.0",D.XM.EUR.A,D,XM,EUR,A,2021-02-22,0.824198,,A,F
"BIS,WS_XRU,1.0",D.XM.EUR.A,D,XM,EUR,A,2021-02-23,0.82352,,A,F
"BIS,WS_XRU,1.0",D.XM.EUR.A,D,XM,EUR,A,2021-02-24,0.823316,,A,F
"BIS,WS_XRU,1.0",D.XM.EUR.A,D,XM,EUR,A,2021-02-25,0.817996,,A,F
"BIS,WS_XRU,1.0",D.XM.EUR.A,D,XM,EUR,A,2021-02-26,0.825014,,A,F
"BIS,WS_XRU,1.0",D.XM.EUR.A,D,XM,EUR,A,2021-03-01,0.829669,,A,F
"BIS,WS_XRU,1.0",D.XM.EUR.A,D,XM,EUR,A,2021-03-02,0.831393,,A,F
"BIS,WS_XRU,1.0",D.XM.EUR.A,D,XM,EUR,A,2021-03-03,0.830013,,A,F
"BIS,WS_XRU,1.0",D.XM.EUR.A,D,XM,EUR,A,2021-03-04,0.830979,,A,F
"BIS,WS_XRU,1.0",D.XM.EUR.A,D,XM,EUR,A,2021-03-05,0.837661,,A,F
"BIS,WS_XRU,1.0",D.XM.EUR.A,D,XM,EUR,A,2021-03-08,0.842744,,A,F
"BIS,WS_XRU,1.0",D.XM.EUR.A,D,XM,EUR,A,2021-03-09,0.84076,,A,F
"BIS,WS_XRU,1.0",D.XM.EUR.A,D,XM,EUR,A,2021-03-10,0.840901,,A,F
"BIS,WS_XRU,1.0",D.XM.EUR.A,D,XM,EUR,A,2021-03-11,0.835492,,A,F
"BIS,WS_XRU,1.0",D.XM.EUR.A,D,XM,EUR,A,2021-03-12,0.838012,,A,F
"BIS,WS_XRU,1.0",D.XM.EUR.A,D,XM,EUR,A,2021-03-15,0.838926,,A,F
"BIS,WS_XRU,1.0",D.XM.EUR.A,D,XM,EUR,A,2021-03-16,0.838504,,A,F
"BIS,WS_XRU,1.0",D.XM.EUR.A,D,XM,EUR,A,2021-03-17,0.839842,,A,F
"BIS,WS_XRU,1.0",D.XM.EUR.A,D,XM,EUR,A,2021-03-18,0.83949,,A,F
"BIS,WS_XRU,1.0",D.XM.EUR.A,D,XM,EUR,A,2021-03-19,0.840972,,A,F
"BIS,WS_XRU,1.0",D.XM.EUR.A,D,XM,EUR,A,2021-03-22,0.838504,,A,F
"BIS,WS_XRU,1.0",D.XM.EUR.A,D,XM,EUR,A,2021-03-23,0.841538,,A,F
"BIS,WS_XRU,1.0",D.XM.EUR.A,D,XM,EUR,A,2021-03-24,0.845666,,A,F
"BIS,WS_XRU,1.0",D.XM.EUR.A,D,XM,EUR,A,2021-03-25,0.847314,,A,F
"BIS,WS_XRU,1.0",D.XM.EUR.A,D,XM,EUR,A,2021-03-26,0.848752,,A,F
"BIS,WS_XRU,1.0",D.XM.EUR.A,D,XM,EUR,A,2021-03-29,0.848608,,A,F
"BIS,WS_XRU,1.0",D.XM.EUR.A,D,XM,EUR,A,2021-03-30,0.851716,,A,F
"BIS,WS_XRU,1.0",D.XM.EUR.A,D,XM,EUR,A,2021-03-31,0.852878,,A,F
"BIS,WS_XRU,1.0",D.XM.EUR.A,D,XM,EUR,A,2021-04-01,0.851354,,A,F
"BIS,WS_XRU,1.0",D.XM.EUR.A,D,XM,EUR,A,2021-04-06,0.846597,,A,F
"BIS,WS_XRU,1.0",D.XM.EUR.A,D,XM,EUR,A,2021-04-07,0.841468,,A,F
"BIS,WS_XRU,1.0",D.XM.EUR.A,D,XM,EUR,A,2021-04-08,0.842247,,A,F
"BIS,WS_XRU,1.0",D.XM.EUR.A,D,XM,EUR,A,2021-04-09,0.841184,,A,F
"BIS,WS_XRU,1.0",D.XM.EUR.A,D,XM,EUR,A,2021-04-12,0.840054,,A,F
"BIS,WS_XRU,1.0",D.XM.EUR.A,D,XM,EUR,A,2021-04-13,0.840619,,A,F
"BIS,WS_XRU,1.0",D.XM.EUR.A,D,XM,EUR,A,2021-04-14,0.835841,,A,F
"BIS,WS_XRU,1.0",D.XM.EUR.A,D,XM,EUR,A,2021-04-15,0.835422,,A,F
"BIS,WS_XRU,1.0",D.XM.EUR.A,D,XM,EUR,A,2021-04-16,0.834307,,A,F
"BIS,WS_XRU,1.0",D.XM.EUR.A,D,XM,EUR,A,2021-04-19,0.83091,,A,F
"BIS,WS_XRU,1.0",D.XM.EUR.A,D,XM,EUR,A,2021-04-20,0.829807,,A,F
"BIS,WS_XRU,1.0",D.XM.EUR.A,D,XM,EUR,A,2021-04-21,0.832848,,A,F
"BIS,WS_XRU,1.0",D.XM.EUR.A,D,XM,EUR,A,2021-04-22,0.830151,,A,F
"BIS,WS_XRU,1.0",D.XM.EUR.A,D,XM,EUR,A,2021-04-23,0.828775,,A,F
"BIS,WS_XRU,1.0",D.XM.EUR.A,D,XM,EUR,A,2021-04-26,0.827472,,A,F
"BIS,WS_XRU,1.0",D.XM.EUR.A,D,XM,EUR,A,2021-04-27,0.827267,,A,F
"BIS,WS_XRU,1.0",D.XM.EUR.A,D,XM,EUR,A,2021-04-28,0.8285,,A,F
"BIS,WS_XRU,1.0",D.XM.EUR.A,D,XM,EUR,A,2021-04-29,0.82447,,A,F
"BIS,WS_XRU,1.0",D.XM.EUR.A,D,XM,EUR,A,2021-04-30,0.827678,,A,F
"BIS,WS_XRU,1.0",D.XM.EUR.A,D,XM,EUR,A,2021-05-03,0.830289,,A,F
"BIS,WS_XRU,1.0",D.XM.EUR.A,D,XM,EUR,A,2021-05-04,0.831878,,A,F
"BIS,WS_XRU,1.0",D.XM.EUR.A,D,XM,EUR,A,2021-05-05,0.832986,,A,F
"BIS,WS_XRU,1.0",D.XM.EUR.A,D,XM,EUR,A,2021-05-06,0.829187,,A,F
"BIS,WS_XRU,1.0",D.XM.EUR.A,D,XM,EUR,A,2021-05-07,0.829256,,A,F
"BIS,WS_XRU,1.0",D.XM.EUR.A,D,XM,EUR,A,2021-05-10,0.82176,,A,F
"BIS,WS_XRU,1.0",D.XM.EUR.A,D,XM,EUR,A,2021-05-11,0.821693,,A,F
"BIS,WS_XRU,1.0",D.XM.EUR.A,D,XM,EUR,A,2021-05-12,0.825219,,A,F
"BIS,WS_XRU,1.0",D.XM.EUR.A,D,XM,EUR,A,2021-05-13,0.827746,,A,F
"BIS,WS_XRU,1.0",D.XM.EUR.A,D,XM,EUR,A,2021-05-14,0.824878,,A,F
"BIS,WS_XRU,1.0",D.XM.EUR.A,D,XM,EUR,A,2021-05-17,0.82352,,A,F
"BIS,WS_XRU,1.0",D.XM.EUR.A,D,XM,EUR,A,2021-05-18,0.818197,,A,F
"BIS,WS_XRU,1.0",D.XM.EUR.A,D,XM,EUR,A,2021-05-19,0.818867,,A,F
"BIS,WS_XRU,1.0",D.XM.EUR.A,D,XM,EUR,A,2021-05-20,0.819471,,A,F
"BIS,WS_XRU,1.0",D.XM.EUR.A,D,XM,EUR,A,2021-05-21,0.820479,,A,F
"BIS,WS_XRU,1.0",D.XM.EUR.A,D,XM,EUR,A,2021-05-24,0.818867,,A,F
"BIS,WS_XRU,1.0",D.XM.EUR.A,D,XM,EUR,A,2021-05-25,0.815395,,A,F
"BIS,WS_XRU,1.0",D.XM.EUR.A,D,XM,EUR,A,2021-05-26,0.817728,,A,F
"BIS,WS_XRU,1.0",D.XM.EUR.A,D,XM,EUR,A,2021-05-27,0.819807,,A,F
"BIS,WS_XRU,1.0",D.XM.EUR.A,D,XM,EUR,A,2021-05-28,0.823588,,A,F
"BIS,WS_XRU,1.0",D.XM.EUR.A,D,XM,EUR,A,2021-05-31,0.819605,,A,F
"BIS,WS_XRU,1.0",D.XM.EUR.A,D,XM,EUR,A,2021-06-01,0.817996,,A,F
"BIS,WS_XRU,1.0",D.XM.EUR.A,D,XM,EUR,A,2021-06-02,0.820614,,A,F
"BIS,WS_XRU,1.0",D.XM.EUR.A,D,XM,EUR,A,2021-06-03,0.820546,,A,F
"BIS,WS_XRU,1.0",D.XM.EUR.A,D,XM,EUR,A,2021-06-04,0.825287,,A,F
"BIS,WS_XRU,1.0",D.XM.EUR.A,D,XM,EUR,A,2021-06-07,0.822233,,A,F
"BIS,WS_XRU,1.0",D.XM.EUR.A,D,XM,EUR,A,2021-06-08,0.820883,,A,F
"BIS,WS_XRU,1.0",D.XM.EUR.A,D,XM,EUR,A,2021-06-09,0.820008,,A,F
"BIS,WS_XRU,1.0",D.XM.EUR.A,D,XM,EUR,A,2021-06-10,0.821423,,A,F
"BIS,WS_XRU,1.0",D.XM.EUR.A,D,XM,EUR,A,2021-06-11,0.824742,,A,F
"BIS,WS_XRU,1.0",D.XM.EUR.A,D,XM,EUR,A,2021-06-14,0.825627,,A,F
"BIS,WS_XRU,1.0",D.XM.EUR.A,D,XM,EUR,A,2021-06-15,0.8259,,A,F
"BIS,WS_XRU,1.0",D.XM.EUR.A,D,XM,EUR,A,2021-06-16,0.82481,,A,F
"BIS,WS_XRU,1.0",D.XM.EUR.A,D,XM,EUR,A,2021-06-17,0.837731,,A,F
"BIS,WS_XRU,1.0",D.XM.EUR.A,D,XM,EUR,A,2021-06-18,0.840477,,A,F
"BIS,WS_XRU,1.0",D.XM.EUR.A,D,XM,EUR,A,2021-06-21,0.840972,,A,F
"BIS,WS_XRU,1.0",D.XM.EUR.A,D,XM,EUR,A,2021-06-22,0.84076,,A,F
"BIS,WS_XRU,1.0",D.XM.EUR.A,D,XM,EUR,A,2021-06-23,0.83675,,A,F
"BIS,WS_XRU,1.0",D.XM.EUR.A,D,XM,EUR,A,2021-06-24,0.837802,,A,F
"BIS,WS_XRU,1.0",D.XM.EUR.A,D,XM,EUR,A,2021-06-25,0.83682,,A,F
"BIS,WS_XRU,1.0",D.XM.EUR.A,D,XM,EUR,A,2021-06-28,0.839631,,A,F
"BIS,WS_XRU,1.0",D.XM.EUR.A,D,XM,EUR,A,2021-06-29,0.841184,,A,F
"BIS,WS_XRU,1.0",D.XM.EUR.A,D,XM,EUR,A,2021-06-30,0.841468,,A,F
"BIS,WS_XRU,1.0",D.XM.EUR.A,D,XM,EUR,A,2021-07-01,0.841468,,A,F
"BIS,WS_XRU,1.0",D.XM.EUR.A,D,XM,EUR,A,2021-07-02,0.845809,,A,F
"BIS,WS_XRU,1.0",D.XM.EUR.A,D,XM,EUR,A,2021-07-05,0.842744,,A,F
"BIS,WS_XRU,1.0",D.XM.EUR.A,D,XM,EUR,A,2021-07-06,0.844737,,A,F
"BIS,WS_XRU,1.0",D.XM.EUR.A,D,XM,EUR,A,2021-07-07,0.845237,,A,F
"BIS,WS_XRU,1.0",D.XM.EUR.A,D,XM,EUR,A,2021-07-08,0.844737,,A,F
"BIS,WS_XRU,1.0",D.XM.EUR.A,D,XM,EUR,A,2021-07-09,0.843313,,A,F
"BIS,WS_XRU,1.0",D.XM.EUR.A,D,XM,EUR,A,2021-07-12,0.843739,,A,F
"BIS,WS_XRU,1.0",D.XM.EUR.A,D,XM,EUR,A,2021-07-13,0.844309,,A,F
"BIS,WS_XRU,1.0",D.XM.EUR.A,D,XM,EUR,A,2021-07-14,0.846597,,A,F
"BIS,WS_XRU,1.0",D.XM.EUR.A,D,XM,EUR,A,2021-07-15,0.846812,,A,F
"BIS,WS_XRU,1.0",D.XM.EUR.A,D,XM,EUR,A,2021-07-16,0.847314,,A,F
"BIS,WS_XRU,1.0",D.XM.EUR.A,D,XM,EUR,A,2021-07-19,0.849907,,A,F
"BIS,WS_XRU,1.0",D.XM.EUR.A,D,XM,EUR,A,2021-07-20,0.849257,,A,F
"BIS,WS_XRU,1.0",D.XM.EUR.A,D,XM,EUR,A,2021-07-21,0.849473,,A,F
"BIS,WS_XRU,1.0",D.XM.EUR.A,D,XM,EUR,A,2021-07-22,0.849257,,A,F
"BIS,WS_XRU,1.0",D.XM.EUR.A,D,XM,EUR,A,2021-07-23,0.849834,,A,F
"BIS,WS_XRU,1.0",D.XM.EUR.A,D,XM,EUR,A,2021-07-26,0.848392,,A,F
"BIS,WS_XRU,1.0",D.XM.EUR.A,D,XM,EUR,A,2021-07-27,0.84674,,A,F
"BIS,WS_XRU,1.0",D.XM.EUR.A,D,XM,EUR,A,2021-07-28,0.846955,,A,F
"BIS,WS_XRU,1.0",D.XM.EUR.A,D,XM,EUR,A,2021-07-29,0.842247,,A,F
"BIS,WS_XRU,1.0",D.XM.EUR.A,D,XM,EUR,A,2021-07-30,0.840972,,A,F
"BIS,WS_XRU,1.0",D.XM.EUR.A,D,XM,EUR,A,2021-08-02,0.841326,,A,F
"BIS,WS_XRU,1.0",D.XM.EUR.A,D,XM,EUR,A,2021-08-03,0.841397,,A,F
"BIS,WS_XRU,1.0",D.XM.EUR.A,D,XM,EUR,A,2021-08-04,0.843099,,A,F
"BIS,WS_XRU,1.0",D.XM.EUR.A,D,XM,EUR,A,2021-08-05,0.843882,,A,F
"BIS,WS_XRU,1.0",D.XM.EUR.A,D,XM,EUR,A,2021-08-06,0.846955,,A,F
"BIS,WS_XRU,1.0",D.XM.EUR.A,D,XM,EUR,A,2021-08-09,0.850268,,A,F
"BIS,WS_XRU,1.0",D.XM.EUR.A,D,XM,EUR,A,2021-08-10,0.853097,,A,F
"BIS,WS_XRU,1.0",D.XM.EUR.A,D,XM,EUR,A,2021-08-11,0.853388,,A,F
"BIS,WS_XRU,1.0",D.XM.EUR.A,D,XM,EUR,A,2021-08-12,0.851861,,A,F
"BIS,WS_XRU,1.0",D.XM.EUR.A,D,XM,EUR,A,2021-08-13,0.849979,,A,F
"BIS,WS_XRU,1.0",D.XM.EUR.A,D,XM,EUR,A,2021-08-16,0.849473,,A,F
"BIS,WS_XRU,1.0",D.XM.EUR.A,D,XM,EUR,A,2021-08-17,0.849834,,A,F
"BIS,WS_XRU,1.0",D.XM.EUR.A,D,XM,EUR,A,2021-08-18,0.853024,,A,F
"BIS,WS_XRU,1.0",D.XM.EUR.A,D,XM,EUR,A,2021-08-19,0.854993,,A,F
"BIS,WS_XRU,1.0",D.XM.EUR.A,D,XM,EUR,A,2021-08-20,0.856825,,A,F
"BIS,WS_XRU,1.0",D.XM.EUR.A,D,XM,EUR,A,2021-08-23,0.853388,,A,F
"BIS,WS_XRU,1.0",D.XM.EUR.A,D,XM,EUR,A,2021-08-24,0.851789,,A,F
"BIS,WS_XRU,1.0",D.XM.EUR.A,D,XM,EUR,A,2021-08-25,0.852079,,A,F
"BIS,WS_XRU,1.0",D.XM.EUR.A,D,XM,EUR,A,2021-08-26,0.849834,,A,F
"BIS,WS_XRU,1.0",D.XM.EUR.A,D,XM,EUR,A,2021-08-27,0.850268,,A,F
"BIS,WS_XRU,1.0",D.XM.EUR.A,D,XM,EUR,A,2021-08-30,0.847386,,A,F
"BIS,WS_XRU,1.0",D.XM.EUR.A,D,XM,EUR,A,2021-08-31,0.845023,,A,F
"BIS,WS_XRU,1.0",D.XM.EUR.A,D,XM,EUR,A,2021-09-01,0.846238,,A,F
"BIS,WS_XRU,1.0",D.XM.EUR.A,D,XM,EUR,A,2021-09-02,0.844167,,A,F
"BIS,WS_XRU,1.0",D.XM.EUR.A,D,XM,EUR,A,2021-09-03,0.842318,,A,F
"BIS,WS_XRU,1.0",D.XM.EUR.A,D,XM,EUR,A,2021-09-06,0.842886,,A,F
"BIS,WS_XRU,1.0",D.XM.EUR.A,D,XM,EUR,A,2021-09-07,0.84317,,A,F
"BIS,WS_XRU,1.0",D.XM.EUR.A,D,XM,EUR,A,2021-09-08,0.845523,,A,F
"BIS,WS_XRU,1.0",D.XM.EUR.A,D,XM,EUR,A,2021-09-09,0.844737,,A,F
"BIS,WS_XRU,1.0",D.XM.EUR.A,D,XM,EUR,A,2021-09-10,0.844523,,A,F
"BIS,WS_XRU,1.0",D.XM.EUR.A,D,XM,EUR,A,2021-09-13,0.848896,,A,F
"BIS,WS_XRU,1.0",D.XM.EUR.A,D,XM,EUR,A,2021-09-14,0.846453,,A,F
"BIS,WS_XRU,1.0",D.XM.EUR.A,D,XM,EUR,A,2021-09-15,0.845737,,A,F
"BIS,WS_XRU,1.0",D.XM.EUR.A,D,XM,EUR,A,2021-09-16,0.850123,,A,F
"BIS,WS_XRU,1.0",D.XM.EUR.A,D,XM,EUR,A,2021-09-17,0.848896,,A,F
"BIS,WS_XRU,1.0",D.XM.EUR.A,D,XM,EUR,A,2021-09-20,0.853898,,A,F
"BIS,WS_XRU,1.0",D.XM.EUR.A,D,XM,EUR,A,2021-09-21,0.851934,,A,F
"BIS,WS_XRU,1.0",D.XM.EUR.A,D,XM,EUR,A,2021-09-22,0.852588,,A,F
"BIS,WS_XRU,1.0",D.XM.EUR.A,D,XM,EUR,A,2021-09-23,0.853606,,A,F
"BIS,WS_XRU,1.0",D.XM.EUR.A,D,XM,EUR,A,2021-09-24,0.853315,,A,F
"BIS,WS_XRU,1.0",D.XM.EUR.A,D,XM,EUR,A,2021-09-27,0.854847,,A,F
"BIS,WS_XRU,1.0",D.XM.EUR.A,D,XM,EUR,A,2021-09-28,0.856311,,A,F
"BIS,WS_XRU,1.0",D.XM.EUR.A,D,XM,EUR,A,2021-09-29,0.858074,,A,F
"BIS,WS_XRU,1.0",D.XM.EUR.A,D,XM,EUR,A,2021-09-30,0.863632,,A,F
"BIS,WS_XRU,1.0",D.XM.EUR.A,D,XM,EUR,A,2021-10-01,0.862069,,A,F
"BIS,WS_XRU,1.0",D.XM.EUR.A,D,XM,EUR,A,2021-10-04,0.859402,,A,F
"BIS,WS_XRU,1.0",D.XM.EUR.A,D,XM,EUR,A,2021-10-05,0.86192,,A,F
"BIS,WS_XRU,1.0",D.XM.EUR.A,D,XM,EUR,A,2021-10-06,0.866401,,A,F
"BIS,WS_XRU,1.0",D.XM.EUR.A,D,XM,EUR,A,2021-10-07,0.864902,,A,F
"BIS,WS_XRU,1.0",D.XM.EUR.A,D,XM,EUR,A,2021-10-08,0.864379,,A,F
"BIS,WS_XRU,1.0",D.XM.EUR.A,D,XM,EUR,A,2021-10-11,0.864006,,A,F
"BIS,WS_XRU,1.0",D.XM.EUR.A,D,XM,EUR,A,2021-10-12,0.865426,,A,F
"BIS,WS_XRU,1.0",D.XM.EUR.A,D,XM,EUR,A,2021-10-13,0.864902,,A,F
"BIS,WS_XRU,1.0",D.XM.EUR.A,D,XM,EUR,A,2021-10-14,0.86192,,A,F
"BIS,WS_XRU,1.0",D.XM.EUR.A,D,XM,EUR,A,2021-10-15,0.86192,,A,F
"BIS,WS_XRU,1.0",D.XM.EUR.A,D,XM,EUR,A,2021-10-18,0.861772,,A,F
"BIS,WS_XRU,1.0",D.XM.EUR.A,D,XM,EUR,A,2021-10-19,0.858001,,A,F
"BIS,WS_XRU,1.0",D.XM.EUR.A,D,XM,EUR,A,2021-10-20,0.860363,,A,F
"BIS,WS_XRU,1.0",D.XM.EUR.A,D,XM,EUR,A,2021-10-21,0.859328,,A,F
"BIS,WS_XRU,1.0",D.XM.EUR.A,D,XM,EUR,A,2021-10-22,0.859845,,A,F
"BIS,WS_XRU,1.0",D.XM.EUR.A,D,XM,EUR,A,2021-10-25,0.861846,,A,F
"BIS,WS_XRU,1.0",D.XM.EUR.A,D,XM,EUR,A,2021-10-26,0.860733,,A,F
"BIS,WS_XRU,1.0",D.XM.EUR.A,D,XM,EUR,A,2021-10-27,0.860807,,A,F
"BIS,WS_XRU,1.0",D.XM.EUR.A,D,XM,EUR,A,2021-10-28,0.862589,,A,F
"BIS,WS_XRU,1.0",D.XM.EUR.A,D,XM,EUR,A,2021-10-29,0.858738,,A,F
"BIS,WS_XRU,1.0",D.XM.EUR.A,D,XM,EUR,A,2021-11-01,0.863707,,A,F
"BIS,WS_XRU,1.0",D.XM.EUR.A,D,XM,EUR,A,2021-11-02,0.861846,,A,F
"BIS,WS_XRU,1.0",D.XM.EUR.A,D,XM,EUR,A,2021-11-03,0.863707,,A,F
"BIS,WS_XRU,1.0",D.XM.EUR.A,D,XM,EUR,A,2021-11-04,0.864379,,A,F
"BIS,WS_XRU,1.0",D.XM.EUR.A,D,XM,EUR,A,2021-11-05,0.868131,,A,F
"BIS,WS_XRU,1.0",D.XM.EUR.A,D,XM,EUR,A,2021-11-08,0.863632,,A,F
"BIS,WS_XRU,1.0",D.XM.EUR.A,D,XM,EUR,A,2021-11-09,0.863782,,A,F
"BIS,WS_XRU,1.0",D.XM.EUR.A,D,XM,EUR,A,2021-11-10,0.865202,,A,F
"BIS,WS_XRU,1.0",D.XM.EUR.A,D,XM,EUR,A,2021-11-11,0.8726,,A,F
"BIS,WS_XRU,1.0",D.XM.EUR.A,D,XM,EUR,A,2021-11-12,0.873515,,A,F
"BIS,WS_XRU,1.0",D.XM.EUR.A,D,XM,EUR,A,2021-11-15,0.87382,,A,F
"BIS,WS_XRU,1.0",D.XM.EUR.A,D,XM,EUR,A,2021-11-16,0.879662,,A,F
"BIS,WS_XRU,1.0",D.XM.EUR.A,D,XM,EUR,A,2021-11-17,0.883704,,A,F
"BIS,WS_XRU,1.0",D.XM.EUR.A,D,XM,EUR,A,2021-11-18,0.881446,,A,F
"BIS,WS_XRU,1.0",D.XM.EUR.A,D,XM,EUR,A,2021-11-19,0.887233,,A,F
"BIS,WS_XRU,1.0",D.XM.EUR.A,D,XM,EUR,A,2021-11-22,0.886682,,A,F
"BIS,WS_XRU,1.0",D.XM.EUR.A,D,XM,EUR,A,2021-11-23,0.888178,,A,F
"BIS,WS_XRU,1.0",D.XM.EUR.A,D,XM,EUR,A,2021-11-24,0.892379,,A,F
"BIS,WS_XRU,1.0",D.XM.EUR.A,D,XM,EUR,A,2021-11-25,0.891027,,A,F
"BIS,WS_XRU,1.0",D.XM.EUR.A,D,XM,EUR,A,2021-11-26,0.885661,,A,F
"BIS,WS_XRU,1.0",D.XM.EUR.A,D,XM,EUR,A,2021-11-29,0.886839,,A,F
"BIS,WS_XRU,1.0",D.XM.EUR.A,D,XM,EUR,A,2021-11-30,0.880049,,A,F
"BIS,WS_XRU,1.0",D.XM.EUR.A,D,XM,EUR,A,2021-12-01,0.883861,,A,F
"BIS,WS_XRU,1.0",D.XM.EUR.A,D,XM,EUR,A,2021-12-02,0.881912,,A,F
"BIS,WS_XRU,1.0",D.XM.EUR.A,D,XM,EUR,A,2021-12-03,0.885661,,A,F
"BIS,WS_XRU,1.0",D.XM.EUR.A,D,XM,EUR,A,2021-12-06,0.885975,,A,F
"BIS,WS_XRU,1.0",D.XM.EUR.A,D,XM,EUR,A,2021-12-07,0.888415,,A,F
"BIS,WS_XRU,1.0",D.XM.EUR.A,D,XM,EUR,A,2021-12-08,0.885034,,A,F
"BIS,WS_XRU,1.0",D.XM.EUR.A,D,XM,EUR,A,2021-12-09,0.884095,,A,F
"BIS,WS_XRU,1.0",D.XM.EUR.A,D,XM,EUR,A,2021-12-10,0.887075,,A,F
"BIS,WS_XRU,1.0",D.XM.EUR.A,D,XM,EUR,A,2021-12-13,0.886682,,A,F
"BIS,WS_XRU,1.0",D.XM.EUR.A,D,XM,EUR,A,2021-12-14,0.884251,,A,F
"BIS,WS_XRU,1.0",D.XM.EUR.A,D,XM,EUR,A,2021-12-15,0.887942,,A,F
"BIS,WS_XRU,1.0",D.XM.EUR.A,D,XM,EUR,A,2021-12-16,0.882145,,A,F
"BIS,WS_XRU,1.0",D.XM.EUR.A,D,XM,EUR,A,2021-12-17,0.882613,,A,F
"BIS,WS_XRU,1.0",D.XM.EUR.A,D,XM,EUR,A,2021-12-20,0.887075,,A,F
"BIS,WS_XRU,1.0",D.XM.EUR.A,D,XM,EUR,A,2021-12-21,0.885347,,A,F
"BIS,WS_XRU,1.0",D.XM.EUR.A,D,XM,EUR,A,2021-12-22,0.884877,,A,F
"BIS,WS_XRU,1.0",D.XM.EUR.A,D,XM,EUR,A,2021-12-23,0.884173,,A,F
"BIS,WS_XRU,1.0",D.XM.EUR.A,D,XM,EUR,A,2021-12-24,0.883626,,A,F
"BIS,WS_XRU,1.0",D.XM.EUR.A,D,XM,EUR,A,2021-12-27,0.884017,,A,F
"BIS,WS_XRU,1.0",D.XM.EUR.A,D,XM,EUR,A,2021-12-28,0.882535,,A,F
"BIS,WS_XRU,1.0",D.XM.EUR.A,D,XM,EUR,A,2021-12-29,0.884721,,A,F
"BIS,WS_XRU,1.0",D.XM.EUR.A,D,XM,EUR,A,2021-12-30,0.882301,,A,F
"BIS,WS_XRU,1.0",D.XM.EUR.A,D,XM,EUR,A,2021-12-31,0.882924,,A,F
"BIS,WS_XRU,1.0",D.XM.EUR.A,D,XM,EUR,A,2022-01-03,0.880669,,A,F
"BIS,WS_XRU,1.0",D.XM.EUR.A,D,XM,EUR,A,2022-01-04,0.886603,,A,F
"BIS,WS_XRU,1.0",D.XM.EUR.A,D,XM,EUR,A,2022-01-05,0.88347,,A,F
"BIS,WS_XRU,1.0",D.XM.EUR.A,D,XM,EUR,A,2022-01-06,0.883783,,A,F
"BIS,WS_XRU,1.0",D.XM.EUR.A,D,XM,EUR,A,2022-01-07,0.885112,,A,F
"BIS,WS_XRU,1.0",D.XM.EUR.A,D,XM,EUR,A,2022-01-10,0.883548,,A,F
"BIS,WS_XRU,1.0",D.XM.EUR.A,D,XM,EUR,A,2022-01-11,0.882145,,A,F
"BIS,WS_XRU,1.0",D.XM.EUR.A,D,XM,EUR,A,2022-01-12,0.879507,,A,F
"BIS,WS_XRU,1.0",D.XM.EUR.A,D,XM,EUR,A,2022-01-13,0.872372,,A,F
"BIS,WS_XRU,1.0",D.XM.EUR.A,D,XM,EUR,A,2022-01-14,0.873591,,A,F
"BIS,WS_XRU,1.0",D.XM.EUR.A,D,XM,EUR,A,2022-01-17,0.876962,,A,F
"BIS,WS_XRU,1.0",D.XM.EUR.A,D,XM,EUR,A,2022-01-18,0.87974,,A,F
"BIS,WS_XRU,1.0",D.XM.EUR.A,D,XM,EUR,A,2022-01-19,0.881446,,A,F
"BIS,WS_XRU,1.0",D.XM.EUR.A,D,XM,EUR,A,2022-01-20,0.88199,,A,F
"BIS,WS_XRU,1.0",D.XM.EUR.A,D,XM,EUR,A,2022-01-21,0.881213,,A,F
"BIS,WS_XRU,1.0",D.XM.EUR.A,D,XM,EUR,A,2022-01-24,0.884643,,A,F
"BIS,WS_XRU,1.0",D.XM.EUR.A,D,XM,EUR,A,2022-01-25,0.887469,,A,F
"BIS,WS_XRU,1.0",D.XM.EUR.A,D,XM,EUR,A,2022-01-26,0.886761,,A,F
"BIS,WS_XRU,1.0",D.XM.EUR.A,D,XM,EUR,A,2022-01-27,0.896057,,A,F
"BIS,WS_XRU,1.0",D.XM.EUR.A,D,XM,EUR,A,2022-01-28,0.897827,,A,F
"BIS,WS_XRU,1.0",D.XM.EUR.A,D,XM,EUR,A,2022-01-31,0.896379,,A,F
"BIS,WS_XRU,1.0",D.XM.EUR.A,D,XM,EUR,A,2022-02-01,0.888099,,A,F
"BIS,WS_XRU,1.0",D.XM.EUR.A,D,XM,EUR,A,2022-02-02,0.883158,,A,F
"BIS,WS_XRU,1.0",D.XM.EUR.A,D,XM,EUR,A,2022-02-03,0.886054,,A,F
"BIS,WS_XRU,1.0",D.XM.EUR.A,D,XM,EUR,A,2022-02-04,0.872296,,A,F
"BIS,WS_XRU,1.0",D.XM.EUR.A,D,XM,EUR,A,2022-02-07,0.873591,,A,F
"BIS,WS_XRU,1.0",D.XM.EUR.A,D,XM,EUR,A,2022-02-08,0.876578,,A,F
"BIS,WS_XRU,1.0",D.XM.EUR.A,D,XM,EUR,A,2022-02-09,0.874508,,A,F
"BIS,WS_XRU,1.0",D.XM.EUR.A,D,XM,EUR,A,2022-02-10,0.874202,,A,F
"BIS,WS_XRU,1.0",D.XM.EUR.A,D,XM,EUR,A,2022-02-11,0.875887,,A,F
"BIS,WS_XRU,1.0",D.XM.EUR.A,D,XM,EUR,A,2022-02-14,0.883704,,A,F
"BIS,WS_XRU,1.0",D.XM.EUR.A,D,XM,EUR,A,2022-02-15,0.881446,,A,F
"BIS,WS_XRU,1.0",D.XM.EUR.A,D,XM,EUR,A,2022-02-16,0.879353,,A,F
"BIS,WS_XRU,1.0",D.XM.EUR.A,D,XM,EUR,A,2022-02-17,0.879507,,A,F
"BIS,WS_XRU,1.0",D.XM.EUR.A,D,XM,EUR,A,2022-02-18,0.880747,,A,F
"BIS,WS_XRU,1.0",D.XM.EUR.A,D,XM,EUR,A,2022-02-21,0.88199,,A,F
"BIS,WS_XRU,1.0",D.XM.EUR.A,D,XM,EUR,A,2022-02-22,0.881679,,A,F
"BIS,WS_XRU,1.0",D.XM.EUR.A,D,XM,EUR,A,2022-02-23,0.881523,,A,F
"BIS,WS_XRU,1.0",D.XM.EUR.A,D,XM,EUR,A,2022-02-24,0.895817,,A,F
"BIS,WS_XRU,1.0",D.XM.EUR.A,D,XM,EUR,A,2022-02-25,0.891583,,A,F
"BIS,WS_XRU,1.0",D.XM.EUR.A,D,XM,EUR,A,2022-02-28,0.892937,,A,F
"BIS,WS_XRU,1.0",D.XM.EUR.A,D,XM,EUR,A,2022-03-01,0.895897,,A,F
"BIS,WS_XRU,1.0",D.XM.EUR.A,D,XM,EUR,A,2022-03-02,0.900414,,A,F
"BIS,WS_XRU,1.0",D.XM.EUR.A,D,XM,EUR,A,2022-03-03,0.902853,,A,F
"BIS,WS_XRU,1.0",D.XM.EUR.A,D,XM,EUR,A,2022-03-04,0.914997,,A,F
"BIS,WS_XRU,1.0",D.XM.EUR.A,D,XM,EUR,A,2022-03-07,0.917852,,A,F
"BIS,WS_XRU,1.0",D.XM.EUR.A,D,XM,EUR,A,2022-03-08,0.918105,,A,F
"BIS,WS_XRU,1.0",D.XM.EUR.A,D,XM,EUR,A,2022-03-09,0.90967,,A,F
"BIS,WS_XRU,1.0",D.XM.EUR.A,D,XM,EUR,A,2022-03-10,0.902201,,A,F
"BIS,WS_XRU,1.0",D.XM.EUR.A,D,XM,EUR,A,2022-03-11,0.909918,,A,F
"BIS,WS_XRU,1.0",D.XM.EUR.A,D,XM,EUR,A,2022-03-14,0.912409,,A,F
"BIS,WS_XRU,1.0",D.XM.EUR.A,D,XM,EUR,A,2022-03-15,0.909835,,A,F
"BIS,WS_XRU,1.0",D.XM.EUR.A,D,XM,EUR,A,2022-03-16,0.909587,,A,F
"BIS,WS_XRU,1.0",D.XM.EUR.A,D,XM,EUR,A,2022-03-17,0.904895,,A,F
"BIS,WS_XRU,1.0",D.XM.EUR.A,D,XM,EUR,A,2022-03-18,0.90843,,A,F
"BIS,WS_XRU,1.0",D.XM.EUR.A,D,XM,EUR,A,2022-03-21,0.905961,,A,F
"BIS,WS_XRU,1.0",D.XM.EUR.A,D,XM,EUR,A,2022-03-22,0.907112,,A,F
"BIS,WS_XRU,1.0",D.XM.EUR.A,D,XM,EUR,A,2022-03-23,0.910332,,A,F
"BIS,WS_XRU,1.0",D.XM.EUR.A,D,XM,EUR,A,2022-03-24,0.910913,,A,F
"BIS,WS_XRU,1.0",D.XM.EUR.A,D,XM,EUR,A,2022-03-25,0.908926,,A,F
"BIS,WS_XRU,1.0",D.XM.EUR.A,D,XM,EUR,A,2022-03-28,0.91191,,A,F
"BIS,WS_XRU,1.0",D.XM.EUR.A,D,XM,EUR,A,2022-03-29,0.90212,,A,F
"BIS,WS_XRU,1.0",D.XM.EUR.A,D,XM,EUR,A,2022-03-30,0.898796,,A,F
"BIS,WS_XRU,1.0",D.XM.EUR.A,D,XM,EUR,A,2022-03-31,0.90082,,A,F
"BIS,WS_XRU,1.0",D.XM.EUR.A,D,XM,EUR,A,2022-04-01,0.904814,,A,F
"BIS,WS_XRU,1.0",D.XM.EUR.A,D,XM,EUR,A,2022-04-04,0.908678,,A,F
"BIS,WS_XRU,1.0",D.XM.EUR.A,D,XM,EUR,A,2022-04-05,0.91166,,A,F
"BIS,WS_XRU,1.0",D.XM.EUR.A,D,XM,EUR,A,2022-04-06,0.915499,,A,F
"BIS,WS_XRU,1.0",D.XM.EUR.A,D,XM,EUR,A,2022-04-07,0.916086,,A,F
"BIS,WS_XRU,1.0",D.XM.EUR.A,D,XM,EUR,A,2022-04-08,0.920726,,A,F
"BIS,WS_XRU,1.0",D.XM.EUR.A,D,XM,EUR,A,2022-04-11,0.917431,,A,F
"BIS,WS_XRU,1.0",D.XM.EUR.A,D,XM,EUR,A,2022-04-12,0.920726,,A,F
"BIS,WS_XRU,1.0",D.XM.EUR.A,D,XM,EUR,A,2022-04-13,0.923702,,A,F
"BIS,WS_XRU,1.0",D.XM.EUR.A,D,XM,EUR,A,2022-04-14,0.919287,,A,F
"BIS,WS_XRU,1.0",D.XM.EUR.A,D,XM,EUR,A,2022-04-19,0.925669,,A,F
"BIS,WS_XRU,1.0",D.XM.EUR.A,D,XM,EUR,A,2022-04-20,0.923361,,A,F
"BIS,WS_XRU,1.0",D.XM.EUR.A,D,XM,EUR,A,2022-04-21,0.918527,,A,F
"BIS,WS_XRU,1.0",D.XM.EUR.A,D,XM,EUR,A,2022-04-22,0.924471,,A,F
"BIS,WS_XRU,1.0",D.XM.EUR.A,D,XM,EUR,A,2022-04-25,0.930579,,A,F
"BIS,WS_XRU,1.0",D.XM.EUR.A,D,XM,EUR,A,2022-04-26,0.936856,,A,F
"BIS,WS_XRU,1.0",D.XM.EUR.A,D,XM,EUR,A,2022-04-27,0.944912,,A,F
"BIS,WS_XRU,1.0",D.XM.EUR.A,D,XM,EUR,A,2022-04-28,0.953743,,A,F
"BIS,WS_XRU,1.0",D.XM.EUR.A,D,XM,EUR,A,2022-04-29,0.948767,,A,F
"BIS,WS_XRU,1.0",D.XM.EUR.A,D,XM,EUR,A,2022-05-02,0.950209,,A,F
"BIS,WS_XRU,1.0",D.XM.EUR.A,D,XM,EUR,A,2022-05-03,0.947329,,A,F
"BIS,WS_XRU,1.0",D.XM.EUR.A,D,XM,EUR,A,2022-05-04,0.949577,,A,F
"BIS,WS_XRU,1.0",D.XM.EUR.A,D,XM,EUR,A,2022-05-05,0.946253,,A,F
"BIS,WS_XRU,1.0",D.XM.EUR.A,D,XM,EUR,A,2022-05-06,0.946074,,A,F
"BIS,WS_XRU,1.0",D.XM.EUR.A,D,XM,EUR,A,2022-05-09,0.947059,,A,F
"BIS,WS_XRU,1.0",D.XM.EUR.A,D,XM,EUR,A,2022-05-10,0.947508,,A,F
"BIS,WS_XRU,1.0",D.XM.EUR.A,D,XM,EUR,A,2022-05-11,0.947598,,A,F
"BIS,WS_XRU,1.0",D.XM.EUR.A,D,XM,EUR,A,2022-05-12,0.960799,,A,F
"BIS,WS_XRU,1.0",D.XM.EUR.A,D,XM,EUR,A,2022-05-13,0.962927,,A,F
"BIS,WS_XRU,1.0",D.XM.EUR.A,D,XM,EUR,A,2022-05-16,0.959509,,A,F
"BIS,WS_XRU,1.0",D.XM.EUR.A,D,XM,EUR,A,2022-05-17,0.948677,,A,F
"BIS,WS_XRU,1.0",D.XM.EUR.A,D,XM,EUR,A,2022-05-18,0.950299,,A,F
"BIS,WS_XRU,1.0",D.XM.EUR.A,D,XM,EUR,A,2022-05-19,0.950119,,A,F
"BIS,WS_XRU,1.0",D.XM.EUR.A,D,XM,EUR,A,2022-05-20,0.945448,,A,F
"BIS,WS_XRU,1.0",D.XM.EUR.A,D,XM,EUR,A,2022-05-23,0.938174,,A,F
"BIS,WS_XRU,1.0",D.XM.EUR.A,D,XM,EUR,A,2022-05-24,0.932836,,A,F
"BIS,WS_XRU,1.0",D.XM.EUR.A,D,XM,EUR,A,2022-05-25,0.938438,,A,F
"BIS,WS_XRU,1.0",D.XM.EUR.A,D,XM,EUR,A,2022-05-26,0.934842,,A,F
"BIS,WS_XRU,1.0",D.XM.EUR.A,D,XM,EUR,A,2022-05-27,0.932662,,A,F
"BIS,WS_XRU,1.0",D.XM.EUR.A,D,XM,EUR,A,2022-05-30,0.929023,,A,F
"BIS,WS_XRU,1.0",D.XM.EUR.A,D,XM,EUR,A,2022-05-31,0.933445,,A,F
"BIS,WS_XRU,1.0",D.XM.EUR.A,D,XM,EUR,A,2022-06-01,0.933532,,A,F
"BIS,WS_XRU,1.0",D.XM.EUR.A,D,XM,EUR,A,2022-06-02,0.935279,,A,F
"BIS,WS_XRU,1.0",D.XM.EUR.A,D,XM,EUR,A,2022-06-03,0.931966,,A,F
"BIS,WS_XRU,1.0",D.XM.EUR.A,D,XM,EUR,A,2022-06-06,0.932314,,A,F
"BIS,WS_XRU,1.0",D.XM.EUR.A,D,XM,EUR,A,2022-06-07,0.93791,,A,F
"BIS,WS_XRU,1.0",D.XM.EUR.A,D,XM,EUR,A,2022-06-08,0.931185,,A,F
"BIS,WS_XRU,1.0",D.XM.EUR.A,D,XM,EUR,A,2022-06-09,0.930839,,A,F
"BIS,WS_XRU,1.0",D.XM.EUR.A,D,XM,EUR,A,2022-06-10,0.945358,,A,F
"BIS,WS_XRU,1.0",D.XM.EUR.A,D,XM,EUR,A,2022-06-13,0.95648,,A,F
"BIS,WS_XRU,1.0",D.XM.EUR.A,D,XM,EUR,A,2022-06-14,0.956755,,A,F
"BIS,WS_XRU,1.0",D.XM.EUR.A,D,XM,EUR,A,2022-06-15,0.958681,,A,F
"BIS,WS_XRU,1.0",D.XM.EUR.A,D,XM,EUR,A,2022-06-16,0.961538,,A,F
"BIS,WS_XRU,1.0",D.XM.EUR.A,D,XM,EUR,A,2022-06-17,0.953652,,A,F
"BIS,WS_XRU,1.0",D.XM.EUR.A,D,XM,EUR,A,2022-06-20,0.950841,,A,F
"BIS,WS_XRU,1.0",D.XM.EUR.A,D,XM,EUR,A,2022-06-21,0.947867,,A,F
"BIS,WS_XRU,1.0",D.XM.EUR.A,D,XM,EUR,A,2022-06-22,0.95048,,A,F
"BIS,WS_XRU,1.0",D.XM.EUR.A,D,XM,EUR,A,2022-06-23,0.953016,,A,F
"BIS,WS_XRU,1.0",D.XM.EUR.A,D,XM,EUR,A,2022-06-24,0.950209,,A,F
"BIS,WS_XRU,1.0",D.XM.EUR.A,D,XM,EUR,A,2022-06-27,0.945895,,A,F
"BIS,WS_XRU,1.0",D.XM.EUR.A,D,XM,EUR,A,2022-06-28,0.94688,,A,F
"BIS,WS_XRU,1.0",D.XM.EUR.A,D,XM,EUR,A,2022-06-29,0.950841,,A,F
"BIS,WS_XRU,1.0",D.XM.EUR.A,D,XM,EUR,A,2022-06-30,0.962742,,A,F
"BIS,WS_XRU,1.0",D.XM.EUR.A,D,XM,EUR,A,2022-07-01,0.959233,,A,F
"BIS,WS_XRU,1.0",D.XM.EUR.A,D,XM,EUR,A,2022-07-04,0.95648,,A,F
"BIS,WS_XRU,1.0",D.XM.EUR.A,D,XM,EUR,A,2022-07-05,0.971817,,A,F
"BIS,WS_XRU,1.0",D.XM.EUR.A,D,XM,EUR,A,2022-07-06,0.982608,,A,F
"BIS,WS_XRU,1.0",D.XM.EUR.A,D,XM,EUR,A,2022-07-07,0.982318,,A,F
"BIS,WS_XRU,1.0",D.XM.EUR.A,D,XM,EUR,A,2022-07-08,0.983961,,A,F
"BIS,WS_XRU,1.0",D.XM.EUR.A,D,XM,EUR,A,2022-07-11,0.990295,,A,F
"BIS,WS_XRU,1.0",D.XM.EUR.A,D,XM,EUR,A,2022-07-12,0.995818,,A,F
"BIS,WS_XRU,1.0",D.XM.EUR.A,D,XM,EUR,A,2022-07-13,0.993345,,A,F
"BIS,WS_XRU,1.0",D.XM.EUR.A,D,XM,EUR,A,2022-07-14,0.9995,,A,F
"BIS,WS_XRU,1.0",D.XM.EUR.A,D,XM,EUR,A,2022-07-15,0.994135,,A,F
"BIS,WS_XRU,1.0",D.XM.EUR.A,D,XM,EUR,A,2022-07-18,0.987069,,A,F
"BIS,WS_XRU,1.0",D.XM.EUR.A,D,XM,EUR,A,2022-07-19,0.976086,,A,F
"BIS,WS_XRU,1.0",D.XM.EUR.A,D,XM,EUR,A,2022-07-20,0.980488,,A,F
"BIS,WS_XRU,1.0",D.XM.EUR.A,D,XM,EUR,A,2022-07-21,0.980488,,A,F
"BIS,WS_XRU,1.0",D.XM.EUR.A,D,XM,EUR,A,2022-07-22,0.981354,,A,F
"BIS,WS_XRU,1.0",D.XM.EUR.A,D,XM,EUR,A,2022-07-25,0.976944,,A,F
"BIS,WS_XRU,1.0",D.XM.EUR.A,D,XM,EUR,A,2022-07-26,0.987752,,A,F
"BIS,WS_XRU,1.0",D.XM.EUR.A,D,XM,EUR,A,2022-07-27,0.985028,,A,F
"BIS,WS_XRU,1.0",D.XM.EUR.A,D,XM,EUR,A,2022-07-28,0.987947,,A,F
"BIS,WS_XRU,1.0",D.XM.EUR.A,D,XM,EUR,A,2022-07-29,0.980584,,A,F
"BIS,WS_XRU,1.0",D.XM.EUR.A,D,XM,EUR,A,2022-08-01,0.977231,,A,F
"BIS,WS_XRU,1.0",D.XM.EUR.A,D,XM,EUR,A,2022-08-02,0.978091,,A,F
"BIS,WS_XRU,1.0",D.XM.EUR.A,D,XM,EUR,A,2022-08-03,0.980969,,A,F
"BIS,WS_XRU,1.0",D.XM.EUR.A,D,XM,EUR,A,2022-08-04,0.982222,,A,F
"BIS,WS_XRU,1.0",D.XM.EUR.A,D,XM,EUR,A,2022-08-05,0.977231,,A,F
"BIS,WS_XRU,1.0",D.XM.EUR.A,D,XM,EUR,A,2022-08-08,0.980488,,A,F
"BIS,WS_XRU,1.0",D.XM.EUR.A,D,XM,EUR,A,2022-08-09,0.977135,,A,F
"BIS,WS_XRU,1.0",D.XM.EUR.A,D,XM,EUR,A,2022-08-10,0.975419,,A,F
"BIS,WS_XRU,1.0",D.XM.EUR.A,D,XM,EUR,A,2022-08-11,0.967305,,A,F
"BIS,WS_XRU,1.0",D.XM.EUR.A,D,XM,EUR,A,2022-08-12,0.97229,,A,F
"BIS,WS_XRU,1.0",D.XM.EUR.A,D,XM,EUR,A,2022-08-15,0.980873,,A,F
"BIS,WS_XRU,1.0",D.XM.EUR.A,D,XM,EUR,A,2022-08-16,0.987069,,A,F
"BIS,WS_XRU,1.0",D.XM.EUR.A,D,XM,EUR,A,2022-08-17,0.983865,,A,F
"BIS,WS_XRU,1.0",D.XM.EUR.A,D,XM,EUR,A,2022-08-18,0.982511,,A,F
"BIS,WS_XRU,1.0",D.XM.EUR.A,D,XM,EUR,A,2022-08-19,0.994629,,A,F
"BIS,WS_XRU,1.0",D.XM.EUR.A,D,XM,EUR,A,2022-08-22,0.9999,,A,F
"BIS,WS_XRU,1.0",D.XM.EUR.A,D,XM,EUR,A,2022-08-23,1.007354,,A,F
"BIS,WS_XRU,1.0",D.XM.EUR.A,D,XM,EUR,A,2022-08-24,1.006644,,A,F
"BIS,WS_XRU,1.0",D.XM.EUR.A,D,XM,EUR,A,2022-08-25,1.003009,,A,F
"BIS,WS_XRU,1.0",D.XM.EUR.A,D,XM,EUR,A,2022-08-26,0.9993,,A,F
"BIS,WS_XRU,1.0",D.XM.EUR.A,D,XM,EUR,A,2022-08-29,1.001402,,A,F
"BIS,WS_XRU,1.0",D.XM.EUR.A,D,XM,EUR,A,2022-08-30,0.996612,,A,F
"BIS,WS_XRU,1.0",D.XM.EUR.A,D,XM,EUR,A,2022-08-31,1.0,,A,F
"BIS,WS_XRU,1.0",D.XM.EUR.A,D,XM,EUR,A,2022-09-01,0.9996,,A,F
"BIS,WS_XRU,1.0",D.XM.EUR.A,D,XM,EUR,A,2022-09-02,1.0007,,A,F
"BIS,WS_XRU,1.0",D.XM.EUR.A,D,XM,EUR,A,2022-09-05,1.008065,,A,F
"BIS,WS_XRU,1.0",D.XM.EUR.A,D,XM,EUR,A,2022-09-06,1.007252,,A,F
"BIS,WS_XRU,1.0",D.XM.EUR.A,D,XM,EUR,A,2022-09-07,1.011634,,A,F
"BIS,WS_XRU,1.0",D.XM.EUR.A,D,XM,EUR,A,2022-09-08,0.999101,,A,F
"BIS,WS_XRU,1.0",D.XM.EUR.A,D,XM,EUR,A,2022-09-09,0.995124,,A,F
"BIS,WS_XRU,1.0",D.XM.EUR.A,D,XM,EUR,A,2022-09-12,0.984737,,A,F
"BIS,WS_XRU,1.0",D.XM.EUR.A,D,XM,EUR,A,2022-09-13,0.982801,,A,F
"BIS,WS_XRU,1.0",D.XM.EUR.A,D,XM,EUR,A,2022-09-14,1.001001,,A,F
"BIS,WS_XRU,1.0",D.XM.EUR.A,D,XM,EUR,A,2022-09-15,1.000801,,A,F
"BIS,WS_XRU,1.0",D.XM.EUR.A,D,XM,EUR,A,2022-09-16,1.004621,,A,F
"BIS,WS_XRU,1.0",D.XM.EUR.A,D,XM,EUR,A,2022-09-19,1.001001,,A,F
"BIS,WS_XRU,1.0",D.XM.EUR.A,D,XM,EUR,A,2022-09-20,1.001402,,A,F
"BIS,WS_XRU,1.0",D.XM.EUR.A,D,XM,EUR,A,2022-09-21,1.009489,,A,F
"BIS,WS_XRU,1.0",D.XM.EUR.A,D,XM,EUR,A,2022-09-22,1.011736,,A,F
"BIS,WS_XRU,1.0",D.XM.EUR.A,D,XM,EUR,A,2022-09-23,1.02522,,A,F
"BIS,WS_XRU,1.0",D.XM.EUR.A,D,XM,EUR,A,2022-09-26,1.036699,,A,F
"BIS,WS_XRU,1.0",D.XM.EUR.A,D,XM,EUR,A,2022-09-27,1.036914,,A,F
"BIS,WS_XRU,1.0",D.XM.EUR.A,D,XM,EUR,A,2022-09-28,1.045478,,A,F
"BIS,WS_XRU,1.0",D.XM.EUR.A,D,XM,EUR,A,2022-09-29,1.030291,,A,F
"BIS,WS_XRU,1.0",D.XM.EUR.A,D,XM,EUR,A,2022-09-30,1.025851,,A,F
"BIS,WS_XRU,1.0",D.XM.EUR.A,D,XM,EUR,A,2022-10-03,1.02417,,A,F
"BIS,WS_XRU,1.0",D.XM.EUR.A,D,XM,EUR,A,2022-10-04,1.01102,,A,F
"BIS,WS_XRU,1.0",D.XM.EUR.A,D,XM,EUR,A,2022-10-05,1.008573,,A,F
"BIS,WS_XRU,1.0",D.XM.EUR.A,D,XM,EUR,A,2022-10-06,1.014199,,A,F
"BIS,WS_XRU,1.0",D.XM.EUR.A,D,XM,EUR,A,2022-10-07,1.020721,,A,F
"BIS,WS_XRU,1.0",D.XM.EUR.A,D,XM,EUR,A,2022-10-10,1.031247,,A,F
"BIS,WS_XRU,1.0",D.XM.EUR.A,D,XM,EUR,A,2022-10-11,1.028489,,A,F
"BIS,WS_XRU,1.0",D.XM.EUR.A,D,XM,EUR,A,2022-10-12,1.030291,,A,F
"BIS,WS_XRU,1.0",D.XM.EUR.A,D,XM,EUR,A,2022-10-13,1.026799,,A,F
"BIS,WS_XRU,1.0",D.XM.EUR.A,D,XM,EUR,A,2022-10-14,1.029124,,A,F
"BIS,WS_XRU,1.0",D.XM.EUR.A,D,XM,EUR,A,2022-10-17,1.026799,,A,F
"BIS,WS_XRU,1.0",D.XM.EUR.A,D,XM,EUR,A,2022-10-18,1.016777,,A,F
"BIS,WS_XRU,1.0",D.XM.EUR.A,D,XM,EUR,A,2022-10-19,1.022704,,A,F
"BIS,WS_XRU,1.0",D.XM.EUR.A,D,XM,EUR,A,2022-10-20,1.019264,,A,F
"BIS,WS_XRU,1.0",D.XM.EUR.A,D,XM,EUR,A,2022-10-21,1.027749,,A,F
"BIS,WS_XRU,1.0",D.XM.EUR.A,D,XM,EUR,A,2022-10-24,1.015125,,A,F
"BIS,WS_XRU,1.0",D.XM.EUR.A,D,XM,EUR,A,2022-10-25,1.014096,,A,F
"BIS,WS_XRU,1.0",D.XM.EUR.A,D,XM,EUR,A,2022-10-26,0.997705,,A,F
"BIS,WS_XRU,1.0",D.XM.EUR.A,D,XM,EUR,A,2022-10-27,0.996314,,A,F
"BIS,WS_XRU,1.0",D.XM.EUR.A,D,XM,EUR,A,2022-10-28,1.004924,,A,F
"BIS,WS_XRU,1.0",D.XM.EUR.A,D,XM,EUR,A,2022-10-31,1.008675,,A,F
"BIS,WS_XRU,1.0",D.XM.EUR.A,D,XM,EUR,A,2022-11-01,1.005328,,A,F
"BIS,WS_XRU,1.0",D.XM.EUR.A,D,XM,EUR,A,2022-11-02,1.009285,,A,F
"BIS,WS_XRU,1.0",D.XM.EUR.A,D,XM,EUR,A,2022-11-03,1.025326,,A,F
"BIS,WS_XRU,1.0",D.XM.EUR.A,D,XM,EUR,A,2022-11-04,1.012966,,A,F
"BIS,WS_XRU,1.0",D.XM.EUR.A,D,XM,EUR,A,2022-11-07,1.0007,,A,F
"BIS,WS_XRU,1.0",D.XM.EUR.A,D,XM,EUR,A,2022-11-08,1.0004,,A,F
"BIS,WS_XRU,1.0",D.XM.EUR.A,D,XM,EUR,A,2022-11-09,0.996115,,A,F
"BIS,WS_XRU,1.0",D.XM.EUR.A,D,XM,EUR,A,2022-11-10,1.004621,,A,F
"BIS,WS_XRU,1.0",D.XM.EUR.A,D,XM,EUR,A,2022-11-11,0.97012,,A,F
"BIS,WS_XRU,1.0",D.XM.EUR.A,D,XM,EUR,A,2022-11-14,0.969086,,A,F
"BIS,WS_XRU,1.0",D.XM.EUR.A,D,XM,EUR,A,2022-11-15,0.961169,,A,F
"BIS,WS_XRU,1.0",D.XM.EUR.A,D,XM,EUR,A,2022-11-16,0.96043,,A,F
"BIS,WS_XRU,1.0",D.XM.EUR.A,D,XM,EUR,A,2022-11-17,0.969086,,A,F
"BIS,WS_XRU,1.0",D.XM.EUR.A,D,XM,EUR,A,2022-11-18,0.964692,,A,F
"BIS,WS_XRU,1.0",D.XM.EUR.A,D,XM,EUR,A,2022-11-21,0.975991,,A,F
"BIS,WS_XRU,1.0",D.XM.EUR.A,D,XM,EUR,A,2022-11-22,0.973331,,A,F
"BIS,WS_XRU,1.0",D.XM.EUR.A,D,XM,EUR,A,2022-11-23,0.968523,,A,F
"BIS,WS_XRU,1.0",D.XM.EUR.A,D,XM,EUR,A,2022-11-24,0.960338,,A,F
"BIS,WS_XRU,1.0",D.XM.EUR.A,D,XM,EUR,A,2022-11-25,0.963855,,A,F
"BIS,WS_XRU,1.0",D.XM.EUR.A,D,XM,EUR,A,2022-11-28,0.955749,,A,F
"BIS,WS_XRU,1.0",D.XM.EUR.A,D,XM,EUR,A,2022-11-29,0.964692,,A,F
"BIS,WS_XRU,1.0",D.XM.EUR.A,D,XM,EUR,A,2022-11-30,0.963763,,A,F
"BIS,WS_XRU,1.0",D.XM.EUR.A,D,XM,EUR,A,2022-12-01,0.956572,,A,F
"BIS,WS_XRU,1.0",D.XM.EUR.A,D,XM,EUR,A,2022-12-02,0.948947,,A,F
"BIS,WS_XRU,1.0",D.XM.EUR.A,D,XM,EUR,A,2022-12-05,0.944555,,A,F
"BIS,WS_XRU,1.0",D.XM.EUR.A,D,XM,EUR,A,2022-12-06,0.950932,,A,F
"BIS,WS_XRU,1.0",D.XM.EUR.A,D,XM,EUR,A,2022-12-07,0.949758,,A,F
"BIS,WS_XRU,1.0",D.XM.EUR.A,D,XM,EUR,A,2022-12-08,0.950661,,A,F
"BIS,WS_XRU,1.0",D.XM.EUR.A,D,XM,EUR,A,2022-12-09,0.947059,,A,F
"BIS,WS_XRU,1.0",D.XM.EUR.A,D,XM,EUR,A,2022-12-12,0.94679,,A,F
"BIS,WS_XRU,1.0",D.XM.EUR.A,D,XM,EUR,A,2022-12-13,0.948317,,A,F
"BIS,WS_XRU,1.0",D.XM.EUR.A,D,XM,EUR,A,2022-12-14,0.939055,,A,F
"BIS,WS_XRU,1.0",D.XM.EUR.A,D,XM,EUR,A,2022-12-15,0.941531,,A,F
"BIS,WS_XRU,1.0",D.XM.EUR.A,D,XM,EUR,A,2022-12-16,0.941708,,A,F
"BIS,WS_XRU,1.0",D.XM.EUR.A,D,XM,EUR,A,2022-12-19,0.943574,,A,F
"BIS,WS_XRU,1.0",D.XM.EUR.A,D,XM,EUR,A,2022-12-20,0.943485,,A,F
"BIS,WS_XRU,1.0",D.XM.EUR.A,D,XM,EUR,A,2022-12-21,0.940203,,A,F
"BIS,WS_XRU,1.0",D.XM.EUR.A,D,XM,EUR,A,2022-12-22,0.940468,,A,F
"BIS,WS_XRU,1.0",D.XM.EUR.A,D,XM,EUR,A,2022-12-23,0.941442,,A,F
"BIS,WS_XRU,1.0",D.XM.EUR.A,D,XM,EUR,A,2022-12-27,0.941265,,A,F
"BIS,WS_XRU,1.0",D.XM.EUR.A,D,XM,EUR,A,2022-12-28,0.93985,,A,F
"BIS,WS_XRU,1.0",D.XM.EUR.A,D,XM,EUR,A,2022-12-29,0.939055,,A,F
"BIS,WS_XRU,1.0",D.XM.EUR.A,D,XM,EUR,A,2022-12-30,0.937559,,A,F
"BIS,WS_XRU,1.0",D.XM.EUR.A,D,XM,EUR,A,2023-01-02,0.936067,,A,F
"BIS,WS_XRU,1.0",D.XM.EUR.A,D,XM,EUR,A,2023-01-03,0.948317,,A,F
"BIS,WS_XRU,1.0",D.XM.EUR.A,D,XM,EUR,A,2023-01-04,0.943485,,A,F
"BIS,WS_XRU,1.0",D.XM.EUR.A,D,XM,EUR,A,2023-01-05,0.943307,,A,F
"BIS,WS_XRU,1.0",D.XM.EUR.A,D,XM,EUR,A,2023-01-06,0.952381,,A,F
"BIS,WS_XRU,1.0",D.XM.EUR.A,D,XM,EUR,A,2023-01-09,0.934929,,A,F
"BIS,WS_XRU,1.0",D.XM.EUR.A,D,XM,EUR,A,2023-01-10,0.932575,,A,F
"BIS,WS_XRU,1.0",D.XM.EUR.A,D,XM,EUR,A,2023-01-11,0.930492,,A,F
"BIS,WS_XRU,1.0",D.XM.EUR.A,D,XM,EUR,A,2023-01-12,0.928333,,A,F
"BIS,WS_XRU,1.0",D.XM.EUR.A,D,XM,EUR,A,2023-01-13,0.924727,,A,F
"BIS,WS_XRU,1.0",D.XM.EUR.A,D,XM,EUR,A,2023-01-16,0.924898,,A,F
"BIS,WS_XRU,1.0",D.XM.EUR.A,D,XM,EUR,A,2023-01-17,0.922254,,A,F
"BIS,WS_XRU,1.0",D.XM.EUR.A,D,XM,EUR,A,2023-01-18,0.922594,,A,F
"BIS,WS_XRU,1.0",D.XM.EUR.A,D,XM,EUR,A,2023-01-19,0.924642,,A,F
"BIS,WS_XRU,1.0",D.XM.EUR.A,D,XM,EUR,A,2023-01-20,0.923702,,A,F
"BIS,WS_XRU,1.0",D.XM.EUR.A,D,XM,EUR,A,2023-01-23,0.919879,,A,F
"BIS,WS_XRU,1.0",D.XM.EUR.A,D,XM,EUR,A,2023-01-24,0.92098,,A,F
"BIS,WS_XRU,1.0",D.XM.EUR.A,D,XM,EUR,A,2023-01-25,0.919287,,A,F
"BIS,WS_XRU,1.0",D.XM.EUR.A,D,XM,EUR,A,2023-01-26,0.917852,,A,F
"BIS,WS_XRU,1.0",D.XM.EUR.A,D,XM,EUR,A,2023-01-27,0.920387,,A,F
"BIS,WS_XRU,1.0",D.XM.EUR.A,D,XM,EUR,A,2023-01-30,0.917179,,A,F
"BIS,WS_XRU,1.0",D.XM.EUR.A,D,XM,EUR,A,2023-01-31,0.923105,,A,F
"BIS,WS_XRU,1.0",D.XM.EUR.A,D,XM,EUR,A,2023-02-01,0.917936,,A,F
"BIS,WS_XRU,1.0",D.XM.EUR.A,D,XM,EUR,A,2023-02-02,0.910084,,A,F
"BIS,WS_XRU,1.0",D.XM.EUR.A,D,XM,EUR,A,2023-02-03,0.914328,,A,F
"BIS,WS_XRU,1.0",D.XM.EUR.A,D,XM,EUR,A,2023-02-06,0.927988,,A,F
"BIS,WS_XRU,1.0",D.XM.EUR.A,D,XM,EUR,A,2023-02-07,0.934579,,A,F
"BIS,WS_XRU,1.0",D.XM.EUR.A,D,XM,EUR,A,2023-02-08,0.931532,,A,F
"BIS,WS_XRU,1.0",D.XM.EUR.A,D,XM,EUR,A,2023-02-09,0.928419,,A,F
"BIS,WS_XRU,1.0",D.XM.EUR.A,D,XM,EUR,A,2023-02-10,0.935454,,A,F
"BIS,WS_XRU,1.0",D.XM.EUR.A,D,XM,EUR,A,2023-02-13,0.935804,,A,F
"BIS,WS_XRU,1.0",D.XM.EUR.A,D,XM,EUR,A,2023-02-14,0.929454,,A,F
"BIS,WS_XRU,1.0",D.XM.EUR.A,D,XM,EUR,A,2023-02-15,0.934579,,A,F
"BIS,WS_XRU,1.0",D.XM.EUR.A,D,XM,EUR,A,2023-02-16,0.934579,,A,F
"BIS,WS_XRU,1.0",D.XM.EUR.A,D,XM,EUR,A,2023-02-17,0.941176,,A,F
"BIS,WS_XRU,1.0",D.XM.EUR.A,D,XM,EUR,A,2023-02-20,0.936856,,A,F
"BIS,WS_XRU,1.0",D.XM.EUR.A,D,XM,EUR,A,2023-02-21,0.937734,,A,F
"BIS,WS_XRU,1.0",D.XM.EUR.A,D,XM,EUR,A,2023-02-22,0.939496,,A,F
"BIS,WS_XRU,1.0",D.XM.EUR.A,D,XM,EUR,A,2023-02-23,0.941974,,A,F
"BIS,WS_XRU,1.0",D.XM.EUR.A,D,XM,EUR,A,2023-02-24,0.946074,,A,F
"BIS,WS_XRU,1.0",D.XM.EUR.A,D,XM,EUR,A,2023-02-27,0.947508,,A,F
"BIS,WS_XRU,1.0",D.XM.EUR.A,D,XM,EUR,A,2023-02-28,0.941708,,A,F
"BIS,WS_XRU,1.0",D.XM.EUR.A,D,XM,EUR,A,2023-03-01,0.935979,,A,F
"BIS,WS_XRU,1.0",D.XM.EUR.A,D,XM,EUR,A,2023-03-02,0.942951,,A,F
"BIS,WS_XRU,1.0",D.XM.EUR.A,D,XM,EUR,A,2023-03-03,0.942063,,A,F
"BIS,WS_XRU,1.0",D.XM.EUR.A,D,XM,EUR,A,2023-03-06,0.93932,,A,F
"BIS,WS_XRU,1.0",D.XM.EUR.A,D,XM,EUR,A,2023-03-07,0.937647,,A,F
"BIS,WS_XRU,1.0",D.XM.EUR.A,D,XM,EUR,A,2023-03-08,0.948317,,A,F
"BIS,WS_XRU,1.0",D.XM.EUR.A,D,XM,EUR,A,2023-03-09,0.947508,,A,F
"BIS,WS_XRU,1.0",D.XM.EUR.A,D,XM,EUR,A,2023-03-10,0.944644,,A,F
"BIS,WS_XRU,1.0",D.XM.EUR.A,D,XM,EUR,A,2023-03-13,0.934056,,A,F
"BIS,WS_XRU,1.0",D.XM.EUR.A,D,XM,EUR,A,2023-03-14,0.931359,,A,F
"BIS,WS_XRU,1.0",D.XM.EUR.A,D,XM,EUR,A,2023-03-15,0.947957,,A,F
"BIS,WS_XRU,1.0",D.XM.EUR.A,D,XM,EUR,A,2023-03-16,0.943841,,A,F
"BIS,WS_XRU,1.0",D.XM.EUR.A,D,XM,EUR,A,2023-03-17,0.941354,,A,F
"BIS,WS_XRU,1.0",D.XM.EUR.A,D,XM,EUR,A,2023-03-20,0.933097,,A,F
"BIS,WS_XRU,1.0",D.XM.EUR.A,D,XM,EUR,A,2023-03-21,0.927988,,A,F
"BIS,WS_XRU,1.0",D.XM.EUR.A,D,XM,EUR,A,2023-03-22,0.927214,,A,F
"BIS,WS_XRU,1.0",D.XM.EUR.A,D,XM,EUR,A,2023-03-23,0.919202,,A,F
"BIS,WS_XRU,1.0",D.XM.EUR.A,D,XM,EUR,A,2023-03-24,0.930665,,A,F
"BIS,WS_XRU,1.0",D.XM.EUR.A,D,XM,EUR,A,2023-03-27,0.928247,,A,F
"BIS,WS_XRU,1.0",D.XM.EUR.A,D,XM,EUR,A,2023-03-28,0.922424,,A,F
"BIS,WS_XRU,1.0",D.XM.EUR.A,D,XM,EUR,A,2023-03-29,0.921914,,A,F
"BIS,WS_XRU,1.0",D.XM.EUR.A,D,XM,EUR,A,2023-03-30,0.918611,,A,F
"BIS,WS_XRU,1.0",D.XM.EUR.A,D,XM,EUR,A,2023-03-31,0.91954,,A,F
"BIS,WS_XRU,1.0",D.XM.EUR.A,D,XM,EUR,A,2023-04-03,0.919963,,A,F
"BIS,WS_XRU,1.0",D.XM.EUR.A,D,XM,EUR,A,2023-04-04,0.917347,,A,F
"BIS,WS_XRU,1.0",D.XM.EUR.A,D,XM,EUR,A,2023-04-05,0.914077,,A,F
"BIS,WS_XRU,1.0",D.XM.EUR.A,D,XM,EUR,A,2023-04-06,0.91617,,A,F
"BIS,WS_XRU,1.0",D.XM.EUR.A,D,XM,EUR,A,2023-04-11,0.917011,,A,F
"BIS,WS_XRU,1.0",D.XM.EUR.A,D,XM,EUR,A,2023-04-12,0.915583,,A,F
"BIS,WS_XRU,1.0",D.XM.EUR.A,D,XM,EUR,A,2023-04-13,0.907853,,A,F
"BIS,WS_XRU,1.0",D.XM.EUR.A,D,XM,EUR,A,2023-04-14,0.904404,,A,F
"BIS,WS_XRU,1.0",D.XM.EUR.A,D,XM,EUR,A,2023-04-17,0.910664,,A,F
"BIS,WS_XRU,1.0",D.XM.EUR.A,D,XM,EUR,A,2023-04-18,0.911411,,A,F
"BIS,WS_XRU,1.0",D.XM.EUR.A,D,XM,EUR,A,2023-04-19,0.914662,,A,F
"BIS,WS_XRU,1.0",D.XM.EUR.A,D,XM,EUR,A,2023-04-20,0.913743,,A,F
"BIS,WS_XRU,1.0",D.XM.EUR.A,D,XM,EUR,A,2023-04-21,0.910913,,A,F
"BIS,WS_XRU,1.0",D.XM.EUR.A,D,XM,EUR,A,2023-04-24,0.908926,,A,F
"BIS,WS_XRU,1.0",D.XM.EUR.A,D,XM,EUR,A,2023-04-25,0.907276,,A,F
"BIS,WS_XRU,1.0",D.XM.EUR.A,D,XM,EUR,A,2023-04-26,0.905879,,A,F
"BIS,WS_XRU,1.0",D.XM.EUR.A,D,XM,EUR,A,2023-04-27,0.905633,,A,F
"BIS,WS_XRU,1.0",D.XM.EUR.A,D,XM,EUR,A,2023-04-28,0.910664,,A,F
"BIS,WS_XRU,1.0",D.XM.EUR.A,D,XM,EUR,A,2023-05-02,0.911993,,A,F
"BIS,WS_XRU,1.0",D.XM.EUR.A,D,XM,EUR,A,2023-05-03,0.905551,,A,F
"BIS,WS_XRU,1.0",D.XM.EUR.A,D,XM,EUR,A,2023-05-04,0.903016,,A,F
"BIS,WS_XRU,1.0",D.XM.EUR.A,D,XM,EUR,A,2023-05-05,0.907935,,A,F
"BIS,WS_XRU,1.0",D.XM.EUR.A,D,XM,EUR,A,2023-05-08,0.906043,,A,F
"BIS,WS_XRU,1.0",D.XM.EUR.A,D,XM,EUR,A,2023-05-09,0.912492,,A,F
"BIS,WS_XRU,1.0",D.XM.EUR.A,D,XM,EUR,A,2023-05-10,0.913242,,A,F
"BIS,WS_XRU,1.0",D.XM.EUR.A,D,XM,EUR,A,2023-05-11,0.914913,,A,F
"BIS,WS_XRU,1.0",D.XM.EUR.A,D,XM,EUR,A,2023-05-12,0.918105,,A,F
"BIS,WS_XRU,1.0",D.XM.EUR.A,D,XM,EUR,A,2023-05-15,0.919456,,A,F
"BIS,WS_XRU,1.0",D.XM.EUR.A,D,XM,EUR,A,2023-05-16,0.919033,,A,F
"BIS,WS_XRU,1.0",D.XM.EUR.A,D,XM,EUR,A,2023-05-17,0.923446,,A,F
"BIS,WS_XRU,1.0",D.XM.EUR.A,D,XM,EUR,A,2023-05-18,0.924813,,A,F
"BIS,WS_XRU,1.0",D.XM.EUR.A,D,XM,EUR,A,2023-05-19,0.925241,,A,F
"BIS,WS_XRU,1.0",D.XM.EUR.A,D,XM,EUR,A,2023-05-22,0.924044,,A,F
"BIS,WS_XRU,1.0",D.XM.EUR.A,D,XM,EUR,A,2023-05-23,0.92773,,A,F
"BIS,WS_XRU,1.0",D.XM.EUR.A,D,XM,EUR,A,2023-05-24,0.927214,,A,F
"BIS,WS_XRU,1.0",D.XM.EUR.A,D,XM,EUR,A,2023-05-25,0.931532,,A,F
"BIS,WS_XRU,1.0",D.XM.EUR.A,D,XM,EUR,A,2023-05-26,0.930146,,A,F
"BIS,WS_XRU,1.0",D.XM.EUR.A,D,XM,EUR,A,2023-05-29,0.933271,,A,F
"BIS,WS_XRU,1.0",D.XM.EUR.A,D,XM,EUR,A,2023-05-30,0.930752,,A,F
"BIS,WS_XRU,1.0",D.XM.EUR.A,D,XM,EUR,A,2023-05-31,0.936067,,A,F
"BIS,WS_XRU,1.0",D.XM.EUR.A,D,XM,EUR,A,2023-06-01,0.934842,,A,F
"BIS,WS_XRU,1.0",D.XM.EUR.A,D,XM,EUR,A,2023-06-02,0.929109,,A,F
"BIS,WS_XRU,1.0",D.XM.EUR.A,D,XM,EUR,A,2023-06-05,0.935454,,A,F
"BIS,WS_XRU,1.0",D.XM.EUR.A,D,XM,EUR,A,2023-06-06,0.936067,,A,F
"BIS,WS_XRU,1.0",D.XM.EUR.A,D,XM,EUR,A,2023-06-07,0.933097,,A,F
"BIS,WS_XRU,1.0",D.XM.EUR.A,D,XM,EUR,A,2023-06-08,0.931359,,A,F
"BIS,WS_XRU,1.0",D.XM.EUR.A,D,XM,EUR,A,2023-06-09,0.927644,,A,F
"BIS,WS_XRU,1.0",D.XM.EUR.A,D,XM,EUR,A,2023-06-12,0.928936,,A,F
"BIS,WS_XRU,1.0",D.XM.EUR.A,D,XM,EUR,A,2023-06-13,0.926526,,A,F
"BIS,WS_XRU,1.0",D.XM.EUR.A,D,XM,EUR,A,2023-06-14,0.925155,,A,F
"BIS,WS_XRU,1.0",D.XM.EUR.A,D,XM,EUR,A,2023-06-15,0.9243,,A,F
"BIS,WS_XRU,1.0",D.XM.EUR.A,D,XM,EUR,A,2023-06-16,0.91191,,A,F
"BIS,WS_XRU,1.0",D.XM.EUR.A,D,XM,EUR,A,2023-06-19,0.915583,,A,F
"BIS,WS_XRU,1.0",D.XM.EUR.A,D,XM,EUR,A,2023-06-20,0.914662,,A,F
"BIS,WS_XRU,1.0",D.XM.EUR.A,D,XM,EUR,A,2023-06-21,0.915499,,A,F
"BIS,WS_XRU,1.0",D.XM.EUR.A,D,XM,EUR,A,2023-06-22,0.910332,,A,F
"BIS,WS_XRU,1.0",D.XM.EUR.A,D,XM,EUR,A,2023-06-23,0.91878,,A,F
"BIS,WS_XRU,1.0",D.XM.EUR.A,D,XM,EUR,A,2023-06-26,0.915919,,A,F
"BIS,WS_XRU,1.0",D.XM.EUR.A,D,XM,EUR,A,2023-06-27,0.913159,,A,F
"BIS,WS_XRU,1.0",D.XM.EUR.A,D,XM,EUR,A,2023-06-28,0.914244,,A,F
"BIS,WS_XRU,1.0",D.XM.EUR.A,D,XM,EUR,A,2023-06-29,0.914244,,A,F
"BIS,WS_XRU,1.0",D.XM.EUR.A,D,XM,EUR,A,2023-06-30,0.920302,,A,F
"BIS,WS_XRU,1.0",D.XM.EUR.A,D,XM,EUR,A,2023-07-03,0.917515,,A,F
"BIS,WS_XRU,1.0",D.XM.EUR.A,D,XM,EUR,A,2023-07-04,0.917852,,A,F
"BIS,WS_XRU,1.0",D.XM.EUR.A,D,XM,EUR,A,2023-07-05,0.919202,,A,F
"BIS,WS_XRU,1.0",D.XM.EUR.A,D,XM,EUR,A,2023-07-06,0.917515,,A,F
"BIS,WS_XRU,1.0",D.XM.EUR.A,D,XM,EUR,A,2023-07-07,0.918442,,A,F
"BIS,WS_XRU,1.0",D.XM.EUR.A,D,XM,EUR,A,2023-07-10,0.912742,,A,F
"BIS,WS_XRU,1.0",D.XM.EUR.A,D,XM,EUR,A,2023-07-11,0.910001,,A,F
"BIS,WS_XRU,1.0",D.XM.EUR.A,D,XM,EUR,A,2023-07-12,0.907276,,A,F
"BIS,WS_XRU,1.0",D.XM.EUR.A,D,XM,EUR,A,2023-07-13,0.894294,,A,F
"BIS,WS_XRU,1.0",D.XM.EUR.A,D,XM,EUR,A,2023-07-14,0.891186,,A,F
"BIS,WS_XRU,1.0",D.XM.EUR.A,D,XM,EUR,A,2023-07-17,0.890472,,A,F
"BIS,WS_XRU,1.0",D.XM.EUR.A,D,XM,EUR,A,2023-07-18,0.888494,,A,F
"BIS,WS_XRU,1.0",D.XM.EUR.A,D,XM,EUR,A,2023-07-19,0.891107,,A,F
"BIS,WS_XRU,1.0",D.XM.EUR.A,D,XM,EUR,A,2023-07-20,0.893096,,A,F
"BIS,WS_XRU,1.0",D.XM.EUR.A,D,XM,EUR,A,2023-07-21,0.899038,,A,F
"BIS,WS_XRU,1.0",D.XM.EUR.A,D,XM,EUR,A,2023-07-24,0.901226,,A,F
"BIS,WS_XRU,1.0",D.XM.EUR.A,D,XM,EUR,A,2023-07-25,0.904895,,A,F
"BIS,WS_XRU,1.0",D.XM.EUR.A,D,XM,EUR,A,2023-07-26,0.904241,,A,F
"BIS,WS_XRU,1.0",D.XM.EUR.A,D,XM,EUR,A,2023-07-27,0.898876,,A,F
"BIS,WS_XRU,1.0",D.XM.EUR.A,D,XM,EUR,A,2023-07-28,0.908265,,A,F
"BIS,WS_XRU,1.0",D.XM.EUR.A,D,XM,EUR,A,2023-07-31,0.907194,,A,F
"BIS,WS_XRU,1.0",D.XM.EUR.A,D,XM,EUR,A,2023-08-01,0.911577,,A,F
"BIS,WS_XRU,1.0",D.XM.EUR.A,D,XM,EUR,A,2023-08-02,0.910332,,A,F
"BIS,WS_XRU,1.0",D.XM.EUR.A,D,XM,EUR,A,2023-08-03,0.914746,,A,F
"BIS,WS_XRU,1.0",D.XM.EUR.A,D,XM,EUR,A,2023-08-04,0.913576,,A,F
"BIS,WS_XRU,1.0",D.XM.EUR.A,D,XM,EUR,A,2023-08-07,0.910415,,A,F
"BIS,WS_XRU,1.0",D.XM.EUR.A,D,XM,EUR,A,2023-08-08,0.913743,,A,F
"BIS,WS_XRU,1.0",D.XM.EUR.A,D,XM,EUR,A,2023-08-09,0.911743,,A,F
"BIS,WS_XRU,1.0",D.XM.EUR.A,D,XM,EUR,A,2023-08-10,0.907523,,A,F
"BIS,WS_XRU,1.0",D.XM.EUR.A,D,XM,EUR,A,2023-08-11,0.90876,,A,F
"BIS,WS_XRU,1.0",D.XM.EUR.A,D,XM,EUR,A,2023-08-14,0.914913,,A,F
"BIS,WS_XRU,1.0",D.XM.EUR.A,D,XM,EUR,A,2023-08-15,0.915248,,A,F
"BIS,WS_XRU,1.0",D.XM.EUR.A,D,XM,EUR,A,2023-08-16,0.916086,,A,F
"BIS,WS_XRU,1.0",D.XM.EUR.A,D,XM,EUR,A,2023-08-17,0.917431,,A,F
"BIS,WS_XRU,1.0",D.XM.EUR.A,D,XM,EUR,A,2023-08-18,0.920217,,A,F
"BIS,WS_XRU,1.0",D.XM.EUR.A,D,XM,EUR,A,2023-08-21,0.916758,,A,F
"BIS,WS_XRU,1.0",D.XM.EUR.A,D,XM,EUR,A,2023-08-22,0.918527,,A,F
"BIS,WS_XRU,1.0",D.XM.EUR.A,D,XM,EUR,A,2023-08-23,0.925497,,A,F
"BIS,WS_XRU,1.0",D.XM.EUR.A,D,XM,EUR,A,2023-08-24,0.922509,,A,F
"BIS,WS_XRU,1.0",D.XM.EUR.A,D,XM,EUR,A,2023-08-25,0.925241,,A,F
"BIS,WS_XRU,1.0",D.XM.EUR.A,D,XM,EUR,A,2023-08-28,0.925241,,A,F
"BIS,WS_XRU,1.0",D.XM.EUR.A,D,XM,EUR,A,2023-08-29,0.925669,,A,F
"BIS,WS_XRU,1.0",D.XM.EUR.A,D,XM,EUR,A,2023-08-30,0.918611,,A,F
"BIS,WS_XRU,1.0",D.XM.EUR.A,D,XM,EUR,A,2023-08-31,0.920133,,A,F
"BIS,WS_XRU,1.0",D.XM.EUR.A,D,XM,EUR,A,2023-09-01,0.922169,,A,F
"BIS,WS_XRU,1.0",D.XM.EUR.A,D,XM,EUR,A,2023-09-04,0.92584,,A,F
"BIS,WS_XRU,1.0",D.XM.EUR.A,D,XM,EUR,A,2023-09-05,0.93188,,A,F
"BIS,WS_XRU,1.0",D.XM.EUR.A,D,XM,EUR,A,2023-09-06,0.930665,,A,F
"BIS,WS_XRU,1.0",D.XM.EUR.A,D,XM,EUR,A,2023-09-07,0.933707,,A,F
"BIS,WS_XRU,1.0",D.XM.EUR.A,D,XM,EUR,A,2023-09-08,0.93423,,A,F
"BIS,WS_XRU,1.0",D.XM.EUR.A,D,XM,EUR,A,2023-09-11,0.932488,,A,F
