"Series Description","Nominal Broad Dollar Index","Nominal Advanced Foreign Economies Dollar Index","Nominal Emerging Market Economies Dollar Index"
"Unit:","Index:_1997_Jan_100","Index:_1997_Jan_100","Index:_1997_Jan_100"
"Multiplier:","1","1","1"
"Currency:","NA","NA","NA"
"Unique Identifier: ","H10/H10/JRXWTFB_N.B","H10/H10/JRXWTFN_N.B","H10/H10/JRXWTFO_N.B"
"Time Period","JRXWTFB_N.B","JRXWTFN_N.B","JRXWTFO_N.B"
2006-01-02,101.4155,101.7857,100.9386
2006-01-03,100.7558,100.6967,100.8318
2006-01-04,100.2288,100.0512,100.4582
2006-01-05,100.2992,100.2697,100.3368
2006-01-06,100.0241,99.8965,100.1888
2006-01-09,100.1794,100.3432,99.9677
2006-01-10,100.1436,100.1823,100.0931
2006-01-11,99.8710,99.7012,100.0905
2006-01-12,100.0643,100.2245,99.8573
2006-01-13,99.9675,99.9290,100.0169
2006-01-16,99.9715,99.9290,100.0261
2006-01-17,100.2447,100.3620,100.0930
2006-01-18,100.4085,100.5168,100.2684
2006-01-19,100.1862,100.2299,100.1294
2006-01-20,99.9017,99.8988,99.9051
2006-01-23,99.3783,99.0548,99.7974
2006-01-24,99.3434,99.0845,99.6786
2006-01-25,99.3480,99.1685,99.5800
2006-01-26,99.4798,99.4062,99.5745
2006-01-27,99.6433,99.8055,99.4336
2006-01-30,99.7144,99.9440,99.4179
2006-01-31,99.4311,99.5198,99.3163
2006-02-01,99.6132,99.7872,99.3884
2006-02-02,99.7916,99.8986,99.6530
2006-02-03,100.1180,100.4795,99.6522
2006-02-06,100.1372,100.7223,99.3857
2006-02-07,100.1759,100.6885,99.5170
2006-02-08,100.4879,101.0714,99.7386
2006-02-09,100.2117,100.7422,99.5299
2006-02-10,100.3220,100.9745,99.4846
2006-02-13,100.3955,101.0531,99.5516
2006-02-14,100.3987,101.1129,99.4829
2006-02-15,100.4489,101.1606,99.5362
2006-02-16,100.5183,101.3203,99.4909
2006-02-17,100.3404,101.1249,99.3351
2006-02-20,100.3447,101.1249,99.3451
2006-02-21,100.2346,100.9599,99.3046
2006-02-22,100.3879,101.0156,99.5821
2006-02-23,100.1956,100.7685,99.4597
2006-02-24,100.2594,100.9584,99.3628
2006-02-27,100.0724,100.6459,99.3357
2006-02-28,99.7695,100.2045,99.2097
2006-03-01,99.8355,100.3460,99.1791
2006-03-02,99.5969,99.8478,99.2731
2006-03-03,99.7024,99.8903,99.4597
2006-03-06,99.9834,100.2805,99.6004
2006-03-07,100.5640,100.9863,100.0204
2006-03-08,100.8565,101.2344,100.3699
2006-03-09,100.7718,101.2668,100.1352
2006-03-10,100.9566,101.6481,100.0695
2006-03-13,100.8563,101.4533,100.0895
2006-03-14,100.3120,100.6379,99.8920
2006-03-15,100.2121,100.5902,99.7253
2006-03-16,99.9049,100.1566,99.5801
2006-03-17,99.8614,99.9849,99.7016
2006-03-20,100.0491,100.2608,99.7758
2006-03-21,100.4716,100.8311,100.0085
2006-03-22,100.4960,100.6920,100.2427
2006-03-23,100.8256,101.2770,100.2447
2006-03-24,100.7773,101.1294,100.3237
2006-03-27,100.8359,101.0792,100.5220
2006-03-28,100.7995,100.9672,100.5828
2006-03-29,101.0474,101.3872,100.6095
2006-03-30,100.5698,100.6551,100.4592
2006-03-31,100.5600,100.8028,100.2465
2006-04-03,100.6204,101.0299,100.0934
2006-04-04,100.1319,100.2795,99.9411
2006-04-05,100.0792,100.1436,99.9956
2006-04-06,100.1578,100.0604,100.2834
2006-04-07,100.4187,100.3532,100.5029
2006-04-10,100.4091,100.4670,100.3339
2006-04-11,100.2903,100.2642,100.3236
2006-04-12,100.3589,100.3417,100.3808
2006-04-13,100.4759,100.4262,100.5398
2006-04-14,100.4697,100.4698,100.4692
2006-04-17,99.8719,99.4960,100.3593
2006-04-18,99.6747,99.3638,100.0775
2006-04-19,99.3467,98.8673,99.9691
2006-04-20,99.4974,99.0628,100.0615
2006-04-21,99.4345,98.8743,100.1627
2006-04-24,99.1170,98.4916,99.9308
2006-04-25,98.9687,98.1796,99.9974
2006-04-26,98.8907,97.8500,100.2516
2006-04-27,98.5149,97.3920,99.9848
2006-04-28,98.1412,96.8231,99.8708
2006-05-01,97.9085,96.5107,99.7445
2006-05-02,97.6571,96.1961,99.5777
2006-05-03,97.5572,96.1872,99.3563
2006-05-04,97.4878,96.0158,99.4231
2006-05-05,97.2585,95.7028,99.3060
2006-05-08,97.1945,95.7507,99.0923
2006-05-09,96.9578,95.3310,99.1010
2006-05-10,96.6391,95.0172,98.7758
2006-05-11,96.5383,94.6640,99.0151
2006-05-12,96.8788,94.8391,99.5796
2006-05-15,97.3588,95.2097,100.2076
2006-05-16,97.1959,95.1394,99.9190
2006-05-17,97.4725,95.5011,100.0802
2006-05-18,97.7033,95.5486,100.5597
2006-05-19,97.9330,95.9542,100.5503
2006-05-22,97.9377,95.4938,101.1884
2006-05-23,97.7045,95.4391,100.7116
2006-05-24,98.3936,96.1452,101.3769
2006-05-25,97.8423,95.4630,101.0048
2006-05-26,97.8995,95.7563,100.7400
2006-05-29,97.8936,95.7563,100.7260
2006-05-30,97.5880,94.9518,101.1031
2006-05-31,97.7705,95.2350,101.1469
2006-06-01,97.7726,95.2579,101.1206
2006-06-02,97.5544,94.8087,101.2204
2006-06-05,97.3681,94.7304,100.8855
2006-06-06,98.1449,95.8231,101.2285
2006-06-07,98.1641,95.8411,101.2495
2006-06-08,98.9313,96.8091,101.7426
2006-06-09,98.5471,96.3058,101.5206
2006-06-12,98.5494,96.2525,101.5988
2006-06-13,98.9201,96.7047,101.8580
2006-06-14,98.8338,96.5821,101.8213
2006-06-15,98.8846,96.8238,101.6127
2006-06-16,98.9127,96.9525,101.5043
2006-06-19,99.1450,97.1959,101.7215
2006-06-20,99.0117,96.9787,101.7019
2006-06-21,98.5544,96.2830,101.5689
2006-06-22,99.0856,97.1656,101.6227
2006-06-23,99.4216,97.6398,101.7721
2006-06-26,99.3634,97.5759,101.7215
2006-06-27,99.2190,97.3360,101.7062
2006-06-28,99.3920,97.6703,101.6616
2006-06-29,99.2158,97.4129,101.5947
2006-06-30,98.2483,96.2079,100.9491
2006-07-03,98.0371,96.1587,100.5186
2006-07-04,98.0221,96.1587,100.4834
2006-07-05,98.3080,96.5050,100.6877
2006-07-06,98.1380,96.3176,100.5411
2006-07-07,97.7508,95.9178,100.1710
2006-07-10,97.9813,96.5065,99.9202
2006-07-11,98.2132,96.7635,100.1185
2006-07-12,98.5202,97.1622,100.3028
2006-07-13,98.5583,97.1236,100.4434
2006-07-14,98.6814,97.2301,100.5886
2006-07-17,99.0767,97.9121,100.6019
2006-07-18,99.1341,98.0647,100.5329
2006-07-19,98.9262,97.8260,100.3661
2006-07-20,98.6014,97.4608,100.0948
2006-07-21,98.5221,97.2890,100.1385
2006-07-24,98.7795,97.6673,100.2351
2006-07-25,98.9388,97.9683,100.2067
2006-07-26,98.7420,97.5867,100.2549
2006-07-27,98.2283,96.9159,99.9503
2006-07-28,98.0539,96.6054,99.9577
2006-07-31,97.9996,96.5244,99.9390
2006-08-01,98.1715,96.5635,100.2889
2006-08-02,97.9432,96.2521,100.1724
2006-08-03,98.0694,96.4000,100.2694
2006-08-04,97.6005,95.7940,99.9851
2006-08-07,97.5088,95.7093,99.8841
2006-08-08,97.6524,95.8935,99.9729
2006-08-09,97.4402,95.7343,99.6894
2006-08-10,97.8887,96.4451,99.7860
2006-08-11,97.7863,96.3561,99.6657
2006-08-14,97.9677,96.6123,99.7472
2006-08-15,97.8043,96.3068,99.7737
2006-08-16,97.3894,95.8198,99.4556
2006-08-17,97.3486,95.8187,99.3616
2006-08-18,97.7577,96.3392,99.6214
2006-08-21,97.3856,95.7994,99.4740
2006-08-22,97.6079,96.1788,99.4858
2006-08-23,97.5731,96.0063,99.6355
2006-08-24,97.7939,96.1460,99.9651
2006-08-25,97.8827,96.1857,100.1198
2006-08-28,97.8467,96.1860,100.0350
2006-08-29,97.7748,96.1879,99.8641
2006-08-30,97.5792,95.9337,99.7472
2006-08-31,97.6440,95.9877,99.8264
2006-09-01,97.5084,95.8152,99.7405
2006-09-04,97.4981,95.8152,99.7164
2006-09-05,97.4392,95.9381,99.4136
2006-09-06,97.6087,96.0075,99.7172
2006-09-07,97.8108,96.2165,99.9099
2006-09-08,98.2119,96.8701,99.9731
2006-09-11,98.3845,96.9728,100.2390
2006-09-12,98.2781,96.8705,100.1271
2006-09-13,98.1775,96.7865,100.0043
2006-09-14,98.0088,96.5488,99.9281
2006-09-15,98.2104,96.9959,99.8021
2006-09-18,98.1332,96.8955,99.7558
2006-09-19,98.1703,96.9420,99.7803
2006-09-20,98.1556,96.9390,99.7501
2006-09-21,97.9458,96.5519,99.7766
2006-09-22,97.8667,96.2047,100.0568
2006-09-25,97.9909,96.3273,100.1830
2006-09-26,98.0555,96.6091,99.9565
2006-09-27,98.0107,96.6540,99.7919
2006-09-28,98.0381,96.6510,99.8599
2006-09-29,98.1054,96.8557,99.7441
2006-10-02,97.9247,96.5726,99.6996
2006-10-03,98.1267,96.8125,99.8510
2006-10-04,98.3682,97.1953,99.9047
2006-10-05,98.2776,97.1310,99.7790
2006-10-06,98.5619,97.5559,99.8769
2006-10-09,98.5702,97.5559,99.8962
2006-10-10,98.9125,98.0939,99.9802
2006-10-11,98.9146,98.1518,99.9088
2006-10-12,98.8310,98.1715,99.6894
2006-10-13,98.8002,98.3519,99.3822
2006-10-16,98.7100,98.2302,99.3331
2006-10-17,98.5354,97.9184,99.3380
2006-10-18,98.6164,98.1517,99.2200
2006-10-19,98.2897,97.6115,99.1728
2006-10-20,98.1629,97.3479,99.2257
2006-10-23,98.4483,97.7879,99.3079
2006-10-24,98.3490,97.6652,99.2394
2006-10-25,98.2057,97.4967,99.1293
2006-10-26,97.8907,97.1528,98.8521
2006-10-27,97.4914,96.5866,98.6728
2006-10-30,97.5672,96.6834,98.7210
2006-10-31,97.3901,96.3772,98.7145
2006-11-01,97.4949,96.6452,98.6035
2006-11-02,97.6556,96.7776,98.8016
2006-11-03,97.7209,96.9746,98.6935
2006-11-06,97.8060,97.0172,98.8346
2006-11-07,97.4453,96.4974,98.6837
2006-11-08,97.5800,96.6593,98.7823
2006-11-09,97.5041,96.5460,98.7560
2006-11-10,97.4638,96.4293,98.8169
2006-11-13,97.7904,96.9287,98.9148
2006-11-14,97.7475,96.9452,98.7936
2006-11-15,97.8359,97.0363,98.8785
2006-11-16,97.8098,97.0514,98.7984
2006-11-17,97.9855,97.0975,99.1447
2006-11-20,98.0254,97.2138,99.0839
2006-11-21,98.0215,97.1460,99.1641
2006-11-22,97.5315,96.3761,99.0449
2006-11-23,97.5314,96.3761,99.0446
2006-11-24,97.0657,95.5611,99.0448
2006-11-27,96.9986,95.4062,99.0955
2006-11-28,96.8428,95.1783,99.0368
2006-11-29,96.8577,95.3672,98.8181
2006-11-30,96.5779,94.9805,98.6817
2006-12-01,96.4585,94.8335,98.5994
2006-12-04,96.4319,94.8469,98.5191
2006-12-05,96.2082,94.7128,98.1753
2006-12-06,96.2839,94.9519,98.0325
2006-12-07,96.3207,95.0494,97.9886
2006-12-08,96.6123,95.5156,98.0478
2006-12-11,96.6646,95.5448,98.1308
2006-12-12,96.7119,95.6697,98.0752
2006-12-13,96.7296,95.7489,98.0114
2006-12-14,96.7946,95.9667,97.8747
2006-12-15,96.9857,96.3017,97.8765
2006-12-18,97.1559,96.4499,98.0756
2006-12-19,96.9313,95.9222,98.2508
2006-12-20,96.7762,95.8178,98.0285
2006-12-21,96.9148,95.9808,98.1350
2006-12-22,97.1113,96.3243,98.1375
2006-12-25,97.1221,96.3243,98.1626
2006-12-26,97.1786,96.3892,98.2080
2006-12-27,97.2076,96.4371,98.2120
2006-12-28,97.0656,96.2966,98.0680
2006-12-29,97.0312,96.3618,97.9028
2007-01-01,97.0323,96.3618,97.9053
2007-01-02,ND,ND,ND
2007-01-03,97.1281,96.6863,97.7035
2007-01-04,97.5251,97.0967,98.0830
2007-01-05,97.7801,97.3476,98.3432
2007-01-08,97.7880,97.2838,98.4444
2007-01-09,97.9642,97.5050,98.5622
2007-01-10,98.0943,97.6881,98.6234
2007-01-11,98.0845,97.8126,98.4398
2007-01-12,97.9210,97.5064,98.4610
2007-01-15,97.9201,97.5064,98.4590
2007-01-16,97.9816,97.6527,98.4107
2007-01-17,97.7509,97.4532,98.1395
2007-01-18,97.8286,97.6145,98.1092
2007-01-19,97.6868,97.4200,98.0354
2007-01-22,97.8270,97.5822,98.1471
2007-01-23,97.8117,97.4649,98.2637
2007-01-24,97.9080,97.7102,98.1675
2007-01-25,97.8396,97.5656,98.1975
2007-01-26,98.1491,97.9719,98.3819
2007-01-29,98.2066,97.9394,98.5558
2007-01-30,98.1515,97.8911,98.4919
2007-01-31,97.9640,97.6169,98.4165
2007-02-01,97.7101,97.3608,98.1654
2007-02-02,97.9743,97.8152,98.1837
2007-02-05,97.8700,97.7876,97.9806
2007-02-06,97.7357,97.6304,97.8759
2007-02-07,97.7239,97.5974,97.8915
2007-02-08,97.8169,97.6946,97.9789
2007-02-09,97.7076,97.5731,97.8853
2007-02-12,97.9409,97.7885,98.1418
2007-02-13,97.7063,97.3916,98.1168
2007-02-14,97.2779,96.8493,97.8360
2007-02-15,97.1588,96.6607,97.8072
2007-02-16,97.1640,96.6338,97.8542
2007-02-19,97.1545,96.6338,97.8324
2007-02-20,97.3210,96.8920,97.8798
2007-02-21,97.2700,96.7945,97.8890
2007-02-22,97.2660,96.8023,97.8697
2007-02-23,97.1756,96.5588,97.9786
2007-02-26,97.2281,96.5695,98.0857
2007-02-27,97.0883,96.1360,98.3303
2007-02-28,97.2386,96.3361,98.4152
2007-03-01,97.3358,96.4601,98.4774
2007-03-02,97.3691,96.5169,98.4797
2007-03-05,97.6716,96.9746,98.5792
2007-03-06,97.5123,96.8399,98.3878
2007-03-07,97.4558,96.7492,98.3761
2007-03-08,97.5731,96.9966,98.3235
2007-03-09,97.4559,96.8747,98.2124
2007-03-12,97.3013,96.5356,98.2988
2007-03-13,97.2203,96.3919,98.2998
2007-03-14,97.2759,96.3969,98.4219
2007-03-15,97.2476,96.4308,98.3119
2007-03-16,97.0407,96.1029,98.2637
2007-03-19,97.1062,96.2353,98.2414
2007-03-20,96.7985,95.8608,98.0214
2007-03-21,96.6195,95.7233,97.7879
2007-03-22,96.3893,95.4989,97.5501
2007-03-23,96.5662,95.7622,97.6137
2007-03-26,96.5493,95.6980,97.6589
2007-03-27,96.4558,95.5412,97.6484
2007-03-28,96.4894,95.5218,97.7518
2007-03-29,96.5067,95.6038,97.6840
2007-03-30,96.3183,95.3113,97.6325
2007-04-02,96.3175,95.3327,97.6025
2007-04-03,96.3774,95.5680,97.4321
2007-04-04,96.3646,95.5704,97.3994
2007-04-05,96.1188,95.2112,97.3022
2007-04-06,96.2526,95.4669,97.2764
2007-04-09,96.2930,95.5616,97.2456
2007-04-10,96.1179,95.1380,97.3963
2007-04-11,96.0293,95.0621,97.2911
2007-04-12,95.7999,94.6565,97.2938
2007-04-13,95.7110,94.6062,97.1540
2007-04-16,95.5538,94.3464,97.1324
2007-04-17,95.3832,94.0514,97.1268
2007-04-18,95.3109,93.9488,97.0946
2007-04-19,95.2712,93.8780,97.0962
2007-04-20,95.1692,93.7795,96.9896
2007-04-23,95.1833,93.8103,96.9816
2007-04-24,95.1608,93.7144,97.0567
2007-04-25,94.8497,93.4178,96.7263
2007-04-26,95.1653,93.9211,96.7928
2007-04-27,95.0103,93.6475,96.7951
2007-04-30,94.8365,93.3002,96.8521
2007-05-01,95.0037,93.5760,96.8746
2007-05-02,95.0352,93.6600,96.8362
2007-05-03,95.0167,93.7464,96.6786
2007-05-04,94.9118,93.6523,96.5595
2007-05-07,94.6914,93.4088,96.3698
2007-05-08,94.8648,93.7168,96.3650
2007-05-09,94.7933,93.6702,96.2607
2007-05-10,94.9506,93.9217,96.2937
2007-05-11,95.0035,94.0595,96.2348
2007-05-14,94.8267,93.8385,96.1162
2007-05-15,94.5574,93.3700,96.1098
2007-05-16,94.8143,93.8729,96.0423
2007-05-17,94.8339,93.9020,96.0494
2007-05-18,94.6573,93.5642,96.0851
2007-05-21,94.7026,93.7307,95.9707
2007-05-22,94.5753,93.6531,95.7780
2007-05-23,94.4557,93.4351,95.7879
2007-05-24,94.7025,93.6616,96.0615
2007-05-25,94.5022,93.5083,95.7993
2007-05-28,94.4959,93.5083,95.7847
2007-05-29,94.3533,93.2389,95.8093
2007-05-30,94.5490,93.5027,95.9151
2007-05-31,94.3215,93.2613,95.7060
2007-06-01,94.1320,93.0520,95.5426
2007-06-04,93.9969,92.7408,95.6402
2007-06-05,93.9986,92.6626,95.7480
2007-06-06,94.1217,92.6510,96.0501
2007-06-07,94.3537,92.9050,96.2528
2007-06-08,94.7599,93.3204,96.6467
2007-06-11,94.6576,93.3112,96.4206
2007-06-12,94.6991,93.4398,96.3465
2007-06-13,94.9011,93.7015,96.4696
2007-06-14,94.9029,93.8094,96.3312
2007-06-15,94.6228,93.6626,95.8755
2007-06-18,94.5475,93.6661,95.6967
2007-06-19,94.3227,93.3182,95.6338
2007-06-20,94.3618,93.2845,95.7688
2007-06-21,94.6073,93.6001,95.9219
2007-06-22,94.4371,93.3505,95.8564
2007-06-25,94.5105,93.3986,95.9632
2007-06-26,94.4678,93.2396,96.0741
2007-06-27,94.5633,93.3283,96.1787
2007-06-28,94.2395,92.9909,95.8729
2007-06-29,94.1393,92.8838,95.7818
2007-07-02,93.6340,92.1627,95.5634
2007-07-03,93.6970,92.3280,95.4902
2007-07-04,93.6965,92.3280,95.4891
2007-07-05,93.7653,92.3799,95.5804
2007-07-06,93.5759,92.0934,95.5201
2007-07-09,93.5519,92.0783,95.4844
2007-07-10,93.3339,91.7724,95.3838
2007-07-11,93.3089,91.7224,95.3922
2007-07-12,93.1198,91.4698,95.2881
2007-07-13,93.0133,91.3651,95.1792
2007-07-16,92.9094,91.2100,95.1439
2007-07-17,92.9095,91.2458,95.0961
2007-07-18,92.7959,91.0677,95.0692
2007-07-19,92.7332,91.0807,94.9051
2007-07-20,92.7179,90.9297,95.0717
2007-07-23,92.6585,91.0082,94.8274
2007-07-24,92.5050,90.6694,94.9226
2007-07-25,92.9189,91.1402,95.2599
2007-07-26,93.1186,91.1957,95.6534
2007-07-27,93.5485,91.7188,95.9576
2007-07-30,93.5918,91.9176,95.7922
2007-07-31,93.4264,91.7539,95.6247
2007-08-01,93.4011,91.5692,95.8131
2007-08-02,93.3038,91.4872,95.6953
2007-08-03,93.1039,91.0906,95.7606
2007-08-06,93.1112,91.0497,95.8330
2007-08-07,93.3171,91.3880,95.8601
2007-08-08,93.0989,91.1274,95.6992
2007-08-09,93.4410,91.5298,95.9597
2007-08-10,93.5214,91.4602,96.2427
2007-08-13,93.6032,91.6647,96.1587
2007-08-14,94.0416,92.1795,96.4940
2007-08-15,94.5014,92.7274,96.8351
2007-08-16,94.9055,92.7212,97.7924
2007-08-17,94.3190,92.0908,97.2658
2007-08-20,94.2138,92.0532,97.0690
2007-08-21,94.2676,92.0732,97.1686
2007-08-22,94.0998,92.0025,96.8693
2007-08-23,93.9827,91.8070,96.8585
2007-08-24,93.6863,91.4472,96.6483
2007-08-27,93.6109,91.3859,96.5540
2007-08-28,93.8394,91.6063,96.7931
2007-08-29,93.7174,91.4574,96.7078
2007-08-30,93.7324,91.5122,96.6687
2007-08-31,93.6674,91.5279,96.4944
2007-09-03,93.6691,91.5279,96.4984
2007-09-04,93.6433,91.4830,96.4986
2007-09-05,93.5453,91.1715,96.6908
2007-09-06,93.4468,91.1684,96.4624
2007-09-07,93.2939,90.7666,96.6490
2007-09-10,93.2349,90.6565,96.6601
2007-09-11,92.9244,90.2991,96.4144
2007-09-12,92.6386,89.9770,96.1787
2007-09-13,92.6172,90.0422,96.0386
2007-09-14,92.7083,90.1439,96.1148
2007-09-17,92.8230,90.1993,96.3110
2007-09-18,92.6584,90.0359,96.1447
2007-09-19,92.1534,89.5846,95.5669
2007-09-20,91.4212,88.4992,95.3221
2007-09-21,91.4854,88.6579,95.2555
2007-09-24,91.4017,88.5537,95.2001
2007-09-25,91.3392,88.3999,95.2640
2007-09-26,91.4335,88.6544,95.1369
2007-09-27,91.3497,88.5605,95.0672
2007-09-28,90.9446,87.9732,94.9144
2007-10-01,90.8801,87.9297,94.8210
2007-10-02,91.1200,88.3283,94.8413
2007-10-03,91.1038,88.3987,94.7058
2007-10-04,91.1632,88.4327,94.8000
2007-10-05,90.7393,87.8764,94.5594
2007-10-08,90.7480,87.8764,94.5801
2007-10-09,90.8609,88.1970,94.4064
2007-10-10,90.7154,87.9138,94.4508
2007-10-11,90.4901,87.6406,94.2920
2007-10-12,90.5945,87.7444,94.3971
2007-10-15,90.5387,87.6356,94.4146
2007-10-16,90.7123,87.8217,94.5707
2007-10-17,90.5150,87.5544,94.4707
2007-10-18,90.3084,87.1888,94.4854
2007-10-19,90.1014,86.9143,94.3729
2007-10-22,90.6777,87.7260,94.6208
2007-10-23,90.1899,86.9941,94.4732
2007-10-24,90.2262,87.0383,94.4985
2007-10-25,89.9925,86.7829,94.2955
2007-10-26,89.6508,86.3682,94.0566
2007-10-29,89.4118,86.1572,93.7789
2007-10-30,89.3252,86.0476,93.7246
2007-10-31,89.1389,85.8320,93.5798
2007-11-01,89.1628,85.8697,93.5842
2007-11-02,88.8924,85.3468,93.6693
2007-11-05,88.8851,85.2869,93.7362
2007-11-06,88.4938,84.7607,93.5368
2007-11-07,88.0631,84.0329,93.5305
2007-11-08,88.2631,84.2899,93.6485
2007-11-09,88.4615,84.4917,93.8413
2007-11-12,88.4650,84.4917,93.8499
2007-11-13,89.1016,85.4384,94.0441
2007-11-14,88.9671,85.3443,93.8527
2007-11-15,89.4413,85.9670,94.1165
2007-11-16,89.3182,85.7465,94.1308
2007-11-19,89.5262,85.9520,94.3418
2007-11-20,89.2622,85.6016,94.2004
2007-11-21,89.3352,85.5278,94.4813
2007-11-22,89.3269,85.5278,94.4612
2007-11-23,89.2384,85.4646,94.3372
2007-11-26,89.1450,85.2895,94.3601
2007-11-27,89.4082,85.7315,94.3689
2007-11-28,89.4195,85.9094,94.1451
2007-11-29,89.3681,85.9032,94.0301
2007-11-30,89.6212,86.4715,93.8414
2007-12-03,89.6403,86.4166,93.9638
2007-12-04,89.6672,86.4354,94.0017
2007-12-05,89.8751,86.9871,93.7313
2007-12-06,89.9268,87.0664,93.7446
2007-12-07,89.7400,86.8684,93.5736
2007-12-10,89.6811,86.8052,93.5209
2007-12-11,89.7176,86.9002,93.4765
2007-12-12,89.7349,86.9287,93.4783
2007-12-13,90.1374,87.5533,93.5741
2007-12-14,90.4345,87.9458,93.7400
2007-12-17,90.5363,87.9228,94.0128
2007-12-18,90.5602,87.9809,93.9898
2007-12-19,90.6147,88.0913,93.9677
2007-12-20,90.4695,87.8578,93.9438
2007-12-21,90.3672,87.8163,93.7581
2007-12-24,90.1788,87.5815,93.6337
2007-12-25,90.1786,87.5815,93.6331
2007-12-26,89.9226,87.1790,93.5792
2007-12-27,89.6840,86.8099,93.5213
2007-12-28,89.4069,86.3280,93.5288
2007-12-31,89.6304,86.7551,93.4692
2008-01-01,89.6297,86.7551,93.4677
2008-01-02,89.3514,86.3002,93.4300
2008-01-03,89.2310,86.2660,93.1922
2008-01-04,89.2467,86.2296,93.2788
2008-01-07,89.5718,86.7741,93.3055
2008-01-08,89.3398,86.4981,93.1333
2008-01-09,89.6807,86.9843,93.2774
2008-01-10,89.6226,86.9073,93.2449
2008-01-11,89.5215,86.8980,93.0197
2008-01-14,89.2749,86.5892,92.8573
2008-01-15,89.1555,86.4083,92.8211
2008-01-16,89.6701,87.1279,93.0587
2008-01-17,89.6484,87.0635,93.0946
2008-01-18,89.8993,87.3420,93.3082
2008-01-21,89.9265,87.3420,93.3719
2008-01-22,89.8400,87.2275,93.3232
2008-01-23,89.9138,87.2517,93.4641
2008-01-24,89.2030,86.3216,93.0505
2008-01-25,89.2184,86.4592,92.9002
2008-01-28,88.9555,86.0606,92.8216
2008-01-29,88.8342,85.9869,92.6359
2008-01-30,88.7442,85.8431,92.6189
2008-01-31,88.6547,85.8322,92.4228
2008-02-01,88.4824,85.6177,92.3079
2008-02-04,88.4788,85.6348,92.2761
2008-02-05,89.0760,86.5284,92.4722
2008-02-06,88.9987,86.4352,92.4162
2008-02-07,89.4221,87.1529,92.4445
2008-02-08,89.2226,86.8310,92.4091
2008-02-11,89.2149,86.7832,92.4551
2008-02-12,88.9539,86.4501,92.2912
2008-02-13,89.1382,86.7111,92.3723
2008-02-14,88.9055,86.3805,92.2713
2008-02-15,88.9006,86.3959,92.2391
2008-02-18,88.9004,86.3959,92.2386
2008-02-19,88.9626,86.6382,92.0591
2008-02-20,89.2572,87.0320,92.2210
2008-02-21,88.7160,86.2394,92.0169
2008-02-22,88.7082,86.2924,91.9272
2008-02-25,88.5373,85.9326,92.0107
2008-02-26,88.0998,85.3894,91.7161
2008-02-27,87.3353,84.3229,91.3629
2008-02-28,87.0363,83.9797,91.1245
2008-02-29,87.1654,83.9950,91.4093
2008-03-03,87.2381,84.0903,91.4510
2008-03-04,87.3039,84.2049,91.4498
2008-03-05,87.1347,83.9999,91.3300
2008-03-06,86.9105,83.5329,91.4397
2008-03-07,87.1258,83.6891,91.7364
2008-03-10,87.1452,83.6574,91.8264
2008-03-11,87.1763,83.8748,91.6002
2008-03-12,86.7280,83.2160,91.4433
2008-03-13,86.3891,82.5941,91.4984
2008-03-14,86.4301,82.5822,91.6134
2008-03-17,86.3417,82.2625,91.8496
2008-03-18,86.1191,82.1848,91.4239
2008-03-19,86.5755,83.0255,91.3437
2008-03-20,87.3293,84.1378,91.6021
2008-03-21,87.2111,84.0596,91.4291
2008-03-24,87.3103,84.2646,91.3834
2008-03-25,86.8339,83.5713,91.2050
2008-03-26,86.5513,83.0747,91.2178
2008-03-27,86.4583,82.9597,91.1554
2008-03-28,86.6369,83.2141,91.2291
2008-03-31,86.6881,83.3916,91.1059
2008-04-01,87.0276,84.0911,90.9518
2008-04-02,86.8886,83.9275,90.8465
2008-04-03,86.6424,83.4339,90.9393
2008-04-04,86.5108,83.2544,90.8737
2008-04-07,86.6030,83.5060,90.7470
2008-04-08,86.7369,83.6979,90.8015
2008-04-09,86.5764,83.4691,90.7345
2008-04-10,86.5131,83.5319,90.4990
2008-04-11,86.5029,83.4699,90.5596
2008-04-14,86.3492,83.3105,90.4138
2008-04-15,86.4705,83.4461,90.5153
2008-04-16,85.9037,82.5902,90.3461
2008-04-17,86.1077,82.9648,90.3152
2008-04-18,86.5277,83.5946,90.4479
2008-04-21,86.2979,83.1338,90.5342
2008-04-22,85.9270,82.5904,90.4013
2008-04-23,86.3841,83.4489,90.3071
2008-04-24,86.7154,83.9285,90.4364
2008-04-25,86.8337,84.0389,90.5655
2008-04-28,86.7635,83.9655,90.4997
2008-04-29,86.8730,83.9556,90.7714
2008-04-30,86.8907,84.0263,90.7168
2008-05-01,87.1347,84.5242,90.6166
2008-05-02,87.2311,84.7322,90.5623
2008-05-05,87.0636,84.4441,90.5577
2008-05-06,86.8470,83.9733,90.6859
2008-05-07,87.3421,84.5223,91.1074
2008-05-08,87.4575,84.5817,91.2989
2008-05-09,87.2528,84.1809,91.3617
2008-05-12,87.0403,83.9631,91.1567
2008-05-13,87.1332,84.0715,91.2282
2008-05-14,87.3659,84.3532,91.3938
2008-05-15,87.1823,84.1404,91.2504
2008-05-16,86.7855,83.6746,90.9483
2008-05-19,86.8225,83.8460,90.8016
2008-05-20,86.5627,83.3053,90.9270
2008-05-21,86.1595,82.8168,90.6417
2008-05-22,86.3223,83.0619,90.6909
2008-05-23,86.1922,82.8114,90.7269
2008-05-26,86.1900,82.8114,90.7217
2008-05-27,86.4459,83.1797,90.8223
2008-05-28,86.4951,83.4192,90.6105
2008-05-29,86.5616,83.6682,90.4276
2008-05-30,86.5504,83.7407,90.3024
2008-06-02,86.6321,83.8823,90.3029
2008-06-03,86.8359,84.3026,90.2137
2008-06-04,87.0999,84.5404,90.5130
2008-06-05,87.0968,84.5645,90.4731
2008-06-06,86.8028,84.0048,90.5390
2008-06-09,86.9096,84.1991,90.5268
2008-06-10,87.4705,85.0397,90.7100
2008-06-11,87.2059,84.5467,90.7536
2008-06-12,87.6187,85.2856,90.7272
2008-06-13,87.7622,85.5079,90.7651
2008-06-16,87.3911,85.0484,90.5123
2008-06-17,87.2103,84.9487,90.2231
2008-06-18,87.1872,84.9292,90.1950
2008-06-19,87.0815,84.6996,90.2556
2008-06-20,86.9036,84.4538,90.1690
2008-06-23,87.2163,84.8540,90.3640
2008-06-24,86.9666,84.4834,90.2768
2008-06-25,87.0535,84.6178,90.2998
2008-06-26,86.6793,83.9888,90.2695
2008-06-27,86.6430,83.7929,90.4501
2008-06-30,86.7621,83.9826,90.4731
2008-07-01,86.8447,83.9484,90.7144
2008-07-02,86.4782,83.5182,90.4351
2008-07-03,86.8843,84.2212,90.4375
2008-07-04,86.8781,84.2212,90.4229
2008-07-07,86.9617,84.4460,90.3157
2008-07-08,86.9778,84.4979,90.2837
2008-07-09,86.5335,83.9632,89.9614
2008-07-10,86.5122,83.8897,90.0105
2008-07-11,86.2210,83.4170,89.9657
2008-07-14,86.1079,83.2773,89.8888
2008-07-15,85.8731,82.8972,89.8521
2008-07-16,85.9285,83.0907,89.7194
2008-07-17,85.9387,83.1823,89.6188
2008-07-18,86.0735,83.4189,89.6155
2008-07-21,86.0151,83.2852,89.6592
2008-07-22,86.1909,83.6730,89.5483
2008-07-23,86.2664,83.9619,89.3369
2008-07-24,86.4017,84.2311,89.2928
2008-07-25,86.3916,84.3190,89.1519
2008-07-28,86.4666,84.2418,89.4300
2008-07-29,86.8175,84.8615,89.4227
2008-07-30,86.8167,84.8855,89.3890
2008-07-31,86.8567,84.8798,89.4899
2008-08-01,86.8257,84.8945,89.3981
2008-08-04,87.0611,85.3023,89.4053
2008-08-05,87.3281,85.7715,89.4060
2008-08-06,87.6004,86.2016,89.4717
2008-08-07,87.8732,86.4715,89.7483
2008-08-08,88.8939,87.8231,90.3387
2008-08-11,89.0350,88.0507,90.3680
2008-08-12,89.1916,88.1653,90.5792
2008-08-13,89.3211,88.2830,90.7239
2008-08-14,89.3675,88.3842,90.6993
2008-08-15,89.7244,88.8519,90.9134
2008-08-18,89.5966,88.6883,90.8318
2008-08-19,89.6465,88.6229,91.0308
2008-08-20,89.6977,88.8627,90.8385
2008-08-21,88.9128,87.6892,90.5561
2008-08-22,89.2381,88.2017,90.6387
2008-08-25,89.3094,88.0941,90.9422
2008-08-26,89.7007,88.7169,91.0335
2008-08-27,89.6419,88.6873,90.9368
2008-08-28,89.8225,88.7911,91.2170
2008-08-29,90.0567,89.0634,91.4021
2008-09-01,90.0800,89.0634,91.4553
2008-09-02,90.8438,89.8469,92.1942
2008-09-03,90.8286,89.6453,92.4207
2008-09-04,91.1621,90.0579,92.6517
2008-09-05,91.3410,90.2196,92.8532
2008-09-08,91.6630,90.9642,92.6300
2008-09-09,91.5779,90.6459,92.8451
2008-09-10,92.1283,91.3762,93.1642
2008-09-11,92.4901,91.6526,93.6361
2008-09-12,91.4706,90.3869,92.9339
2008-09-15,91.7570,90.3282,93.6696
2008-09-16,92.0594,90.5742,94.0457
2008-09-17,92.0982,90.5112,94.2180
2008-09-18,91.7111,89.6110,94.5084
2008-09-19,91.0014,89.1721,93.4396
2008-09-22,90.1119,87.9129,93.0406
2008-09-23,90.1221,87.6647,93.3965
2008-09-24,90.4602,87.9259,93.8379
2008-09-25,90.4651,88.0175,93.7263
2008-09-26,90.6872,88.1394,94.0829
2008-09-29,91.3961,88.8899,94.7358
2008-09-30,92.3773,90.5089,94.8675
2008-10-01,92.5110,90.5930,95.0667
2008-10-02,93.3792,91.6002,95.7517
2008-10-03,93.5414,91.8193,95.8391
2008-10-06,95.1629,93.0443,97.9849
2008-10-07,95.4889,92.7160,99.1858
2008-10-08,96.9684,93.1101,102.1460
2008-10-09,96.5143,93.8718,100.0357
2008-10-10,97.9990,95.4767,101.3589
2008-10-13,97.9686,95.4767,101.2877
2008-10-14,96.2544,94.1929,99.0010
2008-10-15,97.2045,94.9896,100.1546
2008-10-16,98.3680,95.7837,101.8109
2008-10-17,97.7255,95.3401,100.9025
2008-10-20,98.1605,96.3120,100.6261
2008-10-21,99.4242,97.5662,101.9028
2008-10-22,101.2131,99.2804,103.7906
2008-10-23,101.1071,99.1868,103.6683
2008-10-24,101.8442,100.0805,104.1996
2008-10-27,102.3415,101.4334,103.5856
2008-10-28,102.4236,101.5710,103.5964
2008-10-29,100.0967,98.3918,102.3745
2008-10-30,99.4568,98.2545,101.0788
2008-10-31,99.7662,98.8589,101.0073
2008-11-03,99.4345,98.2090,101.0867
2008-11-04,97.9957,96.3882,100.1450
2008-11-05,98.0953,96.3408,100.4372
2008-11-06,99.5364,97.9305,101.6843
2008-11-07,99.3944,97.9708,101.3041
2008-11-10,99.5897,98.3854,101.2144
2008-11-11,99.6041,98.3854,101.2476
2008-11-12,101.1947,100.0907,102.6907
2008-11-13,101.7740,100.5199,103.4648
2008-11-14,100.9705,99.6581,102.7365
2008-11-17,101.1029,99.5997,103.1172
2008-11-18,101.3965,99.8167,103.5109
2008-11-19,101.8804,100.3852,103.8846
2008-11-20,103.2737,101.9327,105.0782
2008-11-21,103.6289,101.9772,105.8386
2008-11-24,101.5020,99.1219,104.6720
2008-11-25,100.7997,98.3093,104.1167
2008-11-26,101.2566,99.3641,103.7813
2008-11-27,101.2564,99.3641,103.7808
2008-11-28,101.6468,99.7115,104.2278
2008-12-01,102.1744,100.0461,105.0103
2008-12-02,101.9891,99.8089,104.8936
2008-12-03,102.4251,100.4194,105.0991
2008-12-04,102.0715,99.7054,105.2227
2008-12-05,103.4902,101.5483,106.0804
2008-12-08,101.7227,99.4163,104.7948
2008-12-09,101.7346,99.5431,104.6542
2008-12-10,101.2913,99.1691,104.1190
2008-12-11,99.5101,97.1772,102.6172
2008-12-12,100.3190,97.7270,103.7717
2008-12-15,99.1001,96.1711,103.0062
2008-12-16,98.4771,95.3278,102.6818
2008-12-17,96.8227,92.8473,102.1626
2008-12-18,96.8447,93.2498,101.6594
2008-12-19,98.1278,95.3434,101.8394
2008-12-22,98.1643,95.0116,102.3738
2008-12-23,98.2698,95.0122,102.6215
2008-12-24,98.2249,94.9883,102.5483
2008-12-25,98.2419,94.9883,102.5885
2008-12-26,98.2594,94.8964,102.7549
2008-12-29,97.9359,94.1950,102.9499
2008-12-30,98.3833,94.9169,103.0199
2008-12-31,98.6518,95.3097,103.1185
2009-01-01,ND,ND,ND
2009-01-02,98.6008,94.9904,103.4126
2009-01-05,98.9195,95.9084,102.9638
2009-01-06,98.7871,96.0599,102.4709
2009-01-07,98.0890,94.7329,102.5726
2009-01-08,98.3223,94.7302,103.1101
2009-01-09,98.8752,95.2940,103.6498
2009-01-12,99.6022,96.2953,104.0255
2009-01-13,100.3597,97.5658,104.1318
2009-01-14,100.7546,97.8120,104.7158
2009-01-15,101.4653,98.7176,105.1816
2009-01-16,100.7110,98.0183,104.3559
2009-01-19,ND,ND,ND
2009-01-20,ND,ND,ND
2009-01-21,102.1007,100.1860,104.7762
2009-01-22,101.8432,99.6757,104.8323
2009-01-23,102.1096,99.8503,105.2140
2009-01-26,100.9764,98.0975,104.8573
2009-01-27,101.1702,98.0286,105.3856
2009-01-28,100.5461,97.1460,105.0906
2009-01-29,101.3398,98.3633,105.3454
2009-01-30,102.1169,99.3594,105.8469
2009-02-02,102.5067,99.6400,106.3760
2009-02-03,101.8506,98.4665,106.3771
2009-02-04,101.9056,98.8066,106.0682
2009-02-05,101.9517,99.0568,105.8552
2009-02-06,101.7455,99.0927,105.3426
2009-02-09,100.9637,97.7713,105.2433
2009-02-10,101.7094,98.6393,105.8347
2009-02-11,102.2400,99.3055,106.1943
2009-02-12,102.5980,99.7674,106.4216
2009-02-13,102.2958,99.4811,106.0987
2009-02-16,ND,ND,ND
2009-02-17,103.7625,101.2274,107.2168
2009-02-18,104.0385,101.5147,107.4794
2009-02-19,103.7656,101.0473,107.4503
2009-02-20,104.0244,100.8432,108.2962
2009-02-23,103.7416,100.4869,108.1065
2009-02-24,103.9829,100.8518,108.1910
2009-02-25,104.3086,101.2789,108.3884
2009-02-26,104.1813,101.0190,108.4292
2009-02-27,104.9284,101.9441,108.9521
2009-03-02,105.9617,102.8725,110.1208
2009-03-03,106.0249,103.1594,109.9010
2009-03-04,105.4558,102.5822,109.3408
2009-03-05,105.8064,102.8957,109.7391
2009-03-06,105.3937,102.3972,109.4340
2009-03-09,106.0182,103.3224,109.6802
2009-03-10,105.1153,102.2205,109.0262
2009-03-11,104.8499,102.1335,108.5350
2009-03-12,104.8900,102.4120,108.2756
2009-03-13,104.1106,101.5976,107.5379
2009-03-16,103.2005,101.0709,106.1461
2009-03-17,103.2305,101.3039,105.9241
2009-03-18,103.0005,100.7485,106.0984
2009-03-19,100.3951,96.7123,105.3031
2009-03-20,101.0581,97.7296,105.5120
2009-03-23,101.1030,97.6712,105.6891
2009-03-24,101.0319,97.5507,105.6814
2009-03-25,100.9674,97.5366,105.5522
2009-03-26,101.0970,97.8374,105.4628
2009-03-27,101.8388,98.8680,105.8384
2009-03-30,102.7490,99.9590,106.5218
2009-03-31,102.3761,99.6756,106.0350
2009-04-01,102.1252,99.7666,105.3539
2009-04-02,100.8733,98.1874,104.5100
2009-04-03,100.6429,98.1095,104.0870
2009-04-06,100.9428,98.7501,103.9608
2009-04-07,100.9808,98.7690,104.0227
2009-04-08,100.8948,98.7612,103.8389
2009-04-09,100.7988,99.1147,103.1851
2009-04-10,100.7597,99.0864,103.1326
2009-04-13,100.1369,98.0396,103.0336
2009-04-14,99.9097,97.7920,102.8311
2009-04-15,100.1497,97.9808,103.1359
2009-04-16,100.0517,98.0587,102.8185
2009-04-17,100.5719,98.9135,102.9258
2009-04-20,101.4480,99.9235,103.6398
2009-04-21,101.1794,99.6331,103.3972
2009-04-22,101.1142,99.5615,103.3396
2009-04-23,101.0065,99.1256,103.6369
2009-04-24,100.0244,97.6926,103.2139
2009-04-27,100.7258,98.1256,104.2542
2009-04-28,101.3145,98.7695,104.7747
2009-04-29,100.0009,97.2120,103.7658
2009-04-30,100.1042,97.5190,103.6122
2009-05-01,100.0057,97.2943,103.6726
2009-05-04,99.1340,96.6344,102.5318
2009-05-05,98.8529,96.4147,102.1726
2009-05-06,98.9044,96.5040,102.1769
2009-05-07,98.5520,96.2242,101.7326
2009-05-08,98.1269,95.5737,101.5896
2009-05-11,97.7470,94.9784,101.4808
2009-05-12,97.8269,94.9381,101.7133
2009-05-13,98.0276,95.0211,102.0641
2009-05-14,98.1271,95.0821,102.2131
2009-05-15,98.1063,95.2643,101.9340
2009-05-18,97.9412,95.1952,101.6469
2009-05-19,97.2827,94.4903,101.0456
2009-05-20,96.5707,93.4644,100.7315
2009-05-21,96.6039,93.2327,101.1045
2009-05-22,95.8788,92.0333,100.9916
2009-05-25,ND,ND,ND
2009-05-26,95.9880,92.0138,101.2686
2009-05-27,95.9622,91.9474,101.2956
2009-05-28,96.1313,92.1979,101.3588
2009-05-29,95.2680,90.9622,100.9825
2009-06-01,94.8107,90.4602,100.5838
2009-06-02,94.6556,89.9956,100.8382
2009-06-03,95.0751,90.6723,100.9173
2009-06-04,95.2922,91.0091,100.9769
2009-06-05,96.0412,92.2493,101.0845
2009-06-08,96.6548,92.8894,101.6644
2009-06-09,95.9537,91.7003,101.5997
2009-06-10,96.1277,91.9128,101.7232
2009-06-11,95.4993,91.0835,101.3588
2009-06-12,95.8360,91.7680,101.2390
2009-06-15,96.7519,93.1351,101.5691
2009-06-16,96.2616,92.4563,101.3226
2009-06-17,96.6400,92.7181,101.8530
2009-06-18,96.1482,92.1298,101.4866
2009-06-19,96.0325,91.9340,101.4756
2009-06-22,96.8818,93.1571,101.8389
2009-06-23,96.5196,92.5556,101.7874
2009-06-24,96.2369,92.2941,101.4767
2009-06-25,96.7072,92.9932,101.6502
2009-06-26,96.1935,92.3012,101.3676
2009-06-29,96.2420,92.4651,101.2660
2009-06-30,96.3761,92.8021,101.1376
2009-07-01,95.6581,91.8267,100.7522
2009-07-02,96.3216,92.7436,101.0881
2009-07-03,ND,ND,ND
2009-07-06,96.6174,92.9908,101.4472
2009-07-07,96.6321,93.0217,101.4410
2009-07-08,97.0204,93.2498,102.0371
2009-07-09,96.6219,92.4608,102.1473
2009-07-10,97.0819,92.8612,102.6856
2009-07-13,96.9995,92.5164,102.9483
2009-07-14,96.6599,92.1262,102.6753
2009-07-15,95.8004,91.2174,101.8810
2009-07-16,95.7241,91.1386,101.8078
2009-07-17,95.6036,91.2451,101.3876
2009-07-20,95.0903,90.6554,100.9748
2009-07-21,95.0564,90.5957,100.9750
2009-07-22,94.8659,90.3190,100.8985
2009-07-23,94.5320,89.9495,100.6119
2009-07-24,94.7046,90.1403,100.7603
2009-07-27,94.6659,90.1329,100.6802
2009-07-28,94.5592,89.9305,100.7003
2009-07-29,95.1678,90.8048,100.9576
2009-07-30,94.8967,90.5197,100.7047
2009-07-31,94.2526,89.5349,100.5119
2009-08-03,93.6331,88.7330,100.1361
2009-08-04,93.7281,88.9148,100.1152
2009-08-05,93.7848,88.9668,100.1780
2009-08-06,93.9358,89.3360,100.0385
2009-08-07,94.4692,90.3413,99.9494
2009-08-10,94.6087,90.5362,100.0164
2009-08-11,94.8678,90.7357,100.3539
2009-08-12,94.5394,90.2347,100.2520
2009-08-13,94.2392,89.9268,99.9619
2009-08-14,94.4750,90.2663,100.0615
2009-08-17,95.1024,90.9804,100.5756
2009-08-18,95.1118,91.0642,100.4874
2009-08-19,94.4084,90.0046,100.2517
2009-08-20,94.3492,89.9818,100.1445
2009-08-21,94.0103,89.5696,99.9023
2009-08-24,93.9345,89.4079,99.9402
2009-08-25,93.9066,89.2602,100.0711
2009-08-26,94.8662,90.3988,100.7935
2009-08-27,94.7943,90.1249,100.9896
2009-08-28,94.4489,89.5631,100.9325
2009-08-31,94.6202,89.7169,101.1271
2009-09-01,95.2201,90.3673,101.6593
2009-09-02,95.1575,90.2481,101.6723
2009-09-03,94.9590,90.0345,101.4939
2009-09-04,94.5811,89.6859,101.0771
2009-09-07,ND,ND,ND
2009-09-08,93.7323,88.5811,100.5722
2009-09-09,93.6915,88.3559,100.7804
2009-09-10,93.6947,88.3971,100.7321
2009-09-11,93.3225,87.9304,100.4882
2009-09-14,93.6196,88.2925,100.6970
2009-09-15,93.4427,88.1541,100.4682
2009-09-16,92.9072,87.6345,99.9119
2009-09-17,92.8287,87.4253,100.0105
2009-09-18,93.1233,87.9434,100.0025
2009-09-21,93.3547,88.2220,100.1700
2009-09-22,92.8664,87.4993,99.9990
2009-09-23,92.9790,87.7405,99.9376
2009-09-24,93.4708,88.3990,100.2041
2009-09-25,93.5535,88.4625,100.3126
2009-09-28,93.4669,88.3540,100.2556
2009-09-29,93.7776,88.7714,100.4227
2009-09-30,93.1907,88.0310,100.0426
2009-10-01,93.5995,88.5055,100.3626
2009-10-02,93.6756,88.5635,100.4630
2009-10-05,93.3356,88.1437,100.2308
2009-10-06,92.6190,87.3022,99.6838
2009-10-07,92.7940,87.6364,99.6434
2009-10-08,92.2074,86.9504,99.1918
2009-10-09,92.2984,87.1452,99.1427
2009-10-12,ND,ND,ND
2009-10-13,91.8273,86.5115,98.8919
2009-10-14,91.5047,86.2315,98.5121
2009-10-15,91.4367,86.0925,98.5403
2009-10-16,91.6541,86.4454,98.5740
2009-10-19,91.4406,86.0303,98.6342
2009-10-20,91.8010,86.6272,98.6734
2009-10-21,91.3805,86.0262,98.4979
2009-10-22,91.6075,86.2680,98.7046
2009-10-23,91.7331,86.4692,98.7275
2009-10-26,92.0998,86.9819,98.8965
2009-10-27,92.5335,87.3927,99.3607
2009-10-28,92.8152,87.7061,99.5993
2009-10-29,92.4708,87.3227,99.3078
2009-10-30,92.6207,87.6081,99.2753
2009-11-02,92.4501,87.3905,99.1678
2009-11-03,92.9037,87.7542,99.7421
2009-11-04,92.3725,87.1032,99.3733
2009-11-05,92.3437,86.9989,99.4468
2009-11-06,92.3848,87.1010,99.4053
2009-11-09,91.6861,86.2040,98.9768
2009-11-10,91.6659,86.1946,98.9418
2009-11-11,ND,ND,ND
2009-11-12,91.9461,86.5919,99.0627
2009-11-13,91.5754,86.3037,98.5806
2009-11-16,91.1940,85.8433,98.3068
2009-11-17,91.7419,86.5982,98.5739
2009-11-18,91.2490,85.9641,98.2726
2009-11-19,91.7827,86.5523,98.7318
2009-11-20,91.9906,86.8761,98.7830
2009-11-23,91.4864,86.2358,98.4632
2009-11-24,91.5539,86.4219,98.3704
2009-11-25,90.9669,85.5829,98.1255
2009-11-26,ND,ND,ND
2009-11-27,91.5272,86.2239,98.5753
2009-11-30,91.3717,85.9723,98.5505
2009-12-01,90.8323,85.2840,98.2149
2009-12-02,90.8906,85.5116,98.0427
2009-12-03,90.9152,85.8073,97.6998
2009-12-04,91.3806,86.5326,97.8153
2009-12-07,91.5414,86.6954,97.9732
2009-12-08,91.9513,87.0707,98.4293
2009-12-09,92.0140,86.9566,98.7294
2009-12-10,92.0073,86.9134,98.7717
2009-12-11,92.2946,87.5283,98.6195
2009-12-14,92.0305,87.3090,98.2957
2009-12-15,92.3635,87.9545,98.2131
2009-12-16,92.1496,87.5628,98.2353
2009-12-17,93.2250,88.8525,99.0267
2009-12-18,93.1632,88.8809,98.8459
2009-12-21,ND,ND,ND
2009-12-22,93.2903,88.9488,99.0510
2009-12-23,92.9295,88.4484,98.8748
2009-12-24,92.8694,88.4340,98.7540
2009-12-25,ND,ND,ND
2009-12-28,92.6993,88.1505,98.7343
2009-12-29,92.8838,88.2539,99.0267
2009-12-30,93.0872,88.6545,98.9685
2009-12-31,92.9124,88.4202,98.8726
2010-01-01,ND,ND,ND
2010-01-04,92.3566,87.8890,98.2837
2010-01-05,92.2236,87.8337,98.0552
2010-01-06,92.0941,87.8387,97.7616
2010-01-07,92.3684,88.2854,97.8286
2010-01-08,92.1485,88.0130,97.6711
2010-01-11,91.5997,87.2655,97.3603
2010-01-12,91.7005,87.3110,97.5291
2010-01-13,91.7272,87.2511,97.6616
2010-01-14,91.5864,87.0388,97.6073
2010-01-15,91.7668,87.3890,97.5814
2010-01-18,ND,ND,ND
2010-01-19,91.9611,87.7284,97.6003
2010-01-20,92.6766,88.6737,98.0417
2010-01-21,92.6627,88.5707,98.1354
2010-01-22,92.9430,88.6873,98.6154
2010-01-25,92.9099,88.7089,98.5159
2010-01-26,93.3298,89.1822,98.8736
2010-01-27,93.2835,89.0818,98.8923
2010-01-28,93.2635,89.1028,98.8227
2010-01-29,93.7638,89.8126,99.0731
2010-02-01,93.7321,89.8344,98.9768
2010-02-02,93.4136,89.5127,98.6603
2010-02-03,93.6268,89.7826,98.8067
2010-02-04,94.1401,90.3570,99.2497
2010-02-05,94.6218,90.8684,99.6989
2010-02-08,ND,ND,ND
2010-02-09,ND,ND,ND
2010-02-10,ND,ND,ND
2010-02-11,ND,ND,ND
2010-02-12,93.9976,90.2768,99.0317
2010-02-15,ND,ND,ND
2010-02-16,93.4820,89.6716,98.6203
2010-02-17,93.7171,90.1225,98.5988
2010-02-18,93.8752,90.4396,98.5685
2010-02-19,93.9569,90.5945,98.5636
2010-02-22,93.7402,90.3143,98.4211
2010-02-23,93.9794,90.5729,98.6388
2010-02-24,93.9775,90.5694,98.6388
2010-02-25,94.3797,91.1799,98.7967
2010-02-26,93.6602,90.1835,98.4010
2010-03-01,93.7979,90.5404,98.2794
2010-03-02,93.4880,90.1132,98.1065
2010-03-03,92.9861,89.3554,97.9064
2010-03-04,93.4079,90.0075,98.0562
2010-03-05,93.2623,89.9548,97.7994
2010-03-08,93.2446,89.9712,97.7411
2010-03-09,93.1941,89.9090,97.7042
2010-03-10,93.0426,89.8026,97.4983
2010-03-11,93.0533,89.7714,97.5586
2010-03-12,92.6616,89.2377,97.3332
2010-03-15,92.9642,89.6748,97.4779
2010-03-16,92.5950,89.0965,97.3550
2010-03-17,92.4446,88.9520,97.1966
2010-03-18,92.7451,89.4297,97.2882
2010-03-19,93.0407,89.7975,97.5002
2010-03-22,93.1333,89.7967,97.7042
2010-03-23,93.0060,89.7528,97.4772
2010-03-24,93.6468,90.8772,97.5525
2010-03-25,93.5885,90.7841,97.5347
2010-03-26,93.6873,90.8965,97.6182
2010-03-29,93.2959,90.4414,97.2987
2010-03-30,93.2627,90.5073,97.1493
2010-03-31,92.8987,90.0874,96.8482
2010-04-01,92.6661,89.7470,96.7405
2010-04-02,92.9057,90.2325,96.6935
2010-04-05,92.6644,89.8996,96.5576
2010-04-06,92.7373,90.0871,96.4971
2010-04-07,92.7452,90.1512,96.4393
2010-04-08,92.7211,90.0646,96.4881
2010-04-09,92.4772,89.8268,96.2353
2010-04-12,92.2430,89.4059,96.2181
2010-04-13,92.2689,89.3373,96.3552
2010-04-14,91.9297,88.9111,96.1163
2010-04-15,92.2029,89.4133,96.1220
2010-04-16,92.5253,89.8391,96.3255
2010-04-19,92.8577,90.1872,96.6421
2010-04-20,92.4338,89.6737,96.3199
2010-04-21,92.4482,89.8306,96.1677
2010-04-22,92.7277,90.1509,96.4015
2010-04-23,92.6622,90.1816,96.2235
2010-04-26,92.5187,90.1011,96.0057
2010-04-27,93.0956,90.8439,96.3945
2010-04-28,93.4856,91.2197,96.8038
2010-04-29,92.9013,90.5993,96.2568
2010-04-30,92.8423,90.5980,96.1307
2010-05-03,93.2350,91.1109,96.3874
2010-05-04,93.8137,91.8513,96.7844
2010-05-05,94.3968,92.3941,97.4181
2010-05-06,95.3032,93.3212,98.3076
2010-05-07,95.2952,93.2331,98.3918
2010-05-10,94.3096,92.3930,97.2314
2010-05-11,94.4305,92.5780,97.2796
2010-05-12,94.5515,92.8882,97.1851
2010-05-13,94.5071,93.0426,96.9140
2010-05-14,95.3746,94.1407,97.5271
2010-05-17,95.9795,94.7748,98.1037
2010-05-18,95.6212,94.4185,97.7403
2010-05-19,96.5083,95.1162,98.8487
2010-05-20,96.9483,95.2496,99.6410
2010-05-21,96.2911,94.3319,99.2769
2010-05-24,96.6433,94.9361,99.3433
2010-05-25,97.5487,95.8630,100.2312
2010-05-26,97.1879,95.6392,99.7116
2010-05-27,96.3611,94.6409,99.0738
2010-05-28,96.3062,94.7256,98.8593
2010-05-31,ND,ND,ND
2010-06-01,96.6123,94.9154,99.3003
2010-06-02,96.6150,95.0831,99.1151
2010-06-03,96.4610,95.1443,98.7157
2010-06-04,97.1688,96.0944,99.1556
2010-06-07,97.5030,96.3263,99.6077
2010-06-08,97.3425,96.0612,99.5642
2010-06-09,96.8938,95.4279,99.3209
2010-06-10,96.4877,94.8708,99.0836
2010-06-11,96.5616,95.1732,98.8984
2010-06-14,95.8082,94.1409,98.4562
2010-06-15,95.7049,93.9577,98.4433
2010-06-16,95.5668,93.8174,98.3068
2010-06-17,95.4973,93.7331,98.2534
2010-06-18,95.2981,93.5782,98.0022
2010-06-21,94.8505,93.3745,97.2732
2010-06-22,95.1165,93.5099,97.6900
2010-06-23,95.4853,93.8600,98.0828
2010-06-24,95.6194,93.9659,98.2501
2010-06-25,95.4582,93.6195,98.2994
2010-06-28,95.2696,93.4319,98.1081
2010-06-29,96.0199,94.2632,98.7716
2010-06-30,95.9934,94.2829,98.6921
2010-07-01,95.8018,93.5681,99.1001
2010-07-02,95.6345,93.2949,99.0541
2010-07-05,ND,ND,ND
2010-07-06,95.1069,92.6201,98.6934
2010-07-07,95.1795,92.7579,98.6907
2010-07-08,94.7734,92.3267,98.3107
2010-07-09,94.6830,92.2877,98.1600
2010-07-12,94.9598,92.6817,98.3031
2010-07-13,94.3856,91.8113,98.0685
2010-07-14,94.3247,91.7604,97.9955
2010-07-15,94.1988,91.4020,98.1404
2010-07-16,94.5061,91.6721,98.4934
2010-07-19,94.6020,91.7216,98.6444
2010-07-20,94.5420,91.7886,98.4352
2010-07-21,94.4496,91.7777,98.2470
2010-07-22,94.1135,91.2486,98.1343
2010-07-23,94.1431,91.3346,98.0980
2010-07-26,93.7556,90.7864,97.8965
2010-07-27,93.7583,91.0329,97.6131
2010-07-28,93.7506,90.9177,97.7313
2010-07-29,93.6004,90.5992,97.7778
2010-07-30,93.2793,90.2132,97.5311
2010-08-02,92.7916,89.6152,97.1704
2010-08-03,92.6258,89.3265,97.1491
2010-08-04,92.7310,89.5719,97.0889
2010-08-05,92.6401,89.4374,97.0488
2010-08-06,92.5915,89.2367,97.1803
2010-08-09,92.6726,89.4700,97.0815
2010-08-10,93.2197,90.2283,97.3829
2010-08-11,93.7778,91.0296,97.6594
2010-08-12,93.8905,91.1741,97.7359
2010-08-13,94.0457,91.4160,97.7908
2010-08-16,93.7902,91.0432,97.6706
2010-08-17,93.4239,90.6664,97.3139
2010-08-18,93.3719,90.6067,97.2706
2010-08-19,93.7141,90.9822,97.5762
2010-08-20,94.2087,91.8010,97.6966
2010-08-23,94.3295,91.8023,97.9573
2010-08-24,94.4362,91.7853,98.2088
2010-08-25,94.7372,92.1257,98.4662
2010-08-26,94.3523,91.6001,98.2427
2010-08-27,94.3462,91.5548,98.2825
2010-08-30,94.5922,91.7711,98.5651
2010-08-31,94.7204,91.8862,98.7096
2010-09-01,94.1148,91.1432,98.2610
2010-09-02,94.0852,91.1567,98.1806
2010-09-03,93.6952,90.7255,97.8363
2010-09-06,ND,ND,ND
2010-09-07,94.0420,91.1428,98.1026
2010-09-08,93.7785,90.8219,97.9047
2010-09-09,93.7033,90.8082,97.7568
2010-09-10,93.6768,90.9277,97.5590
2010-09-13,93.0767,90.0870,97.2371
2010-09-14,92.6182,89.4011,97.0440
2010-09-15,92.9313,89.9830,97.0420
2010-09-16,92.9108,89.8748,97.1245
2010-09-17,92.9418,90.0758,96.9558
2010-09-20,92.7496,89.8509,96.8005
2010-09-21,92.6684,89.7346,96.7602
2010-09-22,92.0647,88.8556,96.4773
2010-09-23,92.0233,88.8475,96.3963
2010-09-24,91.5996,88.3140,96.0998
2010-09-27,91.4803,88.2815,95.8768
2010-09-28,91.3493,88.0665,95.8445
2010-09-29,91.1632,87.8719,95.6673
2010-09-30,91.3415,88.0249,95.8768
2010-10-01,90.8360,87.3305,95.5932
2010-10-04,91.0015,87.5346,95.7136
2010-10-05,90.5622,86.9251,95.4750
2010-10-06,90.1411,86.3781,95.2026
2010-10-07,90.2860,86.5583,95.3058
2010-10-08,90.1133,86.3575,95.1658
2010-10-11,ND,ND,ND
2010-10-12,90.2203,86.5275,95.1978
2010-10-13,89.7779,86.0026,94.8520
2010-10-14,89.5228,85.6194,94.7496
2010-10-15,89.6815,85.9571,94.6938
2010-10-18,89.8484,86.1341,94.8494
2010-10-19,90.5499,87.1510,95.1780
2010-10-20,90.1446,86.5306,95.0272
2010-10-21,90.1380,86.5177,95.0282
2010-10-22,90.4063,86.9143,95.1445
2010-10-25,89.9328,86.3061,94.8292
2010-10-26,90.2818,86.7338,95.0864
2010-10-27,90.8038,87.3609,95.4860
2010-10-28,90.2407,86.4810,95.2987
2010-10-29,90.0935,86.4193,95.0479
2010-11-01,90.0307,86.3123,95.0378
2010-11-02,89.6847,85.8653,94.8112
2010-11-03,89.7079,85.9349,94.7788
2010-11-04,88.9831,84.9399,94.3761
2010-11-05,89.2441,85.4691,94.3147
2010-11-08,89.5711,85.7677,94.6777
2010-11-09,89.5580,85.9447,94.4361
2010-11-10,89.9056,86.5251,94.5078
2010-11-11,ND,ND,ND
2010-11-12,90.1701,86.7375,94.8359
2010-11-15,90.4331,87.0566,95.0338
2010-11-16,91.1102,87.9959,95.4041
2010-11-17,90.9282,87.7306,95.3197
2010-11-18,90.6490,87.5382,94.9358
2010-11-19,90.6986,87.5663,95.0111
2010-11-22,90.7023,87.5973,94.9826
2010-11-23,91.4318,88.2925,95.7576
2010-11-24,91.2179,88.1082,95.5071
2010-11-25,ND,ND,ND
2010-11-26,91.8152,88.8573,95.9294
2010-11-29,92.1997,89.4130,96.1154
2010-11-30,92.1494,89.5068,95.8960
2010-12-01,91.6799,88.9792,95.4911
2010-12-02,91.2651,88.3279,95.3512
2010-12-03,90.8788,87.7548,95.1827
2010-12-06,91.0167,88.0209,95.1701
2010-12-07,90.9732,87.9770,95.1269
2010-12-08,91.3376,88.4185,95.4028
2010-12-09,91.3923,88.4637,95.4690
2010-12-10,91.2831,88.2860,95.4398
2010-12-13,90.8837,87.6491,95.3187
2010-12-14,90.7640,87.6145,95.0974
2010-12-15,91.0940,88.0186,95.3419
2010-12-16,91.3773,88.3788,95.5362
2010-12-17,91.5555,88.7792,95.4544
2010-12-20,91.6398,88.8515,95.5535
2010-12-21,91.5190,88.8325,95.3124
2010-12-22,91.4290,88.8294,95.1201
2010-12-23,91.3013,88.6090,95.1000
2010-12-24,ND,ND,ND
2010-12-27,91.1963,88.4842,95.0174
2010-12-28,90.9848,88.1668,94.9287
2010-12-29,90.7669,87.8819,94.7880
2010-12-30,90.5146,87.6432,94.5179
2010-12-31,ND,ND,ND
2011-01-03,89.9524,86.9933,94.0516
2011-01-04,90.3277,87.4815,94.3006
2011-01-05,90.5715,88.0199,94.2109
2011-01-06,90.9125,88.4038,94.5059
2011-01-07,91.0001,88.5075,94.5761
2011-01-10,91.0300,88.4444,94.7117
2011-01-11,90.8431,88.4013,94.3603
2011-01-12,90.4111,87.9799,93.9127
2011-01-13,89.9019,87.0343,93.8958
2011-01-14,90.0461,87.3008,93.9016
2011-01-17,ND,ND,ND
2011-01-18,89.8210,86.9997,93.7614
2011-01-19,89.6948,86.7171,93.8132
2011-01-20,90.1316,87.3039,94.0817
2011-01-21,89.7204,86.6586,93.9356
2011-01-24,89.5375,86.3650,93.8787
2011-01-25,89.7279,86.6153,94.0017
2011-01-26,89.5091,86.3551,93.8287
2011-01-27,89.5728,86.4368,93.8722
2011-01-28,89.8189,86.6383,94.1716
2011-01-31,89.6940,86.3104,94.2802
2011-02-01,89.1436,85.7003,93.7950
2011-02-02,89.0737,85.6897,93.6559
2011-02-03,89.2522,85.9669,93.7214
2011-02-04,89.3910,86.2862,93.6530
2011-02-07,89.3556,86.3605,93.4913
2011-02-08,89.1241,86.0372,93.3636
2011-02-09,89.4166,86.2708,93.7262
2011-02-10,89.6266,86.5120,93.9017
2011-02-11,89.8784,86.8330,94.0759
2011-02-14,89.8543,86.8205,94.0385
2011-02-15,89.8871,86.7839,94.1512
2011-02-16,89.7059,86.5702,94.0061
2011-02-17,89.4102,86.1723,93.8259
2011-02-18,89.1974,85.9369,93.6376
2011-02-21,ND,ND,ND
2011-02-22,89.4617,86.0893,94.0333
2011-02-23,89.4186,85.8687,94.1959
2011-02-24,89.2346,85.4802,94.2490
2011-02-25,89.1664,85.5003,94.0772
2011-02-28,88.9391,85.1520,93.9896
2011-03-01,88.8310,85.0662,93.8546
2011-03-02,88.7317,84.8587,93.8815
2011-03-03,88.6370,84.9035,93.6227
2011-03-04,88.4898,84.7334,93.5014
2011-03-07,88.5207,84.7990,93.4920
2011-03-08,88.6454,85.0119,93.5144
2011-03-09,88.5328,84.9237,93.3726
2011-03-10,88.8698,85.3716,93.5828
2011-03-11,88.6910,85.0842,93.5292
2011-03-14,88.5191,84.8099,93.4756
2011-03-15,88.7845,84.9959,93.8357
2011-03-16,88.9785,85.2596,93.9496
2011-03-17,88.6549,84.6189,93.9959
2011-03-18,88.5221,84.5423,93.7959
2011-03-21,88.2032,84.1854,93.5196
2011-03-22,88.0665,84.0189,93.4171
2011-03-23,88.3328,84.4280,93.5172
2011-03-24,88.0592,84.0666,93.3450
2011-03-25,88.1716,84.3760,93.2268
2011-03-28,88.3058,84.5295,93.3394
2011-03-29,88.3991,84.7039,93.3385
2011-03-30,88.2298,84.6187,93.0698
2011-03-31,88.0299,84.3618,92.9350
2011-04-01,87.7993,84.2164,92.6033
2011-04-04,87.8406,84.3298,92.5608
2011-04-05,87.7483,84.2183,92.4903
2011-04-06,87.4913,83.8860,92.3193
2011-04-07,87.5320,83.9644,92.3162
2011-04-08,87.1493,83.4874,92.0409
2011-04-11,87.0940,83.3150,92.1223
2011-04-12,87.2943,83.4664,92.3815
2011-04-13,87.2093,83.3850,92.2916
2011-04-14,87.0802,83.2798,92.1336
2011-04-15,87.0050,83.2836,91.9652
2011-04-18,87.5081,83.9789,92.2475
2011-04-19,87.0791,83.3721,92.0229
2011-04-20,86.5642,82.7230,91.6618
2011-04-21,86.2256,82.3067,91.4125
2011-04-22,86.3742,82.5033,91.5056
2011-04-25,86.4026,82.4431,91.6385
2011-04-26,86.2576,82.2605,91.5369
2011-04-27,86.2519,82.3590,91.4082
2011-04-28,85.8419,81.7462,91.2350
2011-04-29,85.5999,81.4984,90.9983
2011-05-02,85.5199,81.3834,90.9594
2011-05-03,85.6352,81.4183,91.1706
2011-05-04,85.8917,81.6840,91.4179
2011-05-05,86.5080,82.5348,91.7607
2011-05-06,86.4575,82.6306,91.5377
2011-05-09,86.8346,83.2305,91.6566
2011-05-10,86.6518,83.0009,91.5270
2011-05-11,86.7195,83.1049,91.5529
2011-05-12,87.0767,83.4773,91.8948
2011-05-13,87.4176,83.9243,92.1146
2011-05-16,87.3311,83.6562,92.2391
2011-05-17,87.6307,84.1215,92.3478
2011-05-18,87.2950,83.7192,92.0872
2011-05-19,87.2638,83.7619,91.9696
2011-05-20,87.3044,83.9492,91.8400
2011-05-23,87.8941,84.5980,92.3655
2011-05-24,87.6620,84.3149,92.1909
2011-05-25,87.6136,84.2003,92.2189
2011-05-26,87.5588,84.1996,92.1010
2011-05-27,86.9525,83.3901,91.7265
2011-05-30,ND,ND,ND
2011-05-31,86.6560,83.0986,91.4221
2011-06-01,86.5964,82.9424,91.4750
2011-06-02,86.8435,83.2728,91.6264
2011-06-03,86.4234,82.6386,91.4540
2011-06-06,86.4669,82.6405,91.5465
2011-06-07,86.3627,82.3965,91.6062
2011-06-08,86.5714,82.6671,91.7434
2011-06-09,86.5913,82.7065,91.7404
2011-06-10,87.0420,83.2882,92.0403
2011-06-13,87.0579,83.2466,92.1238
2011-06-14,86.6771,82.7820,91.8391
2011-06-15,87.3342,83.7446,92.1428
2011-06-16,87.6917,84.1262,92.4746
2011-06-17,87.2179,83.4737,92.2063
2011-06-20,87.1908,83.4554,92.1687
2011-06-21,86.8570,83.0930,91.8662
2011-06-22,86.8067,83.0910,91.7590
2011-06-23,87.4550,84.0001,92.1075
2011-06-24,87.5014,84.0350,92.1675
2011-06-27,87.5225,83.9723,92.2865
2011-06-28,87.2178,83.6052,92.0522
2011-06-29,86.8014,83.1073,91.7283
2011-06-30,86.4786,82.7331,91.4633
2011-07-01,86.3613,82.7141,91.2302
2011-07-04,ND,ND,ND
2011-07-05,86.4253,82.8316,91.2322
2011-07-06,86.6825,83.2530,91.2999
2011-07-07,86.4825,83.0898,91.0557
2011-07-08,86.6150,83.2770,91.1256
2011-07-11,87.1013,83.8801,91.4802
2011-07-12,87.1701,83.8088,91.7118
2011-07-13,86.5697,82.9828,91.3697
2011-07-14,86.5234,82.9565,91.2998
2011-07-15,86.5169,82.8913,91.3618
2011-07-18,86.9549,83.4577,91.6530
2011-07-19,86.4386,82.7787,91.3230
2011-07-20,86.2794,82.6182,91.1642
2011-07-21,85.8378,81.9643,90.9685
2011-07-22,85.8623,82.0965,90.8667
2011-07-25,85.8006,81.9278,90.9305
2011-07-26,85.4692,81.5021,90.7078
2011-07-27,85.7126,81.8193,90.8659
2011-07-28,85.8245,81.9889,90.9106
2011-07-29,85.7282,81.7277,91.0079
2011-08-01,86.0391,82.2973,91.0166
2011-08-02,86.0533,82.2011,91.1606
2011-08-03,86.0706,82.0696,91.3532
2011-08-04,86.9299,83.2098,91.8881
2011-08-05,87.1084,83.3110,92.1584
2011-08-08,87.1873,83.0937,92.5865
2011-08-09,87.3919,83.0676,93.0657
2011-08-10,87.3792,83.1045,92.9941
2011-08-11,87.3215,83.0894,92.8856
2011-08-12,87.1770,83.0779,92.5825
2011-08-15,86.7515,82.4601,92.3824
2011-08-16,86.7115,82.5036,92.2430
2011-08-17,86.5518,82.3087,92.1241
2011-08-18,87.1271,82.8809,92.7066
2011-08-19,86.8286,82.4822,92.5251
2011-08-22,87.0753,82.7770,92.7163
2011-08-23,86.9001,82.5375,92.6165
2011-08-24,87.1316,82.7355,92.8891
2011-08-25,87.2306,82.8322,92.9916
2011-08-26,87.0751,82.5692,92.9632
2011-08-29,86.8433,82.3331,92.7353
2011-08-30,87.0010,82.5402,92.8348
2011-08-31,86.7739,82.4758,92.4129
2011-09-01,86.8512,82.6987,92.3179
2011-09-02,87.1797,83.0072,92.6723
2011-09-05,ND,ND,ND
2011-09-06,88.1645,84.2902,93.3119
2011-09-07,87.9699,84.0489,93.1709
2011-09-08,88.1162,84.2329,93.2739
2011-09-09,88.9514,85.3354,93.8023
2011-09-12,89.2192,85.4389,94.2638
2011-09-13,89.2653,85.1364,94.7198
2011-09-14,89.4190,85.1137,95.0829
2011-09-15,89.0647,84.5767,94.9435
2011-09-16,89.1108,84.6383,94.9712
2011-09-19,89.9336,85.2890,96.0042
2011-09-20,89.8777,85.1815,96.0095
2011-09-21,90.3453,85.3742,96.8091
2011-09-22,92.0750,87.2674,98.3526
2011-09-23,91.6904,86.8807,97.9681
2011-09-26,91.7724,86.9993,98.0069
2011-09-27,90.8985,86.2668,96.9592
2011-09-28,91.0227,86.3358,97.1500
2011-09-29,91.3033,86.6284,97.4179
2011-09-30,91.9998,87.3631,98.0732
2011-10-03,92.5128,87.9961,98.4468
2011-10-04,92.9508,88.5631,98.7347
2011-10-05,92.3008,88.0023,97.9751
2011-10-06,91.9661,87.7243,97.5714
2011-10-07,91.2469,87.0098,96.8418
2011-10-10,ND,ND,ND
2011-10-11,90.9162,86.4919,96.7306
2011-10-12,90.3378,85.7309,96.3656
2011-10-13,90.6603,86.0837,96.6539
2011-10-14,90.2116,85.5074,96.3549
2011-10-17,90.2660,85.6921,96.2541
2011-10-18,90.5907,85.9225,96.6932
2011-10-19,90.3317,85.6279,96.4752
2011-10-20,91.1026,86.1533,97.5444
2011-10-21,90.2790,85.0093,97.1027
2011-10-24,89.8558,84.6702,96.5757
2011-10-25,89.9525,84.9436,96.4598
2011-10-26,90.0836,85.1162,96.5415
2011-10-27,88.7882,83.6278,95.4724
2011-10-28,88.6382,83.6480,95.1160
2011-10-31,89.2053,84.4620,95.3895
2011-11-01,90.7296,86.1092,96.7758
2011-11-02,90.2440,85.5126,96.4198
2011-11-03,90.2961,85.6628,96.3551
2011-11-04,90.3154,85.7741,96.2651
2011-11-07,90.3832,85.8361,96.3401
2011-11-08,90.1720,85.5645,96.1996
2011-11-09,90.6991,86.2430,96.5497
2011-11-10,90.8588,86.2684,96.8701
2011-11-11,ND,ND,ND
2011-11-14,90.7215,86.1070,96.7608
2011-11-15,91.1081,86.5902,97.0347
2011-11-16,91.1237,86.5981,97.0595
2011-11-17,91.1822,86.6051,97.1797
2011-11-18,91.3676,86.7072,97.4654
2011-11-21,91.9978,87.1612,98.3097
2011-11-22,92.0193,87.2052,98.3042
2011-11-23,92.7463,88.0579,98.8857
2011-11-24,ND,ND,ND
2011-11-25,93.1455,88.4251,99.3254
2011-11-28,92.4983,87.7187,98.7448
2011-11-29,92.2163,87.4902,98.3973
2011-11-30,91.4728,86.7680,97.6240
2011-12-01,91.2270,86.6432,97.2326
2011-12-02,91.3532,87.0006,97.0854
2011-12-05,91.1087,86.6365,96.9811
2011-12-06,91.2817,86.8438,97.1144
2011-12-07,91.2331,86.7538,97.1146
2011-12-08,91.6680,87.1918,97.5486
2011-12-09,91.6122,87.0783,97.5610
2011-12-12,92.3375,87.8695,98.2126
2011-12-13,92.5456,88.1859,98.2938
2011-12-14,93.2176,88.9963,98.8069
2011-12-15,92.8858,88.5995,98.5495
2011-12-16,92.8252,88.6235,98.3890
2011-12-19,92.8685,88.6257,98.4809
2011-12-20,92.4320,88.0804,98.1698
2011-12-21,92.5262,88.2428,98.1841
2011-12-22,92.3883,88.0357,98.1271
2011-12-23,92.3897,88.0702,98.0893
2011-12-26,ND,ND,ND
2011-12-27,92.4137,87.8636,98.3865
2011-12-28,92.8374,88.5109,98.5482
2011-12-29,92.7398,88.3731,98.4974
2011-12-30,92.4262,87.9562,98.3040
2012-01-02,ND,ND,ND
2012-01-03,91.7551,87.3475,97.5555
2012-01-04,92.0345,87.8444,97.5854
2012-01-05,92.5773,88.6297,97.8533
2012-01-06,92.7183,88.8917,97.8570
2012-01-09,92.7418,88.9025,97.8951
2012-01-10,92.2461,88.4260,97.3736
2012-01-11,92.5540,88.8972,97.4974
2012-01-12,92.2274,88.5115,97.2356
2012-01-13,92.5385,89.0693,97.2684
2012-01-16,ND,ND,ND
2012-01-17,92.0142,88.5053,96.7848
2012-01-18,91.6943,88.2545,96.3837
2012-01-19,91.3316,87.8359,96.0814
2012-01-20,91.3661,87.8444,96.1458
2012-01-23,90.9860,87.3889,95.8484
2012-01-24,91.1810,87.6770,95.9390
2012-01-25,91.2770,87.8856,95.9078
2012-01-26,90.3962,86.8194,95.2303
2012-01-27,90.2559,86.6520,95.1198
2012-01-30,90.4762,86.8323,95.3876
2012-01-31,90.5538,87.0465,95.3102
2012-02-01,90.0963,86.4129,95.0495
2012-02-02,89.8765,86.4618,94.5218
2012-02-03,89.8491,86.5948,94.3123
2012-02-06,89.7907,86.5284,94.2626
2012-02-07,89.5968,86.2281,94.1875
2012-02-08,89.6555,86.3089,94.2215
2012-02-09,89.6246,86.1913,94.2890
2012-02-10,90.1024,86.7929,94.6303
2012-02-13,89.8895,86.6218,94.3683
2012-02-14,90.1919,86.9754,94.6154
2012-02-15,90.1932,87.0240,94.5633
2012-02-16,90.3109,86.9980,94.8444
2012-02-17,90.2300,87.0135,94.6537
2012-02-20,ND,ND,ND
2012-02-21,90.0117,86.7678,94.4645
2012-02-22,90.2472,87.0692,94.6277
2012-02-23,90.1108,86.8288,94.6076
2012-02-24,89.9104,86.4352,94.6249
2012-02-27,89.9635,86.4844,94.6827
2012-02-28,89.8103,86.2844,94.5817
2012-02-29,89.7487,86.3494,94.3754
2012-03-01,89.7817,86.4083,94.3794
2012-03-02,90.1350,86.9636,94.5070
2012-03-05,90.2748,87.0263,94.7353
2012-03-06,90.8237,87.5654,95.2999
2012-03-07,90.6837,87.4342,95.1487
2012-03-08,90.2598,86.9582,94.7802
2012-03-09,90.4341,87.5539,94.4811
2012-03-12,90.6643,87.5823,94.9403
2012-03-13,90.5363,87.5667,94.6846
2012-03-14,90.9325,88.0830,94.9497
2012-03-15,90.7866,87.8837,94.8622
2012-03-16,90.5245,87.4543,94.7858
2012-03-19,90.2920,87.1308,94.6538
2012-03-20,90.6065,87.4414,94.9756
2012-03-21,90.6761,87.5267,95.0280
2012-03-22,90.8225,87.5883,95.2716
2012-03-23,90.6156,87.2703,95.1886
2012-03-26,90.3266,86.9475,94.9354
2012-03-27,90.2796,86.9795,94.7984
2012-03-28,90.6030,87.2571,95.1764
2012-03-29,90.7285,87.2956,95.4017
2012-03-30,90.4593,87.0481,95.1056
2012-04-02,90.2470,86.7957,94.9372
2012-04-03,90.1921,86.7925,94.8231
2012-04-04,90.8284,87.6515,95.2128
2012-04-05,90.8781,87.6980,95.2665
2012-04-06,90.9375,87.5919,95.5136
2012-04-09,90.9624,87.5659,95.5964
2012-04-10,91.2728,87.7477,96.0555
2012-04-11,91.1768,87.6314,95.9819
2012-04-12,90.7694,87.1418,95.6646
2012-04-13,91.0558,87.5442,95.8213
2012-04-16,91.2355,87.6263,96.1136
2012-04-17,90.7661,87.0634,95.7471
2012-04-18,90.9326,87.1807,95.9713
2012-04-19,91.0833,87.2518,96.2143
2012-04-20,90.8066,86.9525,95.9611
2012-04-23,91.0790,87.2068,96.2566
2012-04-24,90.8153,86.8444,96.1042
2012-04-25,90.7560,86.7476,96.0875
2012-04-26,90.6428,86.5415,96.0804
2012-04-27,90.3269,86.3153,95.6586
2012-04-30,90.3634,86.4905,95.5361
2012-05-01,90.3227,86.4509,95.4937
2012-05-02,90.6144,86.8089,95.7117
2012-05-03,90.6839,86.8160,95.8534
2012-05-04,91.0497,87.1598,96.2473
2012-05-07,91.0747,87.1961,96.2596
2012-05-08,91.4107,87.4852,96.6522
2012-05-09,91.7632,87.7037,97.1614
2012-05-10,91.7077,87.7146,97.0291
2012-05-11,91.7306,87.6973,97.0985
2012-05-14,92.2491,88.0856,97.7709
2012-05-15,92.5235,88.4426,97.9524
2012-05-16,92.9030,88.8471,98.3061
2012-05-17,92.9632,88.9718,98.2928
2012-05-18,93.1395,89.1016,98.5240
2012-05-21,93.0945,89.0093,98.5329
2012-05-22,93.1113,89.1290,98.4317
2012-05-23,93.8855,89.8189,99.3088
2012-05-24,93.8027,89.7789,99.1762
2012-05-25,93.9488,90.0445,99.1866
2012-05-28,ND,ND,ND
2012-05-29,93.8750,90.0127,99.0639
2012-05-30,94.3020,90.3526,99.5942
2012-05-31,94.6856,90.6113,100.1243
2012-06-01,94.6979,90.5329,100.2408
2012-06-04,94.5184,90.4176,99.9861
2012-06-05,94.6184,90.6436,99.9423
2012-06-06,94.0362,90.0091,99.4152
2012-06-07,93.7740,89.8010,99.0890
2012-06-08,94.2024,90.3429,99.3910
2012-06-11,94.0369,90.0736,99.3429
2012-06-12,94.0693,90.0788,99.4066
2012-06-13,93.8309,89.7069,99.3198
2012-06-14,93.8152,89.6111,99.3962
2012-06-15,93.5203,89.3285,99.0846
2012-06-18,93.6431,89.5768,99.0640
2012-06-19,93.0524,88.9363,98.5259
2012-06-20,93.1602,89.0415,98.6377
2012-06-21,93.6378,89.7338,98.8725
2012-06-22,93.9205,89.9714,99.2092
2012-06-25,94.1757,90.1519,99.5521
2012-06-26,93.9859,90.0125,99.3031
2012-06-27,93.8728,90.1315,98.9236
2012-06-28,94.0203,90.3575,98.9829
2012-06-29,92.9096,89.1968,97.9198
2012-07-02,92.9510,89.3768,97.8037
2012-07-03,92.6508,89.1169,97.4551
2012-07-04,ND,ND,ND
2012-07-05,93.2211,89.9407,97.7433
2012-07-06,93.7087,90.4325,98.2303
2012-07-09,93.6974,90.4114,98.2302
2012-07-10,93.5552,90.4627,97.8687
2012-07-11,93.5981,90.4970,97.9217
2012-07-12,93.9298,90.7208,98.3777
2012-07-13,93.5515,90.3339,98.0058
2012-07-16,93.3746,90.1220,97.8667
2012-07-17,93.3479,90.2105,97.7100
2012-07-18,93.0973,89.9680,97.4481
2012-07-19,93.0438,89.7758,97.5504
2012-07-20,93.3653,90.1577,97.8065
2012-07-23,93.9297,90.5580,98.5613
2012-07-24,94.2635,90.8122,98.9881
2012-07-25,94.0564,90.5562,98.8347
2012-07-26,93.3595,89.7384,98.2690
2012-07-27,92.9333,89.3734,97.7697
2012-07-30,93.0524,89.5845,97.7854
2012-07-31,92.8422,89.3226,97.6320
2012-08-01,92.8905,89.4427,97.5993
2012-08-02,93.4269,90.0895,98.0153
2012-08-03,92.6048,89.1145,97.3594
2012-08-06,92.4339,88.9619,97.1661
2012-08-07,92.5128,88.9743,97.3213
2012-08-08,92.5407,89.0385,97.3081
2012-08-09,92.6057,89.2800,97.1737
2012-08-10,92.5129,89.0971,97.1820
2012-08-13,92.5955,89.0594,97.4019
2012-08-14,92.6152,89.1152,97.3807
2012-08-15,92.6838,89.1801,97.4543
2012-08-16,92.5737,88.9923,97.4315
2012-08-17,92.7110,89.2031,97.4865
2012-08-20,92.6263,89.1092,97.4115
2012-08-21,92.3053,88.6162,97.2835
2012-08-22,92.4362,88.7602,97.4006
2012-08-23,92.1057,88.2613,97.2598
2012-08-24,92.2785,88.4642,97.3994
2012-08-27,92.3135,88.4623,97.4769
2012-08-28,92.2033,88.2052,97.5344
2012-08-29,92.3823,88.3462,97.7586
2012-08-30,92.6239,88.6248,97.9595
2012-08-31,92.1677,88.1228,97.5522
2012-09-03,ND,ND,ND
2012-09-04,92.1582,88.1965,97.4472
2012-09-05,92.1262,88.2092,97.3636
2012-09-06,91.8973,88.0083,97.1008
2012-09-07,91.3469,87.1942,96.8494
2012-09-10,91.3102,87.1745,96.7927
2012-09-11,91.0575,86.7655,96.7187
2012-09-12,91.0477,86.7495,96.7159
2012-09-13,90.9632,86.6349,96.6657
2012-09-14,90.1436,85.9467,95.6878
2012-09-17,90.2837,86.1178,95.7931
2012-09-18,90.5029,86.3535,95.9950
2012-09-19,90.4646,86.2899,95.9855
2012-09-20,90.7631,86.6879,96.1715
2012-09-21,90.5342,86.4738,95.9238
2012-09-24,90.8263,86.7996,96.1793
2012-09-25,90.6074,86.5942,95.9433
2012-09-26,91.0028,87.1009,96.2138
2012-09-27,90.7538,86.8537,95.9607
2012-09-28,90.8342,87.0848,95.8691
2012-10-01,90.7011,86.9570,95.7289
2012-10-02,90.6440,86.8261,95.7558
2012-10-03,90.8726,87.2477,95.7656
2012-10-04,90.4932,86.7869,95.4761
2012-10-05,90.2851,86.4978,95.3588
2012-10-08,ND,ND,ND
2012-10-09,90.8703,87.1124,95.9152
2012-10-10,90.8830,87.0556,96.0075
2012-10-11,90.7437,86.9549,95.8230
2012-10-12,90.6833,86.8999,95.7558
2012-10-15,90.6409,86.9171,95.6449
2012-10-16,90.5583,86.8787,95.5110
2012-10-17,90.2309,86.3702,95.3885
2012-10-18,90.3804,86.5624,95.4902
2012-10-19,90.8107,87.2086,95.6771
2012-10-22,90.7911,87.2111,95.6322
2012-10-23,91.0945,87.5195,95.9325
2012-10-24,91.1275,87.5548,95.9632
2012-10-25,91.0200,87.4894,95.8070
2012-10-26,91.1411,87.6135,95.9256
2012-10-29,ND,ND,ND
2012-10-30,ND,ND,ND
2012-10-31,91.1609,87.5906,95.9941
2012-11-01,91.1217,87.5995,95.8999
2012-11-02,91.2810,87.9494,95.8442
2012-11-05,91.4778,88.0868,96.1100
2012-11-06,91.2908,87.9300,95.8871
2012-11-07,91.4514,88.1243,96.0110
2012-11-08,91.5375,88.1861,96.1253
2012-11-09,91.6871,88.3234,96.2901
2012-11-12,ND,ND,ND
2012-11-13,91.7356,88.3415,96.3736
2012-11-14,91.7942,88.4403,96.3870
2012-11-15,91.8837,88.5089,96.5010
2012-11-16,92.0095,88.7358,96.5135
2012-11-19,91.5653,88.2310,96.1339
2012-11-20,91.5560,88.3151,96.0188
2012-11-21,91.6645,88.4398,96.1101
2012-11-22,ND,ND,ND
2012-11-23,91.2616,87.8062,95.9650
2012-11-26,91.2789,87.8152,95.9919
2012-11-27,91.2608,87.8715,95.8892
2012-11-28,91.3300,87.8388,96.0746
2012-11-29,91.2104,87.7967,95.8660
2012-11-30,91.1038,87.7285,95.7149
2012-12-03,91.0084,87.4882,95.7833
2012-12-04,90.9748,87.3817,95.8325
2012-12-05,90.9423,87.4373,95.6993
2012-12-06,91.0629,87.7133,95.6447
2012-12-07,91.0437,87.7626,95.5476
2012-12-10,90.9631,87.7195,95.4239
2012-12-11,90.8403,87.5360,95.3687
2012-12-12,90.7708,87.4602,95.3057
2012-12-13,90.7760,87.3995,95.3857
2012-12-14,90.7156,87.2726,95.4001
2012-12-17,90.6193,87.1199,95.3673
2012-12-18,90.5161,87.0196,95.2599
2012-12-19,90.4896,87.0131,95.2105
2012-12-20,90.6002,87.1458,95.2968
2012-12-21,90.9597,87.4985,95.6671
2012-12-24,91.0354,87.5453,95.7762
2012-12-25,ND,ND,ND
2012-12-26,91.0606,87.6232,95.7419
2012-12-27,91.1037,87.7090,95.7370
2012-12-28,91.0419,87.7030,95.6113
2012-12-31,91.0834,87.8285,95.5580
2013-01-01,ND,ND,ND
2013-01-02,90.6941,87.5801,95.0113
2013-01-03,90.8097,87.8197,94.9935
2013-01-04,91.1025,88.2579,95.1320
2013-01-07,90.9852,88.0224,95.1415
2013-01-08,91.0570,88.1144,95.1922
2013-01-09,91.0088,88.1620,95.0396
2013-01-10,90.6425,87.7210,94.7505
2013-01-11,90.5352,87.4937,94.7720
2013-01-14,90.4935,87.5139,94.6628
2013-01-15,90.5191,87.5219,94.7077
2013-01-16,90.5960,87.6995,94.6764
2013-01-17,90.5401,87.7183,94.5391
2013-01-18,90.8697,88.2320,94.6739
2013-01-21,ND,ND,ND
2013-01-22,90.7892,88.0007,94.7550
2013-01-23,90.8376,88.1274,94.7193
2013-01-24,90.9112,88.3375,94.6470
2013-01-25,91.0868,88.4255,94.9187
2013-01-28,91.2354,88.4267,95.2276
2013-01-29,90.9406,88.1596,94.8998
2013-01-30,90.8836,87.9808,94.9739
2013-01-31,90.7980,87.8024,94.9878
2013-02-01,90.6923,87.7416,94.8324
2013-02-04,90.9774,88.1275,95.0115
2013-02-05,90.8810,88.1807,94.7527
2013-02-06,91.0176,88.2968,94.9127
2013-02-07,91.2912,88.7106,95.0386
2013-02-08,91.3056,88.6954,95.0848
2013-02-11,91.4451,88.8829,95.1742
2013-02-12,91.2779,88.6523,95.0734
2013-02-13,91.2709,88.7136,94.9929
2013-02-14,91.3660,88.9610,94.9259
2013-02-15,91.4551,89.1363,94.9239
2013-02-18,ND,ND,ND
2013-02-19,91.5073,89.2287,94.9338
2013-02-20,91.6689,89.5441,94.9335
2013-02-21,92.0394,89.9606,95.2592
2013-02-22,92.1197,90.1992,95.1726
2013-02-25,92.1975,90.3952,95.1266
2013-02-26,92.4247,90.4793,95.5073
2013-02-27,92.2340,90.3290,95.2719
2013-02-28,92.2950,90.5238,95.1923
2013-03-01,92.6177,91.0456,95.3092
2013-03-04,92.6316,91.0203,95.3643
2013-03-05,92.4965,90.9164,95.1950
2013-03-06,ND,ND,ND
2013-03-07,92.5462,91.0032,95.2063
2013-03-08,92.6252,91.4524,94.8997
2013-03-11,92.5351,91.3889,94.7809
2013-03-12,92.3853,91.3018,94.5643
2013-03-13,92.4709,91.5350,94.4980
2013-03-14,92.4695,91.3736,94.6624
2013-03-15,92.1280,90.7132,94.6492
2013-03-18,92.3377,91.0483,94.7304
2013-03-19,92.5260,91.3731,94.7787
2013-03-20,92.4141,91.2698,94.6566
2013-03-21,92.3322,91.1504,94.6127
2013-03-22,92.2051,90.7994,94.7177
2013-03-25,92.3081,91.1198,94.5952
2013-03-26,92.2320,91.0321,94.5303
2013-03-27,92.4460,91.3183,94.6717
2013-03-28,92.2544,91.0039,94.6055
2013-03-29,92.3020,91.1553,94.5458
2013-04-01,92.1687,90.8678,94.5714
2013-04-02,92.1432,90.9549,94.4283
2013-04-03,92.1040,90.7911,94.5186
2013-04-04,92.3896,91.2172,94.6611
2013-04-05,92.1043,90.8637,94.4435
2013-04-08,92.2317,91.2575,94.2956
2013-04-09,91.9669,90.8791,94.1457
2013-04-10,91.9598,90.9909,94.0152
2013-04-11,91.6972,90.6086,93.8737
2013-04-12,91.7967,90.7371,93.9442
2013-04-15,91.9457,90.9149,94.0651
2013-04-16,91.8451,90.7887,93.9898
2013-04-17,92.1372,91.1985,94.1634
2013-04-18,92.1760,91.1776,94.2644
2013-04-19,92.2166,91.3769,94.1413
2013-04-22,92.3591,91.4314,94.3764
2013-04-23,92.3836,91.5826,94.2702
2013-04-24,92.4581,91.6802,94.3218
2013-04-25,92.0394,91.3150,93.8431
2013-04-26,91.9012,90.9518,93.9357
2013-04-29,91.6539,90.6772,93.7138
2013-04-30,91.3741,90.1532,93.6845
2013-05-01,91.4331,90.0799,93.8822
2013-05-02,91.6174,90.5652,93.7552
2013-05-03,91.5087,90.5329,93.5660
2013-05-06,91.6387,90.7320,93.6260
2013-05-07,91.5201,90.6459,93.4724
2013-05-08,91.1848,90.2378,93.2086
2013-05-09,91.3036,90.5347,93.1448
2013-05-10,92.2527,91.7579,93.8231
2013-05-13,92.2711,91.6857,93.9345
2013-05-14,92.3697,91.9305,93.8845
2013-05-15,92.7691,92.3994,94.2175
2013-05-16,92.6602,92.1496,94.2514
2013-05-17,93.1617,92.9216,94.4823
2013-05-20,93.0359,92.6772,94.4760
2013-05-21,92.9662,92.5792,94.4344
2013-05-22,93.3104,93.1756,94.5254
2013-05-23,93.2113,92.5493,94.9644
2013-05-24,93.2768,92.5440,95.1034
2013-05-27,ND,ND,ND
2013-05-28,93.5853,93.0580,95.2044
2013-05-29,93.5310,92.6166,95.5479
2013-05-30,93.4219,92.1203,95.8397
2013-05-31,93.6076,92.3554,95.9760
2013-06-03,93.1630,91.5062,95.9497
2013-06-04,93.3067,91.9421,95.7890
2013-06-05,93.2750,91.7292,95.9463
2013-06-06,92.8090,90.6515,96.1208
2013-06-07,92.6056,90.5827,95.7723
2013-06-10,92.9730,90.7786,96.3258
2013-06-11,92.7996,90.3741,96.3968
2013-06-12,92.4775,89.8782,96.2574
2013-06-13,92.3449,89.7445,96.1247
2013-06-14,92.1886,89.7215,95.8238
2013-06-17,92.3332,89.7863,96.0555
2013-06-18,92.5432,89.7933,96.4858
2013-06-19,92.4755,89.7050,96.4397
2013-06-20,94.1250,91.3899,98.0684
2013-06-21,94.4243,91.8790,98.1673
2013-06-24,94.5714,92.1142,98.2219
2013-06-25,94.3285,92.1114,97.7203
2013-06-26,94.3807,92.1760,97.7598
2013-06-27,94.2429,92.3918,97.2460
2013-06-28,94.3047,92.6512,97.1006
2013-07-01,94.0998,92.4816,96.8563
2013-07-02,94.4051,92.8766,97.0711
2013-07-03,94.4767,92.7634,97.3374
2013-07-04,ND,ND,ND
2013-07-05,95.0639,93.7986,97.4625
2013-07-08,94.9954,93.7404,97.3826
2013-07-09,94.9467,93.9324,97.0832
2013-07-10,94.7595,93.4741,97.1755
2013-07-11,93.9490,92.2380,96.8014
2013-07-12,94.0029,92.3504,96.7945
2013-07-15,93.9729,92.5311,96.5433
2013-07-16,93.5232,91.9871,96.1871
2013-07-17,93.5498,92.2260,95.9922
2013-07-18,93.6810,92.3402,96.1426
2013-07-19,93.4759,91.9531,96.1254
2013-07-22,93.2253,91.5543,96.0276
2013-07-23,93.1631,91.4476,96.0115
2013-07-24,93.3124,91.4627,96.3038
2013-07-25,93.2862,91.3365,96.3830
2013-07-26,93.1695,91.0375,96.4583
2013-07-29,93.1663,90.9333,96.5624
2013-07-30,93.3976,91.1641,96.7967
2013-07-31,93.5703,91.2200,97.0957
2013-08-01,93.7972,91.7203,97.0342
2013-08-02,93.5789,91.5704,96.7411
2013-08-05,93.5070,91.5275,96.6378
2013-08-06,93.3199,91.2455,96.5490
2013-08-07,93.2652,90.9872,96.7102
2013-08-08,92.8483,90.4830,96.3818
2013-08-09,92.8394,90.5407,96.3019
2013-08-12,92.9178,90.6543,96.3435
2013-08-13,93.4760,91.2455,96.8727
2013-08-14,93.3820,91.1010,96.8315
2013-08-15,93.5059,91.0755,97.1161
2013-08-16,93.4255,90.8302,97.2114
2013-08-19,93.6623,90.7622,97.7787
2013-08-20,93.5536,90.5442,97.7869
2013-08-21,94.0362,90.9921,98.3121
2013-08-22,94.2804,91.3671,98.4175
2013-08-23,93.9466,91.2812,97.8132
2013-08-26,94.1853,91.3696,98.2163
2013-08-27,94.3934,91.1505,98.8889
2013-08-28,94.4127,91.3397,98.7239
2013-08-29,94.6398,91.8656,98.6308
2013-08-30,94.7541,92.0133,98.7104
2013-09-02,ND,ND,ND
2013-09-03,94.9574,92.1176,99.0225
2013-09-04,94.5739,91.7773,98.5885
2013-09-05,94.8891,92.2104,98.7801
2013-09-06,94.2487,91.5864,98.1152
2013-09-09,94.0009,91.2485,97.9618
2013-09-10,93.9380,91.2996,97.7757
2013-09-11,93.7112,91.0550,97.5655
2013-09-12,93.5903,90.8570,97.5261
2013-09-13,93.6666,91.0374,97.4914
2013-09-16,93.2875,90.6323,97.1362
2013-09-17,93.2231,90.5714,97.0674
2013-09-18,93.2569,90.5965,97.1109
2013-09-19,92.4082,89.8456,96.1481
2013-09-20,92.6049,90.0259,96.3644
2013-09-23,92.6130,89.9205,96.4945
2013-09-24,92.7691,90.0577,96.6728
2013-09-25,92.7675,89.8808,96.8600
2013-09-26,93.0096,90.1821,97.0408
2013-09-27,92.9747,89.8274,97.3517
2013-09-30,92.9207,89.7517,97.3206
2013-10-01,92.9515,89.8280,97.3023
2013-10-02,92.7720,89.5716,97.2046
2013-10-03,92.7461,89.4005,97.3365
2013-10-04,92.6469,89.5967,96.9151
2013-10-07,92.6725,89.5986,96.9666
2013-10-08,92.7558,89.6097,97.1292
2013-10-09,93.0829,90.1145,97.2670
2013-10-10,92.8579,90.1114,96.8002
2013-10-11,92.8540,90.1114,96.7920
2013-10-14,ND,ND,ND
2013-10-15,92.7642,90.2545,96.4512
2013-10-16,92.6819,90.2754,96.2577
2013-10-17,92.0246,89.3062,95.9278
2013-10-18,91.9989,89.2085,95.9795
2013-10-21,92.2498,89.3530,96.3478
2013-10-22,91.9563,88.9833,96.1336
2013-10-23,92.0947,89.1575,96.2348
2013-10-24,92.1867,89.2080,96.3727
2013-10-25,92.1623,89.3605,96.1567
2013-10-28,92.1872,89.4209,96.1438
2013-10-29,92.3010,89.5949,96.1939
2013-10-30,92.3057,89.6052,96.1926
2013-10-31,92.7310,90.0182,96.6356
2013-11-01,93.1550,90.5293,96.9705
2013-11-04,92.9359,90.3146,96.7445
2013-11-05,93.2112,90.4767,97.1444
2013-11-06,93.0943,90.2124,97.1852
2013-11-07,93.4003,90.6663,97.3349
2013-11-08,93.6619,91.0251,97.4949
2013-11-11,ND,ND,ND
2013-11-12,93.7651,91.0328,97.7018
2013-11-13,93.4848,90.7491,97.4223
2013-11-14,93.4328,90.8498,97.2055
2013-11-15,93.2854,90.7138,97.0443
2013-11-18,92.9824,90.4834,96.6603
2013-11-19,93.0649,90.5813,96.7273
2013-11-20,93.2501,90.7083,96.9767
2013-11-21,93.5638,90.9754,97.3438
2013-11-22,93.4198,90.8593,97.1683
2013-11-25,93.5539,91.1368,97.1504
2013-11-26,93.5226,90.9156,97.3221
2013-11-27,93.6864,91.1007,97.4647
2013-11-28,ND,ND,ND
2013-11-29,93.6291,90.9342,97.5240
2013-12-02,93.8856,91.2574,97.7118
2013-12-03,93.8251,91.0563,97.8016
2013-12-04,93.8997,91.3689,97.6215
2013-12-05,93.4954,90.8266,97.3610
2013-12-06,93.4045,90.9425,97.0473
2013-12-09,93.1444,90.7929,96.6664
2013-12-10,ND,ND,ND
2013-12-11,93.0842,90.4104,96.9508
2013-12-12,93.4292,90.8165,97.2338
2013-12-13,93.3568,90.7835,97.1183
2013-12-16,93.2175,90.5882,97.0376
2013-12-17,93.3020,90.7145,97.0781
2013-12-18,93.4207,90.7575,97.2793
2013-12-19,93.7368,91.2629,97.3960
2013-12-20,93.7211,91.2298,97.3987
2013-12-23,93.5720,90.9424,97.3962
2013-12-24,93.6734,91.0773,97.4629
2013-12-25,ND,ND,ND
2013-12-26,93.7660,91.1590,97.5681
2013-12-27,93.7018,91.0729,97.5268
2013-12-30,93.4866,90.7410,97.4346
2013-12-31,93.5576,90.8394,97.4769
2014-01-01,ND,ND,ND
2014-01-02,93.8192,91.1840,97.6530
2014-01-03,93.8530,91.2587,97.6439
2014-01-06,93.9109,91.3031,97.7167
2014-01-07,94.0398,91.6157,97.6524
2014-01-08,94.2181,91.8845,97.7371
2014-01-09,94.3299,91.9804,97.8669
2014-01-10,94.0045,91.8123,97.3720
2014-01-13,93.8990,91.6758,97.2980
2014-01-14,94.0303,91.7782,97.4613
2014-01-15,94.3410,92.1425,97.7189
2014-01-16,94.5507,92.1800,98.1125
2014-01-17,94.5846,92.3456,98.0078
2014-01-20,ND,ND,ND
2014-01-21,94.6790,92.3097,98.2408
2014-01-22,94.8479,92.5574,98.3285
2014-01-23,94.8415,92.2230,98.6689
2014-01-24,94.8555,91.9779,98.9590
2014-01-27,94.9059,91.9849,99.0562
2014-01-28,94.8800,92.2263,98.7452
2014-01-29,94.8621,92.1499,98.7893
2014-01-30,95.1294,92.6682,98.7934
2014-01-31,95.1774,92.6242,98.9393
2014-02-03,95.2469,92.3736,99.3501
2014-02-04,95.0438,92.3980,98.9024
2014-02-05,95.0285,92.4502,98.8153
2014-02-06,94.7177,92.1363,98.5044
2014-02-07,94.7457,92.0125,98.6940
2014-02-10,94.7189,91.9791,98.6739
2014-02-11,94.6377,91.8843,98.6062
2014-02-12,94.6209,91.8988,98.5560
2014-02-13,ND,ND,ND
2014-02-14,94.2711,91.4227,98.3370
2014-02-17,ND,ND,ND
2014-02-18,94.1934,91.2417,98.3688
2014-02-19,94.3800,91.4528,98.5311
2014-02-20,94.6571,91.8705,98.6613
2014-02-21,ND,ND,ND
2014-02-24,94.4042,91.5944,98.4303
2014-02-25,94.4735,91.5872,98.5820
2014-02-26,94.7754,91.9629,98.8085
2014-02-27,94.6722,91.7955,98.7726
2014-02-28,94.3879,91.3642,98.6424
2014-03-03,ND,ND,ND
2014-03-04,94.6568,91.7364,98.8038
2014-03-05,94.4679,91.5345,98.6267
2014-03-06,93.9858,91.0494,98.1427
2014-03-07,94.2532,91.3568,98.3701
2014-03-10,94.3731,91.4171,98.5550
2014-03-11,94.3870,91.3965,98.6060
2014-03-12,94.4620,91.3748,98.7854
2014-03-13,94.1872,90.9897,98.6260
2014-03-14,94.2430,91.0172,98.7130
2014-03-17,ND,ND,ND
2014-03-18,94.2631,91.0502,98.7196
2014-03-19,94.3752,91.2789,98.7075
2014-03-20,94.9986,92.0102,99.2219
2014-03-21,94.8547,91.8608,99.0824
2014-03-24,94.7590,91.8983,98.8434
2014-03-25,94.6379,91.8188,98.6766
2014-03-26,94.5281,91.6540,98.6243
2014-03-27,94.3315,91.4537,98.4293
2014-03-28,94.3683,91.5844,98.3665
2014-03-31,94.2432,91.4485,98.2515
2014-04-01,94.1244,91.3963,98.0605
2014-04-02,94.3103,91.5816,98.2491
2014-04-03,94.5120,91.8081,98.4265
2014-04-04,94.2191,91.5787,98.0629
2014-04-07,94.0881,91.3906,97.9913
2014-04-08,93.6579,90.8848,97.6368
2014-04-09,93.6716,90.7599,97.7986
2014-04-10,93.5123,90.4931,97.7527
2014-04-11,93.6395,90.6428,97.8571
2014-04-14,93.8046,90.8872,97.9390
2014-04-15,93.9486,90.9794,98.1401
2014-04-16,93.9461,91.1026,98.0033
2014-04-17,93.8936,90.9923,98.0119
2014-04-18,93.9629,91.1464,97.9913
2014-04-21,94.0337,91.2265,98.0529
2014-04-22,94.0802,91.1714,98.2085
2014-04-23,94.1490,91.1792,98.3433
2014-04-24,94.1294,91.1204,98.3654
2014-04-25,94.1623,91.0939,98.4624
2014-04-28,94.1374,91.0943,98.4099
2014-04-29,94.0295,91.0296,98.2546
2014-04-30,93.8896,90.7438,98.2699
2014-05-01,93.8707,90.7830,98.1883
2014-05-02,93.8182,90.8384,98.0195
2014-05-05,93.7334,90.7011,97.9902
2014-05-06,93.4324,90.2774,97.8177
2014-05-07,93.4337,90.3421,97.7508
2014-05-08,93.3686,90.3762,97.5787
2014-05-09,93.6614,90.8435,97.6880
2014-05-12,93.6537,90.8559,97.6588
2014-05-13,93.6755,91.0249,97.5242
2014-05-14,93.5968,90.9692,97.4201
2014-05-15,93.7065,90.9590,97.6585
2014-05-16,93.6073,90.9419,97.4710
2014-05-19,93.5020,90.8548,97.3451
2014-05-20,93.6699,90.9984,97.5407
2014-05-21,93.7629,91.2363,97.4809
2014-05-22,93.6944,91.1946,97.3832
2014-05-23,93.7042,91.2301,97.3659
2014-05-26,ND,ND,ND
2014-05-27,93.8418,91.2999,97.5768
2014-05-28,93.8793,91.3680,97.5825
2014-05-29,93.6973,91.2063,97.3769
2014-05-30,93.7606,91.1929,97.5221
2014-06-02,94.0006,91.4454,97.7515
2014-06-03,94.0536,91.4616,97.8442
2014-06-04,94.1239,91.5515,97.8945
2014-06-05,93.9732,91.4733,97.6652
2014-06-06,93.9069,91.4197,97.5848
2014-06-09,93.9628,91.4915,97.6243
2014-06-10,94.0638,91.6365,97.6800
2014-06-11,93.9744,91.4597,97.6821
2014-06-12,93.8155,91.2930,97.5297
2014-06-13,93.9168,91.4080,97.6176
2014-06-16,93.8639,91.1476,97.7846
2014-06-17,94.0829,91.3285,98.0464
2014-06-18,94.0525,91.3175,97.9952
2014-06-19,93.7520,90.9516,97.7611
2014-06-20,93.7591,90.9558,97.7713
2014-06-23,93.6280,90.8031,97.6619
2014-06-24,93.7093,90.9045,97.7226
2014-06-25,93.5851,90.6585,97.7272
2014-06-26,93.5471,90.6662,97.6399
2014-06-27,93.3983,90.4970,97.5112
2014-06-30,93.2058,90.2545,97.3700
2014-07-01,93.1365,90.2028,97.2814
2014-07-02,93.2478,90.3440,97.3617
2014-07-03,93.3149,90.4922,97.3428
2014-07-04,ND,ND,ND
2014-07-07,93.3803,90.5523,97.4148
2014-07-08,93.3230,90.5081,97.3427
2014-07-09,93.2280,90.4145,97.2453
2014-07-10,93.3152,90.4688,97.3685
2014-07-11,93.4171,90.6529,97.3840
2014-07-14,93.4101,90.6414,97.3816
2014-07-15,93.5796,90.8650,97.4954
2014-07-16,93.5991,90.9629,97.4317
2014-07-17,93.6586,90.9331,97.5868
2014-07-18,93.6608,90.9635,97.5589
2014-07-21,93.6069,90.9361,97.4763
2014-07-22,93.6306,91.1353,97.3139
2014-07-23,93.5951,91.1306,97.2454
2014-07-24,93.6836,91.1993,97.3558
2014-07-25,93.8294,91.4958,97.3438
2014-07-28,93.8300,91.4234,97.4218
2014-07-29,94.0443,91.7232,97.5481
2014-07-30,94.3473,92.1031,97.7734
2014-07-31,94.4467,92.0147,98.0721
2014-08-01,94.4754,91.9468,98.2034
2014-08-04,94.4480,92.0002,98.0901
2014-08-05,94.6754,92.2991,98.2445
2014-08-06,94.6092,92.1794,98.2342
2014-08-07,94.6364,92.1161,98.3575
2014-08-08,94.6027,92.1492,98.2527
2014-08-11,94.4767,92.1220,98.0207
2014-08-12,94.5211,92.2280,98.0007
2014-08-13,94.4681,92.2486,97.8697
2014-08-14,94.3508,92.1522,97.7290
2014-08-15,94.2941,92.0737,97.6945
2014-08-18,94.2519,92.1407,97.5370
2014-08-19,94.4356,92.4588,97.5819
2014-08-20,94.5937,92.6609,97.6958
2014-08-21,94.6730,92.7477,97.7681
2014-08-22,94.8012,92.9164,97.8553
2014-08-25,94.9159,93.0740,97.9267
2014-08-26,94.8617,93.0752,97.8140
2014-08-27,94.6863,92.8806,97.6566
2014-08-28,94.6947,92.8027,97.7552
2014-08-29,94.7251,92.9154,97.7000
2014-09-01,ND,ND,ND
2014-09-02,95.0630,93.3703,97.9199
2014-09-03,94.8709,93.1867,97.7167
2014-09-04,95.2641,93.8837,97.7994
2014-09-05,95.2203,93.8542,97.7404
2014-09-08,95.4167,94.2076,97.7772
2014-09-09,95.8811,94.6747,98.2443
2014-09-10,95.8641,94.5863,98.3007
2014-09-11,95.9184,94.6710,98.3241
2014-09-12,96.0748,94.7834,98.5277
2014-09-15,96.1195,94.7286,98.6758
2014-09-16,95.8483,94.3942,98.4668
2014-09-17,95.9106,94.4484,98.5381
2014-09-18,96.1284,94.6690,98.7556
2014-09-19,96.3417,95.0565,98.7913
2014-09-22,96.4625,95.1742,98.9167
2014-09-23,96.5112,95.2002,98.9894
2014-09-24,96.6574,95.5225,98.9561
2014-09-25,96.8988,95.7109,99.2547
2014-09-26,97.2080,96.1822,99.4010
2014-09-29,97.3523,96.0776,99.8030
2014-09-30,97.5261,96.5440,99.6781
2014-10-01,97.5387,96.4456,99.8048
2014-10-02,97.3062,96.1096,99.6758
2014-10-03,97.9846,97.2357,99.9038
2014-10-06,97.5513,96.6433,99.6278
2014-10-07,97.4459,96.4158,99.6462
2014-10-08,97.4945,96.2721,99.8930
2014-10-09,97.1711,96.0879,99.4228
2014-10-10,97.4144,96.3376,99.6624
2014-10-13,ND,ND,ND
2014-10-14,97.3943,96.4121,99.5449
2014-10-15,97.3532,96.0061,99.8786
2014-10-16,97.2869,95.7637,99.9936
2014-10-17,97.3067,95.9760,99.8145
2014-10-20,97.2874,95.9366,99.8158
2014-10-21,97.2488,95.9571,99.7157
2014-10-22,97.4590,96.2822,99.8101
2014-10-23,97.6047,96.4586,99.9260
2014-10-24,97.4772,96.2721,99.8578
2014-10-27,97.5423,96.1943,100.0708
2014-10-28,97.2173,95.9114,99.6986
2014-10-29,97.0145,95.7516,99.4490
2014-10-30,97.4560,96.5462,99.5331
2014-10-31,98.1163,97.4596,99.9431
2014-11-03,98.5336,97.9749,100.2656
2014-11-04,98.5576,97.8852,100.4055
2014-11-05,98.8086,98.2323,100.5618
2014-11-06,99.1325,98.7169,100.7266
2014-11-07,99.0236,98.5027,100.7232
2014-11-10,98.9305,98.4445,100.5934
2014-11-11,ND,ND,ND
2014-11-12,98.8897,98.2427,100.7157
2014-11-13,99.1045,98.4403,100.9506
2014-11-14,99.0917,98.3715,100.9947
2014-11-17,99.2188,98.5710,101.0494
2014-11-18,99.0185,98.2989,100.9199
2014-11-19,99.2424,98.5010,101.1688
2014-11-20,99.2554,98.5247,101.1711
2014-11-21,99.2894,98.7086,101.0529
2014-11-24,99.4227,98.7845,101.2460
2014-11-25,99.2837,98.5679,101.1844
2014-11-26,99.1893,98.2960,101.2701
2014-11-27,ND,ND,ND
2014-11-28,100.0719,99.2444,102.0959
2014-12-01,99.8964,98.7226,102.2730
2014-12-02,100.4478,99.4080,102.6932
2014-12-03,100.5696,99.6540,102.6894
2014-12-04,100.3931,99.2401,102.7541
2014-12-05,101.0989,100.0969,103.3133
2014-12-08,101.3100,100.2119,103.6253
2014-12-09,100.8095,99.3703,103.4702
2014-12-10,101.0212,99.4672,103.8032
2014-12-11,101.4448,99.8034,104.3222
2014-12-12,101.3735,99.3779,104.6188
2014-12-15,101.6740,99.6817,104.9193
2014-12-16,101.5260,99.4530,104.8539
2014-12-17,101.5527,99.9121,104.4306
2014-12-18,101.7531,100.3538,104.3837
2014-12-19,102.0483,100.7653,104.5625
2014-12-22,101.9942,100.7832,104.4335
2014-12-23,102.3480,101.1617,104.7662
2014-12-24,102.3028,101.0710,104.7672
2014-12-25,ND,ND,ND
2014-12-26,ND,ND,ND
2014-12-29,102.3767,101.1495,104.8373
2014-12-30,102.1019,100.8703,104.5636
2014-12-31,102.2843,101.2064,104.5904
2015-01-01,ND,ND,ND
2015-01-02,102.9027,102.0577,104.9858
2015-01-05,103.4976,102.6059,105.6341
2015-01-06,103.2938,102.4574,105.3731
2015-01-07,103.6316,103.2686,105.2499
2015-01-08,103.2799,103.1442,104.6720
2015-01-09,103.1213,103.0439,104.4547
2015-01-12,103.2372,103.1772,104.5550
2015-01-13,103.2700,103.4040,104.3998
2015-01-14,103.0903,103.1161,104.3229
2015-01-15,103.0829,103.1420,104.2831
2015-01-16,103.2189,103.3726,104.3290
2015-01-19,ND,ND,ND
2015-01-20,103.5233,103.7401,104.5760
2015-01-21,103.7858,104.2691,104.5846
2015-01-22,103.9271,104.9466,104.2139
2015-01-23,104.3676,105.6305,104.4282
2015-01-26,104.4818,105.7647,104.5248
2015-01-27,104.1646,105.3087,104.3356
2015-01-28,104.4737,105.5695,104.6944
2015-01-29,105.2763,106.5137,105.3721
2015-01-30,105.5884,106.6533,105.8521
2015-02-02,105.2058,106.1458,105.5840
2015-02-03,104.6063,105.3507,105.1642
2015-02-04,104.7850,105.6860,105.1953
2015-02-05,104.4915,105.2207,105.0625
2015-02-06,105.1283,106.0800,105.4945
2015-02-09,104.9889,105.9251,105.3681
2015-02-10,105.2897,106.1767,105.7194
2015-02-11,105.7901,106.6835,106.2199
2015-02-12,104.9385,105.5528,105.6253
2015-02-13,104.8452,105.5187,105.4741
2015-02-16,ND,ND,ND
2015-02-17,ND,ND,ND
2015-02-18,105.2514,105.8727,105.9352
2015-02-19,105.1407,105.7070,105.8761
2015-02-20,105.3387,105.8138,106.1643
2015-02-23,105.5359,106.1042,106.2742
2015-02-24,105.5472,106.3661,106.0453
2015-02-25,105.0503,105.5784,105.8213
2015-02-26,105.5021,106.4746,105.8528
2015-02-27,105.5981,106.5802,105.9409
2015-03-02,105.8151,106.8022,106.1557
2015-03-03,105.5562,106.4142,106.0170
2015-03-04,106.1333,107.0818,106.5147
2015-03-05,ND,ND,ND
2015-03-06,107.4337,108.7983,107.4348
2015-03-09,107.5199,108.8020,107.6004
2015-03-10,108.1165,109.5453,108.0651
2015-03-11,108.5235,110.6105,107.8573
2015-03-12,108.1741,110.2060,107.5553
2015-03-13,108.9174,111.0063,108.2540
2015-03-16,108.6422,110.6801,108.0235
2015-03-17,108.5805,110.6272,107.9526
2015-03-18,108.4080,110.4347,107.7968
2015-03-19,108.1826,110.4024,107.3882
2015-03-20,107.1671,108.9770,106.7447
2015-03-23,106.5022,108.0819,106.2886
2015-03-24,106.4401,108.1640,106.0898
2015-03-25,106.2636,107.7748,106.1120
2015-03-26,106.5582,107.9738,106.5004
2015-03-27,106.8916,108.3630,106.7850
2015-03-30,107.3941,109.1934,106.9843
2015-03-31,107.4396,109.4402,106.8414
2015-04-01,107.0600,109.1270,106.3950
2015-04-02,106.6738,108.6261,106.1117
2015-04-03,105.8861,107.6540,105.4879
2015-04-06,105.7876,107.5275,105.4145
2015-04-07,106.4488,108.5398,105.7542
2015-04-08,106.4231,108.5743,105.6721
2015-04-09,107.0335,109.5995,105.9034
2015-04-10,107.4526,110.0508,106.2975
2015-04-13,107.7508,110.1537,106.7806
2015-04-14,107.0547,109.1724,106.3422
2015-04-15,107.1855,109.2472,106.5271
2015-04-16,106.2761,107.9404,105.9800
2015-04-17,106.3290,107.7950,106.2208
2015-04-20,106.4902,107.8895,106.4470
2015-04-21,106.5582,108.0635,106.4157
2015-04-22,106.5815,108.1739,106.3569
2015-04-23,106.1658,107.5166,106.1648
2015-04-24,105.9050,107.0775,106.0701
2015-04-27,105.6891,106.8125,105.8983
2015-04-28,105.1234,106.0934,105.4718
2015-04-29,104.5634,104.9549,105.4601
2015-04-30,105.3120,105.7635,106.1600
2015-05-01,105.6382,106.0122,106.5648
2015-05-04,105.6679,105.9943,106.6408
2015-05-05,105.2396,105.5267,106.2453
2015-05-06,104.6935,104.6322,106.0303
2015-05-07,105.1941,105.3027,106.3721
2015-05-08,104.8424,105.1796,105.7949
2015-05-11,105.3075,105.5671,106.3407
2015-05-12,104.8924,104.7400,106.3203
2015-05-13,104.3608,103.9351,106.0493
2015-05-14,104.2359,104.0620,105.6767
2015-05-15,104.0202,103.9365,105.3707
2015-05-18,104.6068,104.7170,105.7761
2015-05-19,105.3448,105.9246,106.0698
2015-05-20,105.5605,106.2816,106.1524
2015-05-21,105.3808,105.9227,106.1427
2015-05-22,105.8487,106.7461,106.2754
2015-05-25,ND,ND,ND
2015-05-26,106.7294,108.0253,106.7873
2015-05-27,106.9080,108.2722,106.9031
2015-05-28,106.9200,108.2325,106.9643
2015-05-29,106.7388,107.8572,106.9655
2015-06-01,107.2238,108.5802,107.2302
2015-06-02,106.4507,107.1617,107.0631
2015-06-03,106.1443,106.5491,107.0474
2015-06-04,106.4725,106.7979,107.4563
2015-06-05,107.1336,107.7057,107.8877
2015-06-08,106.7693,106.9774,107.8702
2015-06-09,106.2238,106.2691,107.4757
2015-06-10,105.8037,105.7583,107.1386
2015-06-11,106.0934,106.3033,107.1841
2015-06-12,105.9015,105.9412,107.1550
2015-06-15,105.9989,106.0935,107.2002
2015-06-16,106.0473,106.1548,107.2368
2015-06-17,106.0580,106.1295,107.2825
2015-06-18,105.1020,104.9065,106.5745
2015-06-19,105.4496,105.3350,106.8476
2015-06-22,105.3846,105.3168,106.7363
2015-06-23,105.9678,106.2894,106.9490
2015-06-24,106.2522,106.6979,107.1172
2015-06-25,106.1515,106.3471,107.2569
2015-06-26,106.4116,106.5802,107.5464
2015-06-29,106.3785,106.3085,107.7444
2015-06-30,106.5191,106.6463,107.6951
2015-07-01,107.0101,107.3891,107.9486
2015-07-02,106.9106,107.4191,107.7232
2015-07-03,ND,ND,ND
2015-07-06,107.1343,107.5821,108.0080
2015-07-07,107.7850,108.5102,108.4001
2015-07-08,107.4734,107.8753,108.3955
2015-07-09,107.5595,108.1458,108.3051
2015-07-10,107.2130,107.6760,108.0731
2015-07-13,107.5849,108.3903,108.1207
2015-07-14,107.4843,108.2885,108.0200
2015-07-15,108.0149,109.0365,108.3493
2015-07-16,108.1726,109.3284,108.3810
2015-07-17,108.5374,109.7069,108.7372
2015-07-20,108.6944,109.7237,109.0296
2015-07-21,108.3893,109.3146,108.8201
2015-07-22,108.7817,109.6498,109.2719
2015-07-23,108.7565,109.3355,109.5237
2015-07-24,109.0174,109.4717,109.9077
2015-07-27,108.6924,108.6822,110.0284
2015-07-28,108.6881,108.7524,109.9516
2015-07-29,108.6040,108.8046,109.7345
2015-07-30,109.4328,109.6920,110.5166
2015-07-31,108.7819,109.1606,109.7422
2015-08-03,109.2140,109.7224,110.0547
2015-08-04,109.2244,109.6728,110.1231
2015-08-05,109.8420,110.3266,110.7134
2015-08-06,109.7220,110.0920,110.7024
2015-08-07,109.4376,109.8771,110.3473
2015-08-10,109.1931,109.5499,110.1797
2015-08-11,109.9464,109.6742,111.5528
2015-08-12,109.4655,108.3508,111.8950
2015-08-13,109.9025,108.9191,112.2073
2015-08-14,109.9174,109.0173,112.1399
2015-08-17,110.1435,109.1902,112.4214
2015-08-18,110.2504,109.3249,112.5022
2015-08-19,110.4333,109.3724,112.8211
2015-08-20,110.1077,108.4716,113.0642
2015-08-21,110.1443,107.8149,113.7993
2015-08-24,109.9306,106.7095,114.4939
2015-08-25,110.3394,107.8017,114.2080
2015-08-26,110.5807,107.9884,114.5077
2015-08-27,110.4834,108.6067,113.6857
2015-08-28,110.6714,109.1362,113.5337
2015-08-31,110.5621,108.9898,113.4603
2015-09-01,110.4506,108.4947,113.7320
2015-09-02,110.7979,108.9493,113.9756
2015-09-03,110.8566,109.3071,113.7354
2015-09-04,111.1018,109.3948,114.1411
2015-09-07,ND,ND,ND
2015-09-08,110.7942,108.8512,114.0668
2015-09-09,110.9225,109.1302,114.0451
2015-09-10,110.6331,108.6114,113.9830
2015-09-11,110.6109,108.4732,114.0775
2015-09-14,110.5005,108.4258,113.9022
2015-09-15,110.6394,108.7547,113.8516
2015-09-16,110.1021,108.2337,113.2915
2015-09-17,110.1212,108.2767,113.2867
2015-09-18,109.8165,107.7481,113.2038
2015-09-21,110.6414,108.7865,113.8235
2015-09-22,111.1967,109.2307,114.4971
2015-09-23,111.6287,109.3872,115.2122
2015-09-24,111.4454,109.0218,115.2111
2015-09-25,111.3725,109.4008,114.6807
2015-09-28,111.3914,109.1899,114.9315
2015-09-29,111.5219,109.2777,115.1069
2015-09-30,111.3311,109.6236,114.3737
2015-10-01,111.0439,109.0188,114.4021
2015-10-02,110.7006,108.5839,114.1470
2015-10-05,110.4445,108.7141,113.4994
2015-10-06,110.1371,108.2561,113.3394
2015-10-07,109.8162,108.1607,112.7885
2015-10-08,109.6452,107.9648,112.6405
2015-10-09,109.0782,107.4568,112.0077
2015-10-12,ND,ND,ND
2015-10-13,109.4119,107.4833,112.6534
2015-10-14,109.1244,107.0263,112.5334
2015-10-15,108.6671,106.7350,111.9034
2015-10-16,108.9956,107.2482,112.0503
2015-10-19,109.3858,107.5463,112.5375
2015-10-20,109.3368,107.3645,112.6215
2015-10-21,109.7746,107.8091,113.0577
2015-10-22,110.0342,108.7015,112.6871
2015-10-23,110.4329,109.5378,112.6568
2015-10-26,110.2089,109.2649,112.4785
2015-10-27,110.4875,109.5208,112.7828
2015-10-28,110.2334,109.3052,112.4876
2015-10-29,110.8083,109.9139,113.0362
2015-10-30,110.2079,109.1712,112.5690
2015-11-02,110.2188,109.2666,112.4965
2015-11-03,110.2440,109.7084,112.1118
2015-11-04,110.7139,110.2577,112.5096
2015-11-05,110.8302,110.3791,112.6224
2015-11-06,111.7603,111.6302,113.2503
2015-11-09,111.9112,111.3754,113.7996
2015-11-10,111.9919,111.7341,113.6093
2015-11-11,ND,ND,ND
2015-11-12,111.7965,111.3240,113.6214
2015-11-13,112.0264,111.6185,113.7910
2015-11-16,112.2199,111.7546,114.0429
2015-11-17,112.3141,112.0600,113.9317
2015-11-18,112.3663,112.1475,113.9502
2015-11-19,111.5749,111.2175,113.2845
2015-11-20,111.7799,111.8600,113.0658
2015-11-23,112.1125,112.2696,113.3278
2015-11-24,111.7638,111.8864,113.0082
2015-11-25,111.8936,112.0239,113.1323
2015-11-26,ND,ND,ND
2015-11-27,112.2824,112.4003,113.5378
2015-11-30,112.3400,112.4758,113.5789
2015-12-01,112.1134,112.2377,113.3605
2015-12-02,112.3715,112.5844,113.5360
2015-12-03,111.6407,111.0036,113.6253
2015-12-04,111.5463,110.9740,113.4661
2015-12-07,112.3056,111.5989,114.3666
2015-12-08,112.5485,111.6661,114.7856
2015-12-09,112.1918,110.9273,114.8028
2015-12-10,112.2672,110.9920,114.8898
2015-12-11,112.7147,110.9279,115.8534
2015-12-14,112.7521,110.9258,115.9308
2015-12-15,112.8609,111.6560,115.4209
2015-12-16,112.9864,111.7338,115.5953
2015-12-17,113.8177,112.9915,116.0148
2015-12-18,113.2837,112.3107,115.6192
2015-12-21,113.4144,112.2584,115.9327
2015-12-22,113.2110,111.9013,115.8792
2015-12-23,113.1847,112.1490,115.5810
2015-12-24,113.0496,111.5972,115.8580
2015-12-25,ND,ND,ND
2015-12-28,113.0461,111.6452,115.8032
2015-12-29,113.1664,111.9050,115.7861
2015-12-30,113.4707,111.9812,116.3211
2015-12-31,113.3429,112.1925,115.8546
2016-01-01,ND,ND,ND
2016-01-04,114.1595,112.7218,116.9684
2016-01-05,114.2649,113.0372,116.8649
2016-01-06,114.6177,113.1843,117.4278
2016-01-07,114.6516,112.6817,118.0025
2016-01-08,115.0095,112.7967,118.6110
2016-01-11,115.0139,112.8841,118.5311
2016-01-12,115.3128,113.4561,118.5570
2016-01-13,115.1425,113.3409,118.3290
2016-01-14,115.3846,113.5838,118.5733
2016-01-15,115.7404,113.4770,119.4018
2016-01-18,ND,ND,ND
2016-01-19,115.8155,113.8812,119.1441
2016-01-20,116.3498,113.9276,120.1801
2016-01-21,115.9833,113.5573,119.8132
2016-01-22,ND,ND,ND
2016-01-25,ND,ND,ND
2016-01-26,ND,ND,ND
2016-01-27,115.5087,113.0649,119.3511
2016-01-28,115.2224,112.6671,119.1753
2016-01-29,115.5731,113.6576,118.8798
2016-02-01,115.3331,113.0930,118.9660
2016-02-02,115.5530,112.9708,119.5374
2016-02-03,114.6144,111.4087,119.2291
2016-02-04,113.6012,110.2931,118.3103
2016-02-05,114.2935,111.0956,118.8963
2016-02-08,114.4351,110.8901,119.3996
2016-02-09,114.1270,110.0134,119.6827
2016-02-10,114.2877,110.4830,119.5215
2016-02-11,114.1845,109.5415,120.3000
2016-02-12,114.2992,109.9911,120.0616
2016-02-15,ND,ND,ND
2016-02-16,114.4905,110.7413,119.6685
2016-02-17,113.8634,110.3499,118.7888
2016-02-18,113.8897,110.5451,118.6398
2016-02-19,113.9558,110.4088,118.9171
2016-02-22,113.8232,110.8281,118.2114
2016-02-23,114.1770,111.0288,118.7272
2016-02-24,114.1716,110.9180,118.8308
2016-02-25,113.9222,110.6386,118.6096
2016-02-26,114.3708,111.2273,118.9184
2016-02-29,114.2418,111.2428,118.6387
2016-03-01,113.9265,111.1849,118.0553
2016-03-02,113.7965,111.1726,117.8031
2016-03-03,113.2482,110.4241,117.4538
2016-03-04,112.6387,109.9795,116.6681
2016-03-07,112.6219,109.8576,116.7589
2016-03-08,112.8465,109.8557,117.2190
2016-03-09,112.4268,109.5401,116.6873
2016-03-10,112.4191,109.2512,116.9698
2016-03-11,111.7410,108.6966,116.1562
2016-03-14,112.1688,109.2830,116.4254
2016-03-15,112.5545,109.4681,117.0223
2016-03-16,112.7759,109.8196,117.1120
2016-03-17,110.4450,107.1871,115.0665
2016-03-18,110.4002,107.2722,114.8866
2016-03-21,110.7370,107.7226,115.1100
2016-03-22,110.7877,107.9852,114.9428
2016-03-23,111.5473,108.7835,115.6714
2016-03-24,111.8160,108.9964,116.0005
2016-03-25,111.7698,109.0494,115.8518
2016-03-28,111.3578,108.5774,115.4967
2016-03-29,111.3736,108.5022,115.6063
2016-03-30,110.2301,107.2928,114.5177
2016-03-31,109.9191,107.0344,114.1488
2016-04-01,110.2977,107.3427,114.6042
2016-04-04,110.3987,107.1721,114.9873
2016-04-05,110.9478,107.5520,115.7181
2016-04-06,110.5347,106.9631,115.4837
2016-04-07,110.8876,107.2368,115.9232
2016-04-08,110.4213,106.7740,115.4480
2016-04-11,109.9758,106.3757,114.9482
2016-04-12,109.8160,106.2211,114.7813
2016-04-13,110.1436,106.7844,114.8670
2016-04-14,110.1691,107.0069,114.6884
2016-04-15,110.1933,106.8210,114.9309
2016-04-18,109.9892,106.5562,114.7876
2016-04-19,109.2782,105.8771,114.0356
2016-04-20,109.3926,106.0658,114.0738
2016-04-21,109.8533,106.4580,114.6110
2016-04-22,110.2331,106.8580,114.9739
2016-04-25,110.1865,106.5894,115.1582
2016-04-26,109.7496,106.1709,114.6971
2016-04-27,109.8483,106.3171,114.7476
2016-04-28,109.2148,105.6887,114.1017
2016-04-29,108.8274,104.9916,114.0341
2016-05-02,108.6710,104.5880,114.1360
2016-05-03,109.3613,105.0874,115.0352
2016-05-04,109.9952,105.8180,115.5738
2016-05-05,110.2417,106.1288,115.7549
2016-05-06,110.3801,106.2250,115.9392
2016-05-09,110.9466,106.7350,116.5715
2016-05-10,110.8225,106.7920,116.2551
2016-05-11,110.2806,106.1312,115.8327
2016-05-12,110.6935,106.5096,116.2866
2016-05-13,111.2521,107.1960,116.7163
2016-05-16,111.1217,106.8778,116.7827
2016-05-17,111.0867,106.7666,116.8277
2016-05-18,111.4995,107.1290,117.2981
2016-05-19,112.2331,107.9048,117.9949
2016-05-20,112.1822,108.1646,117.6159
2016-05-23,112.2840,108.1934,117.7958
2016-05-24,112.2912,108.2103,117.7928
2016-05-25,112.2001,108.0662,117.7564
2016-05-26,111.8979,107.6295,117.5928
2016-05-27,112.0822,107.9054,117.6824
2016-05-30,ND,ND,ND
2016-05-31,112.4276,108.3531,117.9240
2016-06-01,112.4620,108.1497,118.2094
2016-06-02,112.4564,108.0505,118.3025
2016-06-03,111.4451,106.6392,117.7056
2016-06-06,111.2295,106.4058,117.5070
2016-06-07,110.8378,106.0961,117.0237
2016-06-08,110.1916,105.5757,116.2369
2016-06-09,110.6168,106.0078,116.6591
2016-06-10,111.1027,106.3904,117.2600
2016-06-13,111.5036,106.5032,117.9727
2016-06-14,111.9826,106.9566,118.4838
2016-06-15,111.7671,106.9440,118.0494
2016-06-16,112.2347,107.4447,118.4864
2016-06-17,111.5332,106.4778,118.0613
2016-06-20,110.8693,105.7454,117.4645
2016-06-21,111.0077,106.0073,117.4717
2016-06-22,110.7681,105.8996,117.0886
2016-06-23,110.2620,105.4389,116.5290
2016-06-24,112.1355,107.4426,118.2829
2016-06-27,113.1301,108.5203,119.1995
2016-06-28,112.7545,108.5221,118.4206
2016-06-29,111.8597,107.8057,117.3285
2016-06-30,112.1618,108.4310,117.2949
2016-07-01,111.6509,107.6099,117.1037
2016-07-04,ND,ND,ND
2016-07-05,112.4231,108.1238,118.1564
2016-07-06,112.5438,108.2692,118.2521
2016-07-07,112.5775,108.2287,118.3647
2016-07-08,112.3963,108.5223,117.6819
2016-07-11,112.5254,108.8607,117.5935
2016-07-12,112.1102,108.5250,117.0906
2016-07-13,112.0266,108.1988,117.2597
2016-07-14,111.7692,108.1234,116.8092
2016-07-15,112.2833,108.6577,117.3078
2016-07-18,112.2463,108.5696,117.3239
2016-07-19,112.6380,109.1318,117.5422
2016-07-20,112.6743,109.2168,117.5280
2016-07-21,112.6239,109.0956,117.5508
2016-07-22,112.9890,109.7520,117.6175
2016-07-25,113.1784,109.7361,118.0221
2016-07-26,113.0593,109.5228,117.9996
2016-07-27,113.2170,109.7235,118.1143
2016-07-28,112.7393,108.9367,117.9539
2016-07-29,111.8740,107.7836,117.3811
2016-08-01,111.9757,107.9359,117.4306
2016-08-02,111.7124,107.3854,117.4673
2016-08-03,111.9419,107.6837,117.6265
2016-08-04,111.9149,107.8231,117.4239
2016-08-05,112.3589,108.5925,117.5314
2016-08-08,112.1456,108.7070,116.9739
2016-08-09,111.7220,108.4061,116.4181
2016-08-10,111.3238,107.8964,116.1312
2016-08-11,111.1954,107.8164,115.9511
2016-08-12,111.1787,107.6469,116.0932
2016-08-15,110.9212,107.5355,115.6808
2016-08-16,110.4295,106.8073,115.4300
2016-08-17,110.9459,106.9617,116.3313
2016-08-18,110.3134,106.2319,115.7944
2016-08-19,110.8163,106.6375,116.4051
2016-08-22,110.9997,106.7819,116.6317
2016-08-23,110.9414,106.6631,116.6368
2016-08-24,111.2958,106.9692,117.0458
2016-08-25,111.1726,106.9611,116.7999
2016-08-26,111.2035,107.2373,116.5729
2016-08-29,111.8775,107.8696,117.2980
2016-08-30,112.2928,108.2943,117.7079
2016-08-31,112.4036,108.4493,117.7733
2016-09-01,112.1733,108.0498,117.7185
2016-09-02,112.0009,108.0430,117.3702
2016-09-05,ND,ND,ND
2016-09-06,110.9613,106.8986,116.4294
2016-09-07,110.9717,107.0044,116.3397
2016-09-08,111.2609,107.1037,116.8319
2016-09-09,111.9879,107.7478,117.6540
2016-09-12,112.1516,107.6015,118.1475
2016-09-13,112.5207,107.9364,118.5567
2016-09-14,112.4678,107.8535,118.5350
2016-09-15,112.4753,107.8193,118.5869
2016-09-16,113.1765,108.4926,119.3251
2016-09-19,112.9030,108.2763,118.9879
2016-09-20,113.1848,108.4595,119.3773
2016-09-21,112.9842,108.2086,119.2282
2016-09-22,112.2592,107.4695,118.5107
2016-09-23,112.7166,107.9669,118.9303
2016-09-26,112.7112,107.7217,119.1807
2016-09-27,112.5515,108.0807,118.4675
2016-09-28,112.6283,108.1251,118.5793
2016-09-29,112.2879,107.7281,118.2954
2016-09-30,112.2795,107.7534,118.2512
2016-10-03,112.5077,108.1443,118.3094
2016-10-04,112.6579,108.4931,118.2517
2016-10-05,112.7946,108.6954,118.3209
2016-10-06,113.0066,109.1082,118.3243
2016-10-07,113.2915,109.4826,118.5187
2016-10-10,ND,ND,ND
2016-10-11,113.4461,109.9440,118.3549
2016-10-12,113.7442,110.4180,118.4737
2016-10-13,113.6238,110.0392,118.6205
2016-10-14,113.7119,110.2040,118.6299
2016-10-17,113.5488,110.0269,118.4793
2016-10-18,113.1393,109.8028,117.8728
2016-10-19,113.0547,109.8760,117.6237
2016-10-20,113.4033,110.3728,117.8231
2016-10-21,113.9015,111.0362,118.1569
2016-10-24,113.8571,111.1137,117.9868
2016-10-25,113.6801,111.0199,117.7224
2016-10-26,113.8131,110.9252,118.0908
2016-10-27,114.1998,111.2424,118.5535
2016-10-28,114.0931,111.1787,118.4012
2016-10-31,114.0188,110.9726,118.4619
2016-11-01,113.9915,110.4415,118.9562
2016-11-02,113.9206,109.8204,119.4600
2016-11-03,113.7664,109.7911,119.1730
2016-11-04,113.5828,109.6159,118.9786
2016-11-07,113.5443,110.2566,118.2316
2016-11-08,113.3017,110.2336,117.7593
2016-11-09,114.6956,110.6545,120.1813
2016-11-10,115.9375,111.3588,122.0032
2016-11-11,ND,ND,ND
2016-11-14,117.2245,112.6273,123.3233
2016-11-15,116.7724,112.5050,122.5184
2016-11-16,116.8062,112.5141,122.5785
2016-11-17,116.8952,112.8242,122.4363
2016-11-18,117.5936,113.5865,123.0752
2016-11-21,117.4762,113.3336,123.0986
2016-11-22,117.4508,113.2836,123.0987
2016-11-23,118.0356,113.7941,123.7680
2016-11-24,ND,ND,ND
2016-11-25,118.0200,113.7994,123.7303
2016-11-28,117.7278,113.5453,123.3949
2016-11-29,117.6440,113.3671,123.4095
2016-11-30,117.7636,113.8483,123.1512
2016-12-01,117.6642,113.2290,123.5965
2016-12-02,117.3116,112.8269,123.2924
2016-12-05,117.1008,112.5317,123.1686
2016-12-06,116.9225,112.5604,122.7698
2016-12-07,116.6720,112.3332,122.4922
2016-12-08,117.0327,112.9830,122.5530
2016-12-09,117.2834,113.3314,122.7041
2016-12-12,116.9161,112.9044,122.3953
2016-12-13,116.8029,112.6941,122.3827
2016-12-14,116.7332,112.5531,122.3870
2016-12-15,118.8072,115.3705,123.7085
2016-12-16,118.3584,114.6897,123.4953
2016-12-19,118.3875,114.7828,123.4583
2016-12-20,118.6300,115.2309,123.4902
2016-12-21,118.5810,115.1192,123.5056
2016-12-22,118.8209,115.1792,123.9349
2016-12-23,118.7856,115.3944,123.6394
2016-12-26,ND,ND,ND
2016-12-27,118.9506,115.4407,123.9292
2016-12-28,119.2305,115.8129,124.1167
2016-12-29,118.6637,114.9739,123.8261
2016-12-30,118.3466,114.4547,123.7161
2017-01-02,ND,ND,ND
2017-01-03,119.0898,115.3272,124.3349
2017-01-04,118.8801,114.5961,124.6608
2017-01-05,118.0002,113.4207,124.0783
2017-01-06,118.3493,113.9028,124.2929
2017-01-09,118.4108,113.8673,124.4559
2017-01-10,118.5384,113.8209,124.7664
2017-01-11,119.0215,114.2764,125.2838
2017-01-12,117.8002,112.8188,124.2967
2017-01-13,117.9884,113.1906,124.2943
2017-01-16,ND,ND,ND
2017-01-17,117.2660,112.2007,123.8449
2017-01-18,117.7247,112.6590,124.3089
2017-01-19,118.3189,113.5237,124.6257
2017-01-20,ND,ND,ND
2017-01-23,117.2490,112.4051,123.5953
2017-01-24,117.0526,112.1031,123.5075
2017-01-25,116.9365,111.8552,123.5287
2017-01-26,117.2774,112.4302,123.6275
2017-01-27,117.0740,112.4435,123.1951
2017-01-30,116.7328,112.3117,122.6319
2017-01-31,116.2249,111.3814,122.5597
2017-02-01,116.3923,111.7169,122.5530
2017-02-02,115.9036,111.2919,121.9923
2017-02-03,115.6262,111.3351,121.3778
2017-02-06,116.0507,111.9317,121.6285
2017-02-07,116.4086,112.1857,122.0981
2017-02-08,116.1387,111.9494,121.7904
2017-02-09,116.3061,112.4023,121.6645
2017-02-10,116.1479,112.2691,121.4786
2017-02-13,116.3425,112.5630,121.5732
2017-02-14,116.3944,112.8470,121.3873
2017-02-15,116.2158,112.6838,121.1908
2017-02-16,116.0065,112.1988,121.2624
2017-02-17,116.4033,112.5506,121.7101
2017-02-20,ND,ND,ND
2017-02-21,116.5918,112.9752,121.6580
2017-02-22,116.2131,113.0725,120.7883
2017-02-23,115.6522,112.5204,120.2119
2017-02-24,115.8138,112.5433,120.5168
2017-02-27,115.6759,112.3371,120.4469
2017-02-28,116.0030,112.7491,120.6910
2017-03-01,116.4374,113.5661,120.7416
2017-03-02,116.8421,114.0945,121.0261
2017-03-03,116.6429,114.0613,120.6570
2017-03-06,116.4304,113.8001,120.4911
2017-03-07,116.4294,113.8665,120.4220
2017-03-08,116.8741,114.3466,120.8364
2017-03-09,116.9952,114.2477,121.1810
2017-03-10,116.6154,113.8521,120.8125
2017-03-13,116.3999,113.6193,120.6119
2017-03-14,116.5639,113.8214,120.7394
2017-03-15,116.3576,113.8005,120.3436
2017-03-16,115.4452,112.5460,119.7661
2017-03-17,115.2780,112.6080,119.3648
2017-03-20,115.0422,112.5099,118.9873
2017-03-21,114.8119,111.9822,119.0545
2017-03-22,114.7936,111.9727,119.0273
2017-03-23,114.7899,111.9788,119.0137
2017-03-24,114.6371,112.0235,118.6593
2017-03-27,114.2350,111.4889,118.3861
2017-03-28,114.4191,111.6885,118.5568
2017-03-29,114.7162,112.3290,118.5113
2017-03-30,114.5239,112.1949,118.2581
2017-03-31,114.7934,112.4029,118.5926
2017-04-03,114.8728,112.7721,118.3823
2017-04-04,115.0032,112.8225,118.5944
2017-04-05,114.9488,112.8495,118.4580
2017-04-06,115.0175,112.8789,118.5669
2017-04-07,115.0537,113.0763,118.4423
2017-04-10,115.1090,113.0226,118.6072
2017-04-11,115.0082,112.7255,118.7019
2017-04-12,114.9154,112.6117,118.6289
2017-04-13,114.5051,112.3384,118.0762
2017-04-14,114.5360,112.3865,118.0904
2017-04-17,114.3278,112.0468,118.0113
2017-04-18,114.2576,111.9166,118.0006
2017-04-19,114.7928,112.2132,118.7825
2017-04-20,114.6212,111.9976,118.6532
2017-04-21,114.8133,112.3434,118.6926
2017-04-24,114.3666,111.8182,118.3198
2017-04-25,114.5124,111.7387,118.6950
2017-04-26,114.9491,112.0958,119.2174
2017-04-27,114.9960,112.2037,119.2032
2017-04-28,114.7892,112.0764,118.9133
2017-05-01,114.5934,112.0130,118.5816
2017-05-02,114.6807,112.2360,118.5330
2017-05-03,114.6650,112.1834,118.5544
2017-05-04,114.9093,112.1501,119.0817
2017-05-05,114.7743,111.8679,119.0944
2017-05-08,115.0911,112.2831,119.3152
2017-05-09,115.3947,112.7601,119.4471
2017-05-10,115.1157,112.5991,119.0457
2017-05-11,115.0680,112.7109,118.8369
2017-05-12,114.7490,112.4354,118.4705
2017-05-15,114.3515,112.0208,118.0853
2017-05-16,113.9936,111.4333,117.9541
2017-05-17,113.7523,110.8949,118.0104
2017-05-18,114.2707,110.7607,119.2006
2017-05-19,113.7023,110.4381,118.3738
2017-05-22,113.5465,110.1277,118.3744
2017-05-23,113.6883,110.3289,118.4570
2017-05-24,113.6767,110.4519,118.3079
2017-05-25,113.3737,110.1996,117.9494
2017-05-26,113.4851,110.5059,117.8638
2017-05-29,ND,ND,ND
2017-05-30,113.5569,110.3233,118.1954
2017-05-31,113.2973,110.1336,117.8616
2017-06-01,113.3032,110.3052,117.6986
2017-06-02,113.1926,109.9654,117.8203
2017-06-05,112.9772,109.9712,117.3770
2017-06-06,112.7111,109.6683,117.1453
2017-06-07,112.8208,109.9193,117.1127
2017-06-08,112.8366,110.0377,117.0245
2017-06-09,112.9572,110.2783,117.0250
2017-06-12,112.9847,110.2062,117.1537
2017-06-13,112.6278,109.7062,116.9377
2017-06-14,112.0743,109.0875,116.4439
2017-06-15,112.8715,110.0715,117.0609
2017-06-16,112.6162,109.7788,116.8406
2017-06-19,112.7581,109.9427,116.9618
2017-06-20,113.2703,110.3874,117.5485
2017-06-21,113.3335,110.4189,117.6447
2017-06-22,113.1660,110.1683,117.5597
2017-06-23,112.8673,109.9288,117.1973
2017-06-26,112.7641,109.8748,117.0427
2017-06-27,112.5510,109.3744,117.1197
2017-06-28,112.0760,108.6174,116.9275
2017-06-29,111.9996,108.2576,117.1417
2017-06-30,111.9911,108.2298,117.1532
2017-07-03,112.4282,108.6322,117.6310
2017-07-04,ND,ND,ND
2017-07-05,112.6549,108.7857,117.9357
2017-07-06,112.4215,108.3285,117.9314
2017-07-07,112.3148,108.4080,117.6308
2017-07-10,112.1597,108.4413,117.2793
2017-07-11,112.1445,108.4532,117.2360
2017-07-12,111.5911,107.9595,116.6148
2017-07-13,111.5371,107.9738,116.4900
2017-07-14,110.9084,107.2396,115.9626
2017-07-17,110.9313,107.2288,116.0205
2017-07-18,110.4367,106.6288,115.6291
2017-07-19,110.4348,106.6417,115.6118
2017-07-20,110.2523,106.2272,115.6675
2017-07-21,110.1921,106.0079,115.7721
2017-07-24,110.2017,105.9107,115.8929
2017-07-25,110.2849,105.9014,116.0735
2017-07-26,110.3823,106.1022,116.0641
2017-07-27,110.2172,106.0300,115.8005
2017-07-28,109.9215,105.3162,115.9385
2017-07-31,109.8197,105.0478,116.0105
2017-08-01,109.8514,105.2566,115.8566
2017-08-02,109.7524,105.0533,115.8660
2017-08-03,109.8353,105.0928,115.9954
2017-08-04,110.2825,105.9138,116.0557
2017-08-07,110.3748,105.9270,116.2317
2017-08-08,110.3975,106.1598,116.0353
2017-08-09,110.3687,106.0273,116.1144
2017-08-10,110.1902,105.9217,115.8578
2017-08-11,110.0440,105.6155,115.8770
2017-08-14,110.0966,105.8472,115.7433
2017-08-15,110.4859,106.3649,116.0033
2017-08-16,110.4405,106.4393,115.8331
2017-08-17,110.1686,105.9642,115.7692
2017-08-18,110.0421,105.7347,115.7488
2017-08-21,109.7363,105.3937,115.4762
2017-08-22,109.8396,105.6704,115.3999
2017-08-23,109.8105,105.5434,115.4725
2017-08-24,109.7534,105.4677,115.4341
2017-08-25,109.3427,105.0000,115.0783
2017-08-28,109.1831,104.5835,115.1860
2017-08-29,109.0964,104.3755,115.2259
2017-08-30,109.4067,105.1646,115.0383
2017-08-31,109.3698,105.0862,115.0441
2017-09-01,109.0514,104.7284,114.7634
2017-09-04,ND,ND,ND
2017-09-05,108.8676,104.3519,114.7791
2017-09-06,108.4908,103.7961,114.5862
2017-09-07,107.9235,103.2166,114.0257
2017-09-08,107.8093,102.9649,114.0553
2017-09-11,108.1540,103.5012,114.2018
2017-09-12,108.3253,103.5861,114.4657
2017-09-13,108.6638,104.0904,114.6337
2017-09-14,108.6194,104.0360,114.5992
2017-09-15,108.3166,103.5484,114.4875
2017-09-18,108.6419,103.9272,114.7599
2017-09-19,108.6163,103.8145,114.8257
2017-09-20,108.4351,103.6989,114.5737
2017-09-21,108.9288,104.2026,115.0621
2017-09-22,108.7563,104.0591,114.8573
2017-09-25,109.3322,104.5894,115.4873
2017-09-26,109.7787,105.0820,115.8900
2017-09-27,110.0740,105.3437,116.2239
2017-09-28,110.2438,105.3625,116.5543
2017-09-29,110.0889,105.3315,116.2674
2017-10-02,110.3704,105.7075,116.4525
2017-10-03,110.3300,105.6693,116.4094
2017-10-04,110.2443,105.6090,116.2961
2017-10-05,110.5839,106.1158,116.4641
2017-10-06,110.7857,106.0701,116.9276
2017-10-09,ND,ND,ND
2017-10-10,110.3053,105.4742,116.5637
2017-10-11,110.3057,105.3865,116.6569
2017-10-12,110.3172,105.3546,116.7143
2017-10-13,110.2692,105.2217,116.7555
2017-10-16,110.5456,105.3949,117.1440
2017-10-17,110.9163,105.8968,117.3799
2017-10-18,110.7234,105.6819,117.2080
2017-10-19,110.4598,105.3805,116.9817
2017-10-20,111.0397,106.1439,117.3739
2017-10-23,111.2157,106.2483,117.6274
2017-10-24,111.4050,106.4019,117.8562
2017-10-25,111.3932,106.5002,117.7282
2017-10-26,111.6442,107.0251,117.6942
2017-10-27,112.1516,107.6881,118.0444
2017-10-30,111.9034,107.2708,117.9704
2017-10-31,111.8078,107.3045,117.7383
2017-11-01,111.7966,107.5033,117.5078
2017-11-02,111.5493,107.2200,117.2953
2017-11-03,111.9402,107.4294,117.8800
2017-11-06,111.7217,107.2839,117.5828
2017-11-07,111.9466,107.4979,117.8215
2017-11-08,111.6953,107.2831,117.5293
2017-11-09,111.5646,106.9304,117.6295
2017-11-10,ND,ND,ND
2017-11-13,111.7854,107.0900,117.9169
2017-11-14,111.5120,106.6284,117.8385
2017-11-15,111.4834,106.5883,117.8216
2017-11-16,111.2591,106.4975,117.4545
2017-11-17,111.0041,106.3734,117.0593
2017-11-20,111.2622,106.6803,117.2692
2017-11-21,110.9849,106.5970,116.7859
2017-11-22,110.5655,106.1232,116.4187
2017-11-23,ND,ND,ND
2017-11-24,110.0278,105.4624,116.0041
2017-11-27,110.1161,105.5940,116.0478
2017-11-28,110.3040,105.9651,116.0464
2017-11-29,110.3291,106.0638,115.9949
2017-11-30,110.4678,106.0155,116.3303
2017-12-01,110.1441,105.4419,116.2652
2017-12-04,110.3995,105.8571,116.3556
2017-12-05,110.4928,105.9430,116.4577
2017-12-06,110.8735,106.3326,116.8331
2017-12-07,111.0205,106.4638,116.9982
2017-12-08,111.2297,106.8194,117.0568
2017-12-11,111.0852,106.5765,117.0136
2017-12-12,111.5239,107.0088,117.4638
2017-12-13,111.2786,106.7197,117.2614
2017-12-14,111.0922,106.4415,117.1694
2017-12-15,111.1312,106.5801,117.1044
2017-12-18,110.9116,106.3547,116.8885
2017-12-19,111.1286,106.5129,117.1694
2017-12-20,110.8392,106.1651,116.9382
2017-12-21,110.8815,105.9517,117.2500
2017-12-22,111.1027,106.1121,117.5377
2017-12-25,ND,ND,ND
2017-12-26,110.9789,105.8534,117.5551
2017-12-27,110.8585,105.5797,117.5959
2017-12-28,110.5187,105.1100,117.3908
2017-12-29,110.0817,104.5871,117.0409
2018-01-01,ND,ND,ND
2018-01-02,109.6478,104.3357,116.4089
2018-01-03,109.6785,104.5598,116.2351
2018-01-04,109.4813,104.4463,115.9476
2018-01-05,109.3529,104.2646,115.8742
2018-01-08,109.5712,104.5612,116.0121
2018-01-09,109.9056,104.8448,116.4036
2018-01-10,109.6310,104.6163,116.0776
2018-01-11,109.4921,104.3636,116.0572
2018-01-12,108.9044,103.8590,115.3757
2018-01-15,ND,ND,ND
2018-01-16,108.3253,103.0447,115.0394
2018-01-17,108.1560,103.0973,114.6334
2018-01-18,108.0688,102.9964,114.5599
2018-01-19,107.9487,103.0312,114.2750
2018-01-22,108.1102,103.0790,114.5582
2018-01-23,108.0014,102.7953,114.6331
2018-01-24,107.0834,101.7369,113.8548
2018-01-25,106.5085,101.1481,113.2888
2018-01-26,106.6942,101.3855,113.4213
2018-01-29,107.1173,101.8845,113.7683
2018-01-30,107.1096,101.6607,113.9901
2018-01-31,106.7728,101.4090,113.5594
2018-02-01,106.4910,101.1793,113.2193
2018-02-02,107.1187,101.8165,113.8432
2018-02-05,107.3336,102.1874,113.8950
2018-02-06,107.5239,102.4004,114.0632
2018-02-07,107.7206,102.9092,113.9327
2018-02-08,108.3055,103.0905,114.9497
2018-02-09,108.2612,103.1470,114.7984
2018-02-12,108.0365,103.0407,114.4462
2018-02-13,107.7608,102.4536,114.4972
2018-02-14,107.4726,102.1240,114.2500
2018-02-15,106.9902,101.5076,113.9054
2018-02-16,107.0392,101.6492,113.8563
2018-02-19,ND,ND,ND
2018-02-20,107.6281,102.4073,114.2715
2018-02-21,107.8712,102.7890,114.3704
2018-02-22,107.8701,102.7148,114.4467
2018-02-23,107.6835,102.6510,114.1282
2018-02-26,107.7378,102.8036,114.0795
2018-02-27,108.1762,103.2484,114.5157
2018-02-28,108.3934,103.4841,114.7158
2018-03-01,108.5390,103.6443,114.8476
2018-03-02,ND,ND,ND
2018-03-05,108.3650,103.3451,114.8036
2018-03-06,107.8005,102.8159,114.1961
2018-03-07,108.0949,103.1235,114.4796
2018-03-08,108.2707,103.3874,114.5643
2018-03-09,107.9264,103.1129,114.1430
2018-03-12,107.9472,103.1056,114.1935
2018-03-13,107.7420,102.9433,113.9410
2018-03-14,107.8658,103.0963,114.0356
2018-03-15,108.2066,103.4931,114.3212
2018-03-16,108.4366,103.8039,114.4690
2018-03-19,108.3180,103.4943,114.5495
2018-03-20,108.4986,103.7950,114.6060
2018-03-21,ND,ND,ND
2018-03-22,107.9967,103.0952,114.3067
2018-03-23,107.7528,102.6687,114.2529
2018-03-26,107.1853,102.3321,113.4357
2018-03-27,107.3394,102.5488,113.5255
2018-03-28,107.5766,103.0180,113.5221
2018-03-29,107.6683,103.3127,113.4027
2018-03-30,107.4817,103.1850,113.1524
2018-04-02,107.7064,103.3504,113.4417
2018-04-03,107.5654,103.2183,113.2897
2018-04-04,107.6393,103.1194,113.5449
2018-04-05,107.7312,103.4842,113.3530
2018-04-06,107.7917,103.1512,113.8253
2018-04-09,107.5345,102.7956,113.6685
2018-04-10,107.3684,102.5155,113.6206
2018-04-11,107.1249,102.2162,113.4332
2018-04-12,107.2930,102.4944,113.4871
2018-04-13,107.2392,102.5557,113.3119
2018-04-16,107.0621,102.2177,113.3020
2018-04-17,107.0368,102.2816,113.1826
2018-04-18,107.1124,102.4391,113.1730
2018-04-19,107.5224,102.6724,113.7731
2018-04-20,108.1815,103.2828,114.4905
2018-04-23,108.9361,103.9757,115.3181
2018-04-24,108.7936,103.9495,115.0517
2018-04-25,109.3476,104.3172,115.8077
2018-04-26,109.3672,104.5768,115.5751
2018-04-27,109.1763,104.6818,115.0721
2018-04-30,109.3389,104.7821,115.3018
2018-05-01,109.7470,105.3855,115.5107
2018-05-02,110.1650,105.4786,116.2724
2018-05-03,110.1830,105.4614,116.3274
2018-05-04,110.2525,105.5194,116.4098
2018-05-07,110.5747,105.5746,117.0158
2018-05-08,111.0654,106.1328,117.4409
2018-05-09,110.8841,105.9302,117.2799
2018-05-10,110.4075,105.6471,116.5951
2018-05-11,110.2873,105.3122,116.6990
2018-05-14,110.4107,105.1594,117.1153
2018-05-15,111.2318,106.0050,117.9190
2018-05-16,111.3092,106.1977,117.8755
2018-05-17,111.3571,106.1891,117.9836
2018-05-18,111.7195,106.4415,118.4660
2018-05-21,111.6419,106.4085,118.3404
2018-05-22,111.1968,106.1298,117.7150
2018-05-23,111.6954,106.7291,118.1129
2018-05-24,111.4905,106.4901,117.9418
2018-05-25,111.5862,106.9244,117.6834
2018-05-28,ND,ND,ND
2018-05-29,112.2142,107.4818,118.3922
2018-05-30,111.6751,106.6066,118.2001
2018-05-31,111.9914,106.8226,118.6254
2018-06-01,111.8287,106.7893,118.3247
2018-06-04,111.8269,106.6973,118.4178
2018-06-05,112.2662,106.9403,119.0690
2018-06-06,111.7551,106.2755,118.7155
2018-06-07,112.0754,106.3207,119.3315
2018-06-08,112.1091,106.3943,119.3231
2018-06-11,112.1132,106.4038,119.3215
2018-06-12,112.2164,106.4564,119.4795
2018-06-13,112.2604,106.4921,119.5329
2018-06-14,112.8616,107.4155,119.7978
2018-06-15,113.3403,107.8128,120.3679
2018-06-18,113.4924,108.0201,120.4629
2018-06-19,113.6414,108.2414,120.5368
2018-06-20,113.4809,108.2251,120.2224
2018-06-21,113.6135,108.2032,120.5196
2018-06-22,113.3074,108.0394,120.0599
2018-06-25,113.2889,107.7297,120.3495
2018-06-26,113.3045,107.8338,120.2713
2018-06-27,113.8999,108.3713,120.9343
2018-06-28,113.8434,108.3604,120.8289
2018-06-29,113.2618,107.6496,120.3783
2018-07-02,114.1704,108.1927,121.6855
2018-07-03,113.3252,107.7471,120.4061
2018-07-04,ND,ND,ND
2018-07-05,112.9790,107.4724,119.9806
2018-07-06,112.6460,107.1788,119.6024
2018-07-09,112.6458,107.2883,119.4859
2018-07-10,112.5826,107.3727,119.2663
2018-07-11,112.8616,107.5018,119.7066
2018-07-12,112.7824,107.8387,119.1880
2018-07-13,113.0740,107.9900,119.6301
2018-07-16,112.8473,107.6772,119.4916
2018-07-17,113.1539,108.1458,119.6311
2018-07-18,113.3384,108.3383,119.8091
2018-07-19,113.9499,108.7691,120.6173
2018-07-20,113.3249,107.7733,120.3776
2018-07-23,113.4283,107.7440,120.6231
2018-07-24,113.2078,107.7964,120.1109
2018-07-25,112.9252,107.6356,119.6965
2018-07-26,112.9210,107.7243,119.5942
2018-07-27,112.8156,107.6134,119.4936
2018-07-30,112.6077,107.2477,119.4502
2018-07-31,112.7332,107.4229,119.5244
2018-08-01,112.8931,107.5596,119.7105
2018-08-02,113.1709,107.8288,120.0004
2018-08-03,113.0149,107.7670,119.7430
2018-08-06,113.2318,108.0744,119.8669
2018-08-07,112.9788,107.9338,119.4929
2018-08-08,113.1439,108.0833,119.6761
2018-08-09,113.3832,108.1592,120.0901
2018-08-10,114.3027,109.1140,120.9821
2018-08-13,114.8532,109.1628,122.0690
2018-08-14,114.6601,109.3229,121.5000
2018-08-15,115.1548,109.5400,122.2934
2018-08-16,114.6438,109.2916,121.4994
2018-08-17,114.5362,108.9926,121.5931
2018-08-20,114.3528,108.8377,121.3775
2018-08-21,113.8630,108.2564,120.9797
2018-08-22,113.6657,107.8867,120.9638
2018-08-23,114.0961,108.2894,121.4281
2018-08-24,113.6015,107.9380,120.7761
2018-08-27,113.2752,107.5575,120.5040
2018-08-28,113.3476,107.2753,120.9558
2018-08-29,113.6493,107.3890,121.4619
2018-08-30,114.0930,107.6213,122.1374
2018-08-31,114.2785,108.0202,122.0951
2018-09-03,ND,ND,ND
2018-09-04,114.8615,108.5953,122.6923
2018-09-05,114.7509,108.3227,122.7548
2018-09-06,114.6509,108.2282,122.6477
2018-09-07,114.5843,108.3905,122.3346
2018-09-10,114.6828,108.1869,122.7589
2018-09-11,114.7080,108.2401,122.7541
2018-09-12,114.2220,107.7420,122.2766
2018-09-13,113.9299,107.5477,121.8763
2018-09-14,114.0689,107.7023,122.0000
2018-09-17,113.9189,107.4461,121.9628
2018-09-18,113.7770,107.3464,121.7741
2018-09-19,113.6563,107.2760,121.5981
2018-09-20,113.5021,106.9566,121.6207
2018-09-21,113.5132,107.1005,121.4886
2018-09-24,113.5335,106.9973,121.6424
2018-09-25,113.7238,107.0521,121.9807
2018-09-26,113.6773,107.1437,121.7846
2018-09-27,113.9817,107.8284,121.6829
2018-09-28,113.8107,107.7876,121.3708
2018-10-01,113.8262,107.8442,121.3424
2018-10-02,113.8981,107.9323,121.3977
2018-10-03,114.1595,108.2039,121.6507
2018-10-04,114.6893,108.4240,122.5173
2018-10-05,114.5634,108.4583,122.2186
2018-10-08,ND,ND,ND
2018-10-09,114.6604,108.4571,122.4216
2018-10-10,114.6094,108.1696,122.6244
2018-10-11,114.4098,108.1485,122.2308
2018-10-12,114.3716,108.1333,122.1675
2018-10-15,114.0475,107.7948,121.8558
2018-10-16,113.8987,107.7397,121.6051
2018-10-17,114.1778,108.1520,121.7443
2018-10-18,114.8187,108.5712,122.6289
2018-10-19,114.8593,108.6695,122.6080
2018-10-22,115.1807,108.9636,122.9619
2018-10-23,115.1677,108.8176,123.0914
2018-10-24,115.3778,109.0768,123.2509
2018-10-25,115.4854,109.3740,123.1563
2018-10-26,115.4752,109.2726,123.2436
2018-10-29,115.8961,109.4775,123.9003
2018-10-30,116.2382,109.7011,124.3733
2018-10-31,116.5304,109.7938,124.8833
2018-11-01,115.8678,109.2534,124.0828
2018-11-02,115.6450,109.3547,123.5092
2018-11-05,115.7051,109.2471,123.7499
2018-11-06,115.5643,109.2081,123.4983
2018-11-07,115.2541,108.8464,123.2405
2018-11-08,115.6499,109.1320,123.7587
2018-11-09,116.4798,109.9096,124.6527
2018-11-12,ND,ND,ND
2018-11-13,116.6712,110.0303,124.9222
2018-11-14,116.5000,109.9431,124.6588
2018-11-15,116.3885,109.9841,124.3823
2018-11-16,115.9282,109.4226,124.0263
2018-11-19,115.9886,109.2146,124.3771
2018-11-20,116.2393,109.6381,124.4434
2018-11-21,116.0947,109.7691,124.0010
2018-11-22,ND,ND,ND
2018-11-23,116.4739,109.8745,124.6783
2018-11-26,116.6234,109.9765,124.8805
2018-11-27,116.9026,110.4911,124.9090
2018-11-28,116.8369,110.4694,124.7953
2018-11-29,116.1990,109.8442,124.1377
2018-11-30,116.4157,110.1263,124.2862
2018-12-03,115.9081,109.7806,123.6004
2018-12-04,116.0051,109.7965,123.7850
2018-12-05,ND,ND,ND
2018-12-06,116.4019,110.0936,124.2926
2018-12-07,116.0875,109.8157,123.9361
2018-12-10,116.6775,110.3231,124.6203
2018-12-11,116.7591,110.6854,124.4024
2018-12-12,116.2241,110.1779,123.8326
2018-12-13,116.4003,110.2960,124.0726
2018-12-14,116.7927,110.6729,124.4854
2018-12-17,116.4560,110.4187,124.0574
2018-12-18,116.4158,110.4123,123.9806
2018-12-19,116.0708,110.0386,123.6628
2018-12-20,116.0215,110.1210,123.4726
2018-12-21,116.2257,110.3182,123.6863
2018-12-24,116.2212,110.3182,123.6771
2018-12-25,ND,ND,ND
2018-12-26,116.1192,110.2293,123.5600
2018-12-27,115.9957,110.4809,123.0372
2018-12-28,115.7262,110.1273,122.8539
2018-12-31,115.5703,109.9578,122.7108
2019-01-01,ND,ND,ND
2019-01-02,115.7712,110.3938,122.6505
2019-01-03,115.4647,109.8151,122.6460
2019-01-04,114.9848,109.4495,122.0346
2019-01-07,114.5656,108.9787,121.6701
2019-01-08,114.7308,109.1244,121.8582
2019-01-09,114.1430,108.5011,121.3059
2019-01-10,114.0515,108.5797,121.0233
2019-01-11,114.0419,108.7285,120.8366
2019-01-14,ND,ND,ND
2019-01-15,114.3410,109.2617,120.8775
2019-01-16,114.1377,109.0714,120.6583
2019-01-17,114.4123,109.2613,121.0292
2019-01-18,114.5591,109.4221,121.1613
2019-01-21,ND,ND,ND
2019-01-22,114.7551,109.5085,121.4809
2019-01-23,114.5768,109.3375,121.2931
2019-01-24,114.6177,109.6724,121.0077
2019-01-25,114.0204,108.9542,120.5398
2019-01-28,114.0529,108.8128,120.7660
2019-01-29,114.0263,108.9212,120.5891
2019-01-30,114.0741,108.8882,120.7270
2019-01-31,113.5511,108.4122,120.1478
2019-02-01,113.7559,108.3727,120.6264
2019-02-04,113.8774,108.7018,120.5173
2019-02-05,114.0440,108.9634,120.5796
2019-02-06,114.2311,109.2131,120.6988
2019-02-07,114.4344,109.5396,120.7672
2019-02-08,114.5011,109.6553,120.7801
2019-02-11,115.0324,110.0761,121.4379
2019-02-12,114.7314,109.7973,121.1101
2019-02-13,114.9424,109.9168,121.4241
2019-02-14,115.1020,110.1764,121.4741
2019-02-15,114.9934,110.0687,121.3638
2019-02-18,ND,ND,ND
2019-02-19,114.5711,109.6005,120.9889
2019-02-20,ND,ND,ND
2019-02-21,114.5105,109.4481,121.0296
2019-02-22,114.2727,109.3824,120.5991
2019-02-25,114.1467,109.4013,120.3121
2019-02-26,114.0697,109.0478,120.5404
2019-02-27,114.0372,108.9748,120.5525
2019-02-28,114.2006,109.0758,120.7865
2019-03-01,114.5385,109.4611,121.0745
2019-03-04,114.6938,109.7817,121.0477
2019-03-05,114.8054,110.0537,120.9831
2019-03-06,114.9732,110.1448,121.2369
2019-03-07,115.4939,110.5963,121.8383
2019-03-08,115.3620,110.4947,121.6717
2019-03-11,115.2988,110.4951,121.5378
2019-03-12,114.9410,110.1924,121.1165
2019-03-13,114.7396,109.7573,121.1717
2019-03-14,114.7926,109.8020,121.2343
2019-03-15,114.5843,109.7143,120.8907
2019-03-18,114.4404,109.6929,120.6104
2019-03-19,114.2348,109.5060,120.3825
2019-03-20,114.1532,109.6104,120.0954
2019-03-21,114.1708,109.6641,120.0735
2019-03-22,114.6879,109.8153,120.9982
2019-03-25,114.4193,109.7011,120.5569
2019-03-26,114.6438,109.8542,120.8620
2019-03-27,115.1270,110.1160,121.5939
2019-03-28,115.2609,110.2668,121.7103
2019-03-29,115.1398,110.2226,121.5029
2019-04-01,114.9384,110.2422,121.0561
2019-04-02,115.1199,110.5010,121.1537
2019-04-03,114.7238,110.0255,120.8420
2019-04-04,114.9722,110.3556,121.0023
2019-04-05,114.9749,110.5024,120.8467
2019-04-08,114.6914,110.0822,120.7111
2019-04-09,114.5342,109.9788,120.4934
2019-04-10,114.4290,109.9653,120.2865
2019-04-11,114.6325,110.2250,120.4302
2019-04-12,114.3553,109.9772,120.1183
2019-04-15,114.4972,110.0594,120.3268
2019-04-16,114.6781,110.1160,120.6458
2019-04-17,114.5163,110.1304,120.2894
2019-04-18,114.7093,110.4822,120.3100
2019-04-19,114.6996,110.4848,120.2869
2019-04-22,114.7715,110.3972,120.5339
2019-04-23,115.1599,110.8155,120.8928
2019-04-24,115.4207,111.0021,121.2371
2019-04-25,115.7727,111.3228,121.6265
2019-04-26,115.4784,111.1393,121.2082
2019-04-29,115.5248,111.1036,121.3451
2019-04-30,115.3303,110.7714,121.3000
2019-05-01,115.0044,110.4483,120.9682
2019-05-02,115.5641,110.9386,121.6090
2019-05-03,115.2670,110.7134,121.2304
2019-05-06,115.3835,110.7170,121.4720
2019-05-07,115.6139,110.8441,121.8180
2019-05-08,115.5196,110.6867,121.7926
2019-05-09,115.8448,110.5873,122.5912
2019-05-10,115.5362,110.3524,122.1982
2019-05-13,115.9177,110.4891,122.8552
2019-05-14,115.9454,110.7034,122.6753
2019-05-15,115.8596,110.6573,122.5445
2019-05-16,116.0379,110.9074,122.6445
2019-05-17,116.4516,111.1522,123.2492
2019-05-20,116.3161,111.0180,123.1112
2019-05-21,116.2883,111.1360,122.9210
2019-05-22,116.2449,111.1410,122.8238
2019-05-23,116.2404,111.0738,122.8888
2019-05-24,116.0844,110.8496,122.8073
2019-05-27,ND,ND,ND
2019-05-28,116.3213,111.0507,123.0859
2019-05-29,116.5569,111.3458,123.2571
2019-05-30,116.4021,111.3430,122.9326
2019-05-31,116.7313,111.1716,123.8213
2019-06-03,116.4810,110.7525,123.7582
2019-06-04,116.0953,110.4023,123.3299
2019-06-05,116.0342,110.3092,123.3043
2019-06-06,115.9821,109.9809,123.5624
2019-06-07,115.7420,109.6377,123.4370
2019-06-10,115.5046,109.7641,122.7882
2019-06-11,115.3837,109.7958,122.4953
2019-06-12,115.4422,109.8701,122.5366
2019-06-13,115.6316,110.1146,122.6656
2019-06-14,115.9094,110.5754,122.7413
2019-06-17,115.9722,110.5846,122.8645
2019-06-18,115.8833,110.7418,122.5011
2019-06-19,115.7926,110.4967,122.5813
2019-06-20,114.8081,109.5808,121.5128
2019-06-21,114.8413,109.4045,121.7799
2019-06-24,114.6602,108.9840,121.8654
2019-06-25,114.6407,108.8846,121.9355
2019-06-26,114.5654,108.8769,121.7836
2019-06-27,114.6698,108.9957,121.8727
2019-06-28,114.5868,108.9132,121.7886
2019-07-01,114.7282,109.4698,121.4669
2019-07-02,114.8303,109.4464,121.7097
2019-07-03,114.8180,109.4386,121.6923
2019-07-04,ND,ND,ND
2019-07-05,115.1178,109.9873,121.7173
2019-07-08,115.0299,110.0109,121.5049
2019-07-09,115.1062,110.1402,121.5231
2019-07-10,115.0931,109.7571,121.9211
2019-07-11,114.8410,109.6165,121.5428
2019-07-12,114.7731,109.5006,121.5279
2019-07-15,114.6866,109.4640,121.3851
2019-07-16,115.0159,109.8746,121.6265
2019-07-17,114.8864,109.7139,121.5308
2019-07-18,114.8786,109.7241,121.5028
2019-07-19,114.8737,109.7143,121.5034
2019-07-22,115.0060,109.8535,121.6291
2019-07-23,115.3036,110.2261,121.8458
2019-07-24,115.2476,110.2408,121.7109
2019-07-25,115.3022,110.3364,121.7206
2019-07-26,115.5490,110.7148,121.8237
2019-07-29,115.5931,110.7074,121.9251
2019-07-30,115.6257,110.8063,121.8846
2019-07-31,115.4990,110.7310,121.7002
2019-08-01,116.0543,111.2159,122.3379
2019-08-02,116.1908,110.7931,123.0960
2019-08-05,116.5904,110.2375,124.5725
2019-08-06,116.6954,110.4788,124.5240
2019-08-07,116.8037,110.3394,124.9138
2019-08-08,116.4790,110.3155,124.2460
2019-08-09,116.4466,110.1651,124.3469
2019-08-12,116.7598,110.2569,124.9135
2019-08-13,116.7315,110.5252,124.5485
2019-08-14,117.0957,110.8192,124.9946
2019-08-15,117.2278,110.9747,125.1013
2019-08-16,117.0828,110.9597,124.8083
2019-08-19,117.3931,111.0424,125.3783
2019-08-20,117.3770,111.0716,125.3105
2019-08-21,117.1810,110.9541,125.0244
2019-08-22,117.3602,110.9473,125.4156
2019-08-23,117.3058,110.5487,125.7525
2019-08-26,117.6711,110.7449,126.3134
2019-08-27,117.7556,110.7487,126.4908
2019-08-28,117.8823,110.8993,126.5909
2019-08-29,118.0682,111.1769,126.6731
2019-08-30,118.1630,111.4843,126.5259
2019-09-02,ND,ND,ND
2019-09-03,118.3161,111.6590,126.6553
2019-09-04,117.6777,111.1255,125.8934
2019-09-05,117.4823,111.0081,125.6081
2019-09-06,117.1337,110.8306,125.0631
2019-09-09,117.0649,110.7078,125.0550
2019-09-10,117.0932,110.8120,124.9975
2019-09-11,117.3170,111.2051,125.0316
2019-09-12,116.8423,110.8961,124.3669
2019-09-13,116.7722,110.9401,124.1678
2019-09-16,117.0293,111.1975,124.4264
2019-09-17,116.9871,110.9497,124.6153
2019-09-18,116.9812,111.0796,124.4564
2019-09-19,117.0909,111.0682,124.7032
2019-09-20,117.1867,111.2640,124.6872
2019-09-23,117.3038,111.2950,124.9020
2019-09-24,117.2279,111.1294,124.9266
2019-09-25,117.6581,111.6129,125.2998
2019-09-26,117.7322,111.6559,125.4094
2019-09-27,117.7277,111.6681,125.3862
2019-09-30,117.9520,111.8692,125.6382
2019-10-01,117.9652,111.7476,125.8036
2019-10-02,117.9725,111.7360,125.8324
2019-10-03,117.6659,111.4287,125.5245
2019-10-04,117.5338,111.6033,125.0454
2019-10-07,117.5583,111.5186,125.1932
2019-10-08,117.7455,111.8457,125.2243
2019-10-09,117.6886,111.7616,125.1975
2019-10-10,117.2852,111.3479,124.8027
2019-10-11,116.8289,110.8372,124.4044
2019-10-14,ND,ND,ND
2019-10-15,116.8154,110.9033,124.3012
2019-10-16,116.6470,110.5876,124.2975
2019-10-17,116.2663,110.1269,124.0046
2019-10-18,116.1391,109.9395,123.9446
2019-10-21,116.0485,109.8389,123.8648
2019-10-22,115.9899,109.8836,123.6890
2019-10-23,116.0633,110.0594,123.6472
2019-10-24,116.1323,110.2049,123.6304
2019-10-25,116.0819,110.2505,123.4718
2019-10-28,116.0268,110.2124,123.3972
2019-10-29,115.9842,110.0643,123.4731
2019-10-30,116.1680,110.2781,123.6244
2019-10-31,115.9168,109.8689,123.5494
2019-11-01,115.7356,109.7860,123.2560
2019-11-04,115.8669,109.9995,123.2956
2019-11-05,116.1180,110.5209,123.2454
2019-11-06,116.1043,110.4755,123.2671
2019-11-07,116.1211,110.7078,123.0430
2019-11-08,116.3472,110.9435,123.2602
2019-11-11,ND,ND,ND
2019-11-12,116.5874,110.8816,123.8400
2019-11-13,116.8436,110.9276,124.3339
2019-11-14,116.8062,110.8143,124.3819
2019-11-15,116.4441,110.6779,123.7634
2019-11-18,116.3665,110.3972,123.9137
2019-11-19,116.5433,110.5192,124.1533
2019-11-20,116.8324,110.7896,124.4657
2019-11-21,116.7478,110.6708,124.4191
2019-11-22,116.9180,110.9907,124.4216
2019-11-25,117.0141,111.1054,124.4975
2019-11-26,117.0561,111.0815,124.6139
2019-11-27,117.1323,111.1379,124.7130
2019-11-28,ND,ND,ND
2019-11-29,117.1249,111.0519,124.7943
2019-12-02,116.9695,110.7139,124.8441
2019-12-03,116.8946,110.4761,124.9533
2019-12-04,116.6969,110.3107,124.7177
2019-12-05,116.3888,110.0231,124.3841
2019-12-06,116.5425,110.4593,124.2192
2019-12-09,116.3328,110.2903,123.9620
2019-12-10,116.2588,110.1907,123.9165
2019-12-11,116.1524,110.0853,123.8083
2019-12-12,115.8786,110.0415,123.2735
2019-12-13,115.7007,109.8312,123.1308
2019-12-16,115.5590,109.7557,122.9135
2019-12-17,115.5593,109.8920,122.7611
2019-12-18,115.6659,109.9968,122.8706
2019-12-19,115.6029,109.9026,122.8420
2019-12-20,115.7636,110.2654,122.7777
2019-12-23,115.8098,110.2939,122.8439
2019-12-24,ND,ND,ND
2019-12-25,ND,ND,ND
2019-12-26,115.6379,110.0870,122.7099
2019-12-27,115.2239,109.5172,122.4674
2019-12-30,114.9670,109.1352,122.3494
2019-12-31,114.6728,108.7360,122.1713
2020-01-01,ND,ND,ND
2020-01-02,114.9778,109.2022,122.3064
2020-01-03,114.9895,109.1128,122.4265
2020-01-06,114.9588,109.0073,122.4759
2020-01-07,115.1501,109.4249,122.4264
2020-01-08,115.1354,109.6099,122.1980
2020-01-09,115.2358,109.8959,122.1020
2020-01-10,115.0705,109.7544,121.9098
2020-01-13,115.0370,109.7663,121.8275
2020-01-14,115.0264,109.7775,121.7938
2020-01-15,114.9558,109.5617,121.8768
2020-01-16,115.0032,109.6939,121.8344
2020-01-17,115.0675,109.9941,121.6494
2020-01-20,ND,ND,ND
2020-01-21,115.1900,109.9357,121.9648
2020-01-22,115.2297,110.0700,121.9045
2020-01-23,115.5570,110.2351,122.4073
2020-01-24,115.5578,110.3356,122.3023
2020-01-27,115.8025,110.4243,122.7153
2020-01-28,115.7261,110.5769,122.3950
2020-01-29,115.7022,110.6480,122.2705
2020-01-30,115.8098,110.4095,122.7462
2020-01-31,115.7371,110.0801,122.9464
2020-02-03,116.1207,110.5146,123.2795
2020-02-04,115.9326,110.6112,122.7863
2020-02-05,116.0121,110.9103,122.6339
2020-02-06,116.1548,111.1164,122.7112
2020-02-07,116.5117,111.3256,123.2280
2020-02-10,116.5742,111.4981,123.1748
2020-02-11,116.3615,111.3847,122.8549
2020-02-12,116.2824,111.3456,122.7328
2020-02-13,116.4030,111.5023,122.8166
2020-02-14,116.4252,111.5696,122.7916
2020-02-17,ND,ND,ND
2020-02-18,116.6068,111.7194,123.0087
2020-02-19,116.7858,112.0289,123.0524
2020-02-20,117.2488,112.2328,123.7931
2020-02-21,117.0510,111.7456,123.8993
2020-02-24,117.4056,111.7805,124.5975
2020-02-25,117.2462,111.6279,124.4294
2020-02-26,117.4089,111.7320,124.6563
2020-02-27,117.3717,111.3992,124.9350
2020-02-28,117.6593,111.2615,125.6834
2020-03-02,116.8165,110.2981,124.9631
2020-03-03,116.4976,110.1079,124.5019
2020-03-04,116.7812,110.4529,124.7218
2020-03-05,116.7919,109.8746,125.3722
2020-03-06,116.7125,109.1096,126.0451
2020-03-09,117.1900,108.4577,127.7865
2020-03-10,117.9045,109.7027,127.9113
2020-03-11,118.2531,110.0916,128.2173
2020-03-12,120.4905,111.8461,131.0103
2020-03-13,120.4402,112.5384,130.1329
2020-03-16,120.9368,112.0860,131.6912
2020-03-17,122.4819,113.9494,132.8906
2020-03-18,124.1622,115.8350,134.3553
2020-03-19,125.0599,116.6851,135.3126
2020-03-20,124.9371,116.6391,135.1037
2020-03-23,126.1264,116.9471,137.2848
2020-03-24,125.5011,116.2646,136.7196
2020-03-25,124.7930,115.7534,135.7854
2020-03-26,122.4336,113.5220,133.2665
2020-03-27,122.4041,112.9678,133.8288
2020-03-30,123.2926,113.3387,135.3110
2020-03-31,122.5335,113.1240,133.9285
2020-04-01,123.7963,113.7420,135.9321
2020-04-02,123.5938,114.0036,135.2000
2020-04-03,124.4177,114.6335,136.2491
2020-04-06,124.1631,114.5158,135.8373
2020-04-07,123.0986,113.6861,134.5004
2020-04-08,123.2246,113.7796,134.6639
2020-04-09,122.4782,113.2268,133.6941
2020-04-10,122.1617,113.0583,133.2086
2020-04-13,122.5230,113.0989,133.9345
2020-04-14,122.1154,112.4879,133.7554
2020-04-15,123.0778,113.3947,134.7865
2020-04-16,123.4638,113.9364,134.9979
2020-04-17,122.8736,113.3566,134.3925
2020-04-20,123.1062,113.5338,134.6893
2020-04-21,123.9139,114.1704,135.6961
2020-04-22,123.9288,114.0815,135.8292
2020-04-23,123.7582,113.8390,135.7396
2020-04-24,124.1654,114.0905,136.3267
2020-04-27,123.8887,113.6911,136.1891
2020-04-28,123.3734,113.4373,135.3721
2020-04-29,122.7824,113.2187,134.3537
2020-04-30,122.3317,112.6308,134.0565
2020-05-01,123.1536,112.8329,135.5917
2020-05-04,123.2156,113.2977,135.1925
2020-05-05,122.8062,113.4178,134.1789
2020-05-06,123.6123,113.9104,135.3455
2020-05-07,123.1286,113.4967,134.7794
2020-05-08,122.5416,113.0710,134.0060
2020-05-11,123.2370,113.7892,134.6796
2020-05-12,123.0637,113.4755,134.6645
2020-05-13,123.5448,113.8262,135.2965
2020-05-14,123.6466,114.0734,135.2338
2020-05-15,123.6023,114.1073,135.1005
2020-05-18,122.8005,113.2979,134.3026
2020-05-19,122.5695,113.0006,134.1456
2020-05-20,122.1046,112.7472,133.4379
2020-05-21,122.0947,113.0600,133.0638
2020-05-22,122.3238,113.5282,133.0257
2020-05-25,ND,ND,ND
2020-05-26,121.3904,112.5469,132.1397
2020-05-27,121.5714,112.6409,132.4198
2020-05-28,121.0178,111.9806,131.9828
2020-05-29,120.9497,111.9220,131.9034
2020-06-01,120.2730,111.1734,131.3037
2020-06-02,119.6902,110.8522,130.4220
2020-06-03,119.2604,110.3963,130.0188
2020-06-04,119.3066,110.1114,130.4395
2020-06-05,118.8182,110.0334,129.4844
2020-06-08,118.6666,109.7741,129.4533
2020-06-09,118.5939,109.4851,129.6245
2020-06-10,118.5276,109.2514,129.7479
2020-06-11,119.2387,109.5639,130.9171
2020-06-12,119.6680,110.4293,130.8525
2020-06-15,119.9579,110.4035,131.5027
2020-06-16,119.5708,110.2739,130.8207
2020-06-17,119.9144,110.4987,131.3011
2020-06-18,120.2211,110.6148,131.8265
2020-06-19,120.2221,110.8234,131.5912
2020-06-22,119.7574,110.2673,131.2279
2020-06-23,119.3332,109.7586,130.8978
2020-06-24,119.9789,110.3590,131.5985
2020-06-25,120.3041,110.7730,131.8243
2020-06-26,120.5375,110.9366,132.1386
2020-06-29,120.6704,110.9673,132.3887
2020-06-30,120.4697,110.6872,132.2777
2020-07-01,120.0858,110.3731,131.8118
2020-07-02,119.8608,110.4998,131.1851
2020-07-03,ND,ND,ND
2020-07-06,119.2902,110.0477,130.4767
2020-07-07,119.5768,110.0801,131.0538
2020-07-08,119.5578,109.7980,131.3349
2020-07-09,119.5175,109.9869,131.0328
2020-07-10,119.3555,109.8324,130.8613
2020-07-13,119.1938,109.6917,130.6748
2020-07-14,119.3949,109.6476,131.1569
2020-07-15,119.0378,109.4202,130.6499
2020-07-16,118.9322,109.3266,130.5299
2020-07-17,119.1290,109.4116,130.8555
2020-07-20,119.0538,109.2193,130.9142
2020-07-21,118.4100,108.6191,130.2172
2020-07-22,118.1400,108.1806,130.1394
2020-07-23,118.0678,107.8688,130.3432
2020-07-24,118.1394,107.7824,130.5980
2020-07-27,117.3932,107.0752,129.8038
2020-07-28,117.3253,106.9756,129.7723
2020-07-29,117.2190,106.8110,129.7336
2020-07-30,117.4075,106.8238,130.1271
2020-07-31,117.2150,106.5882,129.9842
2020-08-03,117.8139,107.0964,130.6908
2020-08-04,117.7902,106.8629,130.9123
2020-08-05,116.8806,105.9056,130.0565
2020-08-06,117.0493,106.1674,130.1163
2020-08-07,117.6306,106.8876,130.5367
2020-08-10,117.5890,106.8387,130.5034
2020-08-11,117.3851,106.7957,130.1111
2020-08-12,117.2629,106.5861,130.0904
2020-08-13,117.1264,106.3975,130.0146
2020-08-14,116.9464,106.3436,129.6868
2020-08-17,116.7561,106.0057,129.6684
2020-08-18,116.5670,105.5412,129.8017
2020-08-19,116.5741,105.7676,129.5514
2020-08-20,116.8195,105.9224,129.9037
2020-08-21,117.0638,106.4344,129.8356
2020-08-24,116.9193,106.3650,129.6030
2020-08-25,116.8280,106.2423,129.5481
2020-08-26,116.6315,106.0642,129.3294
2020-08-27,116.6571,105.9256,129.5468
2020-08-28,115.9459,105.3344,128.6933
2020-08-31,115.7673,105.0078,128.6874
2020-09-01,115.5771,105.0764,128.1939
2020-09-02,116.0382,105.6617,128.5119
2020-09-03,116.0758,105.9000,128.3165
2020-09-04,116.0420,105.9568,128.1776
2020-09-07,ND,ND,ND
2020-09-08,116.4681,106.4287,128.5526
2020-09-09,116.1355,106.2887,127.9963
2020-09-10,115.8867,106.1150,127.6599
2020-09-11,116.0924,106.4065,127.7678
2020-09-14,115.6483,106.0650,127.2039
2020-09-15,115.5956,106.2256,126.9066
2020-09-16,115.3583,106.0068,126.6471
2020-09-17,115.4435,106.1704,126.6431
2020-09-18,115.2440,105.9396,126.4781
2020-09-21,116.3826,106.9055,127.8202
2020-09-22,116.5482,107.2124,127.8252
2020-09-23,117.2576,107.5213,128.9966
2020-09-24,117.5524,107.6377,129.4978
2020-09-25,117.8730,107.9884,129.7853
2020-09-28,117.6232,107.5477,129.7541
2020-09-29,117.5317,107.3953,129.7325
2020-09-30,116.9516,107.0634,128.8637
2020-10-01,116.7286,106.8701,128.6055
2020-10-02,116.7375,107.1000,128.3605
2020-10-05,116.1824,106.6504,127.6818
2020-10-06,116.2733,106.7165,127.8016
2020-10-07,116.3500,106.8565,127.8061
2020-10-08,116.1710,106.7459,127.5481
2020-10-09,115.2803,106.1047,126.3678
2020-10-12,ND,ND,ND
2020-10-13,115.9154,106.5171,127.2605
2020-10-14,115.6918,106.3503,126.9708
2020-10-15,116.1003,106.9356,127.1799
2020-10-16,115.7715,106.7654,126.6691
2020-10-19,115.4069,106.3112,126.4041
2020-10-20,115.2519,106.1500,126.2554
2020-10-21,114.9142,105.6734,126.0740
2020-10-22,115.1194,105.9626,126.1845
2020-10-23,115.0159,105.9320,125.9976
2020-10-26,115.2831,106.2123,126.2513
2020-10-27,115.0167,105.9113,126.0229
2020-10-28,115.8053,106.6849,126.8329
2020-10-29,116.3091,107.3548,127.1512
2020-10-30,116.1372,107.2524,126.8995
2020-11-02,116.2382,107.2143,127.1586
2020-11-03,115.4826,106.3422,126.5311
2020-11-04,115.1698,106.2522,125.9634
2020-11-05,114.4578,105.5795,125.2027
2020-11-06,113.9939,105.1133,124.7387
2020-11-09,114.0914,105.6816,124.3047
2020-11-10,114.0772,105.6275,124.3354
2020-11-11,ND,ND,ND
2020-11-12,114.2852,105.9013,124.4706
2020-11-13,114.2406,105.9035,124.3731
2020-11-16,113.8321,105.5643,123.8839
2020-11-17,113.6824,105.4913,123.6473
2020-11-18,113.4608,105.2132,123.4875
2020-11-19,113.6948,105.5035,123.6599
2020-11-20,113.4898,105.3534,123.3920
2020-11-23,113.7557,105.6116,123.6684
2020-11-24,113.4332,105.2250,123.4154
2020-11-25,113.1841,104.9483,123.1956
2020-11-26,ND,ND,ND
2020-11-27,ND,ND,ND
2020-11-30,113.2274,104.7971,123.4581
2020-12-01,112.8087,104.3329,123.0880
2020-12-02,112.6138,104.0916,122.9442
2020-12-03,112.0257,103.4836,122.3751
2020-12-04,111.7797,103.4123,121.9303
2020-12-07,111.8401,103.4834,121.9790
2020-12-08,111.8656,103.6349,121.8627
2020-12-09,112.0326,103.6967,122.1491
2020-12-10,111.9811,103.4585,122.3082
2020-12-11,112.1438,103.6084,122.4864
2020-12-14,112.1734,103.4245,122.7581
2020-12-15,111.8628,103.1037,122.4572
2020-12-16,111.7182,103.0295,122.2319
2020-12-17,111.2253,102.4745,121.8066
2020-12-18,111.6099,102.8028,122.2574
2020-12-21,111.9437,103.0923,122.6434
2020-12-22,112.1968,103.5417,122.6752
2020-12-23,111.9834,103.1312,122.6843
2020-12-24,ND,ND,ND
2020-12-25,ND,ND,ND
2020-12-28,111.9779,103.2381,122.5511
2020-12-29,111.5201,102.7682,122.1044
2020-12-30,111.3116,102.4900,121.9741
2020-12-31,111.3203,102.5764,121.8942
2021-01-01,ND,ND,ND
2021-01-04,111.2098,102.6404,121.5962
2021-01-05,110.9612,102.1514,121.6021
2021-01-06,110.8531,102.2257,121.2974
2021-01-07,111.3085,102.5233,121.9268
2021-01-08,111.2894,102.4956,121.9166
2021-01-11,111.8303,103.0858,122.4106
2021-01-12,111.5542,102.9351,121.9973
2021-01-13,111.3656,102.8634,121.6821
2021-01-14,111.1600,102.6045,121.5309
2021-01-15,111.5123,103.1055,121.7287
2021-01-18,ND,ND,ND
2021-01-19,111.4545,103.0238,121.6957
2021-01-20,ND,ND,ND
2021-01-21,111.2007,102.6283,121.5900
2021-01-22,111.5568,102.7196,122.2333
2021-01-25,111.8734,102.9897,122.6032
2021-01-26,111.6627,102.8094,122.3576
2021-01-27,112.0843,103.2379,122.7763
2021-01-28,112.0112,103.2250,122.6381
2021-01-29,111.9568,103.1591,122.5954
2021-02-01,112.4246,103.6433,123.0507
2021-02-02,112.2893,103.8582,122.5405
2021-02-03,112.2609,103.7074,122.6420
2021-02-04,112.7523,104.1111,123.2325
2021-02-05,112.2421,103.6937,122.6177
2021-02-08,112.0470,103.5313,122.3855
2021-02-09,111.7731,103.0603,122.3190
2021-02-10,111.5899,102.8205,122.1941
2021-02-11,111.5329,102.8994,121.9911
2021-02-12,111.4945,102.9088,121.9013
2021-02-15,ND,ND,ND
2021-02-16,111.7957,103.0497,122.3771
2021-02-17,112.0267,103.4146,122.4677
2021-02-18,112.1699,103.1638,123.0343
2021-02-19,111.7165,102.5880,122.7078
2021-02-22,111.9309,102.4425,123.3135
2021-02-23,111.9097,102.5585,123.1434
2021-02-24,111.7324,102.4871,122.8499
2021-02-25,111.9402,102.1640,123.6358
2021-02-26,112.8424,103.3230,124.2675
2021-03-01,112.5361,103.3829,123.5626
2021-03-02,112.5458,103.1749,123.8072
2021-03-03,112.7753,103.2360,124.2214
2021-03-04,112.7157,103.3903,123.9297
2021-03-05,113.7620,104.3466,125.0838
2021-03-08,114.2827,104.7210,125.7678
2021-03-09,113.9434,104.3891,125.4172
2021-03-10,113.6007,104.3015,124.7955
2021-03-11,112.9338,103.6835,124.0691
2021-03-12,113.0404,103.6943,124.2801
2021-03-15,113.2065,103.9543,124.3465
2021-03-16,112.9968,103.8885,123.9798
2021-03-17,113.1725,103.9579,124.2717
2021-03-18,112.7866,103.6985,123.7457
2021-03-19,112.9865,104.0070,123.8310
2021-03-22,113.0147,103.9008,124.0039
2021-03-23,113.3024,104.2984,124.1765
2021-03-24,113.6680,104.5735,124.6433
2021-03-25,114.0128,105.0046,124.8992
2021-03-26,113.7518,104.8179,124.5559
2021-03-29,113.9439,104.9316,124.8338
2021-03-30,114.2138,105.3622,124.9349
2021-03-31,113.8337,105.1511,124.3701
2021-04-01,113.7489,105.0142,124.3400
2021-04-02,113.7414,105.0552,124.2807
2021-04-05,113.4050,104.5698,124.0995
2021-04-06,113.1556,104.4637,123.6943
2021-04-07,113.2518,104.5187,123.8356
2021-04-08,113.0995,104.3183,123.7330
2021-04-09,113.2118,104.3077,123.9780
2021-04-12,113.1902,104.2750,123.9679
2021-04-13,113.0474,104.0776,123.8823
2021-04-14,112.7935,103.7944,123.6569
2021-04-15,112.6249,103.8693,123.2258
2021-04-16,112.4894,103.6650,123.1623
2021-04-19,112.1906,103.3487,122.8791
2021-04-20,112.2418,103.3951,122.9360
2021-04-21,112.1841,103.2570,122.9639
2021-04-22,112.2360,103.4401,122.8756
2021-04-23,112.0955,103.2001,122.8404
2021-04-26,111.8187,102.8890,122.5973
2021-04-27,111.9189,102.9318,122.7602
2021-04-28,111.8003,102.7836,122.6723
2021-04-29,111.7582,102.5793,122.8045
2021-04-30,112.0959,103.0213,123.0331
2021-05-03,112.0180,102.7751,123.1360
2021-05-04,112.3024,103.1410,123.3354
2021-05-05,112.1646,102.9835,123.2172
2021-05-06,111.8534,102.6354,122.9428
2021-05-07,111.0378,101.8384,122.0987
2021-05-10,110.8041,101.5891,121.8795
2021-05-11,110.9051,101.6282,122.0484
2021-05-12,111.5781,102.2403,122.7940
2021-05-13,111.6092,102.3813,122.7066
2021-05-14,111.1488,101.9315,122.2302
2021-05-17,111.0927,101.7434,122.3164
2021-05-18,110.8461,101.4624,122.1046
2021-05-19,110.8945,101.4933,122.1725
2021-05-20,110.8760,101.3379,122.3025
2021-05-21,111.0734,101.6055,122.4254
2021-05-24,110.9268,101.5001,122.2327
2021-05-25,110.8570,101.4162,122.1775
2021-05-26,110.8821,101.6294,121.9990
2021-05-27,110.8842,101.6280,122.0050
2021-05-28,110.7719,101.6715,121.7233
2021-05-31,ND,ND,ND
2021-06-01,110.5192,101.2978,121.5987
2021-06-02,110.5934,101.4642,121.5739
2021-06-03,111.1913,102.1605,122.0721
2021-06-04,110.7653,101.6890,121.6906
2021-06-07,110.5281,101.4915,121.4082
2021-06-08,110.6612,101.7015,121.4598
2021-06-09,110.5821,101.7200,121.2749
2021-06-10,110.5572,101.6856,121.2600
2021-06-11,111.1056,102.2130,121.8368
2021-06-14,110.9783,102.0682,121.7270
2021-06-15,111.3641,102.3125,122.2690
2021-06-16,111.1290,102.1692,121.9327
2021-06-17,112.5876,103.7328,123.2943
2021-06-18,113.0508,104.1939,123.7648
2021-06-21,112.8505,103.7908,123.7797
2021-06-22,112.9290,103.8330,123.8980
2021-06-23,112.3929,103.4335,123.2095
2021-06-24,112.3341,103.7079,122.7937
2021-06-25,111.9722,103.5361,122.2251
2021-06-28,112.0306,103.6077,122.2702
2021-06-29,112.2665,103.9224,122.4249
2021-06-30,112.5583,104.3229,122.6051
2021-07-01,112.7458,104.3783,122.9347
2021-07-02,112.5484,104.1980,122.7168
2021-07-05,ND,ND,ND
2021-07-06,112.9573,104.5477,123.1934
2021-07-07,113.1102,104.6979,123.3509
2021-07-08,113.0834,104.4968,123.5091
2021-07-09,112.8442,104.2556,123.2693
2021-07-12,112.7675,104.2031,123.1660
2021-07-13,113.0126,104.5450,123.3108
2021-07-14,112.8852,104.4727,123.1234
2021-07-15,113.0084,104.7174,123.1192
2021-07-16,113.0461,104.7998,123.1102
2021-07-19,113.5497,105.2132,123.7153
2021-07-20,113.7536,105.3988,123.9409
2021-07-21,113.3992,104.8175,123.8233
2021-07-22,113.4759,104.9646,123.8259
2021-07-23,113.4452,105.0658,123.6548
2021-07-26,113.2306,104.6562,123.6450
2021-07-27,113.2293,104.5433,123.7627
2021-07-28,113.1870,104.6403,123.5714
2021-07-29,112.4905,103.8777,122.9373
2021-07-30,112.6785,104.0987,123.0925
2021-08-02,112.6758,104.1010,123.0844
2021-08-03,112.8304,104.2279,123.2702
2021-08-04,112.9033,104.3411,123.3010
2021-08-05,112.7754,104.2227,123.1616
2021-08-06,113.3160,104.8489,123.6174
2021-08-09,113.4594,104.9773,123.7783
2021-08-10,113.5041,105.0493,123.7946
2021-08-11,113.2884,104.9045,123.5010
2021-08-12,113.2745,104.9529,123.4209
2021-08-13,113.0676,104.5674,123.4011
2021-08-16,113.1755,104.7123,123.4710
2021-08-17,113.6227,105.2379,123.8401
2021-08-18,113.7013,105.3773,123.8553
2021-08-19,114.1151,105.8282,124.2348
2021-08-20,114.5069,106.0425,124.8191
2021-08-23,113.9500,105.3193,124.4326
2021-08-24,113.6873,105.1146,124.1051
2021-08-25,113.6395,105.1263,123.9935
2021-08-26,113.7956,105.2356,124.2010
2021-08-27,113.3479,104.8792,123.6513
2021-08-30,113.2522,104.9147,123.4152
2021-08-31,113.1132,104.9623,123.0772
2021-09-01,112.8788,104.6761,122.8948
2021-09-02,112.7926,104.4861,122.9175
2021-09-03,112.5541,104.2077,122.7184
2021-09-06,ND,ND,ND
2021-09-07,112.9845,104.7222,123.0648
2021-09-08,113.2361,105.0553,123.2330
2021-09-09,113.0482,104.7731,123.1428
2021-09-10,112.9468,104.8045,122.8996
2021-09-13,113.0380,104.8896,122.9984
2021-09-14,113.0099,104.8409,122.9917
2021-09-15,112.9810,104.8503,122.9220
2021-09-16,113.3068,105.2101,123.2158
2021-09-17,113.6015,105.5597,123.4562
2021-09-20,113.9451,105.7750,123.9393
2021-09-21,113.8209,105.6748,123.7883
2021-09-22,113.6254,105.4946,123.5743
2021-09-23,113.5174,105.3534,123.5001
2021-09-24,113.7646,105.5793,123.7726
2021-09-27,113.7484,105.5690,123.7501
2021-09-28,114.2524,105.9732,124.3656
2021-09-29,114.7142,106.5595,124.7015
2021-09-30,114.6461,106.4359,124.6910
2021-10-01,114.3857,106.1348,124.4706
2021-10-04,114.2818,105.7746,124.6368
2021-10-05,114.3740,105.8358,124.7630
2021-10-06,114.7264,106.2667,125.0362
2021-10-07,114.5133,105.9984,124.8791
2021-10-08,114.6095,105.8634,125.2224
2021-10-11,ND,ND,ND
2021-10-12,114.7658,106.0814,125.3146
2021-10-13,114.4815,105.9081,124.9091
2021-10-14,114.2175,105.5511,124.7409
2021-10-15,114.1020,105.6269,124.4208
2021-10-18,114.0008,105.5248,124.3195
2021-10-19,113.6576,105.3331,123.8117
2021-10-20,113.5194,105.1798,123.6878
2021-10-21,113.6310,105.1495,123.9512
2021-10-22,113.6810,105.3312,123.8620
2021-10-25,113.6153,105.3933,123.6603
2021-10-26,113.6842,105.5633,123.6233
2021-10-27,113.6326,105.3558,123.7358
2021-10-28,113.4520,104.9173,123.8267
2021-10-29,114.1482,105.7357,124.4011
2021-11-01,114.2237,105.4486,124.8632
2021-11-02,114.2992,105.7225,124.7282
2021-11-03,114.3753,105.6761,124.9355
2021-11-04,114.3685,106.0242,124.5519
2021-11-05,114.0846,105.9256,124.0687
2021-11-08,113.8369,105.6985,123.7964
2021-11-09,113.7721,105.7301,123.6292
2021-11-10,114.1590,106.2004,123.9331
2021-11-11,ND,ND,ND
2021-11-12,114.5230,106.8493,124.0027
2021-11-15,114.5976,106.8062,124.2016
2021-11-16,115.1462,107.4322,124.6761
2021-11-17,115.0355,107.4759,124.4028
2021-11-18,115.0777,107.3930,124.5762
2021-11-19,115.2287,107.5291,124.7446
2021-11-22,115.6582,108.0692,125.0643
2021-11-23,116.0236,108.1994,125.6799
2021-11-24,116.2838,108.4681,125.9346
2021-11-25,ND,ND,ND
2021-11-26,116.5252,108.0255,126.8987
2021-11-29,116.5945,108.3396,126.7103
2021-11-30,116.2180,108.2406,126.0373
2021-12-01,115.9000,107.8985,125.7406
2021-12-02,116.0286,108.0985,125.7958
2021-12-03,116.2488,108.2003,126.1430
2021-12-06,116.1633,108.2560,125.9085
2021-12-07,115.8650,108.1066,125.4504
2021-12-08,115.4509,107.7456,124.9756
2021-12-09,115.7870,108.0769,125.3210
2021-12-10,115.5818,107.8554,125.1302
2021-12-13,115.8501,108.1803,125.3427
2021-12-14,116.2484,108.5120,125.8157
2021-12-15,116.4301,108.7067,125.9862
2021-12-16,115.7231,108.0075,125.2620
2021-12-17,115.7976,108.3322,125.0767
2021-12-20,116.0153,108.5327,125.3152
2021-12-21,116.1156,108.6742,125.3739
2021-12-22,115.7568,108.1478,125.1849
2021-12-23,115.5426,108.0316,124.8658
2021-12-24,ND,ND,ND
2021-12-27,115.4779,107.9872,124.7791
2021-12-28,115.4279,108.0673,124.5931
2021-12-29,115.3773,107.9414,124.6201
2021-12-30,115.2924,107.9313,124.4563
2021-12-31,ND,ND,ND
2022-01-03,115.4102,108.0957,124.5273
2022-01-04,115.3238,107.9162,124.5365
2022-01-05,115.1558,107.7214,124.3942
2022-01-06,115.4221,107.9729,124.6794
2022-01-07,115.0641,107.5090,124.4270
2022-01-10,115.2341,107.7294,124.5468
2022-01-11,114.8520,107.3573,124.1492
2022-01-12,114.3798,106.6197,123.9482
2022-01-13,114.2084,106.3198,123.9094
2022-01-14,114.4045,106.7555,123.8570
2022-01-17,ND,ND,ND
2022-01-18,114.7533,107.2167,124.0928
2022-01-19,114.6272,107.0031,124.0565
2022-01-20,114.4819,106.9078,123.8571
2022-01-21,114.6262,107.0888,123.9650
2022-01-24,115.2085,107.7503,124.4723
2022-01-25,115.1693,107.7194,124.4240
2022-01-26,115.1017,107.6729,124.3335
2022-01-27,115.9723,108.8520,124.8958
2022-01-28,116.0306,108.8376,125.0300
2022-01-31,115.5667,108.4398,124.4915
2022-02-01,115.3726,108.1386,124.4058
2022-02-02,115.1617,107.7757,124.3499
2022-02-03,114.9240,107.2850,124.3728
2022-02-04,115.1489,107.4975,124.6135
2022-02-07,115.0220,107.3786,124.4766
2022-02-08,115.1010,107.5397,124.4710
2022-02-09,114.8360,107.3410,124.1333
2022-02-10,114.5711,107.0350,123.9078
2022-02-11,114.8568,107.5129,123.9972
2022-02-14,115.2012,108.1082,124.0862
2022-02-15,114.9348,107.8531,123.8044
2022-02-16,114.6971,107.5539,123.6272
2022-02-17,114.6867,107.5597,123.6000
2022-02-18,114.8057,107.8831,123.5093
2022-02-21,ND,ND,ND
2022-02-22,114.7172,107.7375,123.4785
2022-02-23,114.6853,107.8268,123.3212
2022-02-24,115.9586,109.0806,124.6320
2022-02-25,115.2742,108.3557,123.9800
2022-02-28,115.2931,108.1676,124.2129
2022-03-01,115.8831,108.8496,124.7157
2022-03-02,115.8281,108.7868,124.6682
2022-03-03,116.0198,109.0560,124.7824
2022-03-04,116.7299,109.7880,125.4797
2022-03-07,117.4591,110.2952,126.4478
2022-03-08,117.7000,110.5768,126.6499
2022-03-09,116.7173,109.5024,125.7488
2022-03-10,116.8532,109.7267,125.7951
2022-03-11,117.1274,110.0977,125.9732
2022-03-14,117.2438,110.1986,126.1071
2022-03-15,117.3029,110.3597,126.0619
2022-03-16,116.8654,110.0790,125.4571
2022-03-17,116.1148,109.2014,124.8267
2022-03-18,116.2161,109.5146,124.7116
2022-03-21,116.0252,109.3140,124.5282
2022-03-22,116.1654,109.5966,124.5243
2022-03-23,116.0702,109.6162,124.3104
2022-03-24,116.0328,109.6564,124.1931
2022-03-25,115.8678,109.6806,123.8331
2022-03-28,116.2449,110.0674,124.2058
2022-03-29,115.6164,109.2999,123.7098
2022-03-30,115.1226,108.8748,123.1388
2022-03-31,115.2445,109.0649,123.1931
2022-04-01,115.5139,109.5159,123.2819
2022-04-04,115.4466,109.6789,122.9805
2022-04-05,115.7518,109.9769,123.2974
2022-04-06,116.0177,110.2159,123.5944
2022-04-07,116.3496,110.5548,123.9242
2022-04-08,116.4177,110.7034,123.9120
2022-04-11,116.5583,110.9391,123.9590
2022-04-12,116.4058,110.9470,123.6430
2022-04-13,116.2932,110.8595,123.5034
2022-04-14,116.7606,111.4088,123.8957
2022-04-15,116.7137,111.3435,123.8667
2022-04-18,116.8545,111.5906,123.9030
2022-04-19,117.1443,111.7779,124.2999
2022-04-20,116.7633,111.0007,124.3114
2022-04-21,117.1711,111.3468,124.7876
2022-04-22,118.0334,112.2939,125.5771
2022-04-25,118.6324,112.8959,126.1822
2022-04-26,118.9579,113.1978,126.5363
2022-04-27,119.4542,114.0218,126.7110
2022-04-28,120.0505,114.6309,127.3035
2022-04-29,119.4772,114.1566,126.6226
2022-05-02,119.8619,114.5677,126.9867
2022-05-03,119.6770,114.3949,126.7870
2022-05-04,119.5197,114.3383,126.5268
2022-05-05,119.9567,114.8146,126.9314
2022-05-06,119.8387,114.5929,126.9149
2022-05-09,120.4824,114.9548,127.8502
2022-05-10,120.7609,115.2911,128.0749
2022-05-11,120.3613,114.9780,127.5829
2022-05-12,121.2339,116.0211,128.2987
2022-05-13,120.8099,115.5997,127.8655
2022-05-16,120.6536,115.4081,127.7421
2022-05-17,119.8656,114.5127,127.0492
2022-05-18,119.9986,114.6274,127.2026
2022-05-19,119.3928,113.8486,126.7606
2022-05-20,119.3220,114.0775,126.3889
2022-05-23,118.6605,113.2849,125.8484
2022-05-24,118.5609,112.9409,125.9924
2022-05-25,118.9145,113.4390,126.2062
2022-05-26,118.7586,112.9458,126.3872
2022-05-27,118.2787,112.8086,125.5554
2022-05-30,ND,ND,ND
2022-05-31,118.0559,112.5714,125.3437
2022-06-01,118.6793,113.3854,125.7857
2022-06-02,118.0589,112.6107,125.3104
2022-06-03,118.2054,112.8383,125.3779
2022-06-06,118.2782,112.9967,125.3661
2022-06-07,118.4232,113.0392,125.6160
2022-06-08,118.3824,112.9828,125.5901
2022-06-09,118.8836,113.7768,125.8065
2022-06-10,119.9422,115.0009,126.7169
2022-06-13,121.0807,115.8227,128.1882
2022-06-14,121.5898,116.4117,128.6255
2022-06-15,121.5462,116.5338,128.4166
2022-06-16,120.5963,114.9231,128.1119
2022-06-17,121.1529,116.0560,128.1010
2022-06-20,ND,ND,ND
2022-06-21,120.5505,115.3637,127.5789
2022-06-22,120.4383,115.1800,127.5363
2022-06-23,120.6703,115.5847,127.5998
2022-06-24,120.3971,115.2352,127.3983
2022-06-27,120.0907,114.7918,127.2237
2022-06-28,120.5248,115.3359,127.5548
2022-06-29,120.8569,115.6210,127.9390
2022-06-30,120.8719,115.5967,127.9933
2022-07-01,121.3983,116.1451,128.5060
2022-07-04,ND,ND,ND
2022-07-05,122.5303,117.4883,129.4453
2022-07-06,122.9059,117.8801,129.8106
2022-07-07,122.6334,117.7257,129.4170
2022-07-08,122.3794,117.5281,129.1030
2022-07-11,123.1972,118.3404,129.9392
2022-07-12,123.3302,118.4307,130.1165
2022-07-13,123.1654,118.2748,129.9402
2022-07-14,123.9404,119.2037,130.5753
2022-07-15,123.3601,118.6200,129.9893
2022-07-18,122.6637,117.7650,129.4389
2022-07-19,122.3745,117.1479,129.4707
2022-07-20,122.4864,117.3023,129.5419
2022-07-21,122.8004,117.4002,130.0762
2022-07-22,122.3473,116.8912,129.6721
2022-07-25,122.3579,116.9795,129.6051
2022-07-26,122.6609,117.5487,129.6476
2022-07-27,122.7174,117.6616,129.6490
2022-07-28,122.0240,116.8067,129.1055
2022-07-29,121.6934,116.3070,128.9384
2022-08-01,121.3454,115.7754,128.7689
2022-08-02,121.8569,116.3923,129.1825
2022-08-03,122.2930,117.0018,129.4523
2022-08-04,121.7517,116.4308,128.9322
2022-08-05,122.2345,117.2688,129.0692
2022-08-08,121.7944,116.6638,128.7860
2022-08-09,121.7824,116.6644,128.7613
2022-08-10,120.6894,115.3401,127.8819
2022-08-11,120.6550,115.2629,127.8897
2022-08-12,120.9499,115.9730,127.7757
2022-08-15,121.3583,116.6229,127.9513
2022-08-16,121.6112,116.8286,128.2548
2022-08-17,121.9910,117.2554,128.5942
2022-08-18,122.2758,117.5806,128.8436
2022-08-19,122.9575,118.4668,129.3346
2022-08-22,123.5096,119.2573,129.6616
2022-08-23,122.9691,118.5512,129.2748
2022-08-24,123.0226,118.7916,129.1458
2022-08-25,122.9714,118.7222,129.1115
2022-08-26,122.9847,118.7485,129.1124
2022-08-29,123.3931,119.0071,129.6742
2022-08-30,123.6070,119.2725,129.8409
2022-08-31,123.4535,119.0476,129.7552
2022-09-01,124.3064,120.1446,130.3827
2022-09-02,123.6919,119.4709,129.8160
2022-09-05,ND,ND,ND
2022-09-06,124.6871,120.5291,130.7656
2022-09-07,124.7649,120.7002,130.7537
2022-09-08,124.5036,120.3881,130.5377
2022-09-09,123.7185,119.3088,130.0282
2022-09-12,123.2800,118.5688,129.8795
2022-09-13,124.3481,120.0680,130.5407
2022-09-14,124.3788,120.0133,130.6557
2022-09-15,124.8118,120.3223,131.2172
2022-09-16,124.8039,120.4310,131.0948
2022-09-19,124.9384,120.5848,131.2127
2022-09-20,125.0583,120.7608,131.2793
2022-09-21,125.6664,121.6605,131.6124
2022-09-22,126.0729,122.1235,131.9706
2022-09-23,127.1690,123.5115,132.8010
2022-09-26,128.3196,124.9343,133.7077
2022-09-27,128.3198,124.9113,133.7301
2022-09-28,127.9785,124.0375,133.8990
2022-09-29,127.4238,123.5132,133.3057
2022-09-30,127.4039,123.5835,133.1977
2022-10-03,126.9770,123.0518,132.8657
2022-10-04,126.1065,121.6375,132.5124
2022-10-05,126.7759,122.7474,132.7620
2022-10-06,127.1507,123.4936,132.7822
2022-10-07,127.2150,123.5746,132.8312
2022-10-10,ND,ND,ND
2022-10-11,127.5866,123.8754,133.2775
2022-10-12,128.0611,124.6432,133.4763
2022-10-13,127.6538,123.7978,133.4864
2022-10-14,128.2418,124.6981,133.7813
2022-10-17,127.5780,123.4317,133.6920
2022-10-18,127.8430,123.7995,133.8611
2022-10-19,128.3211,124.3125,134.3129
2022-10-20,127.9346,123.8038,134.0392
2022-10-21,127.6060,123.1638,134.0099
2022-10-24,127.9692,123.4200,134.4839
2022-10-25,127.3311,122.3943,134.2172
2022-10-26,126.4195,121.2700,133.5019
2022-10-27,126.6541,121.6751,133.5715
2022-10-28,127.1645,122.4154,133.8628
2022-10-31,127.5786,122.8951,134.2190
2022-11-01,127.3480,122.9633,133.6913
2022-11-02,127.2652,122.7970,133.6891
2022-11-03,128.1087,124.2443,133.9568
2022-11-04,127.1053,122.6604,133.5036
2022-11-07,126.2613,121.7053,132.7553
2022-11-08,125.6077,120.6172,132.5198
2022-11-09,125.9479,121.3696,132.4588
2022-11-10,124.6714,119.5301,131.7183
2022-11-11,ND,ND,ND
2022-11-14,123.3884,118.1596,130.5024
2022-11-15,122.9951,117.6655,130.2034
2022-11-16,123.2430,117.7645,130.6038
2022-11-17,123.9460,118.3037,131.4813
2022-11-18,123.8169,118.1994,131.3253
2022-11-21,124.6611,119.3864,131.8405
2022-11-22,124.1986,118.7758,131.5184
2022-11-23,123.7340,117.9594,131.3987
2022-11-24,ND,ND,ND
2022-11-25,123.3171,117.5508,130.9671
2022-11-28,123.5866,117.8216,131.2394
2022-11-29,123.6284,118.5008,130.6456
2022-11-30,123.4670,118.5342,130.2885
2022-12-01,121.9697,116.6478,129.1546
2022-12-02,121.9745,116.4865,129.3254
2022-12-05,122.5802,117.2732,129.7597
2022-12-06,122.9649,117.4270,130.3808
2022-12-07,122.7015,117.3421,129.9350
2022-12-08,122.3684,116.8615,129.7443
2022-12-09,122.3712,116.8113,129.8000
2022-12-12,122.7245,117.1446,130.1788
2022-12-13,121.8116,116.0132,129.4714
2022-12-14,121.7922,115.9171,129.5288
2022-12-15,122.5201,116.7969,130.1150
2022-12-16,122.6127,116.9624,130.1357
2022-12-19,122.5102,116.7690,130.1231
2022-12-20,122.1117,116.1127,129.9779
2022-12-21,122.2665,116.4856,129.9153
2022-12-22,122.2105,116.6880,129.5995
2022-12-23,121.9579,116.4178,129.3606
2022-12-26,ND,ND,ND
2022-12-27,121.7378,116.0960,129.2390
2022-12-28,121.9983,116.5102,129.3497
2022-12-29,121.6556,116.0219,129.1475
2022-12-30,121.4047,115.6941,128.9700
2023-01-02,ND,ND,ND
2023-01-03,122.0410,116.7811,129.1647
2023-01-04,121.4767,115.9876,128.8208
2023-01-05,122.0316,117.1021,128.8266
2023-01-06,121.0440,115.9414,127.9955
2023-01-09,120.0928,114.7867,127.2327
2023-01-10,120.1881,115.2163,126.9964
2023-01-11,120.0968,115.2973,126.7326
2023-01-12,119.3624,114.4643,126.0847
2023-01-13,119.0901,114.3771,125.6246
2023-01-16,ND,ND,ND
2023-01-17,119.1802,114.2760,125.9055
2023-01-18,119.0426,114.1187,125.7855
2023-01-19,119.5592,114.4007,126.5436
2023-01-20,119.3251,114.2859,126.1869
2023-01-23,119.1417,114.1103,125.9930
2023-01-24,119.0923,114.0082,125.9953
2023-01-25,118.9715,113.8652,125.8948
2023-01-26,119.0236,113.9549,125.9103
2023-01-27,118.9295,113.8637,125.8118
2023-01-30,118.8786,113.9815,125.5922
2023-01-31,118.9619,113.9934,125.7479
2023-02-01,118.6101,113.6268,125.4053
2023-02-02,118.3164,113.5016,124.9395
2023-02-03,119.4642,114.7053,126.0500
2023-02-06,120.4610,115.5695,127.1938
2023-02-07,120.2808,115.4339,126.9665
2023-02-08,120.1010,115.1545,126.8827
2023-02-09,119.9425,114.8929,126.8244
2023-02-10,120.1228,115.3609,126.7218
2023-02-13,119.9952,115.1052,126.7191
2023-02-14,119.9426,115.1615,126.5577
2023-02-15,120.4772,115.6968,127.1000
2023-02-16,120.4938,115.8042,127.0271
2023-02-17,120.5898,115.9801,127.0455
2023-02-20,ND,ND,ND
2023-02-21,120.6705,116.0960,127.0928
2023-02-22,120.8904,116.3935,127.2396
2023-02-23,121.1348,116.7427,127.3848
2023-02-24,121.6304,117.3304,127.7976
2023-02-27,121.4665,116.8654,127.9276
2023-02-28,121.4065,116.8728,127.8001
2023-03-01,120.6963,116.5320,126.7155
2023-03-02,121.1967,117.1789,127.0805
2023-03-03,120.8531,116.8901,126.6776
2023-03-06,120.5949,116.4140,126.6287
2023-03-07,121.5364,117.7265,127.2227
2023-03-08,121.5306,117.9825,126.9621
2023-03-09,121.5307,117.6485,127.2874
2023-03-10,121.2924,116.9640,127.4821
2023-03-13,120.8944,115.9354,127.7010
2023-03-14,121.0358,116.1038,127.8178
2023-03-15,122.0832,117.3145,128.7196
2023-03-16,121.7344,116.7875,128.5419
2023-03-17,121.5752,116.4994,128.5083
2023-03-20,121.0546,115.8164,128.1416
2023-03-21,120.9481,115.8428,127.9010
2023-03-22,120.6877,115.7094,127.5102
2023-03-23,119.8090,114.7816,126.6667
2023-03-24,120.5030,115.7211,127.1277
2023-03-27,120.3227,115.4421,127.0426
2023-03-28,119.8059,114.9189,126.5240
2023-03-29,119.8398,115.1227,126.3901
2023-03-30,119.5304,114.6089,126.2784
2023-03-31,119.4828,114.6890,126.1034
2023-04-03,119.4623,114.2963,126.4528
2023-04-04,119.2988,113.8823,126.5371
2023-04-05,119.4385,113.9997,126.7013
2023-04-06,119.4597,114.0938,126.6498
2023-04-07,119.5033,114.3342,126.4975
2023-04-10,119.9292,115.0076,126.6836
2023-04-11,119.6822,114.4573,126.7348
2023-04-12,119.1829,113.8559,126.3298
2023-04-13,118.5922,113.0600,125.9360
2023-04-14,119.0301,113.7990,126.0789
2023-04-17,119.4406,114.3013,126.4041
2023-04-18,119.2797,113.9659,126.4149
2023-04-19,119.4828,114.1884,126.6018
2023-04-20,119.2958,114.0017,126.4116
2023-04-21,119.4921,114.2207,126.5883
2023-04-24,119.3979,113.9593,126.6599
2023-04-25,119.8047,114.4736,126.9653
2023-04-26,119.5323,113.9403,126.9503
2023-04-27,119.6293,114.2018,126.8837
2023-04-28,119.4312,114.0118,126.6745
2023-05-01,119.6311,114.5360,126.5535
2023-05-02,119.8009,114.5111,126.9202
2023-05-03,119.3301,114.0152,126.4673
2023-05-04,119.2332,113.9028,126.3844
2023-05-05,118.7707,113.5226,125.8325
2023-05-08,118.7938,113.3759,126.0259
2023-05-09,119.0325,113.8466,126.0361
2023-05-10,118.8055,113.6704,125.7550
2023-05-11,119.2363,114.3216,125.9729
2023-05-12,119.5680,114.8925,126.0727
2023-05-15,119.3891,114.6221,125.9815
2023-05-16,119.4266,114.7144,125.9656
2023-05-17,119.8524,115.0707,126.4666
2023-05-18,120.3327,115.5674,126.9383
2023-05-19,120.0134,115.2032,126.6585
2023-05-22,120.3282,115.4058,127.0896
2023-05-23,120.5580,115.5528,127.4051
2023-05-24,120.7176,116.0291,127.2532
2023-05-25,121.0812,116.4218,127.5938
2023-05-26,120.8713,116.4981,127.0984
2023-05-29,ND,ND,ND
2023-05-30,120.8136,116.2570,127.2205
2023-05-31,121.2284,116.6358,127.6774
2023-06-01,120.3486,115.5257,127.0115
2023-06-02,120.2952,115.7784,126.6545
2023-06-05,120.3057,115.7500,126.7036
2023-06-06,120.2859,115.8498,126.5655
2023-06-07,120.1906,115.7375,126.4855
2023-06-08,119.9089,115.1377,126.5138
2023-06-09,119.7892,115.2100,126.2022
2023-06-12,120.0069,115.4755,126.3760
2023-06-13,119.5948,114.9433,126.0761
2023-06-14,119.1992,114.3808,125.8396
2023-06-15,118.9810,113.9459,125.8335
2023-06-16,118.8586,113.9775,125.5561
2023-06-19,ND,ND,ND
2023-06-20,119.3937,114.3518,126.2594
2023-06-21,119.1943,113.9718,126.2370
2023-06-22,119.2259,114.0167,126.2559
2023-06-23,119.6068,114.5446,126.4960
2023-06-26,119.5728,114.2527,126.7188
2023-06-27,119.3992,114.1197,126.5020
2023-06-28,119.8396,114.7313,126.7783
2023-06-29,120.0324,114.8939,127.0043
2023-06-30,119.8885,114.5354,127.0723
2023-07-03,119.7385,114.5876,126.7181
2023-07-04,ND,ND,ND
2023-07-05,119.8730,114.9008,126.6768
2023-07-06,120.3250,115.0377,127.4498
2023-07-07,119.6019,114.0966,126.9339
2023-07-10,119.4908,113.9036,126.9033
2023-07-11,119.2556,113.6034,126.7299
2023-07-12,118.1838,112.4039,125.7708
2023-07-13,117.7307,111.7632,125.5007
2023-07-14,117.5952,111.8465,125.1419
2023-07-17,117.6944,111.8242,125.3652
2023-07-18,117.5985,111.8841,125.1107
2023-07-19,117.9361,112.2108,125.4643
2023-07-20,118.1357,112.6787,125.3970
2023-07-21,118.4822,112.9578,125.8165
2023-07-24,118.3569,112.9341,125.5873
2023-07-25,118.3581,113.0256,125.4982
2023-07-26,118.2730,112.9142,125.4381
2023-07-27,118.4167,113.3626,125.2793
2023-07-28,118.3110,113.2738,125.1553
2023-07-31,118.3389,113.3185,125.1668
2023-08-01,119.0768,114.1621,125.8110
2023-08-02,119.6214,114.4865,126.5833
2023-08-03,119.8590,114.3558,127.1928
2023-08-04,119.3321,113.7884,126.6984
2023-08-07,119.5933,114.1375,126.8754
2023-08-08,120.1516,114.6931,127.4449
2023-08-09,119.9972,114.6149,127.2119
2023-08-10,119.7033,114.3591,126.8753
2023-08-11,120.1754,114.8520,127.3340
2023-08-14,120.6118,115.0736,127.9921
2023-08-15,120.7552,115.0638,128.2916
2023-08-16,120.8880,115.3448,128.2775
2023-08-17,121.0475,115.5364,128.4071
2023-08-18,120.9433,115.5650,128.1685
2023-08-21,120.9790,115.6210,128.1845
2023-08-22,120.8849,115.7085,127.9077
2023-08-23,120.5617,115.4997,127.4655
2023-08-24,120.7540,115.9432,127.4113
2023-08-25,121.0314,116.4319,127.4840
2023-08-28,120.8465,116.1978,127.3448
2023-08-29,120.7971,115.8921,127.5485
2023-08-30,120.3571,115.2348,127.3177
2023-08-31,120.7427,115.7816,127.5490
2023-09-01,121.2476,116.2623,128.0857